shipment_ref,origin_port,destination_port,distance_km,transit_time_days,container_type,cargo_type,weight_kg,volume_cbm,carrier_tier,departure_month,seasonality_index,brent_fuel_index,market_demand_factor,actual_freight_price_usd
SHP-10000,Santos,Rotterdam,10122.3,19,40ft_Standard,Electronics,21256.5,56.7,Tier_1_Alliance,9,1.25,75.1,1.11,8848.58
SHP-10001,Chennai,Rotterdam,11418.7,22,20ft_Standard,Automotive,15888.4,27.6,Tier_1_Alliance,7,1.05,79.9,1.2,5543.79
SHP-10002,Chennai,Rotterdam,11551.8,22,LCL_Consolidated,Hazardous_Chemicals,1199.7,13.5,Tier_2_Regional,6,1.05,75.7,1.09,3801.28
SHP-10003,Shanghai,Rotterdam,19569.5,31,40ft_HighCube,General_Dry,18269.6,48.9,Tier_3_Spot,7,1.05,74.8,1.04,6456.27
SHP-10004,Santos,Rotterdam,10223.7,19,40ft_Standard,Textiles,8824.8,42.3,Tier_1_Alliance,5,1.05,107.5,1.34,7298.62
SHP-10005,Nhava Sheva,New York,14176.0,28,40ft_HighCube,Electronics,16394.9,65.8,Tier_2_Regional,12,1.05,105.7,1.23,9031.67
SHP-10006,Singapore,Fremantle,3927.0,11,40ft_Standard,Electronics,14830.2,66.7,Tier_2_Regional,11,1.05,96.8,1.0,5417.51
SHP-10007,Shanghai,Rotterdam,19568.6,27,40ft_Standard,General_Dry,15221.0,37.1,Tier_2_Regional,10,1.25,103.5,1.05,7666.93
SHP-10008,Santos,Rotterdam,10199.8,20,40ft_Standard,Hazardous_Chemicals,12439.3,53.0,Tier_1_Alliance,5,1.05,98.9,1.11,9028.73
SHP-10009,Singapore,Fremantle,3879.9,8,40ft_Standard,Automotive,9636.4,36.5,Tier_2_Regional,2,0.9,77.5,0.97,3434.7
SHP-10010,Santos,Rotterdam,10184.4,17,LCL_Consolidated,Perishable_Reefer,4982.5,8.3,Tier_3_Spot,9,1.25,103.0,0.89,3333.02
SHP-10011,Busan,Long Beach,9322.9,16,40ft_HighCube,Textiles,12007.9,58.5,Tier_2_Regional,8,1.25,72.1,1.27,8007.75
SHP-10012,Busan,Long Beach,9352.7,16,40ft_Standard,Automotive,23669.3,44.6,Tier_1_Alliance,11,1.05,90.3,0.99,6216.64
SHP-10013,Shanghai,Rotterdam,19552.5,31,20ft_Standard,Automotive,11794.9,17.0,Tier_2_Regional,6,1.05,103.6,1.33,6765.05
SHP-10014,Singapore,Dubai,5847.9,10,20ft_Standard,General_Dry,11747.8,16.2,Tier_3_Spot,9,1.25,99.6,0.95,3043.59
SHP-10015,Chennai,Colombo,739.4,3,40ft_HighCube,Automotive,17616.5,51.6,Tier_3_Spot,9,1.25,99.2,1.25,6824.17
SHP-10016,Busan,Long Beach,9362.3,14,LCL_Consolidated,Automotive,1044.5,4.7,Tier_2_Regional,6,1.05,72.8,1.18,2449.9
SHP-10017,Singapore,Fremantle,3844.0,7,20ft_Standard,Electronics,19297.6,30.5,Tier_1_Alliance,2,0.9,90.5,1.03,3536.61
SHP-10018,Chennai,Colombo,592.8,3,LCL_Consolidated,Electronics,4133.7,4.3,Tier_2_Regional,2,0.9,95.7,1.07,1165.34
SHP-10019,Hamburg,Singapore,15793.4,23,20ft_Standard,General_Dry,16107.8,29.4,Tier_2_Regional,2,0.9,81.0,0.98,3637.53
SHP-10020,Chennai,Colombo,578.0,3,40ft_HighCube,Perishable_Reefer,25740.7,47.3,Tier_1_Alliance,9,1.25,75.5,1.23,9747.98
SHP-10021,Tokyo,Los Angeles,8867.2,10,40ft_Standard,Electronics,16741.5,41.8,Tier_2_Regional,7,1.05,104.5,0.97,5495.37
SHP-10022,Chennai,Rotterdam,11597.1,23,LCL_Consolidated,Hazardous_Chemicals,3634.7,10.8,Tier_2_Regional,9,1.25,95.8,1.14,5130.05
SHP-10023,Nhava Sheva,Dubai,2059.3,4,20ft_Standard,Textiles,4029.0,25.5,Tier_2_Regional,9,1.25,105.1,1.17,3365.19
SHP-10024,Chennai,Rotterdam,11592.2,21,40ft_Standard,General_Dry,9223.3,62.6,Tier_3_Spot,7,1.05,76.3,1.36,6536.2
SHP-10025,Nhava Sheva,Dubai,2115.8,4,20ft_Standard,Perishable_Reefer,13506.1,24.4,Tier_3_Spot,5,1.05,79.4,1.27,4055.89
SHP-10026,Nhava Sheva,Dubai,2053.1,5,40ft_HighCube,Perishable_Reefer,26722.3,74.0,Tier_2_Regional,1,0.9,88.5,1.42,8606.84
SHP-10027,Nhava Sheva,New York,14114.7,26,40ft_HighCube,Electronics,25855.6,72.3,Tier_2_Regional,6,1.05,82.3,1.12,8570.58
SHP-10028,Tokyo,Los Angeles,8840.7,14,20ft_Standard,Textiles,8388.8,26.9,Tier_3_Spot,3,1.05,81.5,1.36,4176.9
SHP-10029,Busan,Long Beach,9410.6,14,40ft_HighCube,Automotive,22917.0,51.3,Tier_1_Alliance,11,1.05,102.7,1.15,7995.64
SHP-10030,Singapore,Dubai,5981.1,9,20ft_Standard,Textiles,17928.3,15.8,Tier_2_Regional,6,1.05,99.8,1.22,3920.41
SHP-10031,Singapore,Dubai,5832.3,12,LCL_Consolidated,Automotive,1003.4,13.3,Tier_1_Alliance,12,1.05,104.5,1.17,2810.17
SHP-10032,Shanghai,Rotterdam,19516.5,28,LCL_Consolidated,Electronics,1887.2,12.8,Tier_1_Alliance,1,0.9,104.4,0.99,3906.44
SHP-10033,Nhava Sheva,Dubai,2133.4,6,LCL_Consolidated,Automotive,1195.5,13.2,Tier_3_Spot,3,1.05,107.1,1.32,1986.29
SHP-10034,Hamburg,Singapore,15705.0,25,LCL_Consolidated,Textiles,4148.4,5.2,Tier_3_Spot,12,1.05,75.9,1.35,3726.36
SHP-10035,Chennai,Colombo,594.5,5,40ft_HighCube,Hazardous_Chemicals,14012.6,65.5,Tier_1_Alliance,7,1.05,83.8,1.35,9506.6
SHP-10036,Singapore,Dubai,5870.2,13,LCL_Consolidated,Textiles,1990.2,2.3,Tier_3_Spot,5,1.05,78.4,1.4,2061.25
SHP-10037,Singapore,Dubai,5807.7,13,LCL_Consolidated,Hazardous_Chemicals,4038.9,7.2,Tier_3_Spot,9,1.25,76.2,1.37,3615.5
SHP-10038,Nhava Sheva,Dubai,2050.9,7,20ft_Standard,Automotive,15363.4,31.9,Tier_3_Spot,12,1.05,96.1,1.08,3130.96
SHP-10039,Nhava Sheva,New York,14289.8,27,40ft_HighCube,Textiles,22955.6,54.3,Tier_1_Alliance,5,1.05,96.0,1.06,7569.85
SHP-10040,Busan,Long Beach,9359.1,13,40ft_Standard,Perishable_Reefer,24926.5,56.7,Tier_3_Spot,3,1.05,94.2,1.04,7250.4
SHP-10041,Tokyo,Los Angeles,8866.7,12,40ft_HighCube,Electronics,24143.7,63.8,Tier_2_Regional,6,1.05,88.7,1.12,7517.82
SHP-10042,Nhava Sheva,Dubai,2102.2,5,20ft_Standard,Hazardous_Chemicals,14949.4,26.1,Tier_3_Spot,2,0.9,101.5,1.29,4197.99
SHP-10043,Santos,Rotterdam,10162.1,18,40ft_Standard,General_Dry,12407.2,50.2,Tier_1_Alliance,2,0.9,88.4,1.36,6349.88
SHP-10044,Singapore,Fremantle,3838.9,10,LCL_Consolidated,Perishable_Reefer,1164.1,10.3,Tier_1_Alliance,2,0.9,100.0,1.0,1955.48
SHP-10045,Busan,Long Beach,9403.6,12,40ft_Standard,General_Dry,10400.1,49.9,Tier_2_Regional,9,1.25,107.6,1.2,7037.82
SHP-10046,Chennai,Colombo,672.5,6,LCL_Consolidated,Automotive,4537.4,10.9,Tier_2_Regional,8,1.25,88.2,1.29,2049.28
SHP-10047,Santos,Rotterdam,10155.5,21,LCL_Consolidated,Textiles,1735.7,2.9,Tier_1_Alliance,5,1.05,80.4,1.06,2524.92
SHP-10048,Tokyo,Los Angeles,8716.1,11,40ft_Standard,Perishable_Reefer,10750.5,41.8,Tier_3_Spot,7,1.05,86.7,1.17,6755.5
SHP-10049,Hamburg,Singapore,15712.5,26,LCL_Consolidated,Automotive,587.9,12.6,Tier_3_Spot,10,1.25,85.7,0.88,3110.81
SHP-10050,Shanghai,Rotterdam,19459.7,30,LCL_Consolidated,Automotive,3805.9,11.6,Tier_3_Spot,4,1.05,89.6,1.03,3783.68
SHP-10051,Chennai,Colombo,555.8,4,LCL_Consolidated,Textiles,4282.3,13.0,Tier_1_Alliance,10,1.25,91.2,1.37,2305.69
SHP-10052,Singapore,Fremantle,3912.9,7,20ft_Standard,Textiles,5442.6,23.3,Tier_2_Regional,1,0.9,81.4,1.06,2235.84
SHP-10053,Chennai,Colombo,615.4,5,40ft_HighCube,Perishable_Reefer,25028.4,59.6,Tier_2_Regional,12,1.05,91.4,1.42,9208.31
SHP-10054,Shanghai,Rotterdam,19444.8,27,20ft_Standard,General_Dry,6588.5,15.4,Tier_1_Alliance,3,1.05,80.6,1.14,5386.38
SHP-10055,Nhava Sheva,New York,14212.8,26,LCL_Consolidated,Textiles,3951.0,4.0,Tier_2_Regional,10,1.25,106.7,1.27,4529.58
SHP-10056,Shanghai,Los Angeles,10592.9,13,20ft_Standard,Hazardous_Chemicals,15192.3,32.2,Tier_3_Spot,7,1.05,105.9,0.99,5354.36
SHP-10057,Singapore,Fremantle,3938.1,8,20ft_Standard,Textiles,18305.3,25.8,Tier_2_Regional,2,0.9,100.7,1.19,3239.28
SHP-10058,Chennai,Rotterdam,11469.4,24,40ft_HighCube,General_Dry,21655.8,45.4,Tier_3_Spot,7,1.05,101.6,0.94,5163.44
SHP-10059,Shanghai,Rotterdam,19527.1,30,40ft_Standard,Perishable_Reefer,21208.3,65.9,Tier_1_Alliance,5,1.05,94.2,1.38,13939.5
SHP-10060,Chennai,Colombo,643.0,6,40ft_HighCube,Hazardous_Chemicals,24953.2,47.7,Tier_1_Alliance,8,1.25,80.8,1.13,9602.02
SHP-10061,Singapore,Fremantle,3933.6,9,20ft_Standard,Perishable_Reefer,6273.1,18.8,Tier_2_Regional,5,1.05,84.3,1.36,4434.91
SHP-10062,Busan,Long Beach,9476.0,16,20ft_Standard,Automotive,4541.0,28.0,Tier_1_Alliance,8,1.25,92.0,1.01,4729.28
SHP-10063,Chennai,Colombo,679.2,5,LCL_Consolidated,General_Dry,1824.1,6.9,Tier_1_Alliance,4,1.05,83.0,1.19,1267.55
SHP-10064,Chennai,Colombo,660.7,4,LCL_Consolidated,Textiles,1988.6,10.4,Tier_3_Spot,5,1.05,83.0,1.0,1068.39
SHP-10065,Busan,Long Beach,9338.5,12,40ft_Standard,Electronics,21294.9,43.8,Tier_1_Alliance,10,1.25,107.2,1.16,9194.13
SHP-10066,Singapore,Dubai,5996.1,10,40ft_HighCube,Electronics,13229.9,45.4,Tier_2_Regional,9,1.25,76.6,0.9,5710.53
SHP-10067,Chennai,Rotterdam,11510.7,22,LCL_Consolidated,General_Dry,3083.3,7.6,Tier_1_Alliance,8,1.25,84.3,1.4,4483.14
SHP-10068,Singapore,Dubai,5988.2,12,20ft_Standard,General_Dry,11851.4,25.4,Tier_2_Regional,11,1.05,73.9,0.96,2805.43
SHP-10069,Singapore,Fremantle,3989.8,7,40ft_Standard,General_Dry,21760.0,54.4,Tier_3_Spot,10,1.25,80.1,1.16,5847.86
SHP-10070,Chennai,Colombo,731.7,4,LCL_Consolidated,Hazardous_Chemicals,3294.6,9.3,Tier_3_Spot,12,1.05,75.6,1.29,1856.41
SHP-10071,Santos,Rotterdam,10142.2,17,40ft_Standard,Electronics,17935.9,40.0,Tier_1_Alliance,7,1.05,88.2,1.2,7611.63
SHP-10072,Singapore,Dubai,5806.5,11,40ft_HighCube,Textiles,11281.2,52.2,Tier_2_Regional,5,1.05,100.4,1.22,6068.25
SHP-10073,Santos,Rotterdam,10260.8,18,LCL_Consolidated,General_Dry,1511.6,3.8,Tier_3_Spot,5,1.05,101.8,0.92,2045.75
SHP-10074,Shanghai,Los Angeles,10558.5,17,40ft_HighCube,Perishable_Reefer,18436.6,54.4,Tier_1_Alliance,7,1.05,105.9,1.15,9824.09
SHP-10075,Chennai,Colombo,637.6,6,20ft_Standard,Perishable_Reefer,8801.8,19.5,Tier_3_Spot,2,0.9,80.2,1.24,2840.16
SHP-10076,Singapore,Fremantle,3917.4,7,40ft_HighCube,Automotive,23736.0,50.4,Tier_1_Alliance,9,1.25,95.5,1.37,9922.59
SHP-10077,Shanghai,Los Angeles,10599.4,16,LCL_Consolidated,General_Dry,2065.8,6.0,Tier_2_Regional,11,1.05,75.8,0.97,2084.14
SHP-10078,Hamburg,Singapore,15838.7,25,LCL_Consolidated,Automotive,2546.7,5.8,Tier_1_Alliance,6,1.05,76.2,1.3,4457.78
SHP-10079,Tokyo,Los Angeles,8865.0,10,LCL_Consolidated,Perishable_Reefer,1344.1,6.3,Tier_1_Alliance,8,1.25,94.5,1.29,4690.75
SHP-10080,Nhava Sheva,Dubai,2053.4,5,40ft_HighCube,Perishable_Reefer,18724.8,45.9,Tier_3_Spot,11,1.05,93.9,1.01,5760.56
SHP-10081,Shanghai,Los Angeles,10462.2,13,LCL_Consolidated,General_Dry,4965.2,13.0,Tier_1_Alliance,8,1.25,106.1,1.23,4282.36
SHP-10082,Shanghai,Los Angeles,10499.7,15,40ft_HighCube,Perishable_Reefer,27644.4,52.6,Tier_2_Regional,9,1.25,77.2,0.98,9279.58
SHP-10083,Singapore,Fremantle,3901.6,8,20ft_Standard,Hazardous_Chemicals,9117.8,29.2,Tier_2_Regional,5,1.05,101.5,1.03,4249.46
SHP-10084,Singapore,Dubai,5967.5,13,LCL_Consolidated,Electronics,2923.6,6.1,Tier_2_Regional,9,1.25,99.5,1.08,2671.38
SHP-10085,Shanghai,Rotterdam,19573.9,28,LCL_Consolidated,Electronics,696.4,10.9,Tier_2_Regional,12,1.05,104.9,1.09,4449.02
SHP-10086,Santos,Rotterdam,10258.5,18,LCL_Consolidated,General_Dry,2760.3,9.1,Tier_1_Alliance,2,0.9,103.5,1.12,2627.65
SHP-10087,Tokyo,Los Angeles,8882.1,10,40ft_Standard,Perishable_Reefer,25459.2,37.4,Tier_3_Spot,5,1.05,84.2,1.25,7922.08
SHP-10088,Santos,Rotterdam,10116.1,19,LCL_Consolidated,Hazardous_Chemicals,3734.2,11.1,Tier_3_Spot,9,1.25,73.3,0.92,3309.31
SHP-10089,Santos,Rotterdam,10236.9,19,40ft_Standard,Textiles,15811.5,38.2,Tier_1_Alliance,11,1.05,97.3,0.93,5187.14
SHP-10090,Shanghai,Los Angeles,10538.8,13,20ft_Standard,Hazardous_Chemicals,8280.6,21.7,Tier_1_Alliance,3,1.05,80.8,1.1,5860.54
SHP-10091,Santos,Rotterdam,10258.5,18,40ft_Standard,General_Dry,23675.1,54.8,Tier_3_Spot,4,1.05,89.9,1.19,6154.26
SHP-10092,Nhava Sheva,Dubai,2092.2,6,LCL_Consolidated,Hazardous_Chemicals,542.3,11.7,Tier_3_Spot,5,1.05,96.4,0.97,1740.46
SHP-10093,Chennai,Colombo,739.0,6,40ft_HighCube,Textiles,22425.6,59.2,Tier_2_Regional,5,1.05,79.2,1.09,5095.35
SHP-10094,Chennai,Colombo,571.3,5,40ft_HighCube,Automotive,27868.5,54.2,Tier_2_Regional,11,1.05,86.2,0.88,4570.66
SHP-10095,Santos,Rotterdam,10255.7,17,LCL_Consolidated,Hazardous_Chemicals,3231.8,6.2,Tier_1_Alliance,11,1.05,78.8,1.02,3507.71
SHP-10096,Busan,Long Beach,9453.5,13,20ft_Standard,Textiles,3709.6,29.2,Tier_3_Spot,1,0.9,92.9,1.28,3455.8
SHP-10097,Nhava Sheva,New York,14281.9,27,LCL_Consolidated,Electronics,1094.7,8.5,Tier_1_Alliance,6,1.05,91.1,1.37,4807.04
SHP-10098,Shanghai,Los Angeles,10451.4,16,40ft_HighCube,Textiles,24476.2,59.5,Tier_2_Regional,2,0.9,77.1,1.4,7169.93
SHP-10099,Santos,Rotterdam,10244.8,20,40ft_HighCube,General_Dry,10250.5,61.6,Tier_2_Regional,8,1.25,85.3,1.28,8264.73
SHP-10100,Singapore,Dubai,5916.9,11,20ft_Standard,Textiles,11486.6,26.2,Tier_1_Alliance,9,1.25,83.8,1.21,4768.36
SHP-10101,Santos,Rotterdam,10112.6,20,40ft_HighCube,Textiles,12100.2,46.4,Tier_2_Regional,1,0.9,83.0,1.15,5187.96
SHP-10102,Nhava Sheva,New York,14147.0,29,40ft_Standard,Perishable_Reefer,14678.2,65.4,Tier_2_Regional,12,1.05,106.1,1.11,8920.32
SHP-10103,Busan,Long Beach,9445.3,15,20ft_Standard,Perishable_Reefer,10346.1,32.1,Tier_3_Spot,1,0.9,96.9,1.0,3878.99
SHP-10104,Chennai,Colombo,740.1,4,20ft_Standard,Textiles,12800.4,32.6,Tier_2_Regional,6,1.05,74.2,1.03,2543.36
SHP-10105,Nhava Sheva,New York,14289.8,28,20ft_Standard,Textiles,14550.7,25.7,Tier_1_Alliance,1,0.9,73.8,1.06,4137.63
SHP-10106,Shanghai,Los Angeles,10557.4,14,20ft_Standard,Automotive,13554.9,29.6,Tier_1_Alliance,4,1.05,83.8,0.96,4386.36
SHP-10107,Singapore,Fremantle,3800.6,8,40ft_Standard,Automotive,22373.2,38.5,Tier_2_Regional,1,0.9,76.7,1.07,4253.12
SHP-10108,Nhava Sheva,Dubai,2117.8,4,40ft_Standard,Hazardous_Chemicals,10281.7,48.5,Tier_1_Alliance,2,0.9,98.8,1.14,6167.34
SHP-10109,Shanghai,Rotterdam,19502.6,27,LCL_Consolidated,Automotive,4754.4,2.5,Tier_1_Alliance,11,1.05,90.8,1.13,4688.92
SHP-10110,Chennai,Rotterdam,11412.2,24,LCL_Consolidated,Perishable_Reefer,985.8,10.5,Tier_3_Spot,8,1.25,74.6,0.92,3102.97
SHP-10111,Singapore,Fremantle,3829.7,8,40ft_HighCube,Automotive,20536.6,67.1,Tier_3_Spot,7,1.05,107.8,1.17,6410.23
SHP-10112,Chennai,Colombo,651.1,5,20ft_Standard,Textiles,18350.3,26.7,Tier_1_Alliance,9,1.25,98.0,1.0,3637.01
SHP-10113,Chennai,Colombo,727.6,5,40ft_HighCube,Perishable_Reefer,17487.8,47.9,Tier_2_Regional,7,1.05,83.3,1.02,5956.4
SHP-10114,Shanghai,Los Angeles,10537.4,16,20ft_Standard,General_Dry,4678.1,16.7,Tier_1_Alliance,12,1.05,85.4,0.95,3288.32
SHP-10115,Chennai,Rotterdam,11517.3,25,40ft_HighCube,Textiles,17394.6,72.1,Tier_1_Alliance,7,1.05,103.3,1.27,8858.92
SHP-10116,Singapore,Dubai,5920.1,11,20ft_Standard,Automotive,6829.3,26.8,Tier_3_Spot,4,1.05,102.5,1.07,3305.31
SHP-10117,Tokyo,Los Angeles,8773.5,12,40ft_Standard,Perishable_Reefer,25541.8,61.2,Tier_3_Spot,10,1.25,96.3,1.18,9788.19
SHP-10118,Singapore,Fremantle,3985.8,9,20ft_Standard,Electronics,15648.6,20.6,Tier_2_Regional,6,1.05,84.6,0.98,3206.01
SHP-10119,Shanghai,Los Angeles,10513.3,16,20ft_Standard,Electronics,14397.1,15.6,Tier_3_Spot,12,1.05,91.1,1.08,4142.78
SHP-10120,Chennai,Colombo,618.2,4,40ft_HighCube,Textiles,23983.0,62.6,Tier_2_Regional,2,0.9,103.8,0.96,4161.8
SHP-10121,Singapore,Fremantle,3810.0,7,40ft_HighCube,Perishable_Reefer,17632.3,63.8,Tier_3_Spot,7,1.05,81.8,1.29,7989.27
SHP-10122,Nhava Sheva,New York,14169.0,25,40ft_HighCube,Textiles,20676.4,61.3,Tier_3_Spot,5,1.05,73.6,1.09,6516.34
SHP-10123,Singapore,Fremantle,3811.0,8,40ft_HighCube,Electronics,23754.9,54.0,Tier_1_Alliance,2,0.9,72.3,1.28,6704.24
SHP-10124,Shanghai,Los Angeles,10425.8,17,40ft_Standard,Automotive,23000.4,60.8,Tier_3_Spot,2,0.9,86.3,1.28,6309.07
SHP-10125,Hamburg,Singapore,15703.7,23,40ft_HighCube,Automotive,20321.2,67.0,Tier_2_Regional,7,1.05,82.4,1.1,8013.6
SHP-10126,Shanghai,Rotterdam,19434.4,31,LCL_Consolidated,Textiles,896.6,12.1,Tier_2_Regional,4,1.05,87.7,1.1,3802.77
SHP-10127,Nhava Sheva,New York,14179.2,27,40ft_HighCube,Electronics,24024.1,47.4,Tier_2_Regional,11,1.05,76.1,1.16,8068.99
SHP-10128,Shanghai,Rotterdam,19470.2,28,40ft_Standard,General_Dry,12607.4,40.6,Tier_1_Alliance,3,1.05,99.4,1.23,8174.67
SHP-10129,Shanghai,Los Angeles,10590.3,16,LCL_Consolidated,Automotive,2520.1,13.1,Tier_3_Spot,10,1.25,95.1,1.41,4272.37
SHP-10130,Shanghai,Rotterdam,19572.8,29,40ft_Standard,Perishable_Reefer,16440.6,55.2,Tier_1_Alliance,5,1.05,93.3,1.07,10112.24
SHP-10131,Nhava Sheva,New York,14162.1,28,20ft_Standard,General_Dry,17970.5,16.4,Tier_2_Regional,2,0.9,94.1,1.15,4088.82
SHP-10132,Chennai,Colombo,666.1,2,LCL_Consolidated,Automotive,1347.1,9.3,Tier_3_Spot,9,1.25,77.4,0.91,1053.45
SHP-10133,Nhava Sheva,New York,14262.2,27,20ft_Standard,Automotive,6106.1,19.5,Tier_3_Spot,8,1.25,107.7,1.16,5591.41
SHP-10134,Singapore,Fremantle,3831.7,9,40ft_HighCube,Perishable_Reefer,23940.4,66.0,Tier_2_Regional,1,0.9,100.4,1.23,7566.94
SHP-10135,Nhava Sheva,New York,14165.9,29,LCL_Consolidated,Hazardous_Chemicals,3756.8,9.9,Tier_2_Regional,10,1.25,103.4,1.06,5516.98
SHP-10136,Singapore,Fremantle,3932.7,9,40ft_HighCube,Textiles,21918.4,49.0,Tier_3_Spot,12,1.05,105.8,1.05,5008.7
SHP-10137,Hamburg,Singapore,15828.7,25,40ft_Standard,Textiles,22921.3,58.6,Tier_3_Spot,11,1.05,104.8,0.93,5623.81
SHP-10138,Santos,Rotterdam,10184.7,19,20ft_Standard,Hazardous_Chemicals,6244.7,18.9,Tier_2_Regional,8,1.25,78.9,1.42,7744.12
SHP-10139,Shanghai,Los Angeles,10415.4,13,20ft_Standard,Textiles,18775.1,26.1,Tier_2_Regional,10,1.25,85.6,0.97,4440.97
SHP-10140,Busan,Long Beach,9454.2,13,LCL_Consolidated,General_Dry,2139.3,10.6,Tier_2_Regional,8,1.25,94.0,1.29,3494.39
SHP-10141,Chennai,Colombo,596.8,3,40ft_HighCube,Perishable_Reefer,16621.1,74.4,Tier_1_Alliance,8,1.25,88.6,1.03,8693.74
SHP-10142,Hamburg,Singapore,15800.6,26,40ft_Standard,Electronics,10491.2,43.0,Tier_3_Spot,11,1.05,89.3,1.08,6288.03
SHP-10143,Nhava Sheva,New York,14242.3,29,20ft_Standard,Hazardous_Chemicals,16736.1,19.9,Tier_1_Alliance,9,1.25,77.3,1.12,8592.15
SHP-10144,Nhava Sheva,Dubai,2163.3,6,20ft_Standard,Perishable_Reefer,10136.2,21.7,Tier_1_Alliance,7,1.05,107.8,1.08,4189.49
SHP-10145,Chennai,Rotterdam,11463.7,21,40ft_HighCube,Electronics,10689.5,73.4,Tier_1_Alliance,8,1.25,97.1,0.95,8518.72
SHP-10146,Busan,Long Beach,9393.8,16,20ft_Standard,General_Dry,7606.6,30.0,Tier_1_Alliance,9,1.25,105.8,1.21,5560.83
SHP-10147,Hamburg,Singapore,15722.2,25,40ft_Standard,Hazardous_Chemicals,8859.5,48.4,Tier_1_Alliance,10,1.25,88.5,0.94,9740.35
SHP-10148,Chennai,Colombo,669.3,2,40ft_Standard,Textiles,13242.9,35.1,Tier_1_Alliance,6,1.05,80.7,1.1,4305.8
SHP-10149,Santos,Rotterdam,10233.6,21,40ft_HighCube,General_Dry,19793.5,69.4,Tier_3_Spot,9,1.25,91.9,1.09,7290.91
SHP-10150,Chennai,Colombo,558.7,5,40ft_HighCube,Hazardous_Chemicals,10292.4,69.4,Tier_3_Spot,6,1.05,80.7,1.23,7278.68
SHP-10151,Nhava Sheva,New York,14254.3,27,40ft_Standard,General_Dry,17828.2,61.0,Tier_2_Regional,3,1.05,101.9,1.25,7481.29
SHP-10152,Busan,Long Beach,9395.7,13,40ft_Standard,General_Dry,21971.4,49.6,Tier_3_Spot,5,1.05,79.3,1.31,6257.67
SHP-10153,Chennai,Rotterdam,11463.1,23,LCL_Consolidated,Automotive,1639.9,11.0,Tier_2_Regional,4,1.05,82.3,1.35,3580.37
SHP-10154,Chennai,Rotterdam,11573.2,23,40ft_HighCube,General_Dry,17865.1,57.4,Tier_2_Regional,8,1.25,104.2,1.09,7741.58
SHP-10155,Shanghai,Los Angeles,10499.2,16,40ft_HighCube,Automotive,24420.7,67.5,Tier_2_Regional,2,0.9,87.5,1.42,8136.27
SHP-10156,Shanghai,Los Angeles,10509.1,15,20ft_Standard,General_Dry,14896.5,20.5,Tier_2_Regional,10,1.25,97.8,0.97,4347.49
SHP-10157,Chennai,Colombo,620.3,2,40ft_HighCube,Automotive,14942.0,75.4,Tier_2_Regional,1,0.9,74.7,1.22,5281.69
SHP-10158,Shanghai,Rotterdam,19502.6,28,20ft_Standard,Electronics,15205.6,22.9,Tier_3_Spot,3,1.05,74.4,1.3,6476.75
SHP-10159,Shanghai,Rotterdam,19472.4,31,20ft_Standard,Automotive,15223.1,32.1,Tier_1_Alliance,6,1.05,88.0,0.92,5537.97
SHP-10160,Shanghai,Los Angeles,10505.9,16,40ft_HighCube,Textiles,14493.0,48.5,Tier_2_Regional,12,1.05,78.7,1.16,6244.86
SHP-10161,Tokyo,Los Angeles,8723.6,12,LCL_Consolidated,Electronics,1785.1,13.0,Tier_3_Spot,8,1.25,79.2,0.95,2575.14
SHP-10162,Nhava Sheva,New York,14190.4,28,20ft_Standard,Textiles,15021.1,27.8,Tier_2_Regional,9,1.25,91.5,1.36,7038.43
SHP-10163,Shanghai,Los Angeles,10542.4,14,40ft_HighCube,Automotive,12184.5,51.2,Tier_1_Alliance,3,1.05,80.5,1.15,7355.01
SHP-10164,Shanghai,Rotterdam,19510.8,29,LCL_Consolidated,Automotive,3253.8,3.0,Tier_1_Alliance,5,1.05,86.3,1.27,5189.38
SHP-10165,Chennai,Colombo,655.1,5,20ft_Standard,Electronics,14562.1,23.1,Tier_2_Regional,11,1.05,90.6,0.95,2693.21
SHP-10166,Tokyo,Los Angeles,8828.0,11,40ft_Standard,Perishable_Reefer,24392.8,36.8,Tier_3_Spot,2,0.9,90.7,1.04,5676.31
SHP-10167,Shanghai,Los Angeles,10464.5,14,40ft_HighCube,Automotive,25226.8,52.8,Tier_2_Regional,11,1.05,106.4,1.03,6903.19
SHP-10168,Santos,Rotterdam,10160.6,21,20ft_Standard,Automotive,6035.4,31.9,Tier_3_Spot,3,1.05,78.2,1.22,4234.95
SHP-10169,Singapore,Fremantle,3867.5,11,20ft_Standard,General_Dry,3818.3,26.5,Tier_1_Alliance,10,1.25,81.5,0.99,3138.03
SHP-10170,Singapore,Fremantle,3883.3,7,LCL_Consolidated,Textiles,1803.5,13.5,Tier_3_Spot,8,1.25,80.8,1.32,2226.09
SHP-10171,Hamburg,Singapore,15759.5,23,20ft_Standard,Electronics,10481.2,23.4,Tier_2_Regional,6,1.05,93.8,1.05,5033.7
SHP-10172,Busan,Long Beach,9363.9,14,LCL_Consolidated,Electronics,2817.4,3.3,Tier_2_Regional,4,1.05,88.8,1.02,2460.06
SHP-10173,Nhava Sheva,Dubai,2028.2,4,40ft_HighCube,Perishable_Reefer,17526.4,74.8,Tier_3_Spot,3,1.05,101.3,1.38,8869.73
SHP-10174,Busan,Long Beach,9362.5,13,LCL_Consolidated,Automotive,2744.4,5.7,Tier_2_Regional,1,0.9,75.2,1.09,2091.96
SHP-10175,Chennai,Colombo,743.3,3,40ft_HighCube,General_Dry,15064.4,63.5,Tier_1_Alliance,11,1.05,96.2,1.03,5214.55
SHP-10176,Chennai,Rotterdam,11569.4,24,40ft_Standard,Hazardous_Chemicals,14584.0,47.9,Tier_3_Spot,1,0.9,86.4,1.19,7144.79
SHP-10177,Nhava Sheva,Dubai,2072.5,6,20ft_Standard,Perishable_Reefer,11106.4,24.9,Tier_3_Spot,10,1.25,96.5,0.94,3729.59
SHP-10178,Nhava Sheva,New York,14178.8,27,40ft_HighCube,Electronics,20844.3,57.4,Tier_1_Alliance,1,0.9,73.6,0.95,6301.76
SHP-10179,Shanghai,Rotterdam,19560.8,31,LCL_Consolidated,Electronics,4519.1,3.7,Tier_3_Spot,10,1.25,83.5,1.09,4859.84
SHP-10180,Singapore,Fremantle,3947.9,9,40ft_HighCube,Automotive,19582.1,67.0,Tier_3_Spot,5,1.05,89.1,0.89,4734.92
SHP-10181,Shanghai,Rotterdam,19534.8,30,40ft_HighCube,Textiles,21326.7,63.5,Tier_3_Spot,5,1.05,106.8,1.3,8923.33
SHP-10182,Singapore,Fremantle,3915.5,7,LCL_Consolidated,Electronics,3330.6,9.4,Tier_3_Spot,7,1.05,77.3,1.25,1921.36
SHP-10183,Chennai,Rotterdam,11514.5,21,40ft_Standard,General_Dry,13646.5,39.8,Tier_2_Regional,12,1.05,79.3,1.15,5649.3
SHP-10184,Singapore,Fremantle,3984.1,7,40ft_Standard,Automotive,18096.0,66.9,Tier_1_Alliance,8,1.25,90.9,1.05,7153.17
SHP-10185,Shanghai,Los Angeles,10491.9,17,40ft_HighCube,Automotive,22165.6,71.9,Tier_2_Regional,11,1.05,95.2,1.25,8511.73
SHP-10186,Singapore,Fremantle,3896.8,8,40ft_HighCube,Automotive,14047.6,75.2,Tier_2_Regional,5,1.05,99.8,1.26,7174.33
SHP-10187,Busan,Long Beach,9441.0,14,LCL_Consolidated,Hazardous_Chemicals,4701.7,11.5,Tier_3_Spot,5,1.05,82.4,1.19,3681.57
SHP-10188,Tokyo,Los Angeles,8775.9,13,40ft_HighCube,Electronics,10757.2,74.6,Tier_2_Regional,2,0.9,84.5,1.12,6034.96
SHP-10189,Singapore,Dubai,5949.5,10,40ft_Standard,Automotive,24794.4,57.3,Tier_2_Regional,3,1.05,75.9,1.28,6832.45
SHP-10190,Nhava Sheva,Dubai,2048.5,8,40ft_Standard,Textiles,8944.8,48.2,Tier_1_Alliance,12,1.05,89.0,1.25,5312.85
SHP-10191,Shanghai,Los Angeles,10401.0,17,40ft_Standard,Perishable_Reefer,24830.6,63.1,Tier_3_Spot,8,1.25,95.4,1.29,11191.82
SHP-10192,Singapore,Dubai,5864.2,9,20ft_Standard,Textiles,7180.0,28.3,Tier_3_Spot,1,0.9,104.9,0.97,2435.35
SHP-10193,Shanghai,Los Angeles,10586.8,13,LCL_Consolidated,Perishable_Reefer,4714.7,13.5,Tier_1_Alliance,5,1.05,103.6,0.89,3438.55
SHP-10194,Singapore,Fremantle,3920.6,9,40ft_HighCube,Perishable_Reefer,19779.4,60.3,Tier_3_Spot,3,1.05,102.6,1.13,7339.78
SHP-10195,Nhava Sheva,Dubai,2161.8,6,40ft_Standard,Textiles,19669.1,58.0,Tier_2_Regional,1,0.9,98.5,1.31,5125.07
SHP-10196,Singapore,Fremantle,3934.9,8,40ft_Standard,Automotive,24146.8,61.5,Tier_3_Spot,9,1.25,83.8,1.1,6418.13
SHP-10197,Nhava Sheva,New York,14137.0,26,LCL_Consolidated,Hazardous_Chemicals,530.7,6.6,Tier_1_Alliance,8,1.25,99.1,1.4,7354.78
SHP-10198,Singapore,Dubai,5916.5,13,20ft_Standard,Hazardous_Chemicals,9471.9,19.3,Tier_3_Spot,11,1.05,76.3,1.05,3887.73
SHP-10199,Hamburg,Singapore,15837.2,25,20ft_Standard,Textiles,9615.8,19.0,Tier_2_Regional,3,1.05,89.2,1.13,4623.61
SHP-10200,Singapore,Fremantle,3874.7,11,LCL_Consolidated,Automotive,4215.2,11.1,Tier_3_Spot,11,1.05,99.2,1.35,2399.2
SHP-10201,Nhava Sheva,New York,14205.1,29,40ft_HighCube,General_Dry,12019.8,70.7,Tier_3_Spot,9,1.25,79.3,1.17,7999.76
SHP-10202,Shanghai,Los Angeles,10465.6,17,LCL_Consolidated,General_Dry,1424.3,9.0,Tier_3_Spot,2,0.9,104.4,1.12,2237.39
SHP-10203,Chennai,Rotterdam,11490.7,25,LCL_Consolidated,Perishable_Reefer,759.8,7.5,Tier_3_Spot,5,1.05,98.0,1.09,3429.59
SHP-10204,Chennai,Rotterdam,11549.2,25,20ft_Standard,General_Dry,9201.5,16.1,Tier_2_Regional,1,0.9,105.6,0.92,2779.03
SHP-10205,Chennai,Colombo,556.3,5,40ft_Standard,Electronics,25610.0,55.7,Tier_3_Spot,7,1.05,85.5,1.36,6298.56
SHP-10206,Chennai,Colombo,723.9,5,LCL_Consolidated,General_Dry,4838.6,12.5,Tier_3_Spot,3,1.05,95.5,1.07,1364.69
SHP-10207,Shanghai,Los Angeles,10598.6,16,40ft_Standard,Textiles,23026.8,59.2,Tier_1_Alliance,5,1.05,88.7,1.27,7958.97
SHP-10208,Hamburg,Singapore,15806.4,24,40ft_Standard,Perishable_Reefer,10792.2,41.0,Tier_2_Regional,12,1.05,99.6,0.9,6730.26
SHP-10209,Santos,Rotterdam,10183.8,17,40ft_Standard,Electronics,9816.1,36.1,Tier_1_Alliance,10,1.25,96.2,1.35,9683.75
SHP-10210,Nhava Sheva,Dubai,2148.1,7,LCL_Consolidated,Electronics,1477.7,12.4,Tier_3_Spot,1,0.9,77.0,1.42,1636.83
SHP-10211,Nhava Sheva,Dubai,2163.2,8,40ft_HighCube,Automotive,23905.7,70.4,Tier_3_Spot,4,1.05,82.9,0.96,5072.61
SHP-10212,Santos,Rotterdam,10204.3,20,40ft_HighCube,Hazardous_Chemicals,20020.9,63.3,Tier_1_Alliance,12,1.05,104.8,1.22,11700.45
SHP-10213,Hamburg,Singapore,15811.2,23,40ft_HighCube,Textiles,16860.8,61.3,Tier_3_Spot,12,1.05,87.0,0.96,5879.39
SHP-10214,Hamburg,Singapore,15736.8,27,LCL_Consolidated,Electronics,1853.3,10.5,Tier_1_Alliance,8,1.25,104.9,1.18,5552.68
SHP-10215,Hamburg,Singapore,15811.5,24,LCL_Consolidated,Electronics,1415.0,9.8,Tier_2_Regional,8,1.25,102.5,0.93,3963.04
SHP-10216,Busan,Long Beach,9465.9,12,40ft_HighCube,Perishable_Reefer,20889.5,46.2,Tier_3_Spot,2,0.9,78.8,1.29,7497.89
SHP-10217,Busan,Long Beach,9434.3,13,LCL_Consolidated,Electronics,1864.3,12.9,Tier_2_Regional,4,1.05,105.7,1.4,3854.67
SHP-10218,Nhava Sheva,New York,14249.4,28,40ft_Standard,Textiles,20667.8,47.7,Tier_3_Spot,4,1.05,91.9,1.3,7122.99
SHP-10219,Hamburg,Singapore,15793.3,25,40ft_HighCube,Hazardous_Chemicals,19230.7,60.4,Tier_2_Regional,2,0.9,100.9,1.27,10347.25
SHP-10220,Shanghai,Rotterdam,19582.9,29,40ft_HighCube,Perishable_Reefer,20125.4,51.9,Tier_1_Alliance,3,1.05,72.6,1.18,11773.73
SHP-10221,Singapore,Fremantle,3915.8,10,40ft_HighCube,Electronics,15937.6,56.8,Tier_1_Alliance,4,1.05,90.0,1.23,7406.32
SHP-10222,Santos,Rotterdam,10167.5,20,LCL_Consolidated,Perishable_Reefer,3797.5,6.2,Tier_1_Alliance,3,1.05,97.9,1.14,4048.8
SHP-10223,Tokyo,Los Angeles,8898.1,10,20ft_Standard,General_Dry,3873.3,15.1,Tier_3_Spot,3,1.05,102.3,1.0,2777.08
SHP-10224,Busan,Long Beach,9330.2,13,LCL_Consolidated,Hazardous_Chemicals,3280.3,10.0,Tier_1_Alliance,10,1.25,104.9,1.24,5588.5
SHP-10225,Chennai,Rotterdam,11401.3,25,LCL_Consolidated,General_Dry,2882.4,5.3,Tier_1_Alliance,5,1.05,72.6,1.32,3321.91
SHP-10226,Santos,Rotterdam,10186.1,18,20ft_Standard,General_Dry,5680.2,18.5,Tier_3_Spot,9,1.25,81.1,1.07,3753.06
SHP-10227,Hamburg,Singapore,15715.8,26,LCL_Consolidated,Automotive,4956.0,4.7,Tier_1_Alliance,11,1.05,101.8,0.92,3410.9
SHP-10228,Santos,Rotterdam,10251.9,17,LCL_Consolidated,Perishable_Reefer,2987.2,2.7,Tier_2_Regional,1,0.9,97.3,0.92,2394.17
SHP-10229,Hamburg,Singapore,15829.0,25,20ft_Standard,Automotive,7135.8,31.2,Tier_1_Alliance,12,1.05,104.0,1.14,6003.48
SHP-10230,Chennai,Rotterdam,11584.8,23,20ft_Standard,Electronics,3281.8,18.7,Tier_2_Regional,3,1.05,99.1,1.26,4871.87
SHP-10231,Hamburg,Singapore,15885.8,25,40ft_Standard,Automotive,18200.5,62.2,Tier_1_Alliance,11,1.05,104.3,1.06,8014.79
SHP-10232,Busan,Long Beach,9328.0,12,40ft_HighCube,General_Dry,17867.6,71.0,Tier_1_Alliance,6,1.05,93.8,1.21,7788.95
SHP-10233,Singapore,Fremantle,3879.3,9,20ft_Standard,Textiles,17103.9,23.1,Tier_2_Regional,4,1.05,84.8,1.39,4064.3
SHP-10234,Hamburg,Singapore,15737.1,27,LCL_Consolidated,General_Dry,1829.2,5.0,Tier_3_Spot,2,0.9,75.0,0.96,2230.1
SHP-10235,Busan,Long Beach,9456.8,13,LCL_Consolidated,Hazardous_Chemicals,979.5,2.1,Tier_2_Regional,5,1.05,88.0,1.29,3799.52
SHP-10236,Nhava Sheva,New York,14126.5,26,LCL_Consolidated,Perishable_Reefer,2996.3,6.9,Tier_3_Spot,1,0.9,75.2,1.18,3296.58
SHP-10237,Singapore,Fremantle,3919.6,9,LCL_Consolidated,General_Dry,2362.1,11.4,Tier_2_Regional,12,1.05,104.4,1.37,2334.06
SHP-10238,Nhava Sheva,Dubai,2114.4,5,LCL_Consolidated,Electronics,1710.1,5.2,Tier_1_Alliance,3,1.05,74.3,1.11,1481.62
SHP-10239,Hamburg,Singapore,15760.0,23,40ft_HighCube,Hazardous_Chemicals,22976.2,60.4,Tier_1_Alliance,10,1.25,79.0,0.94,11646.35
SHP-10240,Singapore,Dubai,5801.4,12,40ft_HighCube,Automotive,24473.4,55.2,Tier_2_Regional,6,1.05,87.5,1.32,7652.07
SHP-10241,Santos,Rotterdam,10294.8,18,40ft_HighCube,Hazardous_Chemicals,27051.0,51.2,Tier_3_Spot,6,1.05,78.4,1.1,8662.66
SHP-10242,Shanghai,Rotterdam,19458.3,30,40ft_Standard,Hazardous_Chemicals,13045.4,60.1,Tier_2_Regional,6,1.05,76.1,1.18,10632.38
SHP-10243,Singapore,Fremantle,3999.5,8,20ft_Standard,Textiles,19973.5,18.8,Tier_2_Regional,5,1.05,101.9,0.92,2924.29
SHP-10244,Hamburg,Singapore,15834.6,24,40ft_HighCube,Electronics,21855.9,67.2,Tier_2_Regional,7,1.05,74.7,1.41,10564.74
SHP-10245,Chennai,Colombo,666.4,6,LCL_Consolidated,Automotive,4058.2,6.3,Tier_1_Alliance,9,1.25,93.4,1.37,2293.17
SHP-10246,Nhava Sheva,New York,14253.8,27,40ft_Standard,Textiles,8797.3,66.5,Tier_3_Spot,11,1.05,95.3,1.4,7606.93
SHP-10247,Shanghai,Rotterdam,19593.1,30,20ft_Standard,General_Dry,7657.3,24.2,Tier_1_Alliance,9,1.25,92.1,1.25,7467.3
SHP-10248,Nhava Sheva,Dubai,2089.2,7,LCL_Consolidated,Textiles,3607.0,3.8,Tier_3_Spot,1,0.9,89.4,1.04,1142.59
SHP-10249,Nhava Sheva,New York,14123.2,26,40ft_HighCube,Hazardous_Chemicals,18196.0,51.4,Tier_2_Regional,8,1.25,84.5,0.93,9649.41
SHP-10250,Busan,Long Beach,9439.4,14,20ft_Standard,Hazardous_Chemicals,17583.3,17.1,Tier_1_Alliance,6,1.05,95.3,1.25,7076.39
SHP-10251,Shanghai,Los Angeles,10586.0,14,40ft_Standard,Automotive,13957.8,48.6,Tier_1_Alliance,8,1.25,80.3,1.1,7918.01
SHP-10252,Shanghai,Los Angeles,10437.3,16,LCL_Consolidated,General_Dry,3263.5,4.4,Tier_3_Spot,10,1.25,87.5,0.88,2315.89
SHP-10253,Nhava Sheva,Dubai,2041.2,4,20ft_Standard,Automotive,9584.3,18.5,Tier_1_Alliance,2,0.9,81.4,1.35,3238.07
SHP-10254,Tokyo,Los Angeles,8893.2,12,LCL_Consolidated,Automotive,3141.5,6.2,Tier_2_Regional,8,1.25,94.2,1.32,3656.2
SHP-10255,Busan,Long Beach,9460.1,16,20ft_Standard,Textiles,8637.3,19.3,Tier_1_Alliance,2,0.9,78.6,1.25,3767.89
SHP-10256,Tokyo,Los Angeles,8777.7,14,40ft_Standard,Automotive,15614.7,50.6,Tier_2_Regional,9,1.25,97.0,1.23,8078.38
SHP-10257,Shanghai,Los Angeles,10511.0,16,40ft_HighCube,Electronics,15662.4,59.0,Tier_1_Alliance,1,0.9,103.2,1.39,8674.33
SHP-10258,Chennai,Colombo,577.3,5,LCL_Consolidated,Perishable_Reefer,2712.8,10.5,Tier_3_Spot,8,1.25,89.6,0.92,1619.97
SHP-10259,Chennai,Rotterdam,11559.2,22,40ft_HighCube,General_Dry,14047.2,53.9,Tier_2_Regional,8,1.25,92.4,1.3,8778.05
SHP-10260,Chennai,Colombo,659.9,2,20ft_Standard,Hazardous_Chemicals,17819.1,21.6,Tier_3_Spot,1,0.9,99.4,1.12,3375.94
SHP-10261,Nhava Sheva,Dubai,2198.0,4,40ft_Standard,Hazardous_Chemicals,16095.2,46.2,Tier_1_Alliance,2,0.9,87.8,1.42,7820.92
SHP-10262,Nhava Sheva,Dubai,2042.0,8,40ft_HighCube,Textiles,21389.9,50.1,Tier_3_Spot,3,1.05,100.3,1.32,5842.01
SHP-10263,Chennai,Rotterdam,11514.0,25,40ft_HighCube,Automotive,13030.8,75.3,Tier_3_Spot,5,1.05,82.4,1.02,6185.45
SHP-10264,Tokyo,Los Angeles,8897.1,10,40ft_Standard,Perishable_Reefer,25864.8,62.7,Tier_1_Alliance,3,1.05,97.3,0.95,7892.16
SHP-10265,Shanghai,Los Angeles,10542.3,14,LCL_Consolidated,Perishable_Reefer,3098.4,5.2,Tier_1_Alliance,7,1.05,85.5,0.92,3041.42
SHP-10266,Nhava Sheva,New York,14180.6,27,40ft_HighCube,Perishable_Reefer,15891.2,45.1,Tier_2_Regional,12,1.05,75.4,1.4,10896.6
SHP-10267,Santos,Rotterdam,10232.8,19,20ft_Standard,Automotive,6920.9,22.7,Tier_2_Regional,4,1.05,89.8,1.05,3795.49
SHP-10268,Singapore,Dubai,5867.6,13,40ft_Standard,Automotive,22189.5,63.6,Tier_2_Regional,1,0.9,73.7,1.22,5611.05
SHP-10269,Chennai,Colombo,553.3,3,LCL_Consolidated,Perishable_Reefer,4963.3,7.1,Tier_1_Alliance,12,1.05,104.7,1.36,2636.44
SHP-10270,Singapore,Dubai,5831.8,11,20ft_Standard,Textiles,7507.0,21.7,Tier_2_Regional,11,1.05,78.0,1.09,3063.44
SHP-10271,Singapore,Dubai,5945.2,10,LCL_Consolidated,Textiles,3666.6,2.0,Tier_1_Alliance,8,1.25,74.8,1.2,2445.04
SHP-10272,Tokyo,Los Angeles,8836.0,10,20ft_Standard,Textiles,17708.0,32.8,Tier_2_Regional,7,1.05,97.0,1.14,4479.18
SHP-10273,Nhava Sheva,Dubai,2076.6,4,20ft_Standard,Hazardous_Chemicals,18857.8,17.5,Tier_2_Regional,3,1.05,95.1,1.25,4918.62
SHP-10274,Nhava Sheva,New York,14206.1,25,40ft_Standard,Perishable_Reefer,21003.8,55.1,Tier_2_Regional,3,1.05,105.1,1.21,9755.29
SHP-10275,Chennai,Colombo,722.0,2,20ft_Standard,Electronics,13612.3,21.9,Tier_1_Alliance,7,1.05,83.3,0.96,2863.37
SHP-10276,Singapore,Dubai,5928.9,10,40ft_HighCube,Textiles,25262.1,65.4,Tier_1_Alliance,5,1.05,79.4,1.21,7430.85
SHP-10277,Nhava Sheva,Dubai,2149.6,6,20ft_Standard,Electronics,9945.9,19.3,Tier_2_Regional,11,1.05,93.4,1.17,3230.86
SHP-10278,Chennai,Rotterdam,11597.4,23,40ft_Standard,Perishable_Reefer,15575.5,52.5,Tier_3_Spot,3,1.05,99.5,1.4,9555.92
SHP-10279,Nhava Sheva,New York,14103.3,25,20ft_Standard,Hazardous_Chemicals,3716.9,16.1,Tier_1_Alliance,7,1.05,90.2,1.22,6971.29
SHP-10280,Tokyo,Los Angeles,8853.4,13,LCL_Consolidated,General_Dry,2914.5,9.4,Tier_3_Spot,5,1.05,75.0,0.92,1761.21
SHP-10281,Nhava Sheva,Dubai,2194.9,5,40ft_HighCube,Perishable_Reefer,21417.3,70.9,Tier_3_Spot,11,1.05,95.2,1.05,6811.76
SHP-10282,Hamburg,Singapore,15846.0,24,20ft_Standard,Electronics,19643.3,17.1,Tier_1_Alliance,10,1.25,93.9,1.05,7080.52
SHP-10283,Busan,Long Beach,9431.6,13,20ft_Standard,General_Dry,5469.8,15.2,Tier_3_Spot,8,1.25,106.3,1.16,4086.99
SHP-10284,Busan,Long Beach,9351.8,14,40ft_Standard,Textiles,21192.8,38.8,Tier_2_Regional,1,0.9,84.1,1.11,4871.12
SHP-10285,Tokyo,Los Angeles,8712.8,14,20ft_Standard,Perishable_Reefer,12194.1,16.0,Tier_2_Regional,10,1.25,78.0,0.96,4719.87
SHP-10286,Nhava Sheva,New York,14278.9,25,40ft_Standard,Textiles,8046.2,62.5,Tier_3_Spot,1,0.9,80.8,1.13,5062.2
SHP-10287,Hamburg,Singapore,15884.0,24,20ft_Standard,Automotive,16332.0,22.5,Tier_3_Spot,6,1.05,80.9,1.37,6106.07
SHP-10288,Shanghai,Rotterdam,19454.3,27,40ft_HighCube,General_Dry,22119.9,46.6,Tier_3_Spot,4,1.05,101.0,1.41,9086.14
SHP-10289,Hamburg,Singapore,15713.8,26,40ft_HighCube,Hazardous_Chemicals,11554.9,59.2,Tier_2_Regional,6,1.05,79.2,1.18,10329.95
SHP-10290,Singapore,Dubai,5947.9,10,LCL_Consolidated,Hazardous_Chemicals,4873.4,14.0,Tier_3_Spot,4,1.05,98.4,1.18,3258.67
SHP-10291,Nhava Sheva,Dubai,2030.1,7,20ft_Standard,Electronics,9235.6,30.1,Tier_3_Spot,1,0.9,106.2,0.88,2170.34
SHP-10292,Santos,Rotterdam,10175.3,19,20ft_Standard,Electronics,20696.1,22.6,Tier_3_Spot,1,0.9,107.0,0.96,3507.36
SHP-10293,Singapore,Dubai,5818.6,10,LCL_Consolidated,Textiles,2563.1,11.0,Tier_2_Regional,10,1.25,75.4,0.95,1974.73
SHP-10294,Hamburg,Singapore,15715.0,27,20ft_Standard,Perishable_Reefer,20355.9,19.3,Tier_3_Spot,5,1.05,102.6,1.38,7974.27
SHP-10295,Hamburg,Singapore,15840.1,25,40ft_HighCube,Perishable_Reefer,14205.0,74.3,Tier_2_Regional,3,1.05,100.1,1.2,10704.75
SHP-10296,Shanghai,Los Angeles,10421.1,16,LCL_Consolidated,Hazardous_Chemicals,1043.3,6.3,Tier_2_Regional,4,1.05,88.3,1.13,3675.52
SHP-10297,Nhava Sheva,New York,14118.1,27,20ft_Standard,Electronics,5669.8,27.8,Tier_2_Regional,6,1.05,86.3,0.91,4032.17
SHP-10298,Singapore,Dubai,5852.0,10,20ft_Standard,Perishable_Reefer,13007.2,24.9,Tier_2_Regional,2,0.9,88.6,1.31,4659.62
SHP-10299,Shanghai,Los Angeles,10424.3,13,40ft_Standard,Electronics,22826.1,46.9,Tier_1_Alliance,11,1.05,105.8,0.93,6454.47
SHP-10300,Singapore,Fremantle,3851.8,7,20ft_Standard,General_Dry,19244.9,23.0,Tier_1_Alliance,3,1.05,75.3,1.34,4209.11
SHP-10301,Shanghai,Rotterdam,19424.5,30,20ft_Standard,Electronics,10796.8,28.0,Tier_3_Spot,8,1.25,73.1,1.25,7314.49
SHP-10302,Shanghai,Los Angeles,10470.8,14,40ft_HighCube,Hazardous_Chemicals,25901.6,46.1,Tier_2_Regional,10,1.25,94.2,1.23,12373.5
SHP-10303,Chennai,Colombo,632.4,6,LCL_Consolidated,General_Dry,1759.0,3.6,Tier_1_Alliance,4,1.05,95.1,1.31,1537.44
SHP-10304,Nhava Sheva,Dubai,2126.2,8,20ft_Standard,Perishable_Reefer,9464.0,24.8,Tier_3_Spot,8,1.25,84.4,1.19,4350.24
SHP-10305,Shanghai,Rotterdam,19477.7,28,20ft_Standard,Hazardous_Chemicals,6942.4,31.1,Tier_3_Spot,5,1.05,74.1,1.42,8707.89
SHP-10306,Tokyo,Los Angeles,8771.5,14,40ft_Standard,Electronics,12461.4,42.7,Tier_1_Alliance,9,1.25,101.4,1.38,9965.32
SHP-10307,Chennai,Rotterdam,11552.8,22,LCL_Consolidated,Hazardous_Chemicals,1292.5,9.1,Tier_1_Alliance,12,1.05,97.1,1.37,5438.2
SHP-10308,Chennai,Rotterdam,11540.7,23,40ft_Standard,Automotive,23060.5,60.9,Tier_1_Alliance,8,1.25,91.5,0.97,8050.15
SHP-10309,Chennai,Rotterdam,11418.1,22,40ft_Standard,General_Dry,16603.8,45.6,Tier_3_Spot,10,1.25,79.3,0.95,5400.34
SHP-10310,Busan,Long Beach,9335.5,14,20ft_Standard,General_Dry,13559.0,31.5,Tier_1_Alliance,2,0.9,102.5,1.34,4728.96
SHP-10311,Nhava Sheva,New York,14174.7,28,20ft_Standard,Hazardous_Chemicals,8806.9,32.6,Tier_2_Regional,12,1.05,106.2,1.31,8069.28
SHP-10312,Chennai,Colombo,679.8,3,40ft_HighCube,Electronics,20601.1,50.4,Tier_3_Spot,5,1.05,98.4,1.04,5122.78
SHP-10313,Shanghai,Los Angeles,10545.8,17,LCL_Consolidated,Automotive,1319.4,5.8,Tier_1_Alliance,10,1.25,80.0,1.19,3750.11
SHP-10314,Chennai,Colombo,578.1,2,40ft_Standard,Hazardous_Chemicals,11022.0,63.3,Tier_2_Regional,2,0.9,101.6,1.24,6344.51
SHP-10315,Busan,Long Beach,9477.3,15,20ft_Standard,Hazardous_Chemicals,7491.7,16.2,Tier_1_Alliance,5,1.05,100.3,1.27,6576.89
SHP-10316,Chennai,Rotterdam,11477.2,24,40ft_Standard,Perishable_Reefer,23871.9,46.2,Tier_2_Regional,7,1.05,75.7,1.14,8255.33
SHP-10317,Singapore,Fremantle,3930.2,8,40ft_Standard,Perishable_Reefer,22385.5,36.1,Tier_1_Alliance,1,0.9,83.5,1.39,7499.12
SHP-10318,Nhava Sheva,New York,14168.4,28,40ft_Standard,Textiles,17846.8,63.7,Tier_1_Alliance,2,0.9,84.2,1.41,7972.81
SHP-10319,Chennai,Colombo,690.9,5,40ft_Standard,Automotive,10827.9,38.2,Tier_2_Regional,4,1.05,107.1,1.1,4433.58
SHP-10320,Tokyo,Los Angeles,8844.4,14,40ft_HighCube,Textiles,15353.2,48.0,Tier_2_Regional,7,1.05,92.6,1.33,7129.69
SHP-10321,Shanghai,Los Angeles,10410.9,13,LCL_Consolidated,General_Dry,4207.5,9.5,Tier_2_Regional,8,1.25,79.2,0.89,2475.26
SHP-10322,Shanghai,Los Angeles,10527.6,13,LCL_Consolidated,General_Dry,4031.9,7.7,Tier_2_Regional,11,1.05,81.5,1.23,2798.17
SHP-10323,Hamburg,Singapore,15737.0,26,40ft_HighCube,Electronics,10803.1,58.6,Tier_2_Regional,5,1.05,80.1,1.03,7233.9
SHP-10324,Chennai,Rotterdam,11430.2,21,20ft_Standard,Textiles,17547.2,22.5,Tier_2_Regional,10,1.25,80.2,0.91,4135.2
SHP-10325,Hamburg,Singapore,15863.7,26,LCL_Consolidated,Automotive,2643.2,2.9,Tier_1_Alliance,12,1.05,73.3,1.19,3919.5
SHP-10326,Tokyo,Los Angeles,8860.1,14,40ft_Standard,General_Dry,11111.8,66.5,Tier_2_Regional,4,1.05,101.1,0.95,4953.03
SHP-10327,Hamburg,Singapore,15715.7,26,40ft_Standard,Textiles,23013.9,43.3,Tier_1_Alliance,12,1.05,104.9,0.92,6278.5
SHP-10328,Hamburg,Singapore,15811.3,27,40ft_HighCube,Hazardous_Chemicals,18246.8,72.1,Tier_3_Spot,12,1.05,94.4,1.16,10574.39
SHP-10329,Hamburg,Singapore,15722.5,24,40ft_Standard,Automotive,18488.2,65.9,Tier_3_Spot,2,0.9,105.3,1.18,6605.26
SHP-10330,Nhava Sheva,New York,14257.1,29,40ft_HighCube,Perishable_Reefer,16894.8,60.1,Tier_2_Regional,10,1.25,89.0,0.97,9615.66
SHP-10331,Hamburg,Singapore,15728.8,27,LCL_Consolidated,General_Dry,4503.1,6.0,Tier_2_Regional,4,1.05,73.8,1.14,3226.55
SHP-10332,Singapore,Dubai,5979.4,9,40ft_HighCube,Hazardous_Chemicals,15046.2,60.2,Tier_2_Regional,12,1.05,96.7,1.41,10533.77
SHP-10333,Nhava Sheva,Dubai,2026.9,7,40ft_HighCube,Hazardous_Chemicals,17501.9,65.0,Tier_3_Spot,4,1.05,87.9,1.37,8850.78
SHP-10334,Hamburg,Singapore,15848.2,27,40ft_HighCube,General_Dry,24246.8,47.0,Tier_3_Spot,12,1.05,90.2,0.95,5750.81
SHP-10335,Tokyo,Los Angeles,8875.9,10,40ft_Standard,Electronics,23065.6,43.0,Tier_1_Alliance,8,1.25,73.8,1.07,7931.15
SHP-10336,Nhava Sheva,Dubai,2054.8,7,LCL_Consolidated,Textiles,3565.3,4.9,Tier_1_Alliance,8,1.25,93.4,0.98,1661.17
SHP-10337,Chennai,Colombo,667.4,4,40ft_HighCube,Electronics,23481.3,66.4,Tier_2_Regional,5,1.05,73.0,0.91,4908.68
SHP-10338,Singapore,Fremantle,3956.0,8,40ft_Standard,Textiles,20198.5,43.6,Tier_1_Alliance,7,1.05,90.5,1.35,6640.83
SHP-10339,Santos,Rotterdam,10101.8,18,40ft_Standard,Automotive,12027.9,54.5,Tier_1_Alliance,5,1.05,97.7,1.26,7753.16
SHP-10340,Singapore,Dubai,5884.8,12,40ft_HighCube,Perishable_Reefer,13927.8,54.4,Tier_2_Regional,9,1.25,101.7,1.09,8780.7
SHP-10341,Nhava Sheva,New York,14101.5,27,40ft_HighCube,Hazardous_Chemicals,11945.9,47.0,Tier_3_Spot,5,1.05,95.1,1.35,10636.66
SHP-10342,Singapore,Dubai,5931.2,11,40ft_Standard,Electronics,21778.5,63.8,Tier_3_Spot,10,1.25,86.5,1.05,6763.16
SHP-10343,Shanghai,Los Angeles,10544.3,16,40ft_HighCube,Hazardous_Chemicals,17282.8,67.8,Tier_2_Regional,10,1.25,97.5,1.19,12184.14
SHP-10344,Nhava Sheva,Dubai,2068.6,5,LCL_Consolidated,Textiles,2782.9,12.1,Tier_2_Regional,11,1.05,103.6,0.98,1470.1
SHP-10345,Nhava Sheva,New York,14194.2,27,40ft_Standard,Textiles,19779.8,42.1,Tier_2_Regional,4,1.05,98.8,1.05,6070.02
SHP-10346,Shanghai,Rotterdam,19474.3,31,40ft_HighCube,Perishable_Reefer,18469.7,71.9,Tier_1_Alliance,10,1.25,92.9,1.22,15324.35
SHP-10347,Chennai,Colombo,727.9,6,20ft_Standard,Textiles,12537.1,22.4,Tier_2_Regional,3,1.05,76.9,0.99,2210.85
SHP-10348,Hamburg,Singapore,15897.4,26,40ft_Standard,Hazardous_Chemicals,11246.4,37.6,Tier_3_Spot,6,1.05,94.7,0.98,7226.18
SHP-10349,Santos,Rotterdam,10111.6,20,40ft_HighCube,Electronics,20373.0,49.9,Tier_1_Alliance,2,0.9,76.7,1.11,6605.87
SHP-10350,Hamburg,Singapore,15780.7,26,LCL_Consolidated,General_Dry,2902.0,10.8,Tier_1_Alliance,1,0.9,104.1,1.29,3874.59
SHP-10351,Tokyo,Los Angeles,8738.1,10,40ft_Standard,Electronics,23785.7,45.0,Tier_3_Spot,2,0.9,85.8,1.2,5694.05
SHP-10352,Shanghai,Los Angeles,10413.1,13,40ft_HighCube,Hazardous_Chemicals,23101.0,63.5,Tier_2_Regional,6,1.05,87.6,1.25,10856.84
SHP-10353,Shanghai,Los Angeles,10468.5,16,40ft_HighCube,Electronics,27065.5,73.5,Tier_1_Alliance,7,1.05,72.7,1.0,7815.87
SHP-10354,Shanghai,Los Angeles,10442.2,13,40ft_Standard,General_Dry,20800.0,60.3,Tier_2_Regional,7,1.05,103.6,1.02,5722.43
SHP-10355,Tokyo,Los Angeles,8824.6,14,20ft_Standard,Textiles,14764.2,15.4,Tier_1_Alliance,12,1.05,76.2,1.12,3977.1
SHP-10356,Nhava Sheva,New York,14209.5,28,40ft_Standard,Electronics,20343.3,35.3,Tier_3_Spot,7,1.05,95.8,1.24,7398.92
SHP-10357,Singapore,Dubai,5924.6,10,LCL_Consolidated,General_Dry,3734.4,3.4,Tier_3_Spot,2,0.9,100.3,1.15,1663.49
SHP-10358,Singapore,Fremantle,3839.9,9,40ft_Standard,Hazardous_Chemicals,15375.6,40.1,Tier_3_Spot,9,1.25,89.9,0.99,6602.08
SHP-10359,Chennai,Colombo,616.1,2,20ft_Standard,Textiles,19323.8,30.0,Tier_1_Alliance,11,1.05,89.8,1.39,4238.17
SHP-10360,Tokyo,Los Angeles,8715.0,10,40ft_HighCube,Textiles,18221.5,75.3,Tier_1_Alliance,5,1.05,88.7,0.93,6098.81
SHP-10361,Shanghai,Los Angeles,10574.8,15,40ft_HighCube,Textiles,17667.9,48.6,Tier_2_Regional,1,0.9,72.3,0.95,4540.18
SHP-10362,Santos,Rotterdam,10134.1,19,LCL_Consolidated,Automotive,4453.1,3.1,Tier_2_Regional,6,1.05,78.6,1.1,2611.2
SHP-10363,Chennai,Colombo,604.4,5,LCL_Consolidated,Perishable_Reefer,4487.6,4.0,Tier_3_Spot,3,1.05,97.1,0.91,1361.41
SHP-10364,Shanghai,Los Angeles,10420.7,17,LCL_Consolidated,Automotive,2471.7,9.3,Tier_3_Spot,6,1.05,94.0,1.35,3343.41
SHP-10365,Busan,Long Beach,9494.7,13,LCL_Consolidated,Perishable_Reefer,4494.2,7.3,Tier_1_Alliance,2,0.9,81.4,1.05,2909.44
SHP-10366,Busan,Long Beach,9473.7,16,40ft_Standard,Textiles,17343.8,57.0,Tier_2_Regional,10,1.25,75.4,1.24,7627.15
SHP-10367,Nhava Sheva,Dubai,2096.4,7,40ft_Standard,Automotive,8982.2,55.6,Tier_3_Spot,3,1.05,90.2,1.13,4609.29
SHP-10368,Chennai,Colombo,723.9,2,LCL_Consolidated,Hazardous_Chemicals,1989.0,5.3,Tier_1_Alliance,9,1.25,80.0,1.23,2261.79
SHP-10369,Hamburg,Singapore,15863.4,23,LCL_Consolidated,Perishable_Reefer,2516.4,12.3,Tier_3_Spot,8,1.25,83.4,1.41,6371.64
SHP-10370,Busan,Long Beach,9430.7,12,LCL_Consolidated,Perishable_Reefer,3007.1,2.0,Tier_1_Alliance,2,0.9,100.5,1.4,3918.15
SHP-10371,Santos,Rotterdam,10160.9,21,40ft_Standard,Textiles,16211.7,45.9,Tier_3_Spot,1,0.9,101.4,1.34,5658.27
SHP-10372,Shanghai,Rotterdam,19512.0,31,LCL_Consolidated,Textiles,2134.8,7.4,Tier_3_Spot,2,0.9,99.3,1.0,2935.93
SHP-10373,Shanghai,Rotterdam,19471.0,29,40ft_HighCube,Textiles,10824.0,50.1,Tier_1_Alliance,3,1.05,101.6,1.28,9423.29
SHP-10374,Hamburg,Singapore,15721.4,27,40ft_Standard,Electronics,24743.9,47.6,Tier_1_Alliance,8,1.25,101.7,0.98,9192.67
SHP-10375,Shanghai,Rotterdam,19421.6,30,20ft_Standard,Textiles,13598.6,28.9,Tier_3_Spot,8,1.25,88.5,1.2,6558.61
SHP-10376,Tokyo,Los Angeles,8726.9,13,20ft_Standard,Automotive,3874.3,31.8,Tier_3_Spot,10,1.25,89.4,1.15,4579.2
SHP-10377,Shanghai,Los Angeles,10538.4,14,40ft_Standard,General_Dry,19835.4,54.4,Tier_2_Regional,6,1.05,90.1,1.09,5850.54
SHP-10378,Singapore,Fremantle,3983.2,8,40ft_HighCube,Perishable_Reefer,27468.8,59.0,Tier_2_Regional,3,1.05,77.0,1.21,8522.36
SHP-10379,Busan,Long Beach,9402.5,16,40ft_HighCube,Textiles,26839.2,64.6,Tier_3_Spot,4,1.05,79.5,1.27,7173.19
SHP-10380,Santos,Rotterdam,10169.1,18,40ft_Standard,Automotive,20497.6,45.3,Tier_3_Spot,2,0.9,99.4,1.18,5446.95
SHP-10381,Singapore,Fremantle,3914.1,10,40ft_HighCube,Perishable_Reefer,19409.1,45.8,Tier_1_Alliance,3,1.05,73.9,0.91,6181.14
SHP-10382,Singapore,Dubai,5950.0,10,40ft_HighCube,Textiles,12635.7,46.9,Tier_2_Regional,5,1.05,79.3,1.17,5467.2
SHP-10383,Shanghai,Rotterdam,19562.8,27,40ft_Standard,Textiles,18102.9,42.6,Tier_3_Spot,12,1.05,82.4,1.24,7250.18
SHP-10384,Hamburg,Singapore,15777.5,25,20ft_Standard,General_Dry,7524.1,26.2,Tier_3_Spot,8,1.25,101.9,1.37,6423.59
SHP-10385,Busan,Long Beach,9441.9,14,40ft_Standard,Textiles,13295.2,40.7,Tier_1_Alliance,11,1.05,74.7,1.4,7246.09
SHP-10386,Busan,Long Beach,9402.8,15,20ft_Standard,Perishable_Reefer,13018.8,17.3,Tier_2_Regional,10,1.25,102.5,0.88,4923.21
SHP-10387,Chennai,Colombo,691.9,3,20ft_Standard,Electronics,13743.8,28.9,Tier_2_Regional,11,1.05,94.2,1.24,3738.77
SHP-10388,Chennai,Colombo,708.0,6,40ft_HighCube,General_Dry,15721.5,51.8,Tier_3_Spot,3,1.05,90.7,1.3,5309.47
SHP-10389,Shanghai,Los Angeles,10483.2,17,LCL_Consolidated,General_Dry,1495.4,4.6,Tier_2_Regional,6,1.05,83.9,1.04,2232.67
SHP-10390,Singapore,Fremantle,3906.1,11,20ft_Standard,General_Dry,9228.1,19.3,Tier_3_Spot,11,1.05,94.1,1.22,2958.24
SHP-10391,Chennai,Rotterdam,11536.5,23,LCL_Consolidated,General_Dry,1654.7,10.7,Tier_2_Regional,1,0.9,104.8,1.32,2968.21
SHP-10392,Shanghai,Rotterdam,19502.9,31,LCL_Consolidated,Perishable_Reefer,1834.0,9.8,Tier_1_Alliance,6,1.05,90.5,1.39,7080.95
SHP-10393,Shanghai,Los Angeles,10594.3,17,20ft_Standard,Textiles,6794.1,26.3,Tier_1_Alliance,4,1.05,103.1,1.11,4530.44
SHP-10394,Nhava Sheva,New York,14141.1,28,20ft_Standard,Textiles,5767.6,23.3,Tier_3_Spot,6,1.05,73.4,0.92,3267.95
SHP-10395,Shanghai,Los Angeles,10558.8,17,20ft_Standard,Automotive,19397.8,22.3,Tier_1_Alliance,8,1.25,94.7,1.11,6173.4
SHP-10396,Chennai,Rotterdam,11477.9,21,20ft_Standard,Textiles,14130.3,28.6,Tier_3_Spot,10,1.25,73.6,1.34,5608.87
SHP-10397,Shanghai,Rotterdam,19585.6,27,40ft_HighCube,Textiles,20918.2,53.7,Tier_2_Regional,8,1.25,85.7,1.32,11000.91
SHP-10398,Chennai,Rotterdam,11494.8,25,40ft_Standard,Electronics,15037.9,60.5,Tier_3_Spot,9,1.25,82.6,1.22,8388.26
SHP-10399,Singapore,Dubai,5935.5,11,20ft_Standard,Automotive,5544.7,15.8,Tier_3_Spot,10,1.25,93.5,1.17,3888.45
SHP-10400,Nhava Sheva,New York,14160.9,27,40ft_Standard,Perishable_Reefer,23326.3,39.6,Tier_3_Spot,3,1.05,79.9,1.33,9315.0
SHP-10401,Nhava Sheva,Dubai,2022.9,8,20ft_Standard,Automotive,14604.1,16.3,Tier_2_Regional,11,1.05,74.4,0.93,2378.37
SHP-10402,Busan,Long Beach,9416.1,14,40ft_HighCube,Electronics,21798.5,48.1,Tier_3_Spot,10,1.25,74.5,0.98,6800.56
SHP-10403,Chennai,Colombo,640.1,6,40ft_HighCube,Textiles,12743.1,62.6,Tier_3_Spot,6,1.05,106.5,0.97,4216.43
SHP-10404,Shanghai,Rotterdam,19449.2,28,LCL_Consolidated,Hazardous_Chemicals,1104.4,10.8,Tier_2_Regional,8,1.25,88.7,1.07,6300.78
SHP-10405,Singapore,Dubai,5897.4,9,40ft_Standard,Textiles,9475.5,44.0,Tier_3_Spot,3,1.05,104.1,0.99,4145.29
SHP-10406,Busan,Long Beach,9477.3,12,20ft_Standard,General_Dry,14369.3,29.6,Tier_3_Spot,10,1.25,86.6,1.2,4802.1
SHP-10407,Chennai,Rotterdam,11510.3,25,LCL_Consolidated,Textiles,2146.2,4.7,Tier_1_Alliance,10,1.25,98.4,1.04,3404.79
SHP-10408,Chennai,Colombo,650.2,2,LCL_Consolidated,Hazardous_Chemicals,547.7,4.9,Tier_3_Spot,10,1.25,96.6,1.29,2179.92
SHP-10409,Shanghai,Los Angeles,10489.2,14,40ft_Standard,Textiles,16703.1,46.5,Tier_3_Spot,4,1.05,99.4,1.01,5028.75
SHP-10410,Singapore,Dubai,5873.9,9,40ft_Standard,Automotive,14985.7,64.4,Tier_2_Regional,1,0.9,73.4,1.23,5422.34
SHP-10411,Nhava Sheva,New York,14240.7,29,40ft_HighCube,Textiles,20415.4,62.7,Tier_2_Regional,7,1.05,95.5,1.08,6998.15
SHP-10412,Santos,Rotterdam,10279.6,17,40ft_HighCube,Perishable_Reefer,19294.7,55.9,Tier_1_Alliance,6,1.05,89.5,1.14,9584.75
SHP-10413,Singapore,Fremantle,3801.3,8,LCL_Consolidated,Electronics,846.9,9.7,Tier_1_Alliance,4,1.05,77.4,0.96,1714.67
SHP-10414,Singapore,Fremantle,3943.5,7,40ft_Standard,Perishable_Reefer,20964.6,50.4,Tier_2_Regional,8,1.25,89.2,1.2,8702.16
SHP-10415,Santos,Rotterdam,10266.7,17,40ft_Standard,General_Dry,18322.8,40.2,Tier_1_Alliance,11,1.05,90.5,1.36,7477.58
SHP-10416,Shanghai,Los Angeles,10411.2,15,40ft_Standard,Automotive,18788.4,53.0,Tier_2_Regional,1,0.9,103.6,1.27,6535.13
SHP-10417,Singapore,Dubai,5989.5,10,LCL_Consolidated,Automotive,4402.9,4.0,Tier_2_Regional,7,1.05,93.6,1.31,2594.57
SHP-10418,Shanghai,Los Angeles,10524.6,17,40ft_HighCube,Electronics,22340.6,73.6,Tier_3_Spot,10,1.25,93.3,1.0,8011.35
SHP-10419,Hamburg,Singapore,15726.4,23,40ft_Standard,Automotive,20318.6,61.4,Tier_3_Spot,10,1.25,75.5,1.14,8440.98
SHP-10420,Singapore,Fremantle,3920.0,11,20ft_Standard,General_Dry,14869.1,31.2,Tier_2_Regional,9,1.25,101.8,1.36,5129.64
SHP-10421,Santos,Rotterdam,10229.8,21,LCL_Consolidated,Hazardous_Chemicals,3639.4,7.1,Tier_1_Alliance,8,1.25,100.4,1.09,5076.09
SHP-10422,Singapore,Fremantle,3960.9,11,20ft_Standard,Perishable_Reefer,7581.3,28.8,Tier_1_Alliance,2,0.9,82.2,1.35,4528.18
SHP-10423,Hamburg,Singapore,15751.6,23,20ft_Standard,Automotive,5120.9,15.1,Tier_3_Spot,11,1.05,79.4,1.31,5085.08
SHP-10424,Hamburg,Singapore,15772.5,24,LCL_Consolidated,Textiles,1641.3,12.3,Tier_3_Spot,7,1.05,92.3,1.21,3558.5
SHP-10425,Santos,Rotterdam,10179.5,18,LCL_Consolidated,Automotive,2671.1,6.4,Tier_3_Spot,9,1.25,89.4,1.41,3978.29
SHP-10426,Singapore,Fremantle,3868.9,10,40ft_Standard,Textiles,21460.7,49.3,Tier_1_Alliance,12,1.05,106.2,0.93,4808.39
SHP-10427,Tokyo,Los Angeles,8780.1,12,20ft_Standard,Electronics,20362.3,15.1,Tier_2_Regional,2,0.9,101.6,1.13,4050.0
SHP-10428,Singapore,Fremantle,3887.1,7,40ft_HighCube,Electronics,11440.7,46.2,Tier_2_Regional,7,1.05,105.5,1.1,5839.73
SHP-10429,Santos,Rotterdam,10204.2,21,20ft_Standard,Electronics,11898.6,15.2,Tier_3_Spot,11,1.05,105.5,1.16,4323.09
SHP-10430,Nhava Sheva,Dubai,2006.7,8,40ft_Standard,Automotive,20132.4,46.5,Tier_1_Alliance,11,1.05,72.0,0.97,4665.25
SHP-10431,Singapore,Dubai,5955.9,11,LCL_Consolidated,Perishable_Reefer,1401.4,2.2,Tier_3_Spot,12,1.05,74.5,0.93,1656.3
SHP-10432,Singapore,Dubai,5945.2,13,40ft_HighCube,Hazardous_Chemicals,14073.3,74.9,Tier_2_Regional,8,1.25,105.5,1.19,11201.53
SHP-10433,Singapore,Dubai,5835.0,13,20ft_Standard,Automotive,12057.0,21.1,Tier_1_Alliance,2,0.9,100.9,1.4,4470.53
SHP-10434,Tokyo,Los Angeles,8862.6,14,40ft_HighCube,Textiles,27389.0,62.5,Tier_2_Regional,4,1.05,99.3,1.4,8656.95
SHP-10435,Chennai,Colombo,686.3,6,20ft_Standard,Perishable_Reefer,7640.8,21.9,Tier_1_Alliance,4,1.05,96.4,1.0,3322.59
SHP-10436,Shanghai,Rotterdam,19482.5,29,20ft_Standard,Textiles,7468.6,16.7,Tier_2_Regional,11,1.05,99.0,1.06,4908.38
SHP-10437,Tokyo,Los Angeles,8886.3,13,40ft_HighCube,Hazardous_Chemicals,26097.7,53.3,Tier_1_Alliance,12,1.05,96.6,1.37,12589.05
SHP-10438,Chennai,Colombo,697.4,3,40ft_Standard,Hazardous_Chemicals,12125.7,61.7,Tier_1_Alliance,10,1.25,84.8,1.3,9707.45
SHP-10439,Nhava Sheva,New York,14284.0,28,20ft_Standard,Automotive,18264.2,21.7,Tier_1_Alliance,6,1.05,89.7,1.41,7228.15
SHP-10440,Singapore,Fremantle,3973.8,10,40ft_Standard,Automotive,15161.8,59.0,Tier_2_Regional,3,1.05,73.9,1.31,6249.09
SHP-10441,Chennai,Colombo,737.9,2,40ft_HighCube,Perishable_Reefer,23966.3,59.2,Tier_3_Spot,2,0.9,97.1,1.13,5900.85
SHP-10442,Busan,Long Beach,9301.7,13,LCL_Consolidated,Automotive,1964.5,9.4,Tier_1_Alliance,5,1.05,78.7,1.02,2486.36
SHP-10443,Singapore,Dubai,5894.3,13,40ft_HighCube,Hazardous_Chemicals,18977.9,51.5,Tier_1_Alliance,12,1.05,99.1,1.08,8868.75
SHP-10444,Hamburg,Singapore,15755.9,24,40ft_Standard,Automotive,12114.2,38.2,Tier_3_Spot,5,1.05,100.9,1.18,6668.15
SHP-10445,Hamburg,Singapore,15739.2,24,LCL_Consolidated,General_Dry,2396.8,3.6,Tier_1_Alliance,11,1.05,90.6,1.27,4080.99
SHP-10446,Chennai,Colombo,610.0,6,20ft_Standard,Perishable_Reefer,15429.8,16.1,Tier_1_Alliance,5,1.05,89.2,1.22,4248.5
SHP-10447,Chennai,Colombo,698.9,4,40ft_HighCube,Hazardous_Chemicals,20034.8,70.1,Tier_3_Spot,6,1.05,72.7,0.95,5972.35
SHP-10448,Santos,Rotterdam,10292.6,18,40ft_Standard,Hazardous_Chemicals,13851.6,51.3,Tier_2_Regional,12,1.05,88.1,0.92,6700.0
SHP-10449,Singapore,Fremantle,3857.3,8,40ft_Standard,Textiles,15592.7,54.6,Tier_2_Regional,7,1.05,102.6,0.92,4170.53
SHP-10450,Shanghai,Los Angeles,10468.7,15,40ft_HighCube,Textiles,22787.8,63.8,Tier_2_Regional,7,1.05,81.8,1.12,6758.74
SHP-10451,Shanghai,Rotterdam,19549.6,31,LCL_Consolidated,Perishable_Reefer,1327.5,2.3,Tier_1_Alliance,12,1.05,80.4,1.02,4917.73
SHP-10452,Busan,Long Beach,9440.1,12,40ft_Standard,Electronics,9854.2,37.0,Tier_2_Regional,8,1.25,91.7,0.89,5508.55
SHP-10453,Hamburg,Singapore,15804.8,23,20ft_Standard,Hazardous_Chemicals,5794.9,26.8,Tier_3_Spot,7,1.05,83.1,1.01,5530.02
SHP-10454,Singapore,Dubai,5888.6,10,40ft_Standard,Automotive,8514.3,56.2,Tier_1_Alliance,6,1.05,103.1,1.13,6175.66
SHP-10455,Tokyo,Los Angeles,8887.0,14,LCL_Consolidated,Electronics,2926.8,9.1,Tier_3_Spot,8,1.25,94.7,1.22,3421.05
SHP-10456,Singapore,Fremantle,3887.0,11,40ft_HighCube,Hazardous_Chemicals,19714.0,69.9,Tier_2_Regional,8,1.25,83.1,1.1,9719.24
SHP-10457,Shanghai,Los Angeles,10460.7,13,40ft_Standard,Hazardous_Chemicals,16445.6,35.3,Tier_2_Regional,8,1.25,106.1,1.14,9819.9
SHP-10458,Chennai,Rotterdam,11553.2,23,40ft_Standard,General_Dry,14725.6,48.2,Tier_3_Spot,9,1.25,87.7,1.01,5805.1
SHP-10459,Busan,Long Beach,9447.4,15,LCL_Consolidated,Electronics,856.4,9.5,Tier_2_Regional,9,1.25,99.5,1.37,4164.06
SHP-10460,Busan,Long Beach,9436.9,14,40ft_HighCube,Perishable_Reefer,25362.7,50.7,Tier_1_Alliance,5,1.05,76.0,1.13,9486.89
SHP-10461,Chennai,Colombo,604.4,6,LCL_Consolidated,Electronics,587.3,2.6,Tier_2_Regional,9,1.25,72.8,1.41,1518.37
SHP-10462,Singapore,Dubai,5853.8,12,20ft_Standard,Electronics,5712.3,23.9,Tier_1_Alliance,6,1.05,87.1,1.3,4508.03
SHP-10463,Chennai,Colombo,749.6,5,20ft_Standard,Hazardous_Chemicals,18183.8,32.1,Tier_1_Alliance,1,0.9,81.6,1.09,4008.97
SHP-10464,Tokyo,Los Angeles,8794.0,11,40ft_HighCube,Perishable_Reefer,12195.3,68.8,Tier_1_Alliance,4,1.05,85.9,1.41,11448.08
SHP-10465,Nhava Sheva,Dubai,2147.5,4,40ft_Standard,Perishable_Reefer,21877.9,51.7,Tier_3_Spot,4,1.05,89.0,1.25,6861.21
SHP-10466,Singapore,Dubai,5987.2,10,20ft_Standard,Textiles,12376.7,19.6,Tier_3_Spot,11,1.05,82.8,1.07,2992.86
SHP-10467,Chennai,Rotterdam,11572.7,22,20ft_Standard,Electronics,10814.9,15.3,Tier_3_Spot,5,1.05,93.0,1.09,4196.65
SHP-10468,Nhava Sheva,Dubai,2001.8,4,LCL_Consolidated,Textiles,1197.5,11.2,Tier_3_Spot,4,1.05,77.7,0.93,1029.99
SHP-10469,Singapore,Fremantle,3867.7,7,20ft_Standard,Hazardous_Chemicals,5770.5,24.7,Tier_3_Spot,2,0.9,76.5,1.01,2842.05
SHP-10470,Tokyo,Los Angeles,8857.7,12,LCL_Consolidated,Textiles,596.1,6.5,Tier_1_Alliance,12,1.05,76.9,1.37,2935.13
SHP-10471,Chennai,Colombo,691.3,6,40ft_HighCube,Automotive,18821.7,62.6,Tier_3_Spot,9,1.25,84.5,1.28,7087.58
SHP-10472,Singapore,Dubai,5973.5,13,40ft_Standard,General_Dry,10790.5,44.5,Tier_3_Spot,5,1.05,91.5,1.13,4491.94
SHP-10473,Santos,Rotterdam,10201.2,18,20ft_Standard,Automotive,16968.3,19.3,Tier_2_Regional,12,1.05,74.3,1.4,5452.44
SHP-10474,Hamburg,Singapore,15738.0,26,40ft_Standard,Automotive,13806.8,55.5,Tier_2_Regional,2,0.9,75.5,1.24,6712.09
SHP-10475,Chennai,Rotterdam,11567.0,22,40ft_Standard,General_Dry,9927.0,41.1,Tier_1_Alliance,1,0.9,92.6,1.33,6152.62
SHP-10476,Santos,Rotterdam,10198.0,21,40ft_HighCube,General_Dry,13973.0,67.3,Tier_2_Regional,1,0.9,105.5,0.99,4981.35
SHP-10477,Chennai,Colombo,735.7,2,LCL_Consolidated,Textiles,2124.2,10.9,Tier_1_Alliance,7,1.05,101.6,1.31,1874.46
SHP-10478,Chennai,Rotterdam,11564.7,23,20ft_Standard,Textiles,18020.2,16.4,Tier_1_Alliance,4,1.05,106.6,0.93,4252.96
SHP-10479,Busan,Long Beach,9346.2,15,40ft_Standard,Electronics,19823.8,53.2,Tier_3_Spot,3,1.05,92.1,1.18,6685.39
SHP-10480,Busan,Long Beach,9321.1,16,40ft_HighCube,Textiles,22645.9,58.2,Tier_2_Regional,2,0.9,78.0,0.98,4823.42
SHP-10481,Hamburg,Singapore,15800.9,24,LCL_Consolidated,Hazardous_Chemicals,2975.4,14.0,Tier_2_Regional,6,1.05,86.8,1.22,5407.66
SHP-10482,Busan,Long Beach,9364.7,13,40ft_Standard,Perishable_Reefer,24670.6,43.1,Tier_3_Spot,8,1.25,88.1,1.09,8418.35
SHP-10483,Busan,Long Beach,9306.9,14,20ft_Standard,Automotive,20881.4,20.4,Tier_1_Alliance,5,1.05,107.4,1.0,4666.17
SHP-10484,Shanghai,Rotterdam,19404.3,29,40ft_Standard,General_Dry,16286.7,40.0,Tier_1_Alliance,5,1.05,85.2,1.19,7857.16
SHP-10485,Nhava Sheva,Dubai,2051.2,6,20ft_Standard,Automotive,13243.2,18.9,Tier_2_Regional,2,0.9,98.0,1.31,3098.29
SHP-10486,Shanghai,Los Angeles,10497.7,17,20ft_Standard,Automotive,8407.1,28.2,Tier_3_Spot,10,1.25,85.7,1.3,5552.65
SHP-10487,Shanghai,Rotterdam,19469.6,30,LCL_Consolidated,General_Dry,3864.6,12.2,Tier_1_Alliance,1,0.9,94.8,1.22,4104.02
SHP-10488,Chennai,Rotterdam,11461.0,21,40ft_HighCube,Automotive,12692.4,60.6,Tier_3_Spot,4,1.05,77.5,1.24,7222.24
SHP-10489,Hamburg,Singapore,15894.2,27,20ft_Standard,Electronics,8216.1,22.1,Tier_2_Regional,3,1.05,84.1,1.14,5317.68
SHP-10490,Busan,Long Beach,9309.9,15,40ft_HighCube,General_Dry,19032.8,69.0,Tier_2_Regional,3,1.05,99.4,1.14,6715.44
SHP-10491,Nhava Sheva,Dubai,2097.6,8,40ft_Standard,Automotive,25947.4,51.8,Tier_3_Spot,4,1.05,74.6,1.3,5911.13
SHP-10492,Shanghai,Rotterdam,19536.9,31,20ft_Standard,General_Dry,10444.5,21.6,Tier_3_Spot,4,1.05,83.5,1.2,5119.13
SHP-10493,Chennai,Rotterdam,11553.9,22,40ft_HighCube,Automotive,21217.3,58.7,Tier_2_Regional,4,1.05,79.2,1.08,6945.18
SHP-10494,Busan,Long Beach,9470.6,12,20ft_Standard,Electronics,19681.1,30.6,Tier_3_Spot,5,1.05,72.5,1.25,5064.86
SHP-10495,Nhava Sheva,New York,14161.0,28,20ft_Standard,Hazardous_Chemicals,16320.2,18.8,Tier_1_Alliance,9,1.25,90.8,1.02,7982.86
SHP-10496,Chennai,Colombo,674.6,3,20ft_Standard,Perishable_Reefer,19308.7,24.5,Tier_3_Spot,5,1.05,78.1,1.03,3266.1
SHP-10497,Busan,Long Beach,9423.6,12,LCL_Consolidated,Textiles,799.7,9.9,Tier_1_Alliance,11,1.05,102.7,1.24,3168.96
SHP-10498,Nhava Sheva,New York,14103.8,28,40ft_Standard,Perishable_Reefer,25579.0,38.2,Tier_3_Spot,6,1.05,89.4,1.2,8630.25
SHP-10499,Nhava Sheva,New York,14137.3,29,LCL_Consolidated,Automotive,596.7,5.0,Tier_3_Spot,9,1.25,83.0,1.14,3567.97
SHP-10500,Busan,Long Beach,9331.4,14,40ft_HighCube,Hazardous_Chemicals,15441.9,75.9,Tier_3_Spot,9,1.25,81.9,0.91,8504.58
SHP-10501,Singapore,Dubai,5975.7,9,40ft_HighCube,Electronics,16152.2,57.2,Tier_1_Alliance,3,1.05,75.2,1.09,6917.25
SHP-10502,Santos,Rotterdam,10222.5,18,LCL_Consolidated,Electronics,1187.4,13.6,Tier_3_Spot,10,1.25,83.9,1.17,3390.76
SHP-10503,Nhava Sheva,Dubai,2130.5,8,40ft_Standard,Electronics,20393.6,63.8,Tier_2_Regional,3,1.05,87.5,1.37,7103.13
SHP-10504,Shanghai,Los Angeles,10531.2,17,40ft_Standard,Hazardous_Chemicals,18032.1,65.4,Tier_1_Alliance,2,0.9,78.6,1.33,9801.3
SHP-10505,Shanghai,Los Angeles,10545.4,15,LCL_Consolidated,Perishable_Reefer,2493.5,13.2,Tier_2_Regional,11,1.05,105.6,1.03,3545.15
SHP-10506,Nhava Sheva,Dubai,2021.4,5,20ft_Standard,Automotive,7803.5,25.2,Tier_3_Spot,4,1.05,93.5,1.0,2490.81
SHP-10507,Chennai,Rotterdam,11471.9,24,40ft_Standard,Automotive,16437.7,55.8,Tier_3_Spot,3,1.05,102.7,1.15,6479.27
SHP-10508,Shanghai,Los Angeles,10432.8,14,20ft_Standard,Perishable_Reefer,19657.8,32.1,Tier_1_Alliance,4,1.05,98.7,1.41,8553.94
SHP-10509,Nhava Sheva,Dubai,2013.2,7,LCL_Consolidated,Textiles,4400.5,12.7,Tier_2_Regional,7,1.05,86.6,0.9,1251.47
SHP-10510,Busan,Long Beach,9464.9,14,LCL_Consolidated,Automotive,3073.7,8.4,Tier_3_Spot,11,1.05,103.5,1.3,3161.61
SHP-10511,Tokyo,Los Angeles,8721.9,13,20ft_Standard,Electronics,12681.6,32.7,Tier_3_Spot,1,0.9,92.1,1.16,3827.32
SHP-10512,Santos,Rotterdam,10292.5,18,40ft_HighCube,Perishable_Reefer,25919.2,69.0,Tier_2_Regional,5,1.05,88.6,1.11,9228.78
SHP-10513,Singapore,Fremantle,3983.8,11,40ft_Standard,Perishable_Reefer,16130.6,58.1,Tier_3_Spot,2,0.9,78.5,1.2,5674.86
SHP-10514,Busan,Long Beach,9409.3,15,LCL_Consolidated,Hazardous_Chemicals,612.1,7.4,Tier_2_Regional,12,1.05,104.2,1.36,4388.0
SHP-10515,Nhava Sheva,New York,14150.0,26,20ft_Standard,General_Dry,15712.1,26.4,Tier_1_Alliance,2,0.9,90.9,1.09,4378.94
SHP-10516,Tokyo,Los Angeles,8822.4,11,LCL_Consolidated,Automotive,697.6,4.1,Tier_2_Regional,6,1.05,92.4,1.24,2754.45
SHP-10517,Shanghai,Los Angeles,10432.4,14,40ft_Standard,Textiles,15552.5,44.9,Tier_1_Alliance,8,1.25,82.4,0.98,6446.79
SHP-10518,Shanghai,Los Angeles,10592.1,13,40ft_HighCube,General_Dry,18957.3,60.5,Tier_2_Regional,1,0.9,93.9,1.15,5761.58
SHP-10519,Nhava Sheva,Dubai,2117.8,7,LCL_Consolidated,Perishable_Reefer,857.3,9.2,Tier_2_Regional,4,1.05,103.8,1.03,1946.91
SHP-10520,Santos,Rotterdam,10211.5,18,20ft_Standard,Electronics,3991.2,21.3,Tier_1_Alliance,3,1.05,102.7,1.24,5141.76
SHP-10521,Singapore,Fremantle,3859.7,7,20ft_Standard,General_Dry,20887.2,17.9,Tier_2_Regional,5,1.05,94.0,1.25,3780.93
SHP-10522,Singapore,Fremantle,3914.5,11,40ft_Standard,Perishable_Reefer,18421.4,64.8,Tier_3_Spot,2,0.9,99.7,1.05,5408.43
SHP-10523,Hamburg,Singapore,15864.1,26,20ft_Standard,Hazardous_Chemicals,5421.8,27.5,Tier_2_Regional,5,1.05,83.9,1.1,6437.5
SHP-10524,Nhava Sheva,Dubai,2139.2,8,20ft_Standard,General_Dry,16135.1,26.3,Tier_3_Spot,2,0.9,89.4,1.25,2718.88
SHP-10525,Busan,Long Beach,9357.4,16,40ft_HighCube,Hazardous_Chemicals,20352.6,64.3,Tier_3_Spot,3,1.05,94.1,1.15,9016.37
SHP-10526,Busan,Long Beach,9426.4,15,40ft_Standard,Automotive,20754.6,66.3,Tier_1_Alliance,1,0.9,76.3,1.13,6215.63
SHP-10527,Nhava Sheva,New York,14247.5,26,LCL_Consolidated,Perishable_Reefer,2002.1,8.7,Tier_1_Alliance,11,1.05,79.6,1.23,4932.67
SHP-10528,Busan,Long Beach,9356.3,12,40ft_HighCube,Hazardous_Chemicals,19899.9,68.8,Tier_3_Spot,2,0.9,96.7,1.06,7309.25
SHP-10529,Busan,Long Beach,9413.8,12,40ft_Standard,Electronics,23008.9,64.5,Tier_2_Regional,8,1.25,105.0,1.31,10097.72
SHP-10530,Santos,Rotterdam,10127.2,18,LCL_Consolidated,Automotive,2581.1,11.8,Tier_2_Regional,12,1.05,74.0,1.16,2853.61
SHP-10531,Singapore,Fremantle,3945.0,9,20ft_Standard,Electronics,15338.9,29.4,Tier_3_Spot,6,1.05,74.4,0.96,2886.49
SHP-10532,Chennai,Rotterdam,11467.8,24,40ft_Standard,Automotive,15012.2,54.0,Tier_3_Spot,5,1.05,97.4,1.05,5806.96
SHP-10533,Chennai,Rotterdam,11454.3,21,LCL_Consolidated,Electronics,2533.6,13.4,Tier_2_Regional,4,1.05,90.9,0.97,2794.69
SHP-10534,Shanghai,Rotterdam,19557.0,28,20ft_Standard,Perishable_Reefer,3448.8,23.7,Tier_3_Spot,9,1.25,77.5,1.06,6812.75
SHP-10535,Chennai,Colombo,696.5,6,40ft_HighCube,Hazardous_Chemicals,23850.7,48.0,Tier_1_Alliance,9,1.25,96.4,0.95,8291.55
SHP-10536,Busan,Long Beach,9307.3,15,20ft_Standard,General_Dry,19782.1,27.4,Tier_2_Regional,10,1.25,103.4,1.06,4877.08
SHP-10537,Chennai,Rotterdam,11420.6,23,20ft_Standard,Automotive,14499.3,18.8,Tier_2_Regional,4,1.05,78.9,1.03,4053.39
SHP-10538,Shanghai,Rotterdam,19554.6,27,40ft_HighCube,Electronics,14925.5,45.5,Tier_1_Alliance,10,1.25,92.1,0.94,9276.11
SHP-10539,Tokyo,Los Angeles,8770.1,12,40ft_HighCube,Electronics,24472.1,62.8,Tier_3_Spot,3,1.05,74.6,1.21,7405.21
SHP-10540,Shanghai,Rotterdam,19508.1,27,40ft_Standard,General_Dry,24259.3,36.6,Tier_2_Regional,7,1.05,73.9,1.11,6870.48
SHP-10541,Shanghai,Los Angeles,10540.9,17,LCL_Consolidated,Automotive,1906.0,11.8,Tier_2_Regional,12,1.05,99.3,1.32,3524.92
SHP-10542,Nhava Sheva,New York,14294.7,28,40ft_Standard,General_Dry,16429.0,49.6,Tier_3_Spot,11,1.05,95.2,1.29,6873.87
SHP-10543,Chennai,Colombo,596.3,3,40ft_Standard,Automotive,24431.5,47.5,Tier_2_Regional,12,1.05,105.0,1.06,5080.09
SHP-10544,Shanghai,Rotterdam,19490.7,27,20ft_Standard,Perishable_Reefer,9325.9,23.3,Tier_1_Alliance,3,1.05,82.2,1.07,7077.3
SHP-10545,Singapore,Fremantle,3825.5,7,LCL_Consolidated,Textiles,1966.4,9.8,Tier_1_Alliance,5,1.05,91.2,1.1,1852.77
SHP-10546,Hamburg,Singapore,15747.7,24,40ft_Standard,Perishable_Reefer,9189.1,41.7,Tier_2_Regional,12,1.05,93.3,1.3,9523.78
SHP-10547,Hamburg,Singapore,15813.4,25,40ft_Standard,Electronics,20052.9,58.7,Tier_3_Spot,12,1.05,92.7,1.14,7523.93
SHP-10548,Singapore,Fremantle,3919.2,9,20ft_Standard,Perishable_Reefer,8544.6,22.3,Tier_1_Alliance,10,1.25,75.9,1.32,5840.89
SHP-10549,Hamburg,Singapore,15765.5,23,20ft_Standard,Electronics,18970.7,31.3,Tier_1_Alliance,11,1.05,101.2,1.29,7683.91
SHP-10550,Santos,Rotterdam,10129.8,21,40ft_HighCube,Perishable_Reefer,20402.8,51.1,Tier_3_Spot,11,1.05,103.6,1.04,7577.9
SHP-10551,Santos,Rotterdam,10160.9,20,40ft_HighCube,General_Dry,10146.1,75.6,Tier_3_Spot,7,1.05,102.5,1.34,7320.95
SHP-10552,Chennai,Rotterdam,11473.8,25,20ft_Standard,General_Dry,13080.5,32.6,Tier_3_Spot,2,0.9,103.0,1.35,4414.52
SHP-10553,Nhava Sheva,Dubai,2086.3,8,LCL_Consolidated,Textiles,3703.0,6.9,Tier_2_Regional,7,1.05,91.6,1.24,1686.8
SHP-10554,Chennai,Colombo,577.8,6,LCL_Consolidated,Hazardous_Chemicals,1194.2,14.0,Tier_2_Regional,11,1.05,76.5,0.89,1366.8
SHP-10555,Santos,Rotterdam,10103.1,20,LCL_Consolidated,Electronics,1117.5,11.7,Tier_1_Alliance,8,1.25,104.2,1.26,4582.86
SHP-10556,Hamburg,Singapore,15824.6,26,LCL_Consolidated,Automotive,2231.2,4.7,Tier_2_Regional,7,1.05,93.8,1.19,3835.9
SHP-10557,Busan,Long Beach,9347.3,16,40ft_HighCube,Perishable_Reefer,20374.3,46.0,Tier_3_Spot,1,0.9,92.5,1.26,7451.83
SHP-10558,Nhava Sheva,New York,14216.1,25,40ft_Standard,Textiles,17475.3,62.5,Tier_3_Spot,5,1.05,88.7,0.92,5186.13
SHP-10559,Singapore,Fremantle,3817.7,10,20ft_Standard,Textiles,12705.5,25.4,Tier_3_Spot,10,1.25,73.9,1.07,3236.52
SHP-10560,Chennai,Rotterdam,11493.8,25,LCL_Consolidated,Automotive,1991.8,6.2,Tier_3_Spot,5,1.05,82.4,0.9,2180.68
SHP-10561,Singapore,Fremantle,3949.9,11,40ft_HighCube,General_Dry,18516.9,50.2,Tier_3_Spot,1,0.9,95.6,1.04,4135.51
SHP-10562,Busan,Long Beach,9424.9,14,LCL_Consolidated,General_Dry,2775.2,12.2,Tier_1_Alliance,5,1.05,81.1,1.21,2978.84
SHP-10563,Singapore,Dubai,5971.6,9,20ft_Standard,Automotive,19382.4,28.3,Tier_1_Alliance,11,1.05,88.1,1.32,5350.25
SHP-10564,Singapore,Dubai,5956.5,10,LCL_Consolidated,Electronics,4379.1,6.1,Tier_3_Spot,2,0.9,106.8,1.2,2214.68
SHP-10565,Shanghai,Los Angeles,10567.5,16,LCL_Consolidated,Electronics,2480.8,9.7,Tier_3_Spot,4,1.05,92.8,1.33,3413.05
SHP-10566,Chennai,Rotterdam,11528.5,21,20ft_Standard,Electronics,10177.4,20.4,Tier_2_Regional,12,1.05,106.1,1.38,5810.22
SHP-10567,Nhava Sheva,Dubai,2076.0,7,LCL_Consolidated,Hazardous_Chemicals,2887.0,7.2,Tier_1_Alliance,5,1.05,105.4,1.12,2497.84
SHP-10568,Santos,Rotterdam,10163.1,21,20ft_Standard,General_Dry,14473.6,32.2,Tier_3_Spot,7,1.05,94.0,1.23,4323.91
SHP-10569,Singapore,Dubai,5867.0,11,20ft_Standard,Hazardous_Chemicals,13515.2,23.3,Tier_3_Spot,11,1.05,99.0,1.28,5439.91
SHP-10570,Singapore,Fremantle,3954.1,11,40ft_HighCube,Textiles,27877.9,54.7,Tier_3_Spot,1,0.9,96.2,1.33,5738.15
SHP-10571,Chennai,Rotterdam,11482.2,25,20ft_Standard,Textiles,9327.3,28.1,Tier_2_Regional,5,1.05,79.0,0.89,3331.62
SHP-10572,Nhava Sheva,New York,14111.4,29,40ft_Standard,Automotive,10192.2,65.6,Tier_3_Spot,2,0.9,102.8,0.95,4869.32
SHP-10573,Santos,Rotterdam,10252.8,21,40ft_Standard,General_Dry,11316.7,44.4,Tier_3_Spot,11,1.05,105.7,1.22,5681.85
SHP-10574,Singapore,Dubai,5953.9,11,40ft_HighCube,Electronics,14991.2,46.9,Tier_1_Alliance,7,1.05,84.0,0.91,5559.14
SHP-10575,Singapore,Dubai,5835.6,9,LCL_Consolidated,Electronics,2266.9,9.7,Tier_3_Spot,2,0.9,77.2,1.3,1901.17
SHP-10576,Nhava Sheva,Dubai,2122.8,4,LCL_Consolidated,Textiles,964.8,2.9,Tier_2_Regional,10,1.25,98.2,1.3,1927.26
SHP-10577,Chennai,Rotterdam,11579.3,22,20ft_Standard,General_Dry,10028.7,17.7,Tier_3_Spot,6,1.05,104.6,1.19,4119.86
SHP-10578,Tokyo,Los Angeles,8841.5,13,LCL_Consolidated,Perishable_Reefer,4298.2,11.4,Tier_2_Regional,2,0.9,91.4,0.88,2236.57
SHP-10579,Busan,Long Beach,9463.6,15,20ft_Standard,Automotive,19830.8,21.5,Tier_3_Spot,11,1.05,82.9,0.91,3460.65
SHP-10580,Santos,Rotterdam,10118.1,21,40ft_HighCube,General_Dry,23688.2,54.0,Tier_2_Regional,4,1.05,78.4,0.9,5142.55
SHP-10581,Hamburg,Singapore,15832.1,25,LCL_Consolidated,General_Dry,3599.8,7.8,Tier_3_Spot,11,1.05,87.8,0.98,2743.95
SHP-10582,Chennai,Rotterdam,11438.6,25,40ft_Standard,Perishable_Reefer,9133.9,52.3,Tier_2_Regional,5,1.05,90.0,1.4,9565.2
SHP-10583,Chennai,Colombo,743.3,2,20ft_Standard,Hazardous_Chemicals,9078.9,28.0,Tier_1_Alliance,7,1.05,76.3,1.32,4799.35
SHP-10584,Santos,Rotterdam,10204.6,21,40ft_Standard,Textiles,12193.7,37.3,Tier_3_Spot,12,1.05,77.1,1.23,5441.54
SHP-10585,Chennai,Colombo,731.4,6,20ft_Standard,Electronics,14678.2,15.3,Tier_3_Spot,11,1.05,73.8,1.05,2470.57
SHP-10586,Nhava Sheva,New York,14191.2,26,20ft_Standard,General_Dry,11948.6,29.4,Tier_1_Alliance,4,1.05,74.3,0.99,4342.69
SHP-10587,Shanghai,Rotterdam,19562.3,30,40ft_HighCube,General_Dry,20367.4,49.3,Tier_3_Spot,4,1.05,99.5,1.2,7667.79
SHP-10588,Shanghai,Rotterdam,19412.6,29,40ft_Standard,Perishable_Reefer,20533.3,52.7,Tier_1_Alliance,8,1.25,80.8,1.19,13459.36
SHP-10589,Shanghai,Los Angeles,10420.0,17,LCL_Consolidated,Electronics,4458.3,3.0,Tier_1_Alliance,1,0.9,78.5,0.93,2177.94
SHP-10590,Santos,Rotterdam,10218.7,19,LCL_Consolidated,Textiles,3615.6,4.5,Tier_2_Regional,11,1.05,81.8,1.12,2511.36
SHP-10591,Nhava Sheva,Dubai,2187.6,8,20ft_Standard,Automotive,15909.6,26.0,Tier_1_Alliance,2,0.9,94.6,1.3,3726.88
SHP-10592,Shanghai,Rotterdam,19483.8,31,40ft_Standard,Electronics,25758.9,66.3,Tier_1_Alliance,10,1.25,85.0,1.29,13359.19
SHP-10593,Tokyo,Los Angeles,8801.5,13,40ft_Standard,Hazardous_Chemicals,11486.9,60.5,Tier_1_Alliance,11,1.05,102.4,1.37,11103.83
SHP-10594,Chennai,Colombo,585.3,2,20ft_Standard,Textiles,8131.2,22.8,Tier_2_Regional,6,1.05,94.2,1.36,3146.15
SHP-10595,Chennai,Colombo,558.7,2,40ft_Standard,Electronics,16731.1,38.7,Tier_1_Alliance,4,1.05,98.0,1.2,5747.66
SHP-10596,Shanghai,Rotterdam,19483.8,29,40ft_Standard,General_Dry,12100.1,42.6,Tier_2_Regional,7,1.05,103.3,1.08,6557.08
SHP-10597,Nhava Sheva,Dubai,2014.7,8,LCL_Consolidated,General_Dry,1152.2,13.1,Tier_2_Regional,8,1.25,78.4,1.08,1530.22
SHP-10598,Chennai,Colombo,694.0,4,40ft_HighCube,Electronics,12289.8,66.5,Tier_2_Regional,1,0.9,82.1,0.94,4044.07
SHP-10599,Chennai,Colombo,641.7,3,40ft_HighCube,Electronics,20865.4,69.5,Tier_2_Regional,11,1.05,106.3,1.37,7825.3
SHP-10600,Singapore,Fremantle,3994.0,8,20ft_Standard,Perishable_Reefer,11805.8,32.9,Tier_3_Spot,10,1.25,89.0,1.13,5027.9
SHP-10601,Chennai,Rotterdam,11546.0,22,40ft_Standard,Hazardous_Chemicals,18430.4,63.5,Tier_2_Regional,10,1.25,106.1,1.37,13539.96
SHP-10602,Chennai,Rotterdam,11483.6,21,20ft_Standard,Perishable_Reefer,16834.9,15.6,Tier_3_Spot,9,1.25,86.2,1.32,7387.6
SHP-10603,Busan,Long Beach,9464.3,15,LCL_Consolidated,Electronics,3013.2,2.1,Tier_1_Alliance,12,1.05,86.6,1.0,2696.53
SHP-10604,Shanghai,Rotterdam,19459.2,27,20ft_Standard,Perishable_Reefer,8487.1,27.7,Tier_3_Spot,10,1.25,98.9,0.89,6340.92
SHP-10605,Chennai,Colombo,642.8,3,LCL_Consolidated,Electronics,3320.6,10.4,Tier_2_Regional,1,0.9,103.0,0.92,1262.0
SHP-10606,Busan,Long Beach,9366.6,12,40ft_HighCube,Perishable_Reefer,22565.0,64.0,Tier_2_Regional,10,1.25,100.6,1.31,12477.6
SHP-10607,Nhava Sheva,New York,14224.1,27,20ft_Standard,Automotive,9551.8,15.9,Tier_3_Spot,7,1.05,85.2,1.21,4646.11
SHP-10608,Shanghai,Rotterdam,19473.3,31,20ft_Standard,Automotive,16924.4,17.5,Tier_3_Spot,6,1.05,80.6,0.94,4448.81
SHP-10609,Chennai,Colombo,697.5,6,40ft_Standard,Textiles,13768.3,63.7,Tier_1_Alliance,9,1.25,96.5,1.03,5794.53
SHP-10610,Nhava Sheva,New York,14174.6,28,LCL_Consolidated,Automotive,4233.0,7.6,Tier_3_Spot,9,1.25,96.4,1.17,4189.95
SHP-10611,Singapore,Dubai,5890.4,11,20ft_Standard,Electronics,4571.6,22.0,Tier_2_Regional,3,1.05,82.4,1.4,4253.26
SHP-10612,Nhava Sheva,New York,14133.0,25,40ft_Standard,Perishable_Reefer,23749.9,51.7,Tier_1_Alliance,11,1.05,72.8,1.1,9410.81
SHP-10613,Santos,Rotterdam,10208.3,18,LCL_Consolidated,Hazardous_Chemicals,2497.4,9.7,Tier_2_Regional,5,1.05,78.8,0.89,2820.93
SHP-10614,Nhava Sheva,Dubai,2167.0,8,40ft_HighCube,Perishable_Reefer,16170.3,65.0,Tier_3_Spot,6,1.05,89.5,1.24,7568.45
SHP-10615,Tokyo,Los Angeles,8868.4,13,LCL_Consolidated,Hazardous_Chemicals,1093.8,11.5,Tier_3_Spot,3,1.05,100.4,1.0,3041.68
SHP-10616,Shanghai,Rotterdam,19594.1,27,40ft_Standard,Hazardous_Chemicals,16206.7,40.3,Tier_2_Regional,3,1.05,97.6,1.03,9193.45
SHP-10617,Shanghai,Los Angeles,10567.9,14,40ft_Standard,Electronics,8740.7,45.1,Tier_1_Alliance,3,1.05,87.9,1.08,6565.79
SHP-10618,Nhava Sheva,Dubai,2112.5,4,40ft_HighCube,Hazardous_Chemicals,16712.5,61.7,Tier_1_Alliance,3,1.05,91.2,0.95,7175.81
SHP-10619,Chennai,Rotterdam,11480.9,24,40ft_Standard,Perishable_Reefer,10809.0,66.0,Tier_2_Regional,9,1.25,107.1,1.06,9406.34
SHP-10620,Busan,Long Beach,9359.1,14,40ft_Standard,Automotive,24323.9,49.1,Tier_3_Spot,12,1.05,76.0,1.14,6033.46
SHP-10621,Chennai,Rotterdam,11427.9,25,20ft_Standard,Hazardous_Chemicals,10229.3,30.1,Tier_1_Alliance,8,1.25,84.9,1.06,7487.86
SHP-10622,Singapore,Fremantle,3928.3,11,40ft_Standard,Hazardous_Chemicals,8405.9,52.2,Tier_1_Alliance,8,1.25,96.4,1.4,11129.24
SHP-10623,Tokyo,Los Angeles,8778.9,13,40ft_HighCube,Automotive,19208.0,46.7,Tier_3_Spot,11,1.05,85.0,0.96,5308.45
SHP-10624,Hamburg,Singapore,15773.9,25,20ft_Standard,Hazardous_Chemicals,9324.4,32.6,Tier_2_Regional,9,1.25,75.2,1.27,9208.16
SHP-10625,Chennai,Colombo,698.3,5,LCL_Consolidated,Hazardous_Chemicals,4125.5,13.6,Tier_1_Alliance,7,1.05,98.2,1.1,2352.74
SHP-10626,Singapore,Fremantle,3919.6,8,40ft_Standard,Hazardous_Chemicals,25790.9,51.8,Tier_2_Regional,6,1.05,74.4,1.4,9236.33
SHP-10627,Hamburg,Singapore,15717.7,26,40ft_HighCube,Perishable_Reefer,20004.6,67.0,Tier_1_Alliance,3,1.05,79.2,1.33,12864.11
SHP-10628,Singapore,Dubai,5910.8,9,40ft_HighCube,Automotive,18893.8,67.9,Tier_2_Regional,4,1.05,73.0,0.88,5051.51
SHP-10629,Singapore,Dubai,5860.0,12,20ft_Standard,Textiles,19068.4,22.5,Tier_3_Spot,8,1.25,104.6,1.23,4766.95
SHP-10630,Chennai,Rotterdam,11423.9,23,LCL_Consolidated,General_Dry,3855.0,9.0,Tier_3_Spot,10,1.25,87.7,1.02,2759.86
SHP-10631,Santos,Rotterdam,10195.2,17,40ft_HighCube,Automotive,20354.7,71.2,Tier_3_Spot,3,1.05,92.9,0.96,6048.79
SHP-10632,Chennai,Colombo,725.7,3,40ft_HighCube,Electronics,14908.1,58.0,Tier_1_Alliance,6,1.05,73.8,1.04,5601.38
SHP-10633,Santos,Rotterdam,10287.3,21,40ft_Standard,Textiles,21764.4,54.2,Tier_1_Alliance,3,1.05,91.6,1.35,8186.12
SHP-10634,Santos,Rotterdam,10260.0,19,40ft_HighCube,General_Dry,20440.8,70.5,Tier_3_Spot,1,0.9,76.9,1.03,4836.7
SHP-10635,Chennai,Colombo,632.4,3,20ft_Standard,Electronics,12060.9,30.0,Tier_1_Alliance,9,1.25,94.1,1.33,4968.45
SHP-10636,Tokyo,Los Angeles,8869.2,14,20ft_Standard,Perishable_Reefer,19488.6,17.1,Tier_2_Regional,3,1.05,105.2,1.14,5664.27
SHP-10637,Singapore,Dubai,5938.2,10,LCL_Consolidated,Automotive,3936.2,6.1,Tier_3_Spot,12,1.05,83.0,1.28,2275.71
SHP-10638,Nhava Sheva,New York,14144.5,26,40ft_Standard,Hazardous_Chemicals,11777.1,66.4,Tier_1_Alliance,7,1.05,96.9,1.3,11983.65
SHP-10639,Nhava Sheva,New York,14103.8,28,LCL_Consolidated,General_Dry,985.2,11.5,Tier_1_Alliance,9,1.25,93.4,1.13,4111.12
SHP-10640,Singapore,Dubai,5808.7,11,20ft_Standard,General_Dry,19561.8,18.7,Tier_1_Alliance,4,1.05,78.7,1.07,3615.57
SHP-10641,Nhava Sheva,New York,14129.1,27,40ft_HighCube,Hazardous_Chemicals,25392.5,69.2,Tier_1_Alliance,10,1.25,80.7,1.19,14915.57
SHP-10642,Nhava Sheva,New York,14263.9,25,40ft_Standard,Textiles,25356.7,40.5,Tier_1_Alliance,9,1.25,72.2,1.27,9513.62
SHP-10643,Nhava Sheva,Dubai,2184.1,7,40ft_HighCube,Textiles,13332.3,65.9,Tier_3_Spot,2,0.9,78.5,1.07,3941.8
SHP-10644,Hamburg,Singapore,15784.8,27,40ft_Standard,Perishable_Reefer,21705.4,45.1,Tier_1_Alliance,8,1.25,76.0,0.95,9712.16
SHP-10645,Shanghai,Rotterdam,19540.9,31,20ft_Standard,General_Dry,11886.8,21.9,Tier_2_Regional,8,1.25,93.6,1.05,5848.17
SHP-10646,Chennai,Colombo,595.2,5,40ft_HighCube,Perishable_Reefer,25421.9,72.7,Tier_1_Alliance,8,1.25,105.8,1.08,9768.88
SHP-10647,Chennai,Rotterdam,11599.7,24,20ft_Standard,Perishable_Reefer,12407.9,27.2,Tier_2_Regional,2,0.9,77.2,1.1,4682.13
SHP-10648,Singapore,Fremantle,3995.5,8,20ft_Standard,Hazardous_Chemicals,9095.4,25.7,Tier_1_Alliance,7,1.05,76.4,1.33,5489.64
SHP-10649,Busan,Long Beach,9399.8,16,40ft_HighCube,Textiles,16409.8,65.7,Tier_2_Regional,7,1.05,107.6,1.16,6915.06
SHP-10650,Shanghai,Los Angeles,10553.6,13,20ft_Standard,Hazardous_Chemicals,11950.9,26.3,Tier_2_Regional,3,1.05,73.1,1.28,6547.3
SHP-10651,Nhava Sheva,New York,14199.6,25,40ft_Standard,Perishable_Reefer,20225.7,39.9,Tier_3_Spot,10,1.25,94.4,1.29,10939.97
SHP-10652,Santos,Rotterdam,10250.3,20,LCL_Consolidated,Electronics,3479.4,7.9,Tier_2_Regional,5,1.05,91.5,1.32,3543.78
SHP-10653,Tokyo,Los Angeles,8809.3,10,LCL_Consolidated,General_Dry,2525.5,12.2,Tier_2_Regional,8,1.25,88.5,0.9,2290.8
SHP-10654,Tokyo,Los Angeles,8831.9,12,40ft_Standard,Perishable_Reefer,10420.8,57.9,Tier_2_Regional,8,1.25,99.5,1.19,9596.58
SHP-10655,Chennai,Colombo,682.0,6,LCL_Consolidated,Perishable_Reefer,4344.6,8.1,Tier_3_Spot,7,1.05,81.5,1.2,1688.23
SHP-10656,Hamburg,Singapore,15823.4,25,40ft_HighCube,Hazardous_Chemicals,10506.6,46.4,Tier_1_Alliance,6,1.05,84.6,1.28,11946.54
SHP-10657,Chennai,Rotterdam,11553.0,23,LCL_Consolidated,General_Dry,2053.1,6.3,Tier_2_Regional,6,1.05,74.0,1.01,2290.98
SHP-10658,Nhava Sheva,Dubai,2129.6,8,20ft_Standard,Textiles,18640.9,17.1,Tier_1_Alliance,3,1.05,72.7,1.06,2998.13
SHP-10659,Chennai,Colombo,681.6,5,LCL_Consolidated,Hazardous_Chemicals,3631.8,9.1,Tier_1_Alliance,6,1.05,85.6,1.09,1973.09
SHP-10660,Singapore,Fremantle,3819.5,10,20ft_Standard,Textiles,6706.3,23.9,Tier_3_Spot,11,1.05,84.2,1.21,2888.86
SHP-10661,Shanghai,Rotterdam,19593.9,28,LCL_Consolidated,Textiles,4281.7,8.4,Tier_1_Alliance,5,1.05,81.5,1.04,4006.01
SHP-10662,Singapore,Fremantle,3880.4,8,20ft_Standard,Textiles,4705.2,21.1,Tier_3_Spot,2,0.9,92.4,1.17,2369.92
SHP-10663,Hamburg,Singapore,15741.9,23,40ft_HighCube,Automotive,17792.4,61.7,Tier_2_Regional,4,1.05,86.9,1.02,7152.97
SHP-10664,Tokyo,Los Angeles,8790.6,14,40ft_Standard,General_Dry,20660.0,62.6,Tier_3_Spot,10,1.25,90.0,1.24,7347.33
SHP-10665,Busan,Long Beach,9487.6,14,LCL_Consolidated,Automotive,3320.4,8.3,Tier_3_Spot,6,1.05,88.6,1.01,2324.72
SHP-10666,Busan,Long Beach,9437.1,14,LCL_Consolidated,Perishable_Reefer,4370.8,12.9,Tier_2_Regional,11,1.05,79.3,1.1,3346.12
SHP-10667,Singapore,Dubai,5929.2,11,40ft_Standard,Perishable_Reefer,10044.1,41.1,Tier_1_Alliance,4,1.05,100.7,1.05,6761.95
SHP-10668,Chennai,Colombo,662.0,5,LCL_Consolidated,Textiles,1409.0,5.3,Tier_1_Alliance,1,0.9,81.3,1.31,1075.21
SHP-10669,Santos,Rotterdam,10210.1,17,LCL_Consolidated,General_Dry,4368.1,3.0,Tier_1_Alliance,10,1.25,82.7,0.91,2678.33
SHP-10670,Hamburg,Singapore,15879.4,23,LCL_Consolidated,Textiles,1562.2,8.9,Tier_1_Alliance,9,1.25,105.6,1.16,4883.38
SHP-10671,Singapore,Fremantle,3989.9,11,40ft_HighCube,Perishable_Reefer,14285.4,48.8,Tier_1_Alliance,6,1.05,83.9,1.2,8036.07
SHP-10672,Hamburg,Singapore,15861.2,24,LCL_Consolidated,Electronics,980.7,4.6,Tier_1_Alliance,5,1.05,87.8,1.02,3670.79
SHP-10673,Singapore,Fremantle,3811.2,11,40ft_HighCube,Textiles,15696.8,58.1,Tier_1_Alliance,11,1.05,80.9,1.03,5458.69
SHP-10674,Shanghai,Los Angeles,10472.6,15,40ft_HighCube,General_Dry,27402.5,63.8,Tier_3_Spot,12,1.05,95.8,1.39,8037.61
SHP-10675,Busan,Long Beach,9483.5,13,40ft_HighCube,Automotive,15566.8,74.7,Tier_2_Regional,6,1.05,104.5,1.25,8130.16
SHP-10676,Tokyo,Los Angeles,8873.4,13,LCL_Consolidated,General_Dry,4673.8,13.0,Tier_2_Regional,5,1.05,75.2,1.32,2811.73
SHP-10677,Nhava Sheva,Dubai,2059.5,5,LCL_Consolidated,Textiles,4457.6,11.2,Tier_2_Regional,7,1.05,100.4,1.03,1660.64
SHP-10678,Nhava Sheva,New York,14264.6,28,LCL_Consolidated,Textiles,4669.2,6.0,Tier_2_Regional,7,1.05,103.6,1.32,4016.46
SHP-10679,Shanghai,Los Angeles,10539.7,17,20ft_Standard,Hazardous_Chemicals,13838.1,29.6,Tier_2_Regional,12,1.05,83.8,1.26,6825.06
SHP-10680,Chennai,Rotterdam,11528.3,22,LCL_Consolidated,Textiles,513.8,4.4,Tier_1_Alliance,5,1.05,83.3,0.92,2366.83
SHP-10681,Shanghai,Los Angeles,10449.9,14,LCL_Consolidated,Hazardous_Chemicals,2652.6,10.8,Tier_2_Regional,5,1.05,78.2,1.2,3908.49
SHP-10682,Shanghai,Rotterdam,19559.9,28,20ft_Standard,Perishable_Reefer,6274.0,30.8,Tier_2_Regional,10,1.25,80.1,1.39,10105.86
SHP-10683,Tokyo,Los Angeles,8829.4,11,20ft_Standard,Perishable_Reefer,7712.1,30.3,Tier_1_Alliance,1,0.9,86.4,1.11,4704.58
SHP-10684,Singapore,Dubai,5829.9,11,40ft_Standard,Automotive,8254.1,51.8,Tier_1_Alliance,8,1.25,101.8,1.15,7274.08
SHP-10685,Nhava Sheva,Dubai,2142.7,5,40ft_HighCube,Hazardous_Chemicals,18895.0,49.0,Tier_3_Spot,4,1.05,93.6,1.42,8886.49
SHP-10686,Singapore,Dubai,5945.3,10,LCL_Consolidated,Electronics,4066.1,2.3,Tier_2_Regional,5,1.05,80.5,1.12,2092.81
SHP-10687,Nhava Sheva,Dubai,2073.9,7,20ft_Standard,General_Dry,5397.7,20.8,Tier_2_Regional,12,1.05,86.3,0.99,2174.45
SHP-10688,Hamburg,Singapore,15841.7,27,40ft_HighCube,General_Dry,20026.0,46.6,Tier_1_Alliance,4,1.05,89.0,1.07,7375.97
SHP-10689,Singapore,Fremantle,3987.9,11,20ft_Standard,General_Dry,12081.8,21.9,Tier_2_Regional,7,1.05,96.2,0.95,2676.51
SHP-10690,Tokyo,Los Angeles,8708.2,11,40ft_HighCube,Electronics,18871.1,55.5,Tier_3_Spot,8,1.25,76.7,1.05,7220.83
SHP-10691,Tokyo,Los Angeles,8786.6,12,20ft_Standard,Hazardous_Chemicals,20613.3,24.0,Tier_1_Alliance,5,1.05,98.9,1.38,8341.88
SHP-10692,Singapore,Dubai,5980.6,11,40ft_HighCube,Automotive,17844.0,50.1,Tier_2_Regional,12,1.05,107.8,1.29,7274.84
SHP-10693,Shanghai,Los Angeles,10511.1,16,20ft_Standard,Electronics,3982.2,18.3,Tier_1_Alliance,8,1.25,81.4,1.26,5948.89
SHP-10694,Hamburg,Singapore,15723.2,26,20ft_Standard,Perishable_Reefer,20798.7,25.1,Tier_2_Regional,8,1.25,89.7,1.34,9852.34
SHP-10695,Shanghai,Los Angeles,10424.7,13,40ft_Standard,Hazardous_Chemicals,23029.2,59.0,Tier_1_Alliance,5,1.05,92.3,1.24,11013.64
SHP-10696,Nhava Sheva,Dubai,2116.7,4,40ft_Standard,Perishable_Reefer,12430.8,50.9,Tier_1_Alliance,2,0.9,103.9,0.89,4679.27
SHP-10697,Santos,Rotterdam,10296.3,17,LCL_Consolidated,Hazardous_Chemicals,4681.2,3.3,Tier_3_Spot,6,1.05,77.5,0.92,2678.27
SHP-10698,Busan,Long Beach,9431.9,15,40ft_HighCube,Automotive,10104.5,75.1,Tier_3_Spot,11,1.05,94.4,1.12,6580.08
SHP-10699,Busan,Long Beach,9500.0,16,40ft_Standard,Electronics,22428.0,44.1,Tier_1_Alliance,1,0.9,98.8,1.18,6669.48
SHP-10700,Singapore,Fremantle,3876.3,10,40ft_HighCube,Electronics,27370.9,71.8,Tier_1_Alliance,2,0.9,72.7,0.99,5718.79
SHP-10701,Hamburg,Singapore,15855.9,25,40ft_Standard,General_Dry,16835.2,48.8,Tier_2_Regional,5,1.05,104.5,1.21,7224.19
SHP-10702,Shanghai,Rotterdam,19533.1,29,40ft_Standard,Perishable_Reefer,23937.4,50.2,Tier_2_Regional,10,1.25,93.6,0.93,9791.14
SHP-10703,Hamburg,Singapore,15862.2,27,40ft_Standard,Perishable_Reefer,15668.3,36.3,Tier_3_Spot,6,1.05,107.0,1.25,8934.33
SHP-10704,Santos,Rotterdam,10237.2,18,LCL_Consolidated,Automotive,3412.5,3.0,Tier_3_Spot,8,1.25,87.7,1.37,3660.33
SHP-10705,Chennai,Colombo,610.1,3,40ft_HighCube,Electronics,17699.2,62.6,Tier_3_Spot,9,1.25,74.8,0.9,5158.11
SHP-10706,Nhava Sheva,New York,14202.1,28,20ft_Standard,Perishable_Reefer,15965.6,29.6,Tier_3_Spot,6,1.05,81.2,0.92,4851.38
SHP-10707,Tokyo,Los Angeles,8703.3,13,40ft_Standard,Electronics,8814.7,48.3,Tier_2_Regional,12,1.05,82.7,1.2,6370.53
SHP-10708,Chennai,Colombo,701.5,5,40ft_HighCube,Hazardous_Chemicals,13799.2,47.4,Tier_1_Alliance,10,1.25,81.3,1.24,9535.04
SHP-10709,Hamburg,Singapore,15806.9,23,LCL_Consolidated,General_Dry,1272.8,7.7,Tier_1_Alliance,12,1.05,86.6,1.24,4043.86
SHP-10710,Busan,Long Beach,9420.4,15,40ft_HighCube,Automotive,16493.1,65.9,Tier_3_Spot,12,1.05,96.3,1.31,7759.12
SHP-10711,Nhava Sheva,New York,14125.0,25,40ft_Standard,General_Dry,20528.6,41.0,Tier_1_Alliance,1,0.9,79.5,1.23,6371.17
SHP-10712,Santos,Rotterdam,10148.4,21,40ft_Standard,General_Dry,21855.0,39.7,Tier_2_Regional,7,1.05,72.8,0.97,4788.33
SHP-10713,Shanghai,Los Angeles,10547.8,16,LCL_Consolidated,Perishable_Reefer,4369.1,9.0,Tier_1_Alliance,4,1.05,82.6,1.33,4676.87
SHP-10714,Hamburg,Singapore,15710.2,23,20ft_Standard,Textiles,10772.2,22.5,Tier_3_Spot,8,1.25,98.5,1.2,5782.39
SHP-10715,Tokyo,Los Angeles,8899.8,10,LCL_Consolidated,Perishable_Reefer,2810.1,10.7,Tier_2_Regional,11,1.05,104.6,1.35,4274.72
SHP-10716,Nhava Sheva,Dubai,2142.9,8,20ft_Standard,Perishable_Reefer,8685.3,16.1,Tier_3_Spot,11,1.05,87.0,1.14,3270.18
SHP-10717,Chennai,Colombo,674.5,4,LCL_Consolidated,Textiles,593.6,5.5,Tier_2_Regional,4,1.05,88.9,1.12,1135.96
SHP-10718,Tokyo,Los Angeles,8743.9,12,LCL_Consolidated,Electronics,3753.5,6.7,Tier_2_Regional,7,1.05,102.0,1.24,3172.15
SHP-10719,Busan,Long Beach,9372.1,15,40ft_Standard,Automotive,13084.2,59.0,Tier_1_Alliance,11,1.05,89.4,0.97,5937.3
SHP-10720,Shanghai,Los Angeles,10521.1,13,LCL_Consolidated,Perishable_Reefer,1556.2,8.7,Tier_2_Regional,1,0.9,84.9,1.02,2685.7
SHP-10721,Santos,Rotterdam,10131.7,21,20ft_Standard,General_Dry,10751.2,26.1,Tier_2_Regional,2,0.9,92.2,1.14,3392.84
SHP-10722,Shanghai,Rotterdam,19557.0,27,40ft_HighCube,Electronics,25726.5,63.7,Tier_3_Spot,2,0.9,97.4,1.38,9239.24
SHP-10723,Chennai,Colombo,709.8,2,20ft_Standard,Automotive,17078.8,32.1,Tier_3_Spot,9,1.25,73.5,0.94,2993.87
SHP-10724,Santos,Rotterdam,10123.6,18,40ft_HighCube,Electronics,15258.2,58.7,Tier_3_Spot,9,1.25,89.9,1.35,9692.26
SHP-10725,Shanghai,Los Angeles,10529.4,15,40ft_Standard,General_Dry,15904.0,48.3,Tier_1_Alliance,1,0.9,80.8,1.32,6254.8
SHP-10726,Shanghai,Rotterdam,19457.4,28,20ft_Standard,Hazardous_Chemicals,15873.6,22.5,Tier_2_Regional,11,1.05,95.9,0.96,6754.55
SHP-10727,Tokyo,Los Angeles,8784.3,11,40ft_Standard,Perishable_Reefer,24524.4,63.7,Tier_2_Regional,9,1.25,100.6,1.08,9695.78
SHP-10728,Chennai,Rotterdam,11488.5,21,20ft_Standard,General_Dry,8666.5,32.7,Tier_2_Regional,3,1.05,87.6,1.09,4035.6
SHP-10729,Chennai,Rotterdam,11532.0,22,20ft_Standard,Textiles,17383.3,30.8,Tier_3_Spot,5,1.05,87.1,1.36,5179.55
SHP-10730,Busan,Long Beach,9410.7,14,40ft_HighCube,Hazardous_Chemicals,24886.1,72.9,Tier_1_Alliance,10,1.25,105.1,1.26,14957.88
SHP-10731,Chennai,Colombo,678.8,6,LCL_Consolidated,Textiles,4494.5,11.4,Tier_2_Regional,7,1.05,99.9,1.36,1808.39
SHP-10732,Nhava Sheva,New York,14107.4,27,LCL_Consolidated,Textiles,3830.2,3.5,Tier_3_Spot,9,1.25,82.2,0.93,2847.99
SHP-10733,Tokyo,Los Angeles,8762.5,12,40ft_Standard,General_Dry,24025.7,52.3,Tier_1_Alliance,5,1.05,80.7,1.3,7330.28
SHP-10734,Busan,Long Beach,9384.5,16,20ft_Standard,Textiles,18148.5,19.7,Tier_1_Alliance,9,1.25,84.8,0.91,4358.51
SHP-10735,Santos,Rotterdam,10288.3,20,40ft_HighCube,Automotive,10093.8,55.5,Tier_3_Spot,4,1.05,101.0,1.41,7962.87
SHP-10736,Singapore,Fremantle,3942.9,11,40ft_Standard,Hazardous_Chemicals,13121.6,60.1,Tier_2_Regional,12,1.05,92.6,0.96,6180.08
SHP-10737,Hamburg,Singapore,15803.9,24,20ft_Standard,Hazardous_Chemicals,13482.6,29.8,Tier_3_Spot,6,1.05,88.4,0.96,5774.36
SHP-10738,Hamburg,Singapore,15865.7,23,20ft_Standard,General_Dry,18993.2,23.6,Tier_2_Regional,8,1.25,74.8,1.25,6557.88
SHP-10739,Hamburg,Singapore,15817.6,27,LCL_Consolidated,Hazardous_Chemicals,2744.7,7.1,Tier_3_Spot,8,1.25,96.8,1.39,6881.94
SHP-10740,Busan,Long Beach,9494.7,13,40ft_Standard,Automotive,16725.8,49.6,Tier_1_Alliance,12,1.05,90.5,1.17,7057.78
SHP-10741,Busan,Long Beach,9342.5,15,20ft_Standard,Textiles,19993.3,21.6,Tier_1_Alliance,2,0.9,93.7,1.1,3881.59
SHP-10742,Nhava Sheva,New York,14173.9,27,20ft_Standard,Automotive,5119.4,20.5,Tier_1_Alliance,6,1.05,82.9,1.14,5032.19
SHP-10743,Shanghai,Los Angeles,10428.4,17,LCL_Consolidated,General_Dry,4500.8,4.6,Tier_2_Regional,12,1.05,89.6,0.95,2208.58
SHP-10744,Shanghai,Rotterdam,19413.5,27,LCL_Consolidated,Perishable_Reefer,1893.7,7.4,Tier_3_Spot,6,1.05,100.1,1.14,5056.37
SHP-10745,Busan,Long Beach,9466.7,13,40ft_Standard,Automotive,16296.9,49.4,Tier_3_Spot,8,1.25,77.4,1.27,7612.04
SHP-10746,Nhava Sheva,New York,14260.0,29,LCL_Consolidated,Perishable_Reefer,4551.1,6.1,Tier_1_Alliance,1,0.9,106.5,1.36,5165.8
SHP-10747,Busan,Long Beach,9355.5,12,40ft_Standard,Textiles,18295.9,60.5,Tier_1_Alliance,12,1.05,83.1,1.23,7169.15
SHP-10748,Santos,Rotterdam,10211.9,18,20ft_Standard,Automotive,6409.1,23.6,Tier_3_Spot,1,0.9,76.3,1.39,3931.89
SHP-10749,Shanghai,Los Angeles,10592.5,15,40ft_Standard,Electronics,23100.5,53.5,Tier_3_Spot,2,0.9,101.0,1.21,6166.37
SHP-10750,Hamburg,Singapore,15817.8,26,20ft_Standard,Hazardous_Chemicals,6249.1,15.4,Tier_2_Regional,9,1.25,83.4,1.02,6677.51
SHP-10751,Nhava Sheva,New York,14296.0,29,40ft_Standard,Hazardous_Chemicals,11288.0,59.6,Tier_1_Alliance,3,1.05,83.0,1.1,9694.81
SHP-10752,Shanghai,Los Angeles,10411.8,15,40ft_Standard,General_Dry,9053.0,47.5,Tier_3_Spot,6,1.05,77.1,1.36,5974.72
SHP-10753,Singapore,Dubai,5875.1,9,20ft_Standard,Electronics,16538.4,25.5,Tier_1_Alliance,8,1.25,90.3,1.15,5611.14
SHP-10754,Nhava Sheva,New York,14153.9,27,LCL_Consolidated,Automotive,794.6,2.3,Tier_2_Regional,11,1.05,80.4,1.36,3739.41
SHP-10755,Singapore,Dubai,5910.8,13,20ft_Standard,Electronics,14727.9,17.3,Tier_3_Spot,10,1.25,86.6,0.93,3656.41
SHP-10756,Santos,Rotterdam,10200.1,18,40ft_HighCube,Automotive,24076.4,61.7,Tier_1_Alliance,7,1.05,106.6,1.18,8762.13
SHP-10757,Chennai,Rotterdam,11400.2,24,40ft_HighCube,Textiles,10009.8,73.9,Tier_1_Alliance,8,1.25,81.8,1.02,7873.13
SHP-10758,Santos,Rotterdam,10176.0,19,40ft_Standard,Automotive,13063.6,40.2,Tier_3_Spot,9,1.25,92.3,1.04,6132.69
SHP-10759,Hamburg,Singapore,15839.7,24,40ft_HighCube,Perishable_Reefer,20988.0,74.7,Tier_1_Alliance,6,1.05,103.8,1.39,14324.71
SHP-10760,Santos,Rotterdam,10152.3,20,40ft_HighCube,Electronics,27694.4,55.6,Tier_3_Spot,8,1.25,106.5,1.06,8312.94
SHP-10761,Busan,Long Beach,9326.7,12,LCL_Consolidated,General_Dry,3527.2,7.0,Tier_1_Alliance,12,1.05,97.3,1.29,3223.71
SHP-10762,Tokyo,Los Angeles,8716.2,10,20ft_Standard,Textiles,15100.4,21.4,Tier_2_Regional,7,1.05,101.8,1.07,3966.29
SHP-10763,Shanghai,Los Angeles,10567.8,13,20ft_Standard,Perishable_Reefer,19852.5,23.0,Tier_2_Regional,4,1.05,98.8,1.29,6844.39
SHP-10764,Santos,Rotterdam,10284.3,19,40ft_Standard,General_Dry,19254.3,60.9,Tier_3_Spot,4,1.05,80.4,1.15,5819.58
SHP-10765,Shanghai,Rotterdam,19407.4,30,40ft_Standard,General_Dry,25716.7,55.4,Tier_1_Alliance,2,0.9,103.3,1.19,7613.73
SHP-10766,Chennai,Colombo,584.1,3,40ft_Standard,General_Dry,10308.4,37.1,Tier_3_Spot,5,1.05,105.6,1.34,4530.2
SHP-10767,Tokyo,Los Angeles,8845.8,12,40ft_Standard,Textiles,25855.1,57.2,Tier_1_Alliance,9,1.25,94.1,1.25,9203.06
SHP-10768,Chennai,Colombo,550.4,5,20ft_Standard,Hazardous_Chemicals,18198.1,22.3,Tier_2_Regional,2,0.9,96.5,1.13,3628.12
SHP-10769,Shanghai,Rotterdam,19503.5,27,40ft_Standard,General_Dry,24531.0,52.0,Tier_2_Regional,6,1.05,72.2,0.99,6452.95
SHP-10770,Nhava Sheva,New York,14276.0,25,40ft_Standard,Textiles,25240.0,64.3,Tier_2_Regional,4,1.05,77.9,1.05,6558.09
SHP-10771,Santos,Rotterdam,10225.1,17,LCL_Consolidated,Perishable_Reefer,3166.4,9.5,Tier_1_Alliance,6,1.05,102.3,1.01,3660.33
SHP-10772,Chennai,Colombo,597.7,4,20ft_Standard,Hazardous_Chemicals,17294.0,32.0,Tier_3_Spot,10,1.25,94.3,1.29,5748.75
SHP-10773,Santos,Rotterdam,10189.3,17,20ft_Standard,General_Dry,9793.1,31.0,Tier_1_Alliance,12,1.05,74.3,0.95,3663.94
SHP-10774,Chennai,Colombo,561.0,6,LCL_Consolidated,General_Dry,3549.0,8.7,Tier_1_Alliance,5,1.05,102.6,1.1,1556.58
SHP-10775,Singapore,Fremantle,3950.4,8,20ft_Standard,Perishable_Reefer,11355.8,22.7,Tier_2_Regional,10,1.25,94.3,1.06,4639.15
SHP-10776,Santos,Rotterdam,10256.6,20,40ft_HighCube,Automotive,11944.1,45.4,Tier_1_Alliance,12,1.05,74.4,1.31,8061.1
SHP-10777,Nhava Sheva,Dubai,2180.9,5,40ft_HighCube,Hazardous_Chemicals,18665.2,64.2,Tier_2_Regional,3,1.05,80.8,1.31,9005.8
SHP-10778,Chennai,Rotterdam,11425.5,25,LCL_Consolidated,Automotive,3894.7,5.7,Tier_3_Spot,9,1.25,99.9,0.96,2989.84
SHP-10779,Singapore,Dubai,5920.7,11,40ft_HighCube,General_Dry,20555.9,66.0,Tier_3_Spot,1,0.9,80.5,1.32,5665.07
SHP-10780,Tokyo,Los Angeles,8871.7,13,40ft_HighCube,Electronics,21530.0,51.2,Tier_1_Alliance,2,0.9,84.3,1.24,7370.83
SHP-10781,Busan,Long Beach,9438.4,15,40ft_HighCube,Automotive,27335.2,64.1,Tier_3_Spot,7,1.05,83.8,0.94,5743.61
SHP-10782,Chennai,Rotterdam,11499.2,21,40ft_Standard,Textiles,16397.7,41.8,Tier_1_Alliance,8,1.25,98.4,1.39,9679.11
SHP-10783,Shanghai,Rotterdam,19561.5,30,40ft_Standard,Perishable_Reefer,22869.5,35.2,Tier_1_Alliance,1,0.9,74.7,0.9,7020.8
SHP-10784,Nhava Sheva,New York,14128.5,28,40ft_Standard,Textiles,24428.8,46.5,Tier_3_Spot,1,0.9,79.2,1.03,4866.98
SHP-10785,Nhava Sheva,Dubai,2177.1,5,40ft_HighCube,Automotive,13213.7,45.7,Tier_1_Alliance,5,1.05,104.8,0.89,4813.02
SHP-10786,Santos,Rotterdam,10127.4,17,40ft_HighCube,Electronics,18211.7,56.5,Tier_2_Regional,6,1.05,95.8,1.39,9147.17
SHP-10787,Singapore,Fremantle,3976.3,7,20ft_Standard,Electronics,17308.2,18.5,Tier_1_Alliance,7,1.05,97.0,1.05,3915.72
SHP-10788,Hamburg,Singapore,15895.4,24,20ft_Standard,Automotive,6403.8,24.6,Tier_3_Spot,3,1.05,83.8,0.91,3760.64
SHP-10789,Singapore,Dubai,5974.6,13,LCL_Consolidated,Electronics,866.3,7.6,Tier_3_Spot,11,1.05,94.1,0.97,1746.12
SHP-10790,Hamburg,Singapore,15850.3,27,40ft_HighCube,Perishable_Reefer,18356.8,55.0,Tier_3_Spot,6,1.05,90.9,1.14,9179.84
SHP-10791,Chennai,Colombo,644.8,6,LCL_Consolidated,Textiles,3423.8,4.5,Tier_3_Spot,4,1.05,88.3,1.01,1037.87
SHP-10792,Nhava Sheva,Dubai,2061.2,7,40ft_Standard,Hazardous_Chemicals,17909.9,39.3,Tier_2_Regional,2,0.9,82.6,1.16,5632.8
SHP-10793,Nhava Sheva,Dubai,2116.8,7,40ft_HighCube,Perishable_Reefer,18415.9,57.7,Tier_2_Regional,8,1.25,83.4,1.09,8055.39
SHP-10794,Shanghai,Los Angeles,10488.3,15,20ft_Standard,Hazardous_Chemicals,8301.3,24.0,Tier_1_Alliance,9,1.25,95.2,1.3,8593.12
SHP-10795,Nhava Sheva,Dubai,2019.7,4,40ft_HighCube,General_Dry,13605.5,51.1,Tier_3_Spot,6,1.05,81.0,1.28,5218.08
SHP-10796,Santos,Rotterdam,10269.1,18,40ft_Standard,Textiles,17776.3,43.4,Tier_3_Spot,5,1.05,82.1,1.07,5098.6
SHP-10797,Hamburg,Singapore,15889.2,27,20ft_Standard,Perishable_Reefer,12227.6,28.7,Tier_3_Spot,3,1.05,103.2,1.0,5681.96
SHP-10798,Busan,Long Beach,9449.8,15,40ft_Standard,Automotive,22147.5,59.2,Tier_3_Spot,12,1.05,101.3,1.06,6017.8
SHP-10799,Nhava Sheva,New York,14162.6,26,LCL_Consolidated,Textiles,1443.1,7.4,Tier_2_Regional,9,1.25,73.1,0.96,3011.62
SHP-10800,Shanghai,Los Angeles,10461.1,13,LCL_Consolidated,Textiles,2029.2,7.0,Tier_2_Regional,11,1.05,99.1,1.29,3156.65
SHP-10801,Busan,Long Beach,9407.5,14,20ft_Standard,Automotive,19598.6,17.8,Tier_1_Alliance,6,1.05,92.5,1.31,5738.43
SHP-10802,Singapore,Fremantle,3914.8,10,LCL_Consolidated,Electronics,786.7,6.6,Tier_2_Regional,8,1.25,75.9,1.19,2128.22
SHP-10803,Chennai,Colombo,677.8,4,20ft_Standard,Electronics,15147.9,18.2,Tier_1_Alliance,12,1.05,93.7,0.89,2695.72
SHP-10804,Nhava Sheva,Dubai,2013.9,7,40ft_HighCube,Electronics,15239.9,61.3,Tier_1_Alliance,8,1.25,74.1,1.16,7836.92
SHP-10805,Shanghai,Los Angeles,10465.4,16,LCL_Consolidated,Electronics,1081.1,7.0,Tier_1_Alliance,12,1.05,74.5,1.4,3744.02
SHP-10806,Nhava Sheva,Dubai,2026.0,5,40ft_HighCube,Perishable_Reefer,21966.3,49.9,Tier_3_Spot,10,1.25,105.8,1.2,8700.59
SHP-10807,Tokyo,Los Angeles,8843.4,13,40ft_HighCube,Electronics,27839.5,58.8,Tier_1_Alliance,7,1.05,93.8,1.01,7547.54
SHP-10808,Shanghai,Rotterdam,19582.1,30,LCL_Consolidated,Perishable_Reefer,675.9,3.1,Tier_3_Spot,11,1.05,103.7,1.13,4942.53
SHP-10809,Busan,Long Beach,9468.5,14,LCL_Consolidated,Automotive,2367.7,4.2,Tier_1_Alliance,10,1.25,98.4,1.13,3542.85
SHP-10810,Santos,Rotterdam,10136.7,21,20ft_Standard,Perishable_Reefer,20022.4,19.3,Tier_3_Spot,3,1.05,81.9,1.22,5665.1
SHP-10811,Singapore,Dubai,5933.3,9,40ft_Standard,Perishable_Reefer,25863.0,52.7,Tier_2_Regional,6,1.05,74.8,0.94,6125.88
SHP-10812,Shanghai,Rotterdam,19482.0,28,40ft_HighCube,Electronics,10803.4,45.8,Tier_3_Spot,11,1.05,97.0,1.28,8910.18
SHP-10813,Hamburg,Singapore,15768.7,26,40ft_Standard,Perishable_Reefer,8193.3,38.7,Tier_1_Alliance,3,1.05,83.8,1.28,9987.61
SHP-10814,Chennai,Colombo,642.3,2,40ft_Standard,Textiles,10524.6,61.3,Tier_2_Regional,3,1.05,78.1,0.89,3518.44
SHP-10815,Nhava Sheva,New York,14135.4,25,LCL_Consolidated,Electronics,3521.3,2.1,Tier_1_Alliance,5,1.05,77.5,1.07,3451.85
SHP-10816,Nhava Sheva,Dubai,2142.9,8,40ft_Standard,Perishable_Reefer,8859.6,55.3,Tier_3_Spot,9,1.25,95.1,1.27,7654.67
SHP-10817,Nhava Sheva,New York,14178.1,27,LCL_Consolidated,General_Dry,521.0,11.3,Tier_3_Spot,4,1.05,105.4,1.08,2985.58
SHP-10818,Nhava Sheva,Dubai,2040.0,4,LCL_Consolidated,General_Dry,2017.0,4.3,Tier_1_Alliance,11,1.05,74.3,1.4,1638.06
SHP-10819,Nhava Sheva,New York,14259.4,26,40ft_Standard,General_Dry,17225.0,61.1,Tier_2_Regional,6,1.05,92.2,0.98,5798.46
SHP-10820,Nhava Sheva,Dubai,2186.9,7,LCL_Consolidated,General_Dry,1462.0,6.3,Tier_1_Alliance,3,1.05,72.5,1.23,1438.3
SHP-10821,Chennai,Rotterdam,11477.8,24,40ft_Standard,General_Dry,22671.5,55.8,Tier_3_Spot,6,1.05,73.6,1.36,7033.98
SHP-10822,Hamburg,Singapore,15760.3,27,LCL_Consolidated,General_Dry,2912.8,13.9,Tier_3_Spot,10,1.25,78.2,1.4,4793.12
SHP-10823,Singapore,Fremantle,3864.9,10,40ft_Standard,Hazardous_Chemicals,19436.4,63.3,Tier_1_Alliance,6,1.05,107.2,1.24,9565.47
SHP-10824,Nhava Sheva,New York,14167.0,29,LCL_Consolidated,Perishable_Reefer,3382.7,4.8,Tier_3_Spot,10,1.25,97.4,0.89,3762.48
SHP-10825,Chennai,Rotterdam,11523.3,21,40ft_HighCube,Electronics,17713.0,52.5,Tier_3_Spot,2,0.9,74.2,1.08,5653.95
SHP-10826,Singapore,Dubai,5840.4,12,40ft_Standard,Textiles,12285.2,58.2,Tier_1_Alliance,8,1.25,98.6,1.06,6671.05
SHP-10827,Singapore,Dubai,5863.5,9,LCL_Consolidated,Textiles,3877.5,4.7,Tier_2_Regional,12,1.05,83.9,1.01,1718.12
SHP-10828,Tokyo,Los Angeles,8710.8,11,40ft_Standard,Automotive,17386.5,40.9,Tier_2_Regional,11,1.05,72.2,1.35,6869.99
SHP-10829,Nhava Sheva,New York,14290.7,25,40ft_Standard,Electronics,9651.7,54.0,Tier_1_Alliance,4,1.05,80.5,0.92,6242.09
SHP-10830,Busan,Long Beach,9393.4,13,40ft_Standard,Electronics,11175.8,43.0,Tier_2_Regional,5,1.05,92.8,1.4,7536.37
SHP-10831,Nhava Sheva,Dubai,2054.4,7,20ft_Standard,Hazardous_Chemicals,9798.9,23.5,Tier_2_Regional,7,1.05,90.2,1.28,4511.1
SHP-10832,Shanghai,Los Angeles,10563.9,16,20ft_Standard,Perishable_Reefer,18372.8,28.7,Tier_2_Regional,5,1.05,93.4,0.96,5056.42
SHP-10833,Busan,Long Beach,9335.1,15,LCL_Consolidated,Hazardous_Chemicals,1774.5,8.7,Tier_2_Regional,8,1.25,74.6,0.95,3304.63
SHP-10834,Chennai,Colombo,589.1,3,20ft_Standard,General_Dry,16146.6,21.7,Tier_3_Spot,7,1.05,105.3,1.39,3391.73
SHP-10835,Busan,Long Beach,9374.6,15,40ft_HighCube,Textiles,11282.2,72.4,Tier_3_Spot,2,0.9,85.9,1.19,5446.54
SHP-10836,Nhava Sheva,Dubai,2152.6,6,40ft_HighCube,Automotive,18795.2,66.3,Tier_3_Spot,12,1.05,74.1,1.09,5392.05
SHP-10837,Hamburg,Singapore,15847.1,24,LCL_Consolidated,General_Dry,3339.3,10.1,Tier_2_Regional,12,1.05,96.0,0.96,2939.97
SHP-10838,Singapore,Fremantle,3891.1,8,40ft_HighCube,Electronics,20410.2,65.5,Tier_3_Spot,3,1.05,72.4,1.3,7021.69
SHP-10839,Santos,Rotterdam,10242.3,20,LCL_Consolidated,Textiles,4883.7,3.0,Tier_3_Spot,4,1.05,103.5,0.97,2225.05
SHP-10840,Hamburg,Singapore,15750.6,25,LCL_Consolidated,Automotive,3802.7,11.0,Tier_2_Regional,12,1.05,103.3,0.94,3301.18
SHP-10841,Singapore,Fremantle,3955.3,9,40ft_Standard,Hazardous_Chemicals,11771.5,58.9,Tier_3_Spot,12,1.05,83.1,1.41,8244.35
SHP-10842,Chennai,Colombo,550.3,2,LCL_Consolidated,Automotive,3445.3,10.8,Tier_2_Regional,3,1.05,78.4,0.98,1116.82
SHP-10843,Shanghai,Los Angeles,10439.6,14,20ft_Standard,Perishable_Reefer,17658.7,18.3,Tier_3_Spot,1,0.9,99.0,1.32,5399.01
SHP-10844,Nhava Sheva,Dubai,2051.9,7,LCL_Consolidated,Textiles,991.4,9.6,Tier_3_Spot,2,0.9,82.6,1.08,1066.92
SHP-10845,Singapore,Dubai,5812.9,9,40ft_Standard,Perishable_Reefer,20110.5,38.2,Tier_2_Regional,1,0.9,81.6,1.4,7170.3
SHP-10846,Santos,Rotterdam,10216.5,17,20ft_Standard,Electronics,17252.2,21.8,Tier_3_Spot,9,1.25,107.5,1.29,6394.01
SHP-10847,Chennai,Colombo,644.6,4,LCL_Consolidated,Hazardous_Chemicals,3568.4,6.1,Tier_2_Regional,6,1.05,101.4,1.39,2556.2
SHP-10848,Santos,Rotterdam,10179.7,21,20ft_Standard,Hazardous_Chemicals,17512.9,15.1,Tier_2_Regional,12,1.05,86.5,1.33,6809.17
SHP-10849,Shanghai,Los Angeles,10405.1,13,40ft_HighCube,Textiles,16631.7,64.2,Tier_1_Alliance,11,1.05,103.3,1.16,7649.32
SHP-10850,Santos,Rotterdam,10137.6,19,20ft_Standard,Textiles,18721.8,32.5,Tier_2_Regional,12,1.05,83.7,1.12,4406.5
SHP-10851,Singapore,Fremantle,3896.9,11,20ft_Standard,Hazardous_Chemicals,19903.5,31.9,Tier_2_Regional,8,1.25,107.5,1.34,7729.71
SHP-10852,Nhava Sheva,New York,14246.9,27,40ft_Standard,Textiles,23657.5,63.0,Tier_1_Alliance,12,1.05,90.2,0.95,6502.91
SHP-10853,Nhava Sheva,New York,14160.3,29,LCL_Consolidated,Electronics,4797.7,7.8,Tier_2_Regional,9,1.25,80.7,0.99,3816.66
SHP-10854,Santos,Rotterdam,10240.0,17,LCL_Consolidated,Textiles,1221.1,13.1,Tier_1_Alliance,7,1.05,99.6,1.0,2793.45
SHP-10855,Singapore,Dubai,5933.2,9,40ft_Standard,Automotive,21057.5,37.9,Tier_3_Spot,12,1.05,84.0,1.0,4596.72
SHP-10856,Singapore,Fremantle,3953.3,11,20ft_Standard,Textiles,9786.2,27.9,Tier_2_Regional,12,1.05,98.1,1.23,3523.35
SHP-10857,Tokyo,Los Angeles,8893.2,13,40ft_Standard,Electronics,10082.4,37.8,Tier_2_Regional,2,0.9,84.2,1.2,5280.9
SHP-10858,Nhava Sheva,Dubai,2148.9,4,40ft_HighCube,Electronics,27173.2,62.9,Tier_2_Regional,1,0.9,83.2,1.2,5942.95
SHP-10859,Nhava Sheva,Dubai,2169.4,7,40ft_HighCube,Hazardous_Chemicals,26810.7,48.9,Tier_3_Spot,11,1.05,93.7,1.0,6654.68
SHP-10860,Hamburg,Singapore,15701.8,26,40ft_HighCube,Electronics,25069.9,60.5,Tier_2_Regional,8,1.25,77.3,1.03,9241.38
SHP-10861,Busan,Long Beach,9433.1,12,40ft_HighCube,Hazardous_Chemicals,27826.0,48.8,Tier_3_Spot,12,1.05,92.7,1.22,9548.75
SHP-10862,Nhava Sheva,Dubai,2099.0,7,20ft_Standard,Hazardous_Chemicals,17901.9,18.8,Tier_1_Alliance,12,1.05,105.6,1.0,4540.96
SHP-10863,Busan,Long Beach,9310.5,13,LCL_Consolidated,Textiles,1846.0,11.8,Tier_2_Regional,3,1.05,107.7,1.18,2947.16
SHP-10864,Shanghai,Rotterdam,19484.5,30,40ft_HighCube,Perishable_Reefer,11292.8,67.5,Tier_2_Regional,5,1.05,97.1,0.99,9089.38
SHP-10865,Tokyo,Los Angeles,8778.8,11,40ft_HighCube,Automotive,25296.6,67.0,Tier_1_Alliance,8,1.25,95.6,1.19,10253.9
SHP-10866,Chennai,Colombo,689.2,4,40ft_Standard,Electronics,22478.5,41.3,Tier_1_Alliance,11,1.05,72.3,1.27,6193.33
SHP-10867,Singapore,Fremantle,3820.4,8,LCL_Consolidated,Perishable_Reefer,4287.5,13.1,Tier_3_Spot,2,0.9,84.8,1.14,2016.1
SHP-10868,Chennai,Rotterdam,11423.5,25,40ft_HighCube,Automotive,27455.1,64.4,Tier_2_Regional,7,1.05,80.8,0.94,6449.08
SHP-10869,Hamburg,Singapore,15797.7,27,40ft_Standard,Textiles,14756.7,57.1,Tier_3_Spot,11,1.05,95.7,1.3,7467.43
SHP-10870,Santos,Rotterdam,10176.4,20,40ft_HighCube,General_Dry,12099.3,48.8,Tier_1_Alliance,11,1.05,96.1,1.16,6825.22
SHP-10871,Chennai,Rotterdam,11517.4,25,LCL_Consolidated,Hazardous_Chemicals,3854.1,11.5,Tier_3_Spot,3,1.05,85.8,1.42,4854.73
SHP-10872,Busan,Long Beach,9386.7,16,40ft_Standard,General_Dry,9143.0,64.1,Tier_2_Regional,9,1.25,78.7,1.32,7657.29
SHP-10873,Chennai,Rotterdam,11478.8,25,LCL_Consolidated,General_Dry,4267.1,8.5,Tier_3_Spot,11,1.05,76.5,1.29,2876.19
SHP-10874,Santos,Rotterdam,10279.5,18,40ft_Standard,General_Dry,16050.2,45.1,Tier_3_Spot,1,0.9,76.6,0.99,3902.37
SHP-10875,Shanghai,Los Angeles,10417.6,15,20ft_Standard,General_Dry,12110.7,21.5,Tier_1_Alliance,9,1.25,78.2,1.41,6422.22
SHP-10876,Santos,Rotterdam,10100.0,19,20ft_Standard,Automotive,14864.8,23.0,Tier_2_Regional,10,1.25,89.7,1.05,4948.4
SHP-10877,Shanghai,Rotterdam,19521.2,31,40ft_Standard,Textiles,19927.1,36.4,Tier_1_Alliance,1,0.9,78.8,1.04,6063.2
SHP-10878,Nhava Sheva,Dubai,2191.5,8,40ft_Standard,Automotive,12993.1,58.3,Tier_2_Regional,7,1.05,74.7,1.02,4510.79
SHP-10879,Hamburg,Singapore,15830.0,24,LCL_Consolidated,Perishable_Reefer,4751.3,10.1,Tier_1_Alliance,12,1.05,77.2,0.99,4462.67
SHP-10880,Santos,Rotterdam,10246.5,18,40ft_HighCube,Automotive,21659.9,60.9,Tier_3_Spot,3,1.05,87.1,0.96,5906.23
SHP-10881,Hamburg,Singapore,15775.8,27,40ft_Standard,General_Dry,10243.2,38.5,Tier_2_Regional,9,1.25,86.6,1.06,6710.21
SHP-10882,Nhava Sheva,New York,14172.6,27,40ft_HighCube,Electronics,14925.6,48.0,Tier_1_Alliance,4,1.05,85.6,0.94,6929.01
SHP-10883,Nhava Sheva,New York,14135.1,27,LCL_Consolidated,General_Dry,2070.1,8.9,Tier_3_Spot,5,1.05,91.9,1.21,3219.75
SHP-10884,Chennai,Rotterdam,11434.1,24,40ft_Standard,Hazardous_Chemicals,20200.6,60.2,Tier_3_Spot,9,1.25,93.4,1.34,12236.01
SHP-10885,Chennai,Colombo,668.5,4,20ft_Standard,Textiles,15838.0,26.8,Tier_3_Spot,3,1.05,85.6,1.28,3173.31
SHP-10886,Chennai,Rotterdam,11583.7,23,40ft_Standard,Textiles,15528.4,49.6,Tier_3_Spot,8,1.25,107.5,1.31,8087.39
SHP-10887,Tokyo,Los Angeles,8757.4,13,40ft_Standard,Hazardous_Chemicals,23442.6,65.3,Tier_3_Spot,7,1.05,99.7,1.34,10118.47
SHP-10888,Santos,Rotterdam,10115.9,18,20ft_Standard,Electronics,4033.4,28.4,Tier_3_Spot,9,1.25,105.5,1.32,5905.56
SHP-10889,Chennai,Rotterdam,11592.4,24,40ft_Standard,Perishable_Reefer,17270.2,66.9,Tier_2_Regional,9,1.25,97.1,1.1,10110.96
SHP-10890,Singapore,Fremantle,3838.0,7,LCL_Consolidated,Textiles,3873.5,4.9,Tier_3_Spot,12,1.05,95.8,1.38,2082.23
SHP-10891,Tokyo,Los Angeles,8836.8,10,LCL_Consolidated,Electronics,4685.8,11.2,Tier_3_Spot,4,1.05,78.3,1.08,2537.47
SHP-10892,Shanghai,Los Angeles,10502.7,13,LCL_Consolidated,Perishable_Reefer,1267.2,13.6,Tier_2_Regional,6,1.05,104.9,1.01,3480.95
SHP-10893,Tokyo,Los Angeles,8870.2,10,40ft_HighCube,Hazardous_Chemicals,15283.8,51.6,Tier_2_Regional,12,1.05,94.7,1.09,8490.36
SHP-10894,Singapore,Dubai,5985.8,13,20ft_Standard,Perishable_Reefer,18270.3,16.0,Tier_3_Spot,1,0.9,94.2,1.06,3678.52
SHP-10895,Shanghai,Rotterdam,19421.4,29,40ft_Standard,Perishable_Reefer,8159.5,48.8,Tier_2_Regional,4,1.05,75.1,1.16,9113.78
SHP-10896,Shanghai,Los Angeles,10482.1,16,20ft_Standard,Electronics,7502.4,23.5,Tier_3_Spot,6,1.05,82.8,1.11,4002.21
SHP-10897,Shanghai,Los Angeles,10507.3,15,20ft_Standard,Perishable_Reefer,18108.4,17.9,Tier_3_Spot,6,1.05,98.9,0.88,4210.01
SHP-10898,Busan,Long Beach,9339.7,13,40ft_HighCube,General_Dry,17101.8,68.1,Tier_1_Alliance,1,0.9,77.8,0.99,5309.05
SHP-10899,Chennai,Colombo,741.9,4,20ft_Standard,Perishable_Reefer,12902.2,29.4,Tier_2_Regional,12,1.05,76.6,1.29,4131.17
SHP-10900,Hamburg,Singapore,15800.4,26,40ft_Standard,General_Dry,22268.8,39.0,Tier_1_Alliance,6,1.05,90.0,1.29,8278.97
SHP-10901,Nhava Sheva,Dubai,2010.4,6,LCL_Consolidated,Automotive,536.1,7.8,Tier_3_Spot,5,1.05,89.5,1.29,1579.89
SHP-10902,Nhava Sheva,Dubai,2123.5,8,40ft_Standard,Electronics,21801.1,62.7,Tier_2_Regional,12,1.05,80.9,1.32,6777.77
SHP-10903,Nhava Sheva,Dubai,2094.8,4,40ft_Standard,Electronics,19320.3,39.8,Tier_3_Spot,2,0.9,76.8,0.9,3314.96
SHP-10904,Nhava Sheva,Dubai,2185.8,7,20ft_Standard,Automotive,4636.8,15.9,Tier_1_Alliance,7,1.05,90.9,1.26,3291.53
SHP-10905,Nhava Sheva,Dubai,2044.4,7,LCL_Consolidated,General_Dry,2421.8,2.6,Tier_3_Spot,2,0.9,81.7,1.03,920.34
SHP-10906,Shanghai,Rotterdam,19542.3,28,40ft_HighCube,General_Dry,10736.0,46.6,Tier_1_Alliance,12,1.05,83.6,1.03,7093.54
SHP-10907,Singapore,Dubai,5981.7,9,LCL_Consolidated,Electronics,4767.5,6.4,Tier_2_Regional,5,1.05,76.0,1.24,2455.01
SHP-10908,Santos,Rotterdam,10210.4,18,40ft_HighCube,Hazardous_Chemicals,24580.6,68.0,Tier_3_Spot,10,1.25,91.0,1.08,10723.91
SHP-10909,Santos,Rotterdam,10155.2,21,LCL_Consolidated,General_Dry,1087.2,10.9,Tier_1_Alliance,2,0.9,73.5,1.4,2931.65
SHP-10910,Santos,Rotterdam,10263.5,18,LCL_Consolidated,General_Dry,4738.2,9.4,Tier_1_Alliance,5,1.05,98.1,1.41,3833.22
SHP-10911,Nhava Sheva,Dubai,2106.7,5,20ft_Standard,Electronics,10527.8,27.8,Tier_1_Alliance,9,1.25,107.1,1.36,5578.02
SHP-10912,Chennai,Colombo,676.0,2,LCL_Consolidated,General_Dry,2385.5,13.2,Tier_2_Regional,9,1.25,100.5,0.97,1509.64
SHP-10913,Singapore,Dubai,5939.3,10,40ft_HighCube,General_Dry,11094.3,75.1,Tier_3_Spot,4,1.05,98.7,1.09,5491.11
SHP-10914,Santos,Rotterdam,10206.5,21,20ft_Standard,Electronics,16513.1,21.9,Tier_2_Regional,7,1.05,86.4,1.03,4306.3
SHP-10915,Shanghai,Los Angeles,10400.7,17,40ft_Standard,Automotive,8159.5,64.7,Tier_3_Spot,9,1.25,88.4,1.26,7910.26
SHP-10916,Tokyo,Los Angeles,8751.8,11,40ft_HighCube,Textiles,19938.7,50.3,Tier_2_Regional,1,0.9,91.2,1.04,4970.96
SHP-10917,Santos,Rotterdam,10129.6,19,40ft_Standard,Hazardous_Chemicals,19563.4,43.0,Tier_1_Alliance,4,1.05,91.2,0.88,7176.62
SHP-10918,Shanghai,Rotterdam,19526.5,29,40ft_HighCube,General_Dry,25911.8,53.2,Tier_3_Spot,3,1.05,86.7,1.21,7927.43
SHP-10919,Shanghai,Rotterdam,19597.1,27,40ft_HighCube,Electronics,27374.1,50.5,Tier_3_Spot,1,0.9,91.3,1.41,9204.76
SHP-10920,Singapore,Fremantle,3821.3,10,40ft_HighCube,Textiles,20878.2,51.4,Tier_3_Spot,8,1.25,79.9,1.03,5664.56
SHP-10921,Singapore,Fremantle,3926.0,10,40ft_Standard,Perishable_Reefer,21136.6,48.9,Tier_1_Alliance,3,1.05,104.5,0.93,6337.95
SHP-10922,Shanghai,Los Angeles,10491.9,14,40ft_Standard,Automotive,24980.4,40.8,Tier_2_Regional,5,1.05,72.8,0.97,5485.88
SHP-10923,Shanghai,Los Angeles,10563.5,17,40ft_Standard,General_Dry,9296.9,42.8,Tier_1_Alliance,11,1.05,106.9,0.93,5007.39
SHP-10924,Tokyo,Los Angeles,8727.5,10,20ft_Standard,Perishable_Reefer,3372.9,29.9,Tier_2_Regional,11,1.05,105.6,0.95,4284.38
SHP-10925,Nhava Sheva,New York,14153.5,29,20ft_Standard,General_Dry,12762.7,29.7,Tier_1_Alliance,12,1.05,75.1,0.96,4202.82
SHP-10926,Singapore,Fremantle,3978.5,8,40ft_HighCube,Hazardous_Chemicals,12781.2,46.7,Tier_2_Regional,12,1.05,81.6,1.17,7506.73
SHP-10927,Chennai,Rotterdam,11565.0,21,40ft_HighCube,General_Dry,25956.2,57.9,Tier_3_Spot,1,0.9,104.8,0.89,4500.24
SHP-10928,Hamburg,Singapore,15777.1,25,40ft_HighCube,Electronics,16925.4,72.4,Tier_3_Spot,2,0.9,89.7,1.42,8732.81
SHP-10929,Nhava Sheva,Dubai,2020.3,6,40ft_HighCube,General_Dry,16007.0,56.2,Tier_3_Spot,2,0.9,104.2,1.21,4560.15
SHP-10930,Shanghai,Los Angeles,10485.7,15,40ft_Standard,Textiles,10704.0,56.4,Tier_2_Regional,5,1.05,94.5,1.03,5332.27
SHP-10931,Nhava Sheva,New York,14154.2,28,40ft_HighCube,Hazardous_Chemicals,24376.3,69.5,Tier_3_Spot,3,1.05,100.0,0.96,8834.24
SHP-10932,Shanghai,Los Angeles,10478.1,16,20ft_Standard,General_Dry,10694.2,28.1,Tier_3_Spot,3,1.05,75.3,1.42,4574.23
SHP-10933,Shanghai,Los Angeles,10553.5,15,40ft_HighCube,Perishable_Reefer,18663.2,75.2,Tier_2_Regional,10,1.25,100.6,1.06,10388.37
SHP-10934,Santos,Rotterdam,10284.3,20,LCL_Consolidated,Automotive,2924.4,7.9,Tier_2_Regional,9,1.25,101.6,1.09,3467.71
SHP-10935,Singapore,Fremantle,3943.0,11,40ft_Standard,Textiles,12233.5,35.1,Tier_1_Alliance,1,0.9,85.0,1.14,4227.66
SHP-10936,Shanghai,Los Angeles,10584.2,13,40ft_HighCube,Hazardous_Chemicals,15304.6,49.5,Tier_1_Alliance,9,1.25,107.0,1.37,14598.39
SHP-10937,Nhava Sheva,Dubai,2042.1,5,20ft_Standard,Textiles,5110.2,27.5,Tier_1_Alliance,3,1.05,85.6,0.89,2350.13
SHP-10938,Hamburg,Singapore,15774.3,23,20ft_Standard,Perishable_Reefer,18668.6,15.5,Tier_3_Spot,6,1.05,77.1,1.01,5393.4
SHP-10939,Chennai,Rotterdam,11513.8,24,40ft_Standard,Electronics,21384.0,58.9,Tier_2_Regional,12,1.05,106.2,1.13,7461.13
SHP-10940,Busan,Long Beach,9367.5,12,40ft_HighCube,General_Dry,11080.0,64.9,Tier_1_Alliance,10,1.25,99.0,1.15,8290.0
SHP-10941,Chennai,Rotterdam,11479.3,24,LCL_Consolidated,Automotive,4232.8,13.0,Tier_3_Spot,9,1.25,83.0,1.0,3164.69
SHP-10942,Shanghai,Los Angeles,10454.4,13,LCL_Consolidated,Electronics,1453.4,9.4,Tier_3_Spot,4,1.05,86.1,1.32,3272.84
SHP-10943,Tokyo,Los Angeles,8821.0,10,LCL_Consolidated,Perishable_Reefer,3437.1,6.9,Tier_2_Regional,7,1.05,77.9,1.31,3579.56
SHP-10944,Santos,Rotterdam,10184.8,19,20ft_Standard,General_Dry,9528.6,29.0,Tier_1_Alliance,6,1.05,73.0,1.03,3941.67
SHP-10945,Tokyo,Los Angeles,8721.3,11,20ft_Standard,Hazardous_Chemicals,12930.4,26.5,Tier_1_Alliance,1,0.9,80.7,0.93,4233.92
SHP-10946,Singapore,Fremantle,3913.0,11,LCL_Consolidated,General_Dry,1915.6,13.3,Tier_1_Alliance,1,0.9,107.3,1.29,2054.73
SHP-10947,Hamburg,Singapore,15800.0,25,LCL_Consolidated,Textiles,4882.3,10.4,Tier_2_Regional,2,0.9,83.9,1.36,3606.13
SHP-10948,Tokyo,Los Angeles,8720.2,11,20ft_Standard,Automotive,11585.2,30.6,Tier_2_Regional,1,0.9,82.4,0.96,3079.74
SHP-10949,Chennai,Colombo,565.8,2,40ft_Standard,Electronics,19776.0,59.6,Tier_3_Spot,3,1.05,107.8,1.15,5445.83
SHP-10950,Busan,Long Beach,9421.7,16,40ft_HighCube,Perishable_Reefer,16102.4,56.2,Tier_1_Alliance,7,1.05,73.4,1.26,9989.03
SHP-10951,Santos,Rotterdam,10177.5,18,20ft_Standard,Electronics,14300.2,24.0,Tier_3_Spot,1,0.9,77.1,1.35,4403.61
SHP-10952,Tokyo,Los Angeles,8873.5,10,LCL_Consolidated,General_Dry,1911.7,13.2,Tier_2_Regional,3,1.05,74.5,1.19,2402.18
SHP-10953,Shanghai,Rotterdam,19417.8,28,LCL_Consolidated,Hazardous_Chemicals,4903.2,11.2,Tier_2_Regional,8,1.25,95.4,0.96,6064.7
SHP-10954,Nhava Sheva,New York,14294.3,28,20ft_Standard,Hazardous_Chemicals,10216.9,30.4,Tier_2_Regional,11,1.05,76.6,1.08,6243.24
SHP-10955,Singapore,Fremantle,3990.4,9,20ft_Standard,Textiles,12107.0,19.7,Tier_2_Regional,11,1.05,73.5,1.41,3731.55
SHP-10956,Chennai,Rotterdam,11548.2,22,20ft_Standard,Electronics,8231.9,17.8,Tier_1_Alliance,7,1.05,102.7,1.0,4544.71
SHP-10957,Chennai,Colombo,683.8,4,LCL_Consolidated,Perishable_Reefer,2908.0,11.8,Tier_3_Spot,2,0.9,75.1,1.28,1508.48
SHP-10958,Hamburg,Singapore,15853.6,24,LCL_Consolidated,Hazardous_Chemicals,1927.8,14.0,Tier_1_Alliance,8,1.25,79.7,1.28,7300.88
SHP-10959,Nhava Sheva,New York,14155.7,25,40ft_Standard,Perishable_Reefer,19523.9,45.2,Tier_1_Alliance,1,0.9,107.6,1.3,9600.33
SHP-10960,Chennai,Rotterdam,11587.3,23,LCL_Consolidated,Perishable_Reefer,743.3,12.4,Tier_1_Alliance,11,1.05,87.2,1.02,3754.99
SHP-10961,Shanghai,Los Angeles,10416.7,13,40ft_HighCube,Perishable_Reefer,15370.1,67.1,Tier_1_Alliance,7,1.05,90.9,1.24,10734.08
SHP-10962,Singapore,Dubai,5836.8,9,20ft_Standard,Perishable_Reefer,20340.6,20.3,Tier_2_Regional,4,1.05,84.6,1.11,4792.97
SHP-10963,Chennai,Colombo,657.1,3,LCL_Consolidated,Hazardous_Chemicals,3066.4,11.9,Tier_3_Spot,9,1.25,100.2,1.2,2546.46
SHP-10964,Nhava Sheva,New York,14244.5,29,40ft_Standard,Hazardous_Chemicals,25754.6,65.0,Tier_3_Spot,12,1.05,101.7,1.28,11024.16
SHP-10965,Chennai,Rotterdam,11430.1,24,40ft_Standard,Perishable_Reefer,10044.9,66.0,Tier_2_Regional,7,1.05,81.5,1.27,9079.34
SHP-10966,Chennai,Colombo,738.7,3,LCL_Consolidated,Textiles,938.5,4.6,Tier_3_Spot,4,1.05,87.1,1.17,1064.81
SHP-10967,Shanghai,Los Angeles,10520.2,14,40ft_HighCube,Electronics,27491.4,62.9,Tier_1_Alliance,1,0.9,85.3,1.08,7247.78
SHP-10968,Singapore,Dubai,5979.3,13,20ft_Standard,Textiles,14680.4,23.2,Tier_2_Regional,7,1.05,84.7,1.33,4149.76
SHP-10969,Hamburg,Singapore,15804.6,25,20ft_Standard,Electronics,10710.9,18.2,Tier_2_Regional,10,1.25,77.9,1.12,6035.23
SHP-10970,Singapore,Dubai,5969.0,12,40ft_HighCube,Textiles,26882.2,73.1,Tier_3_Spot,2,0.9,107.8,1.32,6409.22
SHP-10971,Nhava Sheva,New York,14117.9,25,LCL_Consolidated,General_Dry,3874.7,9.5,Tier_2_Regional,9,1.25,75.6,1.12,3602.56
SHP-10972,Singapore,Fremantle,3961.2,9,LCL_Consolidated,Electronics,3996.0,8.6,Tier_1_Alliance,2,0.9,79.0,1.13,1865.36
SHP-10973,Nhava Sheva,New York,14170.1,28,LCL_Consolidated,Textiles,4030.9,6.7,Tier_3_Spot,6,1.05,100.2,1.15,3165.67
SHP-10974,Singapore,Dubai,5975.9,11,40ft_HighCube,Perishable_Reefer,14348.0,72.9,Tier_3_Spot,7,1.05,73.2,0.89,5793.37
SHP-10975,Shanghai,Rotterdam,19568.2,31,40ft_HighCube,Hazardous_Chemicals,27264.9,75.8,Tier_1_Alliance,4,1.05,92.0,1.09,13004.85
SHP-10976,Singapore,Fremantle,3928.9,7,LCL_Consolidated,Electronics,2256.9,10.7,Tier_3_Spot,7,1.05,104.6,1.16,2090.22
SHP-10977,Hamburg,Singapore,15746.2,24,20ft_Standard,Textiles,17117.1,30.2,Tier_3_Spot,11,1.05,105.0,1.33,5826.44
SHP-10978,Shanghai,Los Angeles,10589.7,14,20ft_Standard,General_Dry,10873.6,26.3,Tier_1_Alliance,10,1.25,77.5,1.21,5464.42
SHP-10979,Tokyo,Los Angeles,8884.1,10,LCL_Consolidated,General_Dry,3803.8,13.8,Tier_3_Spot,11,1.05,94.7,1.07,2367.71
SHP-10980,Nhava Sheva,Dubai,2130.5,5,40ft_HighCube,Electronics,25128.2,67.5,Tier_3_Spot,7,1.05,99.7,1.24,6995.79
SHP-10981,Singapore,Dubai,5816.6,10,20ft_Standard,Textiles,18604.9,17.0,Tier_3_Spot,10,1.25,76.4,0.96,3295.48
SHP-10982,Singapore,Dubai,5978.9,9,20ft_Standard,Perishable_Reefer,19428.9,18.7,Tier_2_Regional,2,0.9,89.7,0.89,3244.08
SHP-10983,Nhava Sheva,New York,14197.3,25,40ft_Standard,Textiles,14754.6,45.0,Tier_2_Regional,8,1.25,101.1,0.98,6604.16
SHP-10984,Chennai,Rotterdam,11580.7,25,20ft_Standard,General_Dry,20887.3,23.7,Tier_2_Regional,10,1.25,93.6,0.88,4255.92
SHP-10985,Tokyo,Los Angeles,8848.3,10,40ft_Standard,Automotive,17647.2,51.6,Tier_1_Alliance,3,1.05,79.8,1.08,6402.43
SHP-10986,Nhava Sheva,Dubai,2005.9,5,40ft_Standard,General_Dry,20448.8,39.1,Tier_3_Spot,5,1.05,89.3,1.39,5335.73
SHP-10987,Shanghai,Rotterdam,19541.6,29,LCL_Consolidated,Textiles,2462.3,13.4,Tier_2_Regional,4,1.05,81.0,0.99,3536.09
SHP-10988,Busan,Long Beach,9356.2,15,20ft_Standard,Automotive,8608.5,29.3,Tier_3_Spot,12,1.05,89.6,1.36,4784.92
SHP-10989,Hamburg,Singapore,15819.3,25,40ft_HighCube,Automotive,20931.3,58.3,Tier_1_Alliance,10,1.25,84.7,1.36,12634.65
SHP-10990,Nhava Sheva,New York,14189.9,25,40ft_HighCube,Automotive,15282.5,70.6,Tier_2_Regional,11,1.05,106.2,1.17,8308.47
SHP-10991,Hamburg,Singapore,15706.0,24,40ft_HighCube,Perishable_Reefer,16439.4,47.3,Tier_1_Alliance,11,1.05,85.4,0.96,8566.69
SHP-10992,Shanghai,Rotterdam,19424.5,29,20ft_Standard,Textiles,6847.9,25.2,Tier_2_Regional,6,1.05,104.4,1.18,5583.04
SHP-10993,Hamburg,Singapore,15756.7,24,40ft_Standard,General_Dry,13004.9,54.5,Tier_3_Spot,11,1.05,74.7,1.36,7150.43
SHP-10994,Hamburg,Singapore,15836.4,26,40ft_HighCube,Hazardous_Chemicals,13548.2,69.9,Tier_1_Alliance,8,1.25,73.7,1.03,12281.98
SHP-10995,Nhava Sheva,New York,14124.8,26,40ft_HighCube,Automotive,14255.6,45.7,Tier_2_Regional,1,0.9,95.2,1.34,7371.73
SHP-10996,Chennai,Rotterdam,11582.3,23,40ft_Standard,Perishable_Reefer,24124.9,64.4,Tier_1_Alliance,1,0.9,84.1,0.89,6635.95
SHP-10997,Chennai,Colombo,569.0,5,40ft_HighCube,Hazardous_Chemicals,23566.5,57.4,Tier_2_Regional,9,1.25,99.9,1.15,9487.81
SHP-10998,Chennai,Rotterdam,11478.7,24,LCL_Consolidated,Textiles,4293.8,13.3,Tier_1_Alliance,2,0.9,73.1,0.91,2132.94
SHP-10999,Chennai,Rotterdam,11427.7,23,LCL_Consolidated,Electronics,896.1,10.7,Tier_1_Alliance,6,1.05,101.4,1.17,3782.28
SHP-11000,Chennai,Rotterdam,11586.8,21,40ft_HighCube,General_Dry,10864.1,54.4,Tier_1_Alliance,5,1.05,83.9,1.21,7360.84
SHP-11001,Hamburg,Singapore,15754.0,24,40ft_Standard,Automotive,10158.2,45.2,Tier_2_Regional,3,1.05,99.1,1.36,8365.52
SHP-11002,Hamburg,Singapore,15827.4,23,40ft_Standard,Automotive,19902.8,66.2,Tier_2_Regional,6,1.05,99.8,1.14,7927.55
SHP-11003,Nhava Sheva,New York,14152.8,27,20ft_Standard,Hazardous_Chemicals,18039.8,19.4,Tier_3_Spot,11,1.05,98.5,0.99,5684.76
SHP-11004,Nhava Sheva,New York,14115.0,28,20ft_Standard,Electronics,15069.0,23.4,Tier_1_Alliance,7,1.05,78.8,0.94,4833.95
SHP-11005,Nhava Sheva,Dubai,2162.8,8,40ft_HighCube,Hazardous_Chemicals,18172.4,49.8,Tier_3_Spot,9,1.25,75.8,0.95,6814.87
SHP-11006,Shanghai,Rotterdam,19477.1,30,40ft_Standard,Perishable_Reefer,9235.5,48.5,Tier_1_Alliance,11,1.05,83.1,1.35,11914.7
SHP-11007,Santos,Rotterdam,10120.4,20,20ft_Standard,Textiles,7330.1,31.1,Tier_1_Alliance,3,1.05,81.6,1.14,4418.64
SHP-11008,Tokyo,Los Angeles,8790.5,12,20ft_Standard,Automotive,9379.7,18.8,Tier_1_Alliance,7,1.05,90.1,1.15,4483.76
SHP-11009,Chennai,Rotterdam,11488.3,23,20ft_Standard,General_Dry,9885.4,31.7,Tier_3_Spot,4,1.05,82.6,1.1,3803.78
SHP-11010,Singapore,Fremantle,3855.2,11,LCL_Consolidated,Automotive,991.3,2.6,Tier_2_Regional,4,1.05,106.5,1.0,1705.45
SHP-11011,Chennai,Rotterdam,11579.0,25,40ft_HighCube,Electronics,19578.4,53.5,Tier_1_Alliance,10,1.25,97.2,1.1,9776.59
SHP-11012,Hamburg,Singapore,15720.3,25,LCL_Consolidated,Electronics,4035.8,6.2,Tier_1_Alliance,5,1.05,97.4,1.04,4123.76
SHP-11013,Chennai,Rotterdam,11418.8,25,LCL_Consolidated,Textiles,4336.5,10.3,Tier_2_Regional,3,1.05,83.3,0.92,2305.47
SHP-11014,Shanghai,Los Angeles,10466.4,16,40ft_Standard,General_Dry,16542.8,45.7,Tier_3_Spot,3,1.05,107.1,1.36,6742.48
SHP-11015,Shanghai,Los Angeles,10535.8,13,40ft_HighCube,Perishable_Reefer,10018.1,72.1,Tier_3_Spot,8,1.25,75.9,1.32,11100.42
SHP-11016,Singapore,Fremantle,3936.0,9,40ft_Standard,Automotive,11011.5,39.7,Tier_3_Spot,2,0.9,75.6,1.31,4408.9
SHP-11017,Shanghai,Rotterdam,19490.5,29,40ft_HighCube,Textiles,14563.7,59.2,Tier_2_Regional,6,1.05,82.8,1.06,7180.21
SHP-11018,Tokyo,Los Angeles,8854.9,14,LCL_Consolidated,General_Dry,3586.0,10.7,Tier_2_Regional,1,0.9,77.3,1.1,1968.13
SHP-11019,Nhava Sheva,Dubai,2131.9,5,40ft_HighCube,Perishable_Reefer,14398.6,68.0,Tier_1_Alliance,7,1.05,84.9,1.28,8954.47
SHP-11020,Nhava Sheva,Dubai,2184.1,7,20ft_Standard,Hazardous_Chemicals,15218.4,31.2,Tier_3_Spot,8,1.25,107.5,1.35,6495.15
SHP-11021,Shanghai,Los Angeles,10453.1,15,40ft_HighCube,Perishable_Reefer,17511.3,75.8,Tier_3_Spot,5,1.05,78.9,1.19,8909.18
SHP-11022,Busan,Long Beach,9368.7,16,20ft_Standard,Perishable_Reefer,13199.9,29.3,Tier_2_Regional,6,1.05,82.4,1.4,6647.07
SHP-11023,Chennai,Colombo,735.4,3,LCL_Consolidated,Textiles,2854.3,5.5,Tier_1_Alliance,9,1.25,95.9,1.04,1681.57
SHP-11024,Singapore,Dubai,5812.9,11,20ft_Standard,Perishable_Reefer,6911.9,29.9,Tier_1_Alliance,2,0.9,73.9,1.05,3811.7
SHP-11025,Hamburg,Singapore,15770.5,23,20ft_Standard,Hazardous_Chemicals,9303.9,20.1,Tier_1_Alliance,9,1.25,96.0,1.3,10200.85
SHP-11026,Shanghai,Los Angeles,10590.7,15,40ft_Standard,Textiles,15776.9,64.4,Tier_1_Alliance,5,1.05,79.9,1.14,6813.87
SHP-11027,Shanghai,Rotterdam,19449.7,30,LCL_Consolidated,Perishable_Reefer,4518.7,13.0,Tier_1_Alliance,10,1.25,83.2,1.18,7401.32
SHP-11028,Santos,Rotterdam,10275.2,21,40ft_Standard,Textiles,12500.4,48.3,Tier_1_Alliance,4,1.05,82.8,0.93,5136.31
SHP-11029,Singapore,Fremantle,3985.4,10,40ft_Standard,Perishable_Reefer,9728.8,51.9,Tier_2_Regional,12,1.05,83.3,1.38,7555.2
SHP-11030,Busan,Long Beach,9371.5,14,LCL_Consolidated,Perishable_Reefer,4826.5,7.5,Tier_2_Regional,9,1.25,73.0,1.29,4371.67
SHP-11031,Nhava Sheva,New York,14251.2,29,40ft_HighCube,Electronics,19219.7,48.9,Tier_3_Spot,9,1.25,104.4,1.35,10648.32
SHP-11032,Chennai,Rotterdam,11551.1,24,40ft_Standard,Perishable_Reefer,8107.2,60.8,Tier_3_Spot,9,1.25,88.6,0.91,7114.46
SHP-11033,Chennai,Rotterdam,11454.0,21,40ft_HighCube,Automotive,24794.9,62.5,Tier_1_Alliance,12,1.05,83.9,0.91,6767.25
SHP-11034,Busan,Long Beach,9416.9,16,20ft_Standard,Textiles,12292.8,25.1,Tier_1_Alliance,8,1.25,76.9,1.36,6103.98
SHP-11035,Santos,Rotterdam,10270.5,19,40ft_HighCube,Textiles,24501.1,64.3,Tier_1_Alliance,4,1.05,76.1,0.88,5923.47
SHP-11036,Singapore,Fremantle,3976.0,11,20ft_Standard,Electronics,4864.9,15.4,Tier_1_Alliance,9,1.25,88.0,0.91,3163.68
SHP-11037,Nhava Sheva,New York,14160.0,28,40ft_Standard,Electronics,12684.9,54.6,Tier_3_Spot,8,1.25,102.9,1.21,8744.57
SHP-11038,Hamburg,Singapore,15729.2,23,40ft_Standard,Electronics,19834.4,40.5,Tier_3_Spot,12,1.05,97.2,0.99,6214.33
SHP-11039,Chennai,Colombo,608.0,2,LCL_Consolidated,Hazardous_Chemicals,1738.3,6.6,Tier_3_Spot,2,0.9,88.7,1.32,1651.07
SHP-11040,Shanghai,Los Angeles,10405.6,16,20ft_Standard,Automotive,3198.4,20.4,Tier_2_Regional,11,1.05,95.4,1.23,4453.82
SHP-11041,Chennai,Colombo,558.5,4,40ft_Standard,Perishable_Reefer,16250.3,35.3,Tier_3_Spot,3,1.05,84.9,1.34,6091.54
SHP-11042,Tokyo,Los Angeles,8742.2,14,LCL_Consolidated,Automotive,1285.2,3.8,Tier_1_Alliance,11,1.05,97.9,1.06,2692.89
SHP-11043,Busan,Long Beach,9471.7,13,40ft_HighCube,Textiles,26622.6,47.1,Tier_2_Regional,11,1.05,89.4,1.4,8126.11
SHP-11044,Singapore,Fremantle,3931.8,11,40ft_HighCube,Electronics,15833.4,74.6,Tier_3_Spot,6,1.05,93.0,1.33,7401.11
SHP-11045,Nhava Sheva,New York,14109.0,26,40ft_Standard,General_Dry,9912.0,64.9,Tier_3_Spot,8,1.25,83.7,1.01,6340.4
SHP-11046,Busan,Long Beach,9459.1,12,40ft_Standard,Textiles,21604.6,48.4,Tier_2_Regional,2,0.9,74.2,1.02,4524.75
SHP-11047,Chennai,Rotterdam,11569.4,21,LCL_Consolidated,Hazardous_Chemicals,3340.8,2.4,Tier_3_Spot,3,1.05,83.6,1.26,3923.37
SHP-11048,Hamburg,Singapore,15726.6,27,40ft_Standard,Electronics,16839.9,56.7,Tier_2_Regional,4,1.05,79.2,0.97,6581.42
SHP-11049,Tokyo,Los Angeles,8861.7,11,20ft_Standard,Automotive,14324.1,27.0,Tier_1_Alliance,4,1.05,73.2,0.96,3988.24
SHP-11050,Chennai,Rotterdam,11471.9,24,20ft_Standard,Hazardous_Chemicals,15282.5,32.2,Tier_1_Alliance,12,1.05,95.1,1.15,7356.32
SHP-11051,Nhava Sheva,Dubai,2114.1,7,40ft_HighCube,Hazardous_Chemicals,26195.6,71.5,Tier_3_Spot,2,0.9,87.8,1.22,7426.49
SHP-11052,Nhava Sheva,New York,14213.8,26,40ft_HighCube,General_Dry,18976.8,46.6,Tier_1_Alliance,9,1.25,83.9,1.0,7820.81
SHP-11053,Singapore,Dubai,5984.5,11,LCL_Consolidated,Textiles,805.8,12.5,Tier_2_Regional,5,1.05,74.7,1.19,2023.28
SHP-11054,Tokyo,Los Angeles,8886.4,14,40ft_HighCube,Perishable_Reefer,11019.7,66.6,Tier_3_Spot,2,0.9,93.0,1.39,8205.05
SHP-11055,Singapore,Dubai,5930.6,9,40ft_HighCube,Perishable_Reefer,13609.2,72.5,Tier_2_Regional,1,0.9,77.0,1.18,6999.15
SHP-11056,Busan,Long Beach,9365.9,12,40ft_Standard,Perishable_Reefer,22501.9,53.0,Tier_1_Alliance,10,1.25,97.3,1.29,12220.2
SHP-11057,Chennai,Rotterdam,11469.2,21,LCL_Consolidated,Automotive,3255.9,3.0,Tier_3_Spot,9,1.25,89.2,0.95,2825.05
SHP-11058,Busan,Long Beach,9308.3,12,LCL_Consolidated,Automotive,3426.5,7.2,Tier_1_Alliance,5,1.05,100.1,1.35,3766.27
SHP-11059,Nhava Sheva,Dubai,2004.3,4,20ft_Standard,Electronics,13946.5,21.8,Tier_3_Spot,11,1.05,98.6,1.18,3345.24
SHP-11060,Chennai,Rotterdam,11477.4,24,40ft_Standard,Perishable_Reefer,15683.0,39.4,Tier_3_Spot,8,1.25,76.2,1.21,9029.58
SHP-11061,Shanghai,Rotterdam,19470.4,29,LCL_Consolidated,General_Dry,1544.2,9.1,Tier_1_Alliance,4,1.05,86.9,1.29,4695.27
SHP-11062,Tokyo,Los Angeles,8813.6,10,40ft_Standard,General_Dry,9019.8,49.0,Tier_1_Alliance,5,1.05,73.6,1.07,5374.23
SHP-11063,Santos,Rotterdam,10278.1,19,40ft_Standard,Automotive,16616.6,38.9,Tier_2_Regional,2,0.9,74.7,1.39,6199.87
SHP-11064,Nhava Sheva,Dubai,2099.0,6,40ft_Standard,Perishable_Reefer,13448.9,46.7,Tier_3_Spot,9,1.25,82.5,1.23,7183.16
SHP-11065,Tokyo,Los Angeles,8878.6,12,20ft_Standard,General_Dry,19207.7,27.7,Tier_2_Regional,10,1.25,89.5,0.92,4009.1
SHP-11066,Shanghai,Los Angeles,10568.3,17,40ft_Standard,Hazardous_Chemicals,17953.4,38.9,Tier_3_Spot,12,1.05,101.4,0.96,6616.91
SHP-11067,Nhava Sheva,Dubai,2139.7,7,20ft_Standard,General_Dry,18053.9,19.9,Tier_2_Regional,10,1.25,85.8,1.33,4256.55
SHP-11068,Nhava Sheva,New York,14111.9,29,LCL_Consolidated,Perishable_Reefer,4382.5,6.6,Tier_1_Alliance,1,0.9,80.1,1.08,3736.96
SHP-11069,Santos,Rotterdam,10186.2,17,40ft_HighCube,General_Dry,23733.9,74.1,Tier_3_Spot,10,1.25,99.2,1.06,7432.24
SHP-11070,Singapore,Dubai,5962.0,13,40ft_Standard,General_Dry,21064.2,54.9,Tier_2_Regional,7,1.05,100.2,1.38,6810.28
SHP-11071,Chennai,Rotterdam,11561.5,25,LCL_Consolidated,Textiles,1793.4,13.9,Tier_3_Spot,9,1.25,88.7,1.19,3454.09
SHP-11072,Singapore,Fremantle,3953.8,9,40ft_Standard,Perishable_Reefer,21421.4,64.6,Tier_2_Regional,3,1.05,104.7,1.03,6845.32
SHP-11073,Santos,Rotterdam,10290.2,17,40ft_Standard,Automotive,14075.6,47.6,Tier_2_Regional,10,1.25,81.9,1.03,6584.75
SHP-11074,Singapore,Dubai,5956.5,13,20ft_Standard,General_Dry,13231.9,20.8,Tier_2_Regional,5,1.05,102.5,1.12,3534.71
SHP-11075,Chennai,Rotterdam,11488.0,24,20ft_Standard,Hazardous_Chemicals,14479.4,25.0,Tier_2_Regional,7,1.05,74.1,1.39,7382.87
SHP-11076,Singapore,Dubai,5979.4,13,40ft_HighCube,General_Dry,13236.5,68.7,Tier_2_Regional,5,1.05,81.3,1.15,5804.42
SHP-11077,Nhava Sheva,Dubai,2126.1,5,20ft_Standard,Electronics,14782.8,18.3,Tier_1_Alliance,9,1.25,103.0,1.19,4752.26
SHP-11078,Chennai,Rotterdam,11510.7,22,20ft_Standard,Textiles,20555.1,15.3,Tier_2_Regional,6,1.05,91.5,0.9,3618.07
SHP-11079,Nhava Sheva,Dubai,2069.9,4,LCL_Consolidated,General_Dry,848.5,4.4,Tier_3_Spot,10,1.25,85.4,1.32,1691.46
SHP-11080,Hamburg,Singapore,15714.3,26,40ft_HighCube,Electronics,15877.7,69.4,Tier_1_Alliance,6,1.05,107.1,1.36,11435.55
SHP-11081,Shanghai,Rotterdam,19494.1,29,20ft_Standard,Electronics,3803.0,31.7,Tier_2_Regional,10,1.25,72.9,1.21,7260.27
SHP-11082,Shanghai,Rotterdam,19502.2,31,40ft_HighCube,Electronics,24953.1,46.0,Tier_2_Regional,12,1.05,77.4,1.29,9991.43
SHP-11083,Santos,Rotterdam,10115.7,17,40ft_Standard,Automotive,25960.6,55.2,Tier_3_Spot,12,1.05,87.1,1.28,7384.99
SHP-11084,Tokyo,Los Angeles,8859.6,14,LCL_Consolidated,Textiles,2841.5,5.8,Tier_3_Spot,4,1.05,102.1,1.04,2210.03
SHP-11085,Nhava Sheva,Dubai,2065.7,6,40ft_Standard,Perishable_Reefer,21467.4,38.7,Tier_2_Regional,4,1.05,88.0,1.4,7698.88
SHP-11086,Hamburg,Singapore,15772.4,25,20ft_Standard,Hazardous_Chemicals,11714.8,19.1,Tier_3_Spot,7,1.05,80.3,1.33,7376.78
SHP-11087,Shanghai,Los Angeles,10585.1,14,LCL_Consolidated,Textiles,3496.6,9.3,Tier_3_Spot,5,1.05,84.3,0.94,2123.36
SHP-11088,Hamburg,Singapore,15784.2,24,LCL_Consolidated,Textiles,4549.4,12.5,Tier_1_Alliance,1,0.9,78.0,1.11,3231.11
SHP-11089,Tokyo,Los Angeles,8842.3,13,20ft_Standard,Electronics,18009.5,15.4,Tier_1_Alliance,3,1.05,107.6,0.95,4313.37
SHP-11090,Tokyo,Los Angeles,8883.7,13,40ft_HighCube,Electronics,22544.7,52.5,Tier_2_Regional,5,1.05,76.3,1.36,8531.81
SHP-11091,Shanghai,Rotterdam,19518.3,31,20ft_Standard,Textiles,4327.5,31.6,Tier_1_Alliance,8,1.25,104.8,1.22,7655.11
SHP-11092,Busan,Long Beach,9467.0,14,LCL_Consolidated,Textiles,3800.5,10.7,Tier_1_Alliance,10,1.25,105.0,1.39,4547.7
SHP-11093,Nhava Sheva,New York,14130.5,25,40ft_HighCube,Textiles,18163.5,54.9,Tier_3_Spot,3,1.05,90.3,1.2,7028.93
SHP-11094,Nhava Sheva,New York,14146.5,28,40ft_HighCube,General_Dry,19318.2,61.3,Tier_3_Spot,9,1.25,102.4,1.11,7950.04
SHP-11095,Shanghai,Rotterdam,19476.8,28,40ft_Standard,General_Dry,23882.9,58.4,Tier_3_Spot,7,1.05,90.7,1.19,7468.51
SHP-11096,Singapore,Fremantle,3862.9,9,40ft_HighCube,Electronics,15181.2,60.1,Tier_1_Alliance,4,1.05,103.9,1.04,6533.38
SHP-11097,Singapore,Dubai,5997.8,9,40ft_Standard,Textiles,10538.1,41.6,Tier_2_Regional,9,1.25,99.2,0.89,4565.04
SHP-11098,Chennai,Rotterdam,11592.0,25,40ft_Standard,General_Dry,22985.1,35.8,Tier_2_Regional,4,1.05,82.1,1.39,7254.59
SHP-11099,Hamburg,Singapore,15846.4,27,40ft_Standard,Perishable_Reefer,24523.9,57.9,Tier_2_Regional,2,0.9,88.0,1.11,8018.96
SHP-11100,Singapore,Dubai,5817.4,10,40ft_HighCube,Textiles,12096.3,56.0,Tier_3_Spot,2,0.9,98.8,1.0,4118.76
SHP-11101,Nhava Sheva,New York,14165.4,29,40ft_HighCube,Hazardous_Chemicals,21351.2,60.9,Tier_2_Regional,2,0.9,97.4,1.05,8230.5
SHP-11102,Chennai,Rotterdam,11486.7,25,40ft_HighCube,Electronics,21900.3,72.2,Tier_3_Spot,1,0.9,106.2,1.22,7299.09
SHP-11103,Nhava Sheva,Dubai,2027.4,7,40ft_Standard,Textiles,12775.1,39.8,Tier_1_Alliance,3,1.05,98.4,1.03,4460.25
SHP-11104,Nhava Sheva,Dubai,2127.0,4,40ft_Standard,General_Dry,9210.7,52.8,Tier_2_Regional,4,1.05,97.6,0.9,3627.82
SHP-11105,Busan,Long Beach,9352.6,15,40ft_Standard,Textiles,16716.2,56.0,Tier_2_Regional,3,1.05,103.6,1.33,7074.43
SHP-11106,Singapore,Dubai,5933.6,12,LCL_Consolidated,Automotive,2945.4,5.5,Tier_2_Regional,4,1.05,76.0,1.36,2438.14
SHP-11107,Singapore,Dubai,5883.9,12,40ft_HighCube,Electronics,17647.6,50.5,Tier_3_Spot,6,1.05,95.8,1.07,5778.65
SHP-11108,Hamburg,Singapore,15841.0,26,LCL_Consolidated,Automotive,3592.5,2.3,Tier_2_Regional,5,1.05,90.3,1.36,4346.03
SHP-11109,Hamburg,Singapore,15712.2,25,40ft_HighCube,Textiles,17402.1,70.1,Tier_2_Regional,7,1.05,86.4,1.37,9210.3
SHP-11110,Singapore,Dubai,5897.1,10,40ft_HighCube,Textiles,15553.2,57.7,Tier_1_Alliance,10,1.25,103.5,1.17,8087.85
SHP-11111,Santos,Rotterdam,10122.1,21,40ft_HighCube,Electronics,19715.8,74.5,Tier_3_Spot,1,0.9,100.9,0.93,5285.52
SHP-11112,Busan,Long Beach,9366.7,14,20ft_Standard,Textiles,12335.7,21.5,Tier_1_Alliance,4,1.05,107.5,1.33,5364.76
SHP-11113,Hamburg,Singapore,15871.9,24,40ft_HighCube,Electronics,15967.0,51.7,Tier_2_Regional,12,1.05,81.0,0.89,6275.35
SHP-11114,Chennai,Rotterdam,11551.0,25,20ft_Standard,Automotive,17244.2,15.8,Tier_2_Regional,5,1.05,82.9,1.0,4062.39
SHP-11115,Busan,Long Beach,9349.5,14,20ft_Standard,Perishable_Reefer,10213.5,29.7,Tier_3_Spot,5,1.05,103.0,0.92,4209.67
SHP-11116,Tokyo,Los Angeles,8844.4,13,20ft_Standard,General_Dry,17944.5,25.9,Tier_3_Spot,3,1.05,75.4,1.2,4050.9
SHP-11117,Hamburg,Singapore,15738.9,27,40ft_HighCube,Hazardous_Chemicals,19222.4,45.7,Tier_2_Regional,5,1.05,88.5,0.93,8311.63
SHP-11118,Santos,Rotterdam,10215.2,20,40ft_HighCube,Perishable_Reefer,14000.6,57.6,Tier_1_Alliance,5,1.05,89.4,1.37,11266.44
SHP-11119,Tokyo,Los Angeles,8801.3,13,20ft_Standard,Perishable_Reefer,10085.6,21.7,Tier_3_Spot,9,1.25,97.7,1.12,5672.94
SHP-11120,Singapore,Fremantle,3995.0,10,40ft_Standard,Perishable_Reefer,16582.5,38.5,Tier_2_Regional,5,1.05,84.0,1.32,7332.29
SHP-11121,Nhava Sheva,New York,14119.1,26,40ft_Standard,Perishable_Reefer,12499.4,39.5,Tier_3_Spot,10,1.25,102.2,1.16,9448.49
SHP-11122,Singapore,Fremantle,3952.1,7,LCL_Consolidated,Hazardous_Chemicals,1901.5,6.1,Tier_2_Regional,3,1.05,73.3,1.25,2411.99
SHP-11123,Singapore,Fremantle,3881.3,7,40ft_HighCube,Textiles,23590.7,69.6,Tier_1_Alliance,9,1.25,90.0,1.4,9905.4
SHP-11124,Nhava Sheva,Dubai,2064.4,7,20ft_Standard,General_Dry,15586.6,21.8,Tier_2_Regional,1,0.9,77.8,1.28,2840.9
SHP-11125,Shanghai,Los Angeles,10439.5,13,20ft_Standard,Perishable_Reefer,6073.0,29.5,Tier_2_Regional,8,1.25,77.0,1.35,7215.44
SHP-11126,Hamburg,Singapore,15779.9,25,20ft_Standard,Perishable_Reefer,15959.0,30.8,Tier_2_Regional,5,1.05,90.8,1.21,7382.8
SHP-11127,Shanghai,Rotterdam,19512.8,28,40ft_Standard,Hazardous_Chemicals,20330.4,60.7,Tier_3_Spot,12,1.05,85.4,1.21,10773.11
SHP-11128,Chennai,Colombo,642.6,4,40ft_Standard,Electronics,20871.5,50.2,Tier_3_Spot,6,1.05,87.0,0.96,4215.04
SHP-11129,Nhava Sheva,New York,14298.7,25,40ft_HighCube,Textiles,13586.8,47.9,Tier_1_Alliance,8,1.25,83.9,0.91,7059.42
SHP-11130,Chennai,Colombo,668.9,2,40ft_HighCube,Textiles,25900.2,55.7,Tier_3_Spot,1,0.9,105.4,1.03,4137.91
SHP-11131,Hamburg,Singapore,15816.9,25,40ft_HighCube,Automotive,26817.5,62.4,Tier_2_Regional,11,1.05,95.7,0.92,6921.24
SHP-11132,Shanghai,Los Angeles,10420.6,14,40ft_HighCube,Electronics,20145.9,48.9,Tier_2_Regional,9,1.25,93.1,1.29,10036.13
SHP-11133,Shanghai,Rotterdam,19515.1,31,40ft_HighCube,Textiles,22032.9,59.7,Tier_3_Spot,3,1.05,72.1,1.01,6643.27
SHP-11134,Nhava Sheva,Dubai,2018.3,8,40ft_Standard,Electronics,16558.4,35.0,Tier_1_Alliance,2,0.9,104.3,0.91,3898.54
SHP-11135,Tokyo,Los Angeles,8861.4,13,LCL_Consolidated,Hazardous_Chemicals,2751.7,3.4,Tier_2_Regional,9,1.25,86.2,1.3,4566.31
SHP-11136,Busan,Long Beach,9394.9,14,40ft_HighCube,Automotive,25899.1,71.1,Tier_1_Alliance,3,1.05,106.0,1.33,10123.58
SHP-11137,Busan,Long Beach,9328.6,15,LCL_Consolidated,Perishable_Reefer,4050.3,10.2,Tier_3_Spot,9,1.25,104.4,1.23,4408.64
SHP-11138,Shanghai,Los Angeles,10405.1,15,LCL_Consolidated,Textiles,3778.2,4.6,Tier_2_Regional,9,1.25,103.5,1.38,4075.17
SHP-11139,Nhava Sheva,Dubai,2076.5,5,20ft_Standard,Electronics,9497.8,18.5,Tier_2_Regional,10,1.25,83.2,0.93,2949.16
SHP-11140,Shanghai,Rotterdam,19583.2,31,20ft_Standard,Automotive,3603.5,19.9,Tier_2_Regional,8,1.25,86.3,1.42,7972.85
SHP-11141,Busan,Long Beach,9350.6,12,20ft_Standard,Textiles,20950.2,26.4,Tier_2_Regional,8,1.25,78.3,1.28,5820.76
SHP-11142,Santos,Rotterdam,10250.1,17,20ft_Standard,Hazardous_Chemicals,14032.6,27.8,Tier_1_Alliance,12,1.05,98.5,1.35,8127.76
SHP-11143,Shanghai,Los Angeles,10416.6,13,20ft_Standard,Perishable_Reefer,15790.6,20.7,Tier_3_Spot,9,1.25,82.0,1.34,7237.93
SHP-11144,Santos,Rotterdam,10222.8,17,40ft_HighCube,Textiles,26159.3,50.2,Tier_2_Regional,10,1.25,98.0,1.08,7731.0
SHP-11145,Chennai,Rotterdam,11588.1,24,LCL_Consolidated,Textiles,776.7,4.3,Tier_3_Spot,9,1.25,77.3,1.02,2582.04
SHP-11146,Shanghai,Los Angeles,10488.7,15,40ft_Standard,Textiles,15366.5,55.3,Tier_3_Spot,1,0.9,83.2,1.18,4938.16
SHP-11147,Nhava Sheva,New York,14168.3,29,20ft_Standard,Automotive,4586.9,31.5,Tier_2_Regional,3,1.05,98.3,0.98,4226.62
SHP-11148,Singapore,Fremantle,3925.3,7,40ft_Standard,General_Dry,19483.0,49.7,Tier_1_Alliance,12,1.05,106.0,1.05,5375.26
SHP-11149,Santos,Rotterdam,10228.5,18,40ft_Standard,Hazardous_Chemicals,14827.6,44.2,Tier_1_Alliance,5,1.05,77.1,1.05,8080.11
SHP-11150,Nhava Sheva,Dubai,2167.1,6,40ft_Standard,Electronics,12668.4,49.1,Tier_2_Regional,2,0.9,89.6,1.19,4606.32
SHP-11151,Shanghai,Rotterdam,19554.5,31,LCL_Consolidated,Textiles,4242.8,2.4,Tier_3_Spot,10,1.25,85.9,1.17,4396.53
SHP-11152,Nhava Sheva,Dubai,2198.8,7,40ft_HighCube,Textiles,24332.9,51.4,Tier_3_Spot,12,1.05,106.9,1.18,5557.8
SHP-11153,Busan,Long Beach,9458.9,12,40ft_Standard,Hazardous_Chemicals,16418.4,36.0,Tier_1_Alliance,2,0.9,90.6,1.22,7906.62
SHP-11154,Chennai,Colombo,578.0,6,40ft_HighCube,Hazardous_Chemicals,16802.4,63.2,Tier_3_Spot,1,0.9,83.6,0.94,4995.97
SHP-11155,Shanghai,Rotterdam,19573.9,27,40ft_Standard,Perishable_Reefer,14024.8,55.7,Tier_2_Regional,2,0.9,78.7,1.07,7711.22
SHP-11156,Shanghai,Los Angeles,10493.4,14,20ft_Standard,Perishable_Reefer,11216.0,25.4,Tier_3_Spot,7,1.05,98.3,1.14,5245.13
SHP-11157,Nhava Sheva,Dubai,2050.5,6,40ft_HighCube,Perishable_Reefer,17220.8,46.2,Tier_3_Spot,4,1.05,99.5,1.37,7930.19
SHP-11158,Tokyo,Los Angeles,8721.6,13,40ft_HighCube,Automotive,20675.4,50.1,Tier_2_Regional,3,1.05,105.2,1.36,8389.11
SHP-11159,Busan,Long Beach,9488.6,13,40ft_Standard,Electronics,13996.6,65.7,Tier_3_Spot,2,0.9,83.1,1.29,6155.04
SHP-11160,Shanghai,Rotterdam,19491.7,28,LCL_Consolidated,General_Dry,1163.7,12.6,Tier_3_Spot,5,1.05,83.1,0.98,3028.43
SHP-11161,Nhava Sheva,Dubai,2087.3,5,40ft_Standard,Textiles,23222.0,47.0,Tier_3_Spot,8,1.25,77.7,0.93,4547.67
SHP-11162,Tokyo,Los Angeles,8837.4,11,LCL_Consolidated,Textiles,4241.1,10.5,Tier_2_Regional,2,0.9,86.0,1.05,1952.79
SHP-11163,Shanghai,Los Angeles,10480.0,15,40ft_HighCube,Textiles,25708.3,63.5,Tier_3_Spot,9,1.25,74.6,1.14,7667.9
SHP-11164,Busan,Long Beach,9494.0,12,40ft_Standard,Automotive,21821.2,46.8,Tier_1_Alliance,6,1.05,90.1,0.88,5552.69
SHP-11165,Singapore,Fremantle,3950.3,7,40ft_Standard,Electronics,11383.5,41.8,Tier_2_Regional,7,1.05,75.3,1.09,4971.47
SHP-11166,Shanghai,Los Angeles,10485.1,15,40ft_HighCube,Perishable_Reefer,24783.0,46.1,Tier_3_Spot,7,1.05,78.5,1.1,7919.54
SHP-11167,Tokyo,Los Angeles,8866.8,13,20ft_Standard,Hazardous_Chemicals,16188.1,26.8,Tier_3_Spot,7,1.05,100.9,0.89,4482.99
SHP-11168,Shanghai,Rotterdam,19425.7,31,LCL_Consolidated,Textiles,552.1,9.8,Tier_2_Regional,11,1.05,86.5,1.3,4485.65
SHP-11169,Singapore,Dubai,5885.0,9,LCL_Consolidated,Automotive,4014.5,10.5,Tier_2_Regional,9,1.25,107.0,0.94,2509.64
SHP-11170,Shanghai,Los Angeles,10596.1,17,LCL_Consolidated,Textiles,1176.7,6.0,Tier_1_Alliance,12,1.05,93.2,0.99,2574.86
SHP-11171,Singapore,Fremantle,3945.5,10,LCL_Consolidated,General_Dry,1767.7,3.5,Tier_2_Regional,8,1.25,88.6,0.91,1523.91
SHP-11172,Singapore,Fremantle,3937.3,9,LCL_Consolidated,Hazardous_Chemicals,1832.7,11.8,Tier_3_Spot,9,1.25,81.6,1.04,2516.08
SHP-11173,Hamburg,Singapore,15703.5,25,40ft_HighCube,Textiles,20724.0,56.1,Tier_1_Alliance,1,0.9,91.1,1.09,6749.7
SHP-11174,Shanghai,Los Angeles,10416.8,13,40ft_Standard,Textiles,19392.6,48.8,Tier_1_Alliance,5,1.05,84.4,1.13,6539.83
SHP-11175,Singapore,Fremantle,3848.8,11,LCL_Consolidated,General_Dry,1969.6,2.5,Tier_1_Alliance,10,1.25,107.2,1.22,2443.49
SHP-11176,Nhava Sheva,New York,14176.4,25,40ft_HighCube,Textiles,15435.7,57.4,Tier_3_Spot,3,1.05,106.2,1.02,5986.87
SHP-11177,Santos,Rotterdam,10248.5,17,LCL_Consolidated,General_Dry,3069.0,13.9,Tier_1_Alliance,10,1.25,90.5,1.34,4269.14
SHP-11178,Nhava Sheva,Dubai,2138.9,4,40ft_HighCube,Automotive,13873.8,74.0,Tier_2_Regional,5,1.05,98.9,1.3,6974.26
SHP-11179,Singapore,Dubai,5900.3,9,LCL_Consolidated,Electronics,1782.1,2.1,Tier_3_Spot,4,1.05,72.7,1.1,1698.34
SHP-11180,Shanghai,Los Angeles,10455.0,16,40ft_HighCube,General_Dry,14046.8,67.0,Tier_1_Alliance,4,1.05,74.3,1.04,6421.94
SHP-11181,Busan,Long Beach,9421.9,15,LCL_Consolidated,Textiles,1979.4,6.7,Tier_3_Spot,9,1.25,72.5,1.06,2476.27
SHP-11182,Shanghai,Rotterdam,19564.5,28,LCL_Consolidated,Textiles,1447.9,10.4,Tier_2_Regional,11,1.05,86.0,1.1,3875.69
SHP-11183,Santos,Rotterdam,10270.5,17,LCL_Consolidated,Automotive,873.9,11.0,Tier_2_Regional,9,1.25,85.3,1.04,2999.32
SHP-11184,Shanghai,Rotterdam,19490.3,30,20ft_Standard,Electronics,13528.9,26.2,Tier_3_Spot,10,1.25,87.5,1.42,8656.68
SHP-11185,Chennai,Rotterdam,11550.3,23,LCL_Consolidated,Electronics,4645.3,3.6,Tier_2_Regional,10,1.25,106.2,0.95,3415.91
SHP-11186,Hamburg,Singapore,15743.7,23,40ft_HighCube,Electronics,23803.7,75.5,Tier_1_Alliance,7,1.05,91.8,1.07,9328.54
SHP-11187,Nhava Sheva,Dubai,2083.6,8,40ft_HighCube,Hazardous_Chemicals,21345.0,65.6,Tier_2_Regional,11,1.05,106.6,1.29,9495.92
SHP-11188,Shanghai,Rotterdam,19500.5,31,LCL_Consolidated,Electronics,2726.7,7.6,Tier_2_Regional,8,1.25,77.7,1.35,6181.2
SHP-11189,Hamburg,Singapore,15757.7,27,40ft_HighCube,Perishable_Reefer,13100.9,73.1,Tier_3_Spot,7,1.05,92.9,1.11,9091.0
SHP-11190,Hamburg,Singapore,15782.1,23,40ft_Standard,Electronics,19158.6,67.0,Tier_3_Spot,10,1.25,92.5,1.1,8822.01
SHP-11191,Chennai,Rotterdam,11465.0,22,40ft_Standard,Automotive,16494.4,37.9,Tier_3_Spot,6,1.05,72.8,1.2,6008.65
SHP-11192,Santos,Rotterdam,10177.9,21,40ft_Standard,Electronics,14643.2,63.0,Tier_2_Regional,3,1.05,89.0,1.26,7620.61
SHP-11193,Nhava Sheva,Dubai,2064.5,6,20ft_Standard,General_Dry,13396.8,23.3,Tier_1_Alliance,11,1.05,93.7,1.41,4070.68
SHP-11194,Shanghai,Los Angeles,10594.6,17,20ft_Standard,Automotive,18697.5,31.4,Tier_2_Regional,4,1.05,88.6,1.4,6026.62
SHP-11195,Chennai,Rotterdam,11549.7,24,LCL_Consolidated,Perishable_Reefer,4023.7,13.5,Tier_1_Alliance,12,1.05,91.3,1.27,4978.97
SHP-11196,Singapore,Fremantle,3929.4,11,20ft_Standard,Perishable_Reefer,17899.6,16.1,Tier_2_Regional,7,1.05,101.8,1.27,5040.7
SHP-11197,Chennai,Rotterdam,11472.7,25,LCL_Consolidated,Perishable_Reefer,966.3,12.2,Tier_1_Alliance,10,1.25,99.1,0.94,4268.09
SHP-11198,Shanghai,Los Angeles,10473.3,15,40ft_Standard,Electronics,11781.5,38.1,Tier_2_Regional,11,1.05,97.0,1.13,6274.25
SHP-11199,Busan,Long Beach,9398.3,13,40ft_HighCube,Hazardous_Chemicals,22405.5,55.3,Tier_2_Regional,8,1.25,97.2,1.19,11872.32
SHP-11200,Singapore,Fremantle,3807.1,8,40ft_Standard,Automotive,8466.9,63.2,Tier_2_Regional,10,1.25,85.1,1.04,5777.34
SHP-11201,Busan,Long Beach,9331.7,14,LCL_Consolidated,Textiles,3529.8,3.9,Tier_2_Regional,12,1.05,76.6,1.21,2481.04
SHP-11202,Hamburg,Singapore,15751.5,24,20ft_Standard,Electronics,8453.2,25.5,Tier_3_Spot,5,1.05,85.1,1.15,5082.02
SHP-11203,Tokyo,Los Angeles,8781.2,14,40ft_Standard,Hazardous_Chemicals,10805.8,62.3,Tier_3_Spot,6,1.05,90.8,1.08,7330.83
SHP-11204,Chennai,Colombo,679.7,6,LCL_Consolidated,Electronics,4537.1,2.2,Tier_2_Regional,2,0.9,84.3,1.05,1068.26
SHP-11205,Nhava Sheva,Dubai,2030.0,8,20ft_Standard,Textiles,9417.0,23.3,Tier_1_Alliance,11,1.05,104.6,1.33,3826.43
SHP-11206,Tokyo,Los Angeles,8879.6,11,40ft_HighCube,Textiles,17172.8,48.1,Tier_1_Alliance,6,1.05,90.3,1.03,6109.15
SHP-11207,Tokyo,Los Angeles,8869.3,14,20ft_Standard,General_Dry,13200.6,19.5,Tier_2_Regional,5,1.05,100.7,0.98,3335.91
SHP-11208,Santos,Rotterdam,10271.5,18,LCL_Consolidated,Electronics,4907.2,5.2,Tier_1_Alliance,5,1.05,75.3,0.98,2675.4
SHP-11209,Nhava Sheva,New York,14281.2,26,40ft_HighCube,General_Dry,14096.6,63.2,Tier_1_Alliance,10,1.25,89.2,0.93,7557.91
SHP-11210,Chennai,Rotterdam,11463.8,21,40ft_Standard,Perishable_Reefer,15954.2,50.2,Tier_1_Alliance,2,0.9,91.5,1.0,6663.8
SHP-11211,Chennai,Colombo,610.0,2,LCL_Consolidated,General_Dry,4489.3,11.3,Tier_3_Spot,4,1.05,93.2,1.22,1420.1
SHP-11212,Chennai,Colombo,748.4,4,LCL_Consolidated,Automotive,2716.7,4.1,Tier_2_Regional,9,1.25,89.4,1.03,1388.81
SHP-11213,Santos,Rotterdam,10159.9,21,40ft_Standard,Hazardous_Chemicals,20201.2,51.1,Tier_2_Regional,11,1.05,87.8,1.41,10763.91
SHP-11214,Shanghai,Los Angeles,10497.5,15,LCL_Consolidated,Perishable_Reefer,1304.6,11.1,Tier_1_Alliance,11,1.05,83.0,1.38,4668.59
SHP-11215,Chennai,Colombo,618.5,6,40ft_Standard,Electronics,21731.3,41.8,Tier_1_Alliance,9,1.25,83.0,1.29,7662.75
SHP-11216,Chennai,Colombo,570.6,4,40ft_Standard,Automotive,10782.8,40.0,Tier_3_Spot,7,1.05,100.3,1.34,4986.74
SHP-11217,Singapore,Fremantle,3932.5,9,LCL_Consolidated,Textiles,4049.4,11.4,Tier_3_Spot,5,1.05,80.2,1.02,1524.88
SHP-11218,Singapore,Dubai,5874.2,11,40ft_HighCube,Textiles,24926.2,54.8,Tier_2_Regional,5,1.05,87.3,1.09,5866.04
SHP-11219,Hamburg,Singapore,15701.1,26,20ft_Standard,Perishable_Reefer,14624.3,17.5,Tier_2_Regional,8,1.25,99.6,0.89,6223.68
SHP-11220,Busan,Long Beach,9340.4,14,40ft_HighCube,Hazardous_Chemicals,15793.2,69.5,Tier_1_Alliance,6,1.05,92.1,1.28,11654.6
SHP-11221,Nhava Sheva,Dubai,2123.5,7,40ft_HighCube,General_Dry,14376.5,55.1,Tier_1_Alliance,8,1.25,105.9,1.2,7311.67
SHP-11222,Chennai,Rotterdam,11556.2,24,LCL_Consolidated,Electronics,4941.2,9.0,Tier_2_Regional,1,0.9,75.7,1.23,2986.23
SHP-11223,Singapore,Dubai,5907.6,12,40ft_HighCube,General_Dry,12417.1,68.2,Tier_2_Regional,6,1.05,107.2,1.28,6786.13
SHP-11224,Shanghai,Los Angeles,10574.8,17,40ft_HighCube,Automotive,20113.1,58.6,Tier_1_Alliance,6,1.05,92.6,1.29,9114.85
SHP-11225,Singapore,Dubai,5911.3,11,20ft_Standard,Electronics,18673.1,27.6,Tier_1_Alliance,12,1.05,83.3,1.34,5538.13
SHP-11226,Chennai,Colombo,699.5,3,40ft_Standard,Hazardous_Chemicals,12098.3,46.6,Tier_2_Regional,4,1.05,96.4,1.26,6902.27
SHP-11227,Singapore,Dubai,5920.7,9,40ft_Standard,General_Dry,15394.0,47.7,Tier_3_Spot,8,1.25,100.7,1.33,6827.96
SHP-11228,Chennai,Rotterdam,11582.6,25,40ft_HighCube,General_Dry,17869.7,46.0,Tier_3_Spot,9,1.25,103.4,1.06,6841.93
SHP-11229,Tokyo,Los Angeles,8798.4,14,40ft_HighCube,Textiles,23219.8,62.5,Tier_1_Alliance,9,1.25,100.1,1.17,9282.35
SHP-11230,Tokyo,Los Angeles,8869.3,10,LCL_Consolidated,Automotive,4968.3,11.0,Tier_3_Spot,11,1.05,87.5,1.03,2366.74
SHP-11231,Chennai,Colombo,727.9,3,40ft_HighCube,General_Dry,21661.1,55.5,Tier_1_Alliance,9,1.25,100.1,1.28,7802.4
SHP-11232,Hamburg,Singapore,15877.9,26,40ft_HighCube,General_Dry,24908.0,45.6,Tier_3_Spot,4,1.05,83.6,0.96,5711.58
SHP-11233,Nhava Sheva,Dubai,2116.9,6,LCL_Consolidated,Textiles,1401.5,11.9,Tier_3_Spot,6,1.05,104.2,1.27,1877.03
SHP-11234,Singapore,Fremantle,3830.5,8,40ft_Standard,Hazardous_Chemicals,9816.1,52.1,Tier_1_Alliance,1,0.9,100.1,1.17,6718.67
SHP-11235,Nhava Sheva,New York,14165.5,27,40ft_Standard,Textiles,11630.6,40.2,Tier_1_Alliance,5,1.05,80.4,1.38,8085.8
SHP-11236,Shanghai,Rotterdam,19405.5,30,20ft_Standard,Perishable_Reefer,10991.1,28.4,Tier_1_Alliance,12,1.05,79.5,0.91,6351.68
SHP-11237,Chennai,Colombo,629.8,3,LCL_Consolidated,Automotive,917.8,4.1,Tier_1_Alliance,10,1.25,98.1,0.95,1414.58
SHP-11238,Nhava Sheva,Dubai,2024.1,7,40ft_HighCube,Textiles,17472.3,51.5,Tier_2_Regional,2,0.9,100.8,1.07,4351.19
SHP-11239,Singapore,Dubai,5901.7,12,20ft_Standard,General_Dry,17461.4,22.2,Tier_2_Regional,2,0.9,84.8,1.39,3806.21
SHP-11240,Nhava Sheva,New York,14186.8,27,40ft_Standard,Textiles,19707.8,60.9,Tier_1_Alliance,8,1.25,72.6,1.4,10799.73
SHP-11241,Busan,Long Beach,9429.5,14,20ft_Standard,Electronics,6192.5,15.2,Tier_1_Alliance,9,1.25,77.6,1.26,5636.05
SHP-11242,Chennai,Rotterdam,11412.2,22,40ft_HighCube,Hazardous_Chemicals,17467.8,49.9,Tier_3_Spot,3,1.05,78.3,1.16,8746.62
SHP-11243,Shanghai,Los Angeles,10548.4,14,40ft_HighCube,General_Dry,10539.6,51.3,Tier_1_Alliance,7,1.05,94.5,1.37,8059.08
SHP-11244,Singapore,Dubai,5924.4,9,20ft_Standard,Hazardous_Chemicals,18998.8,15.6,Tier_1_Alliance,3,1.05,104.9,0.91,4689.59
SHP-11245,Hamburg,Singapore,15852.5,27,40ft_Standard,Electronics,8268.9,63.7,Tier_1_Alliance,2,0.9,87.1,0.92,5687.21
SHP-11246,Chennai,Colombo,642.9,5,LCL_Consolidated,Electronics,4142.4,2.0,Tier_3_Spot,8,1.25,88.9,1.37,1847.67
SHP-11247,Shanghai,Los Angeles,10464.6,17,40ft_HighCube,Automotive,22893.7,59.8,Tier_3_Spot,12,1.05,101.9,1.19,7368.69
SHP-11248,Shanghai,Los Angeles,10443.9,14,40ft_Standard,Electronics,9479.4,38.0,Tier_3_Spot,7,1.05,82.2,1.21,6023.54
SHP-11249,Nhava Sheva,Dubai,2045.2,5,40ft_HighCube,Hazardous_Chemicals,27531.2,65.7,Tier_3_Spot,9,1.25,90.6,1.41,11725.98
SHP-11250,Singapore,Dubai,5952.0,10,40ft_HighCube,Perishable_Reefer,21901.6,63.0,Tier_2_Regional,1,0.9,98.9,1.31,8297.1
SHP-11251,Santos,Rotterdam,10109.6,18,40ft_Standard,General_Dry,19423.4,61.7,Tier_1_Alliance,4,1.05,77.8,1.05,6193.96
SHP-11252,Singapore,Fremantle,3896.2,9,40ft_Standard,Textiles,15301.8,66.8,Tier_3_Spot,8,1.25,94.4,1.17,6103.0
SHP-11253,Nhava Sheva,New York,14249.0,29,40ft_HighCube,Hazardous_Chemicals,14595.1,70.0,Tier_1_Alliance,8,1.25,99.8,1.13,13696.37
SHP-11254,Nhava Sheva,New York,14233.6,27,40ft_HighCube,General_Dry,17677.3,45.8,Tier_2_Regional,9,1.25,76.5,1.0,6984.05
SHP-11255,Chennai,Colombo,716.0,2,40ft_HighCube,Electronics,15526.5,58.5,Tier_2_Regional,2,0.9,106.8,1.4,6258.31
SHP-11256,Shanghai,Los Angeles,10479.5,17,40ft_Standard,Electronics,11993.4,35.5,Tier_3_Spot,12,1.05,98.8,1.16,6082.59
SHP-11257,Shanghai,Los Angeles,10512.6,17,20ft_Standard,Automotive,12710.2,27.5,Tier_2_Regional,9,1.25,78.0,0.97,4553.26
SHP-11258,Santos,Rotterdam,10133.1,21,40ft_Standard,Textiles,17734.8,65.6,Tier_1_Alliance,7,1.05,102.9,1.03,6397.56
SHP-11259,Hamburg,Singapore,15759.3,27,LCL_Consolidated,Perishable_Reefer,1948.6,10.7,Tier_2_Regional,5,1.05,72.0,1.02,3919.81
SHP-11260,Tokyo,Los Angeles,8833.6,11,20ft_Standard,General_Dry,5525.5,23.7,Tier_2_Regional,3,1.05,99.5,1.32,4276.54
SHP-11261,Nhava Sheva,Dubai,2078.2,5,LCL_Consolidated,Perishable_Reefer,1370.2,12.0,Tier_3_Spot,2,0.9,80.1,1.39,1867.0
SHP-11262,Shanghai,Los Angeles,10578.5,13,40ft_Standard,Electronics,10563.4,43.8,Tier_2_Regional,6,1.05,72.4,0.94,5083.44
SHP-11263,Singapore,Dubai,5904.8,13,LCL_Consolidated,Electronics,2472.2,11.9,Tier_3_Spot,9,1.25,98.7,1.13,2727.24
SHP-11264,Nhava Sheva,New York,14276.0,27,40ft_HighCube,General_Dry,25083.6,52.9,Tier_2_Regional,11,1.05,88.8,1.2,7605.83
SHP-11265,Busan,Long Beach,9438.3,15,40ft_HighCube,Electronics,11854.9,75.9,Tier_3_Spot,10,1.25,106.6,1.35,10068.89
SHP-11266,Nhava Sheva,Dubai,2173.9,7,LCL_Consolidated,Perishable_Reefer,3371.3,12.4,Tier_1_Alliance,5,1.05,102.3,1.28,2887.85
SHP-11267,Singapore,Dubai,5928.1,11,LCL_Consolidated,Textiles,4923.9,3.0,Tier_2_Regional,2,0.9,97.7,1.14,1777.8
SHP-11268,Singapore,Fremantle,3899.0,11,LCL_Consolidated,Textiles,967.8,11.4,Tier_2_Regional,12,1.05,89.6,1.21,1837.64
SHP-11269,Singapore,Fremantle,3875.2,11,LCL_Consolidated,General_Dry,985.1,12.1,Tier_3_Spot,11,1.05,106.3,1.19,1923.74
SHP-11270,Nhava Sheva,New York,14293.3,26,40ft_HighCube,Automotive,22767.5,63.7,Tier_3_Spot,7,1.05,97.9,0.9,6118.17
SHP-11271,Santos,Rotterdam,10257.6,20,20ft_Standard,Perishable_Reefer,16399.0,22.8,Tier_3_Spot,1,0.9,79.8,0.98,3859.36
SHP-11272,Santos,Rotterdam,10289.2,17,40ft_HighCube,Perishable_Reefer,23123.0,71.3,Tier_1_Alliance,5,1.05,84.9,1.25,11250.11
SHP-11273,Shanghai,Rotterdam,19594.7,28,40ft_HighCube,Perishable_Reefer,15841.2,66.7,Tier_1_Alliance,11,1.05,81.5,1.31,13329.54
SHP-11274,Nhava Sheva,Dubai,2111.7,8,40ft_HighCube,Textiles,23559.7,69.2,Tier_2_Regional,3,1.05,102.4,1.34,7155.94
SHP-11275,Shanghai,Rotterdam,19470.4,31,40ft_Standard,Hazardous_Chemicals,9823.4,58.1,Tier_2_Regional,11,1.05,86.6,1.22,10868.48
SHP-11276,Santos,Rotterdam,10137.2,20,40ft_Standard,Hazardous_Chemicals,16737.9,45.8,Tier_3_Spot,8,1.25,104.2,1.29,10896.55
SHP-11277,Shanghai,Los Angeles,10464.6,13,40ft_Standard,Automotive,24358.9,57.4,Tier_2_Regional,9,1.25,82.7,1.18,8523.82
SHP-11278,Shanghai,Los Angeles,10479.6,13,40ft_Standard,General_Dry,20810.0,64.3,Tier_1_Alliance,11,1.05,86.6,1.02,6236.05
SHP-11279,Busan,Long Beach,9368.0,14,LCL_Consolidated,Electronics,966.3,13.5,Tier_2_Regional,5,1.05,94.1,1.4,3639.67
SHP-11280,Shanghai,Rotterdam,19599.9,30,20ft_Standard,Electronics,5790.2,32.9,Tier_3_Spot,1,0.9,89.8,1.33,5723.38
SHP-11281,Nhava Sheva,Dubai,2049.1,5,LCL_Consolidated,Textiles,1154.2,5.6,Tier_1_Alliance,1,0.9,102.9,1.14,1424.07
SHP-11282,Chennai,Colombo,632.9,6,40ft_Standard,Perishable_Reefer,23262.3,53.6,Tier_1_Alliance,11,1.05,92.7,1.37,8730.92
SHP-11283,Hamburg,Singapore,15849.4,25,40ft_HighCube,Perishable_Reefer,16561.3,73.7,Tier_2_Regional,4,1.05,83.5,1.07,9515.45
SHP-11284,Busan,Long Beach,9326.9,13,40ft_Standard,General_Dry,20750.4,52.1,Tier_3_Spot,2,0.9,101.1,1.21,5122.52
SHP-11285,Busan,Long Beach,9369.7,16,40ft_Standard,Perishable_Reefer,18336.7,36.7,Tier_2_Regional,10,1.25,87.8,1.2,9223.76
SHP-11286,Nhava Sheva,New York,14290.6,26,20ft_Standard,Automotive,13061.9,16.0,Tier_2_Regional,6,1.05,89.2,1.26,5370.98
SHP-11287,Nhava Sheva,New York,14236.4,25,40ft_HighCube,Automotive,27052.3,67.6,Tier_2_Regional,12,1.05,93.5,1.11,8215.95
SHP-11288,Shanghai,Los Angeles,10597.2,14,LCL_Consolidated,Hazardous_Chemicals,3637.4,5.7,Tier_3_Spot,4,1.05,92.5,1.35,4284.46
SHP-11289,Hamburg,Singapore,15728.8,27,40ft_HighCube,General_Dry,10953.5,68.4,Tier_3_Spot,10,1.25,76.3,1.41,9640.84
SHP-11290,Singapore,Fremantle,3812.7,10,40ft_Standard,Textiles,12478.4,54.2,Tier_1_Alliance,3,1.05,102.1,0.9,4435.12
SHP-11291,Chennai,Colombo,695.7,4,20ft_Standard,General_Dry,13332.1,32.1,Tier_2_Regional,7,1.05,101.0,1.09,3018.38
SHP-11292,Chennai,Colombo,577.7,4,40ft_Standard,General_Dry,14392.8,57.6,Tier_2_Regional,5,1.05,90.0,0.98,3912.86
SHP-11293,Hamburg,Singapore,15740.1,25,20ft_Standard,Hazardous_Chemicals,16532.7,24.4,Tier_2_Regional,1,0.9,103.7,0.91,5151.05
SHP-11294,Tokyo,Los Angeles,8711.8,12,20ft_Standard,Electronics,20344.8,24.5,Tier_1_Alliance,1,0.9,83.8,1.05,4130.64
SHP-11295,Singapore,Fremantle,3912.7,7,40ft_Standard,Electronics,19175.7,40.8,Tier_3_Spot,4,1.05,107.1,0.93,4428.46
SHP-11296,Santos,Rotterdam,10282.5,21,40ft_HighCube,Automotive,26045.9,66.9,Tier_1_Alliance,3,1.05,90.3,1.32,9875.01
SHP-11297,Chennai,Colombo,556.1,2,20ft_Standard,Hazardous_Chemicals,4939.9,27.3,Tier_2_Regional,10,1.25,90.7,1.37,5113.95
SHP-11298,Chennai,Colombo,588.6,3,40ft_HighCube,Perishable_Reefer,19863.6,57.1,Tier_3_Spot,8,1.25,106.0,1.24,8769.0
SHP-11299,Nhava Sheva,New York,14167.7,27,40ft_Standard,Electronics,11390.1,47.9,Tier_2_Regional,6,1.05,74.1,1.41,8518.09
SHP-11300,Chennai,Colombo,712.2,6,20ft_Standard,Automotive,14943.2,20.8,Tier_1_Alliance,9,1.25,92.3,1.26,4407.97
SHP-11301,Tokyo,Los Angeles,8778.8,14,40ft_Standard,Hazardous_Chemicals,10438.6,59.4,Tier_2_Regional,5,1.05,106.0,1.11,8150.96
SHP-11302,Hamburg,Singapore,15775.4,26,20ft_Standard,Perishable_Reefer,8787.3,23.7,Tier_1_Alliance,7,1.05,83.0,1.42,8552.76
SHP-11303,Singapore,Dubai,5954.2,9,20ft_Standard,Electronics,8528.2,25.6,Tier_1_Alliance,10,1.25,91.5,1.23,5419.88
SHP-11304,Busan,Long Beach,9309.6,12,20ft_Standard,Hazardous_Chemicals,6388.3,32.4,Tier_2_Regional,1,0.9,101.7,1.25,5447.62
SHP-11305,Hamburg,Singapore,15847.7,27,40ft_Standard,Automotive,20260.4,36.4,Tier_2_Regional,4,1.05,75.6,1.39,8477.95
SHP-11306,Nhava Sheva,Dubai,2142.5,4,40ft_Standard,Perishable_Reefer,18280.6,54.6,Tier_1_Alliance,1,0.9,105.2,0.99,5560.31
SHP-11307,Busan,Long Beach,9323.3,14,20ft_Standard,Electronics,17645.5,30.0,Tier_3_Spot,3,1.05,107.5,1.33,5605.92
SHP-11308,Shanghai,Rotterdam,19583.5,30,20ft_Standard,Electronics,13777.5,26.2,Tier_1_Alliance,5,1.05,103.8,1.11,6984.06
SHP-11309,Singapore,Fremantle,3942.0,9,40ft_Standard,Textiles,24447.3,48.1,Tier_3_Spot,1,0.9,87.0,1.1,4145.17
SHP-11310,Singapore,Dubai,5968.5,10,LCL_Consolidated,Hazardous_Chemicals,546.9,10.3,Tier_3_Spot,1,0.9,97.1,1.12,2353.8
SHP-11311,Santos,Rotterdam,10237.9,17,20ft_Standard,General_Dry,19239.9,23.8,Tier_1_Alliance,3,1.05,91.3,0.97,4119.13
SHP-11312,Busan,Long Beach,9351.3,15,40ft_HighCube,Automotive,15124.7,62.7,Tier_2_Regional,2,0.9,99.4,1.09,5857.27
SHP-11313,Nhava Sheva,Dubai,2190.0,8,LCL_Consolidated,Electronics,2832.0,2.4,Tier_1_Alliance,8,1.25,75.9,1.0,1664.21
SHP-11314,Hamburg,Singapore,15736.9,23,40ft_Standard,Perishable_Reefer,14676.2,58.6,Tier_3_Spot,8,1.25,93.5,0.9,8044.62
SHP-11315,Tokyo,Los Angeles,8853.4,11,40ft_Standard,Textiles,8787.6,35.5,Tier_2_Regional,3,1.05,84.3,1.39,6111.75
SHP-11316,Shanghai,Los Angeles,10470.0,14,20ft_Standard,Perishable_Reefer,5755.8,20.3,Tier_2_Regional,2,0.9,80.1,1.22,4467.28
SHP-11317,Shanghai,Rotterdam,19531.6,30,20ft_Standard,Perishable_Reefer,18181.6,25.8,Tier_1_Alliance,5,1.05,92.0,0.96,7087.81
SHP-11318,Shanghai,Rotterdam,19411.3,27,LCL_Consolidated,Automotive,578.6,10.6,Tier_3_Spot,12,1.05,105.6,1.08,3924.75
SHP-11319,Shanghai,Los Angeles,10580.3,14,20ft_Standard,Perishable_Reefer,13128.8,29.6,Tier_1_Alliance,10,1.25,76.3,1.0,6400.11
SHP-11320,Santos,Rotterdam,10107.0,21,20ft_Standard,General_Dry,17832.0,23.6,Tier_3_Spot,10,1.25,95.2,1.03,4356.21
SHP-11321,Singapore,Fremantle,3877.4,8,LCL_Consolidated,Automotive,2053.2,13.9,Tier_2_Regional,8,1.25,89.2,1.37,2884.78
SHP-11322,Chennai,Colombo,657.3,4,40ft_Standard,Electronics,19467.7,40.6,Tier_2_Regional,7,1.05,108.0,1.36,6295.32
SHP-11323,Shanghai,Rotterdam,19548.0,30,40ft_HighCube,Electronics,18278.8,67.0,Tier_1_Alliance,9,1.25,102.7,1.41,15170.01
SHP-11324,Shanghai,Los Angeles,10568.0,15,40ft_Standard,Perishable_Reefer,23905.2,49.7,Tier_2_Regional,8,1.25,88.0,1.09,9472.15
SHP-11325,Shanghai,Rotterdam,19467.6,30,40ft_Standard,Textiles,11706.5,41.9,Tier_3_Spot,4,1.05,92.5,1.39,7843.87
SHP-11326,Busan,Long Beach,9431.9,16,40ft_HighCube,Perishable_Reefer,25523.9,69.6,Tier_3_Spot,6,1.05,95.2,1.0,7705.83
SHP-11327,Shanghai,Los Angeles,10494.0,17,LCL_Consolidated,Hazardous_Chemicals,2354.5,4.4,Tier_3_Spot,6,1.05,91.9,0.96,2961.1
SHP-11328,Hamburg,Singapore,15887.4,26,40ft_Standard,Perishable_Reefer,20491.5,47.4,Tier_1_Alliance,11,1.05,78.2,1.41,12132.22
SHP-11329,Santos,Rotterdam,10212.7,18,LCL_Consolidated,Automotive,1178.1,5.8,Tier_1_Alliance,4,1.05,103.2,0.95,2697.24
SHP-11330,Chennai,Colombo,613.2,6,20ft_Standard,Textiles,17165.3,16.5,Tier_1_Alliance,1,0.9,105.1,1.35,3375.52
SHP-11331,Shanghai,Rotterdam,19570.5,29,40ft_HighCube,Electronics,12710.9,51.6,Tier_3_Spot,2,0.9,85.1,1.37,8274.0
SHP-11332,Singapore,Fremantle,3980.9,10,LCL_Consolidated,Hazardous_Chemicals,1288.5,5.6,Tier_3_Spot,9,1.25,77.8,1.36,2917.23
SHP-11333,Shanghai,Los Angeles,10483.0,17,LCL_Consolidated,Electronics,2985.4,7.6,Tier_3_Spot,5,1.05,96.8,1.37,3609.66
SHP-11334,Nhava Sheva,New York,14232.8,26,LCL_Consolidated,General_Dry,1110.2,6.6,Tier_1_Alliance,7,1.05,89.2,1.29,3851.49
SHP-11335,Singapore,Fremantle,3937.6,9,LCL_Consolidated,Automotive,1318.3,12.7,Tier_3_Spot,8,1.25,106.1,1.19,2475.59
SHP-11336,Shanghai,Rotterdam,19597.6,29,20ft_Standard,Electronics,14232.6,27.2,Tier_1_Alliance,3,1.05,76.0,1.38,8233.4
SHP-11337,Santos,Rotterdam,10139.4,19,40ft_HighCube,Textiles,16384.8,75.5,Tier_1_Alliance,8,1.25,72.6,1.36,10513.2
SHP-11338,Hamburg,Singapore,15898.3,25,40ft_HighCube,Electronics,15044.4,61.1,Tier_3_Spot,1,0.9,89.6,1.37,8007.06
SHP-11339,Chennai,Rotterdam,11529.9,23,40ft_HighCube,Perishable_Reefer,16075.3,53.5,Tier_2_Regional,11,1.05,88.5,0.92,7056.85
SHP-11340,Tokyo,Los Angeles,8706.3,14,20ft_Standard,Textiles,3345.8,21.9,Tier_3_Spot,8,1.25,85.7,0.9,3056.77
SHP-11341,Santos,Rotterdam,10154.1,20,40ft_HighCube,Hazardous_Chemicals,25365.3,69.3,Tier_3_Spot,7,1.05,97.5,0.95,8034.11
SHP-11342,Shanghai,Rotterdam,19543.8,31,40ft_Standard,Perishable_Reefer,12800.1,64.2,Tier_2_Regional,11,1.05,75.1,1.24,10514.63
SHP-11343,Shanghai,Rotterdam,19572.3,27,20ft_Standard,Electronics,7373.3,18.2,Tier_1_Alliance,2,0.9,77.5,1.31,6200.6
SHP-11344,Nhava Sheva,New York,14272.7,25,20ft_Standard,Textiles,18662.9,26.1,Tier_2_Regional,3,1.05,93.0,1.4,6260.53
SHP-11345,Chennai,Colombo,676.2,4,20ft_Standard,Automotive,4011.0,17.5,Tier_1_Alliance,12,1.05,105.4,0.98,2423.77
SHP-11346,Busan,Long Beach,9490.3,12,LCL_Consolidated,Textiles,1446.0,10.6,Tier_1_Alliance,7,1.05,83.5,1.17,2720.35
SHP-11347,Chennai,Colombo,713.5,5,40ft_Standard,Perishable_Reefer,21168.2,53.9,Tier_2_Regional,1,0.9,87.9,1.15,5587.1
SHP-11348,Nhava Sheva,New York,14135.2,26,40ft_HighCube,Electronics,20357.8,50.9,Tier_3_Spot,2,0.9,97.3,0.92,5200.28
SHP-11349,Shanghai,Los Angeles,10569.7,14,40ft_Standard,Perishable_Reefer,23048.7,44.5,Tier_3_Spot,7,1.05,90.2,1.03,6904.37
SHP-11350,Hamburg,Singapore,15750.2,25,40ft_Standard,Automotive,19787.2,66.0,Tier_1_Alliance,5,1.05,82.1,0.97,7174.63
SHP-11351,Chennai,Rotterdam,11412.6,23,20ft_Standard,Automotive,4439.1,28.8,Tier_2_Regional,12,1.05,88.1,1.41,5339.5
SHP-11352,Santos,Rotterdam,10117.6,21,40ft_HighCube,Textiles,20899.1,74.7,Tier_3_Spot,10,1.25,81.4,1.33,9131.82
SHP-11353,Chennai,Colombo,621.6,5,40ft_HighCube,Perishable_Reefer,23741.4,54.7,Tier_2_Regional,12,1.05,78.9,1.2,7395.73
SHP-11354,Chennai,Rotterdam,11538.2,24,LCL_Consolidated,Perishable_Reefer,4655.5,12.2,Tier_2_Regional,7,1.05,88.7,1.37,4780.07
SHP-11355,Chennai,Colombo,580.5,5,LCL_Consolidated,General_Dry,4047.2,6.6,Tier_1_Alliance,11,1.05,77.4,1.08,1099.07
SHP-11356,Hamburg,Singapore,15858.3,24,40ft_Standard,Automotive,11905.9,35.5,Tier_1_Alliance,8,1.25,77.4,1.06,8038.02
SHP-11357,Chennai,Rotterdam,11499.5,22,40ft_HighCube,Automotive,14099.3,60.1,Tier_2_Regional,12,1.05,90.0,1.11,7021.98
SHP-11358,Shanghai,Los Angeles,10497.5,13,40ft_HighCube,General_Dry,27153.1,66.9,Tier_1_Alliance,10,1.25,82.4,1.01,8072.75
SHP-11359,Chennai,Colombo,710.7,5,LCL_Consolidated,General_Dry,3341.8,6.1,Tier_2_Regional,5,1.05,96.6,1.11,1307.47
SHP-11360,Nhava Sheva,New York,14219.8,29,40ft_HighCube,Hazardous_Chemicals,16720.4,66.3,Tier_3_Spot,3,1.05,85.3,1.4,11894.29
SHP-11361,Nhava Sheva,New York,14103.5,27,LCL_Consolidated,Electronics,4750.6,10.3,Tier_1_Alliance,6,1.05,94.8,1.37,5125.37
SHP-11362,Chennai,Colombo,707.4,6,40ft_HighCube,Automotive,22569.9,73.0,Tier_2_Regional,6,1.05,100.1,1.19,6597.3
SHP-11363,Nhava Sheva,Dubai,2141.6,8,40ft_Standard,Electronics,18139.4,63.5,Tier_2_Regional,6,1.05,90.4,0.93,4697.49
SHP-11364,Shanghai,Los Angeles,10524.7,13,LCL_Consolidated,Perishable_Reefer,4551.9,13.4,Tier_3_Spot,12,1.05,81.6,1.12,3502.99
SHP-11365,Nhava Sheva,Dubai,2158.3,6,40ft_Standard,Hazardous_Chemicals,16527.4,42.1,Tier_1_Alliance,1,0.9,83.8,1.33,7141.08
SHP-11366,Chennai,Colombo,662.4,4,40ft_HighCube,Perishable_Reefer,20885.9,61.6,Tier_2_Regional,11,1.05,78.8,1.38,8519.1
SHP-11367,Singapore,Fremantle,3824.1,7,40ft_Standard,Automotive,13084.2,60.3,Tier_3_Spot,7,1.05,97.2,1.34,6128.38
SHP-11368,Singapore,Dubai,5852.2,10,40ft_HighCube,General_Dry,21729.4,68.6,Tier_1_Alliance,2,0.9,85.3,1.3,6649.65
SHP-11369,Shanghai,Los Angeles,10489.3,16,40ft_Standard,Automotive,21652.3,38.4,Tier_2_Regional,5,1.05,88.4,0.99,5523.88
SHP-11370,Singapore,Fremantle,3890.7,8,40ft_Standard,Hazardous_Chemicals,10230.5,62.8,Tier_1_Alliance,9,1.25,89.2,0.96,7918.61
SHP-11371,Busan,Long Beach,9375.0,12,LCL_Consolidated,Textiles,2279.9,5.9,Tier_2_Regional,1,0.9,95.2,1.05,2084.86
SHP-11372,Singapore,Fremantle,3807.9,11,20ft_Standard,Textiles,15846.0,23.9,Tier_3_Spot,2,0.9,77.0,0.94,2083.33
SHP-11373,Shanghai,Los Angeles,10588.0,14,20ft_Standard,Hazardous_Chemicals,9086.8,22.4,Tier_2_Regional,2,0.9,89.7,1.17,4954.63
SHP-11374,Tokyo,Los Angeles,8783.3,13,40ft_Standard,Automotive,22658.6,49.4,Tier_1_Alliance,2,0.9,99.5,1.35,7407.62
SHP-11375,Nhava Sheva,Dubai,2047.9,8,20ft_Standard,General_Dry,18172.1,19.1,Tier_3_Spot,1,0.9,73.5,1.29,2612.37
SHP-11376,Shanghai,Los Angeles,10590.9,14,40ft_HighCube,Hazardous_Chemicals,23607.3,65.8,Tier_2_Regional,1,0.9,90.4,1.04,7823.3
SHP-11377,Chennai,Rotterdam,11533.9,24,20ft_Standard,General_Dry,13614.0,18.8,Tier_1_Alliance,10,1.25,89.7,1.07,5197.41
SHP-11378,Nhava Sheva,New York,14216.3,27,40ft_Standard,Perishable_Reefer,10740.6,35.2,Tier_1_Alliance,11,1.05,98.8,1.03,7952.93
SHP-11379,Tokyo,Los Angeles,8774.9,13,40ft_Standard,Electronics,12613.0,41.3,Tier_3_Spot,5,1.05,86.1,1.23,6195.55
SHP-11380,Chennai,Colombo,555.8,6,LCL_Consolidated,Electronics,1007.1,6.6,Tier_1_Alliance,2,0.9,98.7,1.35,1638.5
SHP-11381,Nhava Sheva,Dubai,2152.0,6,40ft_Standard,Automotive,14496.9,36.7,Tier_2_Regional,11,1.05,80.3,1.36,5542.13
SHP-11382,Singapore,Dubai,5843.4,9,40ft_HighCube,General_Dry,24932.6,71.7,Tier_1_Alliance,4,1.05,90.0,1.27,7994.92
SHP-11383,Busan,Long Beach,9365.5,15,40ft_Standard,Perishable_Reefer,18094.9,44.1,Tier_2_Regional,11,1.05,102.9,1.01,6891.4
SHP-11384,Singapore,Fremantle,3821.5,7,20ft_Standard,Automotive,18429.0,32.0,Tier_1_Alliance,1,0.9,82.9,1.09,3518.02
SHP-11385,Singapore,Fremantle,3992.2,7,20ft_Standard,Hazardous_Chemicals,14623.9,32.5,Tier_1_Alliance,12,1.05,103.6,0.92,4644.15
SHP-11386,Hamburg,Singapore,15830.7,25,20ft_Standard,General_Dry,5553.1,23.2,Tier_2_Regional,4,1.05,76.3,1.22,4785.89
SHP-11387,Santos,Rotterdam,10258.6,20,40ft_Standard,General_Dry,9549.7,42.5,Tier_1_Alliance,10,1.25,97.0,1.03,6550.02
SHP-11388,Chennai,Rotterdam,11540.6,24,20ft_Standard,Textiles,5759.3,16.2,Tier_3_Spot,11,1.05,85.6,0.9,2848.17
SHP-11389,Hamburg,Singapore,15866.1,26,40ft_Standard,General_Dry,24153.3,56.0,Tier_3_Spot,5,1.05,97.6,1.27,7440.01
SHP-11390,Nhava Sheva,Dubai,2160.4,4,40ft_HighCube,Electronics,22414.2,70.1,Tier_1_Alliance,11,1.05,73.6,1.18,7386.38
SHP-11391,Hamburg,Singapore,15811.8,26,40ft_Standard,Textiles,8851.3,46.6,Tier_3_Spot,10,1.25,85.2,1.32,8138.8
SHP-11392,Tokyo,Los Angeles,8732.8,12,40ft_Standard,Hazardous_Chemicals,19507.7,48.0,Tier_3_Spot,10,1.25,86.5,1.13,9201.8
SHP-11393,Shanghai,Rotterdam,19553.5,28,LCL_Consolidated,Textiles,2335.2,13.5,Tier_3_Spot,2,0.9,93.7,1.36,3995.53
SHP-11394,Shanghai,Rotterdam,19584.9,30,LCL_Consolidated,Automotive,1239.2,2.5,Tier_3_Spot,9,1.25,105.1,1.41,5935.87
SHP-11395,Shanghai,Los Angeles,10519.8,17,40ft_Standard,Automotive,25590.2,60.4,Tier_1_Alliance,12,1.05,86.3,1.32,9036.33
SHP-11396,Nhava Sheva,New York,14298.1,29,20ft_Standard,Automotive,13358.4,19.6,Tier_1_Alliance,9,1.25,95.9,0.97,5637.79
SHP-11397,Nhava Sheva,Dubai,2136.8,6,LCL_Consolidated,General_Dry,3793.3,11.6,Tier_2_Regional,9,1.25,105.7,1.16,2088.87
SHP-11398,Hamburg,Singapore,15743.8,25,LCL_Consolidated,Textiles,1516.2,9.7,Tier_1_Alliance,3,1.05,102.0,1.36,4756.61
SHP-11399,Nhava Sheva,Dubai,2143.2,8,20ft_Standard,Perishable_Reefer,19485.2,27.5,Tier_1_Alliance,5,1.05,80.7,1.1,4559.78
SHP-11400,Nhava Sheva,Dubai,2108.4,4,40ft_Standard,General_Dry,8559.8,38.9,Tier_1_Alliance,3,1.05,101.8,1.25,5087.98
SHP-11401,Nhava Sheva,New York,14150.7,25,LCL_Consolidated,Hazardous_Chemicals,2313.5,10.4,Tier_3_Spot,5,1.05,84.4,1.08,4090.72
SHP-11402,Singapore,Dubai,5885.7,13,LCL_Consolidated,Textiles,3170.0,10.1,Tier_3_Spot,1,0.9,90.0,1.07,1652.8
SHP-11403,Singapore,Dubai,5940.1,12,20ft_Standard,Perishable_Reefer,13568.2,30.9,Tier_3_Spot,11,1.05,89.7,0.89,3642.53
SHP-11404,Chennai,Rotterdam,11592.6,21,LCL_Consolidated,Hazardous_Chemicals,914.2,4.9,Tier_3_Spot,12,1.05,94.7,0.93,3069.65
SHP-11405,Hamburg,Singapore,15849.8,24,LCL_Consolidated,General_Dry,1894.2,11.3,Tier_2_Regional,8,1.25,79.8,1.1,3813.65
SHP-11406,Chennai,Rotterdam,11536.8,25,20ft_Standard,Automotive,4243.8,18.3,Tier_2_Regional,5,1.05,97.1,1.09,3997.61
SHP-11407,Tokyo,Los Angeles,8830.7,10,40ft_HighCube,Automotive,22567.9,60.2,Tier_1_Alliance,8,1.25,82.6,0.97,7976.64
SHP-11408,Singapore,Dubai,5920.2,12,20ft_Standard,Textiles,20434.2,16.4,Tier_1_Alliance,8,1.25,89.5,0.88,3725.29
SHP-11409,Busan,Long Beach,9461.4,13,LCL_Consolidated,General_Dry,1322.1,6.1,Tier_2_Regional,11,1.05,93.0,1.15,2457.88
SHP-11410,Busan,Long Beach,9388.9,12,20ft_Standard,Electronics,5376.0,32.6,Tier_1_Alliance,10,1.25,92.3,1.12,5783.05
SHP-11411,Shanghai,Rotterdam,19558.9,30,20ft_Standard,Textiles,19158.4,21.6,Tier_3_Spot,9,1.25,75.8,1.14,6251.44
SHP-11412,Singapore,Dubai,5887.3,12,20ft_Standard,General_Dry,7730.0,32.1,Tier_1_Alliance,6,1.05,89.1,1.15,3824.23
SHP-11413,Nhava Sheva,Dubai,2181.3,5,20ft_Standard,General_Dry,4554.8,18.4,Tier_1_Alliance,4,1.05,88.1,1.42,3487.95
SHP-11414,Shanghai,Rotterdam,19511.5,30,20ft_Standard,Textiles,13478.2,17.1,Tier_1_Alliance,1,0.9,80.4,0.96,4167.5
SHP-11415,Shanghai,Los Angeles,10549.3,16,20ft_Standard,Hazardous_Chemicals,12183.5,15.2,Tier_1_Alliance,9,1.25,96.0,1.2,7998.48
SHP-11416,Chennai,Rotterdam,11460.7,22,40ft_HighCube,Electronics,24422.1,50.8,Tier_2_Regional,8,1.25,89.2,1.0,8114.89
SHP-11417,Shanghai,Los Angeles,10477.6,17,20ft_Standard,Electronics,5285.2,24.2,Tier_3_Spot,2,0.9,89.2,1.41,4363.04
SHP-11418,Nhava Sheva,New York,14213.2,26,LCL_Consolidated,Textiles,4719.2,11.9,Tier_2_Regional,7,1.05,74.1,1.11,3238.2
SHP-11419,Shanghai,Rotterdam,19556.1,27,40ft_Standard,Textiles,24754.0,47.5,Tier_3_Spot,10,1.25,102.1,1.0,7578.22
SHP-11420,Shanghai,Los Angeles,10495.9,17,LCL_Consolidated,Textiles,1207.8,9.2,Tier_3_Spot,5,1.05,89.9,0.92,2051.42
SHP-11421,Singapore,Fremantle,3806.2,7,20ft_Standard,Textiles,16912.5,15.7,Tier_1_Alliance,5,1.05,86.2,1.13,3537.2
SHP-11422,Shanghai,Rotterdam,19460.7,31,40ft_HighCube,Hazardous_Chemicals,19205.9,57.0,Tier_2_Regional,12,1.05,93.2,1.18,11744.74
SHP-11423,Santos,Rotterdam,10221.0,21,40ft_Standard,Perishable_Reefer,9637.8,50.7,Tier_2_Regional,6,1.05,91.2,1.21,7956.63
SHP-11424,Nhava Sheva,New York,14150.3,27,40ft_HighCube,Hazardous_Chemicals,19243.3,54.7,Tier_3_Spot,6,1.05,104.7,1.19,10122.64
SHP-11425,Shanghai,Rotterdam,19594.5,28,40ft_HighCube,Automotive,17407.7,53.2,Tier_3_Spot,7,1.05,96.1,0.98,6773.7
SHP-11426,Singapore,Fremantle,3978.1,8,40ft_HighCube,Electronics,22347.6,67.1,Tier_3_Spot,9,1.25,83.6,1.31,8811.7
SHP-11427,Singapore,Fremantle,3904.0,7,40ft_HighCube,Textiles,13703.2,69.5,Tier_1_Alliance,6,1.05,78.6,1.23,6668.4
SHP-11428,Chennai,Colombo,625.0,5,LCL_Consolidated,Textiles,4696.2,7.5,Tier_2_Regional,6,1.05,77.3,1.21,1306.49
SHP-11429,Singapore,Dubai,5824.9,12,LCL_Consolidated,General_Dry,1350.2,13.2,Tier_1_Alliance,8,1.25,88.4,1.42,3323.91
SHP-11430,Singapore,Fremantle,3964.2,11,LCL_Consolidated,Electronics,729.5,7.1,Tier_2_Regional,8,1.25,93.4,1.14,2308.01
SHP-11431,Hamburg,Singapore,15762.6,24,40ft_Standard,General_Dry,21682.2,66.8,Tier_2_Regional,1,0.9,102.5,1.03,5695.78
SHP-11432,Tokyo,Los Angeles,8807.0,11,20ft_Standard,Textiles,10618.7,15.7,Tier_3_Spot,11,1.05,92.4,0.89,2758.83
SHP-11433,Shanghai,Rotterdam,19595.4,29,40ft_HighCube,Perishable_Reefer,14148.8,64.2,Tier_1_Alliance,10,1.25,99.1,1.38,16822.13
SHP-11434,Shanghai,Rotterdam,19568.2,28,20ft_Standard,Automotive,8700.9,19.0,Tier_3_Spot,7,1.05,79.3,1.21,5486.47
SHP-11435,Shanghai,Los Angeles,10418.2,17,40ft_HighCube,Perishable_Reefer,11722.3,71.2,Tier_1_Alliance,4,1.05,80.7,1.21,10169.63
SHP-11436,Shanghai,Los Angeles,10583.5,15,20ft_Standard,General_Dry,15080.9,22.8,Tier_1_Alliance,10,1.25,102.6,1.12,5561.98
SHP-11437,Nhava Sheva,Dubai,2020.1,4,LCL_Consolidated,Textiles,2491.4,10.9,Tier_2_Regional,7,1.05,102.6,1.29,1971.08
SHP-11438,Chennai,Rotterdam,11508.3,23,40ft_Standard,Textiles,15859.7,63.0,Tier_2_Regional,6,1.05,83.6,1.15,6402.1
SHP-11439,Singapore,Fremantle,3877.6,10,40ft_Standard,Hazardous_Chemicals,20662.2,54.2,Tier_1_Alliance,12,1.05,96.6,0.97,7195.66
SHP-11440,Hamburg,Singapore,15741.4,25,40ft_HighCube,Perishable_Reefer,14477.8,54.0,Tier_2_Regional,4,1.05,85.7,1.35,11190.69
SHP-11441,Chennai,Rotterdam,11537.3,25,40ft_Standard,Textiles,9164.5,57.8,Tier_3_Spot,1,0.9,86.0,1.07,4554.9
SHP-11442,Hamburg,Singapore,15704.1,26,LCL_Consolidated,Perishable_Reefer,2468.1,6.2,Tier_1_Alliance,5,1.05,85.2,1.42,6119.56
SHP-11443,Chennai,Colombo,581.6,3,40ft_Standard,General_Dry,14562.3,59.3,Tier_2_Regional,2,0.9,97.5,0.97,3347.88
SHP-11444,Singapore,Fremantle,3939.1,7,40ft_HighCube,General_Dry,26776.2,59.0,Tier_3_Spot,5,1.05,77.1,1.12,5409.23
SHP-11445,Shanghai,Los Angeles,10445.8,15,40ft_Standard,Automotive,12172.7,38.0,Tier_1_Alliance,1,0.9,92.6,1.3,6440.66
SHP-11446,Busan,Long Beach,9335.2,16,LCL_Consolidated,Perishable_Reefer,1563.1,11.7,Tier_1_Alliance,4,1.05,93.7,0.92,3056.23
SHP-11447,Nhava Sheva,New York,14153.8,26,20ft_Standard,Perishable_Reefer,16695.5,28.0,Tier_3_Spot,3,1.05,91.2,0.98,5352.29
SHP-11448,Chennai,Rotterdam,11465.1,22,40ft_HighCube,Automotive,19016.4,72.7,Tier_1_Alliance,7,1.05,76.9,0.91,6706.88
SHP-11449,Shanghai,Los Angeles,10569.3,14,40ft_HighCube,Automotive,18323.3,59.1,Tier_2_Regional,12,1.05,76.0,1.01,6259.5
SHP-11450,Santos,Rotterdam,10221.2,17,20ft_Standard,Perishable_Reefer,3010.3,23.3,Tier_1_Alliance,8,1.25,96.4,1.09,6322.3
SHP-11451,Tokyo,Los Angeles,8845.2,14,LCL_Consolidated,Textiles,2092.7,9.3,Tier_3_Spot,12,1.05,102.2,1.1,2434.16
SHP-11452,Singapore,Dubai,5904.7,12,40ft_Standard,Automotive,10272.3,36.2,Tier_2_Regional,2,0.9,93.6,1.08,4222.71
SHP-11453,Singapore,Dubai,5823.1,12,LCL_Consolidated,Perishable_Reefer,2181.3,5.8,Tier_2_Regional,4,1.05,99.0,1.0,2514.14
SHP-11454,Santos,Rotterdam,10250.1,20,40ft_Standard,Textiles,15134.5,39.6,Tier_2_Regional,4,1.05,104.5,1.02,5233.71
SHP-11455,Hamburg,Singapore,15793.3,26,40ft_HighCube,Electronics,12347.5,74.7,Tier_2_Regional,4,1.05,106.1,1.36,10268.39
SHP-11456,Nhava Sheva,New York,14159.1,25,40ft_HighCube,Perishable_Reefer,25966.8,72.0,Tier_2_Regional,2,0.9,93.5,1.07,8384.42
SHP-11457,Tokyo,Los Angeles,8810.3,10,LCL_Consolidated,General_Dry,1991.5,5.7,Tier_2_Regional,9,1.25,78.0,1.42,3318.68
SHP-11458,Shanghai,Los Angeles,10548.9,17,40ft_HighCube,General_Dry,19171.1,64.6,Tier_1_Alliance,6,1.05,72.9,1.1,7010.32
SHP-11459,Singapore,Fremantle,3892.1,11,40ft_HighCube,Hazardous_Chemicals,10916.5,61.0,Tier_2_Regional,2,0.9,103.8,1.29,7759.37
SHP-11460,Hamburg,Singapore,15852.7,23,20ft_Standard,Electronics,8942.7,27.9,Tier_2_Regional,12,1.05,98.0,1.02,5008.62
SHP-11461,Shanghai,Los Angeles,10552.4,14,20ft_Standard,Automotive,7963.7,19.0,Tier_2_Regional,1,0.9,82.9,1.39,4255.0
SHP-11462,Nhava Sheva,Dubai,2083.7,5,LCL_Consolidated,Electronics,2961.8,5.1,Tier_2_Regional,4,1.05,72.0,0.92,1146.57
SHP-11463,Chennai,Rotterdam,11453.1,24,20ft_Standard,Electronics,19472.4,18.0,Tier_2_Regional,11,1.05,89.8,0.92,4041.96
SHP-11464,Chennai,Colombo,712.3,4,40ft_HighCube,Perishable_Reefer,20386.8,62.0,Tier_2_Regional,12,1.05,83.9,1.24,7695.9
SHP-11465,Tokyo,Los Angeles,8731.1,14,40ft_HighCube,Automotive,14071.6,45.7,Tier_1_Alliance,8,1.25,81.8,1.39,10167.53
SHP-11466,Singapore,Dubai,5899.8,12,20ft_Standard,Automotive,17430.1,19.6,Tier_2_Regional,3,1.05,92.0,1.34,4714.12
SHP-11467,Nhava Sheva,Dubai,2176.1,5,LCL_Consolidated,Electronics,3638.2,8.1,Tier_1_Alliance,7,1.05,98.7,1.11,2012.03
SHP-11468,Shanghai,Rotterdam,19459.8,28,40ft_Standard,Automotive,25072.8,56.2,Tier_2_Regional,6,1.05,105.3,0.91,6769.71
SHP-11469,Hamburg,Singapore,15863.0,24,LCL_Consolidated,Perishable_Reefer,2002.0,6.4,Tier_1_Alliance,5,1.05,80.5,1.35,5763.17
SHP-11470,Chennai,Colombo,735.6,5,40ft_Standard,Perishable_Reefer,23290.1,44.2,Tier_2_Regional,10,1.25,101.0,1.06,7174.3
SHP-11471,Singapore,Fremantle,3865.4,10,20ft_Standard,General_Dry,4481.6,28.3,Tier_1_Alliance,3,1.05,91.5,1.15,3248.96
SHP-11472,Nhava Sheva,New York,14286.9,26,20ft_Standard,General_Dry,6196.3,17.4,Tier_2_Regional,6,1.05,96.4,1.38,5203.94
SHP-11473,Busan,Long Beach,9371.5,16,20ft_Standard,General_Dry,19071.8,20.9,Tier_1_Alliance,1,0.9,107.9,0.92,3301.48
SHP-11474,Chennai,Rotterdam,11522.9,22,40ft_Standard,Perishable_Reefer,9935.7,54.0,Tier_2_Regional,10,1.25,102.1,0.92,7686.23
SHP-11475,Singapore,Fremantle,3856.9,7,LCL_Consolidated,Automotive,1208.3,11.3,Tier_2_Regional,9,1.25,75.5,1.21,2239.28
SHP-11476,Busan,Long Beach,9356.7,15,40ft_HighCube,Textiles,22508.4,70.1,Tier_1_Alliance,6,1.05,106.3,1.05,7198.18
SHP-11477,Santos,Rotterdam,10241.1,20,LCL_Consolidated,Electronics,3498.1,4.5,Tier_2_Regional,8,1.25,77.4,0.96,2853.17
SHP-11478,Nhava Sheva,New York,14111.7,25,40ft_Standard,General_Dry,10270.0,58.1,Tier_2_Regional,5,1.05,99.7,1.25,6972.21
SHP-11479,Singapore,Fremantle,3847.9,10,LCL_Consolidated,Perishable_Reefer,4684.4,10.0,Tier_1_Alliance,11,1.05,91.9,1.2,2905.3
SHP-11480,Busan,Long Beach,9342.0,15,20ft_Standard,Hazardous_Chemicals,10034.3,21.2,Tier_1_Alliance,1,0.9,73.1,1.34,5850.12
SHP-11481,Singapore,Dubai,5877.9,12,LCL_Consolidated,Textiles,4026.8,12.4,Tier_2_Regional,8,1.25,76.8,1.06,2269.79
SHP-11482,Busan,Long Beach,9384.5,14,40ft_Standard,General_Dry,25177.2,48.3,Tier_1_Alliance,8,1.25,103.5,1.06,7607.05
SHP-11483,Chennai,Rotterdam,11576.8,22,LCL_Consolidated,Hazardous_Chemicals,3743.5,7.0,Tier_1_Alliance,1,0.9,94.7,1.26,4344.3
SHP-11484,Singapore,Fremantle,3874.6,7,20ft_Standard,Perishable_Reefer,6630.8,17.7,Tier_3_Spot,11,1.05,95.7,1.28,4072.01
SHP-11485,Tokyo,Los Angeles,8754.7,13,40ft_Standard,Perishable_Reefer,22405.0,49.6,Tier_3_Spot,12,1.05,93.3,1.04,6856.98
SHP-11486,Chennai,Colombo,558.9,4,20ft_Standard,Perishable_Reefer,14286.8,29.3,Tier_3_Spot,8,1.25,101.9,1.11,4356.05
SHP-11487,Chennai,Colombo,732.8,6,40ft_Standard,Hazardous_Chemicals,12012.2,43.5,Tier_3_Spot,11,1.05,102.7,1.32,6704.06
SHP-11488,Santos,Rotterdam,10280.9,19,LCL_Consolidated,Hazardous_Chemicals,2888.3,2.5,Tier_1_Alliance,8,1.25,80.6,0.88,3496.53
SHP-11489,Chennai,Rotterdam,11591.7,23,LCL_Consolidated,General_Dry,4408.5,10.8,Tier_3_Spot,11,1.05,100.4,1.3,3319.36
SHP-11490,Santos,Rotterdam,10110.2,21,40ft_Standard,Automotive,17942.5,59.9,Tier_3_Spot,4,1.05,105.3,1.09,6137.39
SHP-11491,Busan,Long Beach,9365.7,16,40ft_Standard,General_Dry,15731.0,45.5,Tier_3_Spot,4,1.05,106.1,0.89,4328.44
SHP-11492,Shanghai,Los Angeles,10586.2,15,40ft_Standard,Textiles,20092.6,48.3,Tier_2_Regional,7,1.05,79.3,0.97,5087.48
SHP-11493,Nhava Sheva,New York,14253.0,27,40ft_HighCube,Automotive,19876.3,47.1,Tier_3_Spot,3,1.05,103.4,1.34,8534.81
SHP-11494,Chennai,Rotterdam,11590.7,21,40ft_HighCube,Electronics,23768.2,55.5,Tier_1_Alliance,9,1.25,99.6,1.3,12022.91
SHP-11495,Chennai,Colombo,652.2,5,40ft_HighCube,General_Dry,24202.0,56.0,Tier_2_Regional,7,1.05,101.0,1.17,5683.66
SHP-11496,Singapore,Dubai,5945.1,13,20ft_Standard,General_Dry,5624.6,17.9,Tier_1_Alliance,12,1.05,91.3,1.14,3471.1
SHP-11497,Santos,Rotterdam,10170.3,19,LCL_Consolidated,Perishable_Reefer,4132.7,11.3,Tier_1_Alliance,7,1.05,79.6,0.98,3430.41
SHP-11498,Santos,Rotterdam,10196.7,21,20ft_Standard,Textiles,18021.2,31.8,Tier_1_Alliance,8,1.25,92.1,1.13,5981.86
SHP-11499,Shanghai,Rotterdam,19528.5,28,20ft_Standard,General_Dry,6385.4,25.3,Tier_2_Regional,1,0.9,107.6,1.38,5554.39
SHP-11500,Santos,Rotterdam,10167.7,17,40ft_HighCube,Perishable_Reefer,12413.4,48.0,Tier_1_Alliance,9,1.25,92.2,0.94,8869.49
SHP-11501,Shanghai,Los Angeles,10494.7,17,40ft_HighCube,General_Dry,24594.9,69.4,Tier_3_Spot,11,1.05,83.4,1.05,5992.79
SHP-11502,Hamburg,Singapore,15758.7,23,20ft_Standard,Hazardous_Chemicals,20353.4,17.5,Tier_3_Spot,5,1.05,101.4,1.42,8684.27
SHP-11503,Singapore,Dubai,5868.0,12,20ft_Standard,Automotive,4352.0,20.6,Tier_2_Regional,5,1.05,86.6,0.89,2586.32
SHP-11504,Singapore,Dubai,5865.6,9,40ft_Standard,Automotive,18791.8,38.2,Tier_3_Spot,2,0.9,75.4,1.02,3889.7
SHP-11505,Shanghai,Rotterdam,19463.7,27,40ft_Standard,Automotive,18480.1,37.5,Tier_1_Alliance,1,0.9,82.0,1.33,8312.53
SHP-11506,Tokyo,Los Angeles,8851.0,10,40ft_HighCube,Automotive,15355.8,72.8,Tier_3_Spot,1,0.9,83.2,1.35,6758.81
SHP-11507,Nhava Sheva,New York,14231.6,27,20ft_Standard,Electronics,4697.7,32.0,Tier_1_Alliance,1,0.9,75.8,1.14,4754.8
SHP-11508,Chennai,Colombo,711.9,5,20ft_Standard,Hazardous_Chemicals,13635.4,25.1,Tier_1_Alliance,4,1.05,75.0,0.97,3603.81
SHP-11509,Santos,Rotterdam,10283.6,17,20ft_Standard,Perishable_Reefer,16117.5,17.3,Tier_1_Alliance,12,1.05,106.5,1.35,7546.83
SHP-11510,Tokyo,Los Angeles,8747.7,13,20ft_Standard,Textiles,18751.3,25.4,Tier_3_Spot,12,1.05,99.9,0.98,3441.27
SHP-11511,Tokyo,Los Angeles,8747.6,13,40ft_Standard,Automotive,14991.9,61.4,Tier_3_Spot,5,1.05,84.4,1.1,5721.09
SHP-11512,Singapore,Fremantle,3882.3,11,40ft_HighCube,Hazardous_Chemicals,21094.9,72.6,Tier_1_Alliance,12,1.05,87.1,1.23,10294.43
SHP-11513,Chennai,Colombo,550.3,2,LCL_Consolidated,Automotive,3860.5,10.3,Tier_1_Alliance,10,1.25,78.6,1.23,1851.37
SHP-11514,Nhava Sheva,New York,14293.4,26,40ft_Standard,Textiles,12155.4,43.0,Tier_1_Alliance,1,0.9,98.3,1.25,6509.05
SHP-11515,Shanghai,Los Angeles,10593.0,15,20ft_Standard,Automotive,14733.4,27.9,Tier_1_Alliance,12,1.05,72.5,0.94,4110.74
SHP-11516,Nhava Sheva,Dubai,2089.4,5,20ft_Standard,Hazardous_Chemicals,20590.5,21.8,Tier_2_Regional,9,1.25,96.5,1.12,5617.25
SHP-11517,Nhava Sheva,Dubai,2171.6,5,40ft_Standard,Perishable_Reefer,11384.0,56.3,Tier_2_Regional,11,1.05,80.7,1.14,6146.76
SHP-11518,Singapore,Dubai,5887.5,11,20ft_Standard,Perishable_Reefer,5854.9,29.1,Tier_2_Regional,1,0.9,98.9,1.16,3932.14
SHP-11519,Nhava Sheva,Dubai,2082.7,6,40ft_Standard,Hazardous_Chemicals,11187.1,59.6,Tier_2_Regional,8,1.25,100.3,1.17,8545.9
SHP-11520,Singapore,Fremantle,3890.9,9,40ft_Standard,Perishable_Reefer,20391.8,43.8,Tier_1_Alliance,8,1.25,106.7,1.03,8279.46
SHP-11521,Chennai,Colombo,594.1,3,20ft_Standard,Electronics,11746.2,18.9,Tier_3_Spot,9,1.25,90.3,1.38,4033.78
SHP-11522,Nhava Sheva,New York,14153.5,27,40ft_HighCube,Textiles,14892.6,65.4,Tier_1_Alliance,5,1.05,98.9,0.89,6261.85
SHP-11523,Singapore,Fremantle,3991.4,7,40ft_Standard,Hazardous_Chemicals,22574.8,59.2,Tier_2_Regional,11,1.05,105.5,1.34,9428.32
SHP-11524,Singapore,Fremantle,3959.8,11,40ft_Standard,Textiles,25594.1,35.1,Tier_2_Regional,1,0.9,83.8,1.25,4729.09
SHP-11525,Tokyo,Los Angeles,8783.9,12,20ft_Standard,Perishable_Reefer,6372.7,28.2,Tier_1_Alliance,12,1.05,99.5,1.02,5100.87
SHP-11526,Singapore,Dubai,5917.2,12,40ft_HighCube,General_Dry,18493.4,51.1,Tier_2_Regional,4,1.05,83.7,1.34,6763.05
SHP-11527,Shanghai,Rotterdam,19494.3,28,40ft_HighCube,Perishable_Reefer,17754.8,62.4,Tier_1_Alliance,12,1.05,74.7,1.19,12046.72
SHP-11528,Shanghai,Los Angeles,10446.3,13,40ft_Standard,Perishable_Reefer,17629.7,58.6,Tier_2_Regional,2,0.9,96.5,1.41,8794.31
SHP-11529,Chennai,Colombo,693.7,3,40ft_Standard,Electronics,9743.4,43.2,Tier_2_Regional,10,1.25,86.7,1.42,6838.94
SHP-11530,Santos,Rotterdam,10217.7,20,40ft_Standard,General_Dry,24624.2,54.6,Tier_2_Regional,2,0.9,101.0,1.31,6284.73
SHP-11531,Tokyo,Los Angeles,8849.3,11,20ft_Standard,Perishable_Reefer,7987.5,18.0,Tier_3_Spot,12,1.05,98.2,1.38,5508.89
SHP-11532,Chennai,Colombo,713.4,3,LCL_Consolidated,Hazardous_Chemicals,899.2,9.0,Tier_1_Alliance,10,1.25,82.0,1.11,2146.05
SHP-11533,Shanghai,Rotterdam,19586.9,30,40ft_Standard,General_Dry,9755.2,55.1,Tier_3_Spot,1,0.9,96.0,0.98,4865.35
SHP-11534,Shanghai,Los Angeles,10446.8,13,40ft_Standard,Electronics,11557.6,44.4,Tier_1_Alliance,1,0.9,95.8,1.0,5319.16
SHP-11535,Shanghai,Los Angeles,10406.3,14,40ft_HighCube,Textiles,25025.4,58.4,Tier_2_Regional,12,1.05,74.3,1.37,8069.99
SHP-11536,Chennai,Colombo,625.6,3,40ft_HighCube,General_Dry,13151.7,71.1,Tier_3_Spot,7,1.05,75.9,1.29,5401.3
SHP-11537,Nhava Sheva,Dubai,2014.6,7,20ft_Standard,Perishable_Reefer,15594.4,18.0,Tier_1_Alliance,12,1.05,90.7,1.18,4469.34
SHP-11538,Santos,Rotterdam,10206.2,21,40ft_HighCube,Perishable_Reefer,24918.0,63.4,Tier_1_Alliance,11,1.05,92.4,1.39,12457.3
SHP-11539,Hamburg,Singapore,15734.4,26,40ft_HighCube,Hazardous_Chemicals,20913.1,73.7,Tier_2_Regional,1,0.9,79.1,1.04,8481.88
SHP-11540,Tokyo,Los Angeles,8793.0,10,20ft_Standard,Textiles,19215.0,19.1,Tier_1_Alliance,12,1.05,91.2,1.34,5349.68
SHP-11541,Tokyo,Los Angeles,8795.9,14,40ft_Standard,General_Dry,11236.3,63.0,Tier_3_Spot,3,1.05,80.7,0.91,4276.54
SHP-11542,Singapore,Fremantle,3908.7,7,40ft_Standard,Automotive,9504.2,51.8,Tier_3_Spot,2,0.9,81.3,1.06,3869.15
SHP-11543,Shanghai,Los Angeles,10565.6,13,LCL_Consolidated,Perishable_Reefer,1128.7,11.5,Tier_1_Alliance,12,1.05,94.9,1.16,4109.47
SHP-11544,Singapore,Fremantle,3888.5,10,20ft_Standard,Textiles,11296.2,27.3,Tier_2_Regional,6,1.05,73.1,1.29,3464.88
SHP-11545,Chennai,Rotterdam,11555.1,21,20ft_Standard,General_Dry,5968.6,28.4,Tier_2_Regional,11,1.05,93.1,0.92,3336.68
SHP-11546,Nhava Sheva,Dubai,2096.2,4,LCL_Consolidated,Automotive,2171.9,11.4,Tier_3_Spot,12,1.05,106.9,0.89,1323.8
SHP-11547,Shanghai,Los Angeles,10597.7,15,LCL_Consolidated,Textiles,4076.1,8.0,Tier_1_Alliance,5,1.05,99.1,1.02,2852.92
SHP-11548,Nhava Sheva,New York,14209.2,26,LCL_Consolidated,Hazardous_Chemicals,2850.0,11.2,Tier_2_Regional,3,1.05,78.3,1.29,5187.56
SHP-11549,Tokyo,Los Angeles,8824.3,10,40ft_HighCube,Perishable_Reefer,10726.9,58.5,Tier_2_Regional,1,0.9,73.6,0.91,5437.7
SHP-11550,Santos,Rotterdam,10152.3,18,LCL_Consolidated,Hazardous_Chemicals,2036.7,6.3,Tier_3_Spot,9,1.25,81.9,0.96,3364.83
SHP-11551,Hamburg,Singapore,15812.6,24,LCL_Consolidated,Electronics,2802.6,13.9,Tier_2_Regional,6,1.05,95.8,1.08,3907.81
SHP-11552,Shanghai,Los Angeles,10557.0,16,20ft_Standard,Automotive,3708.8,23.5,Tier_3_Spot,7,1.05,79.5,1.1,3583.5
SHP-11553,Singapore,Fremantle,3911.7,11,40ft_HighCube,General_Dry,24015.0,74.5,Tier_3_Spot,9,1.25,78.7,0.91,5379.17
SHP-11554,Singapore,Dubai,5960.4,9,LCL_Consolidated,Hazardous_Chemicals,1059.2,8.7,Tier_3_Spot,9,1.25,98.6,1.02,2968.8
SHP-11555,Busan,Long Beach,9351.7,13,LCL_Consolidated,Perishable_Reefer,2820.5,6.5,Tier_1_Alliance,4,1.05,91.0,0.91,2965.89
SHP-11556,Singapore,Dubai,5848.4,9,40ft_Standard,Textiles,19143.3,44.4,Tier_2_Regional,3,1.05,90.8,1.23,5784.23
SHP-11557,Santos,Rotterdam,10246.1,20,40ft_HighCube,Electronics,14368.9,58.0,Tier_1_Alliance,12,1.05,76.7,1.27,8714.66
SHP-11558,Tokyo,Los Angeles,8786.2,10,40ft_HighCube,Hazardous_Chemicals,18315.4,46.3,Tier_1_Alliance,7,1.05,82.5,1.41,11855.13
SHP-11559,Hamburg,Singapore,15731.3,25,40ft_HighCube,General_Dry,17259.0,52.1,Tier_1_Alliance,11,1.05,85.3,1.17,7961.35
SHP-11560,Shanghai,Los Angeles,10458.8,13,20ft_Standard,Perishable_Reefer,8539.1,29.3,Tier_2_Regional,5,1.05,90.5,1.4,6717.99
SHP-11561,Tokyo,Los Angeles,8801.0,10,40ft_Standard,Textiles,14630.7,52.8,Tier_1_Alliance,9,1.25,90.7,1.33,8746.99
SHP-11562,Singapore,Dubai,5866.3,10,LCL_Consolidated,Automotive,776.9,10.3,Tier_3_Spot,1,0.9,82.4,1.23,1707.13
SHP-11563,Singapore,Dubai,5847.8,10,40ft_Standard,Hazardous_Chemicals,22913.5,43.2,Tier_1_Alliance,6,1.05,103.8,0.95,7333.86
SHP-11564,Busan,Long Beach,9344.4,13,20ft_Standard,General_Dry,15803.5,23.2,Tier_1_Alliance,8,1.25,98.0,1.31,6275.58
SHP-11565,Tokyo,Los Angeles,8709.7,11,40ft_Standard,Automotive,19355.7,41.3,Tier_1_Alliance,4,1.05,76.8,1.23,7082.65
SHP-11566,Nhava Sheva,Dubai,2007.8,7,20ft_Standard,Textiles,20211.8,31.5,Tier_1_Alliance,10,1.25,99.4,1.15,4699.39
SHP-11567,Shanghai,Rotterdam,19598.3,27,LCL_Consolidated,Automotive,4005.1,10.6,Tier_2_Regional,9,1.25,104.1,0.89,4308.71
SHP-11568,Shanghai,Los Angeles,10441.7,13,20ft_Standard,Automotive,9022.6,22.5,Tier_1_Alliance,9,1.25,76.6,1.2,5684.42
SHP-11569,Chennai,Rotterdam,11448.9,24,40ft_HighCube,Perishable_Reefer,22651.1,53.2,Tier_3_Spot,5,1.05,101.6,1.2,9119.24
SHP-11570,Busan,Long Beach,9481.6,12,40ft_Standard,Perishable_Reefer,18975.4,46.1,Tier_2_Regional,1,0.9,74.7,1.21,6909.62
SHP-11571,Nhava Sheva,New York,14274.2,29,40ft_HighCube,General_Dry,15260.4,52.2,Tier_3_Spot,9,1.25,89.2,1.33,8813.6
SHP-11572,Singapore,Fremantle,3827.9,10,40ft_Standard,Electronics,10838.2,41.9,Tier_3_Spot,10,1.25,90.2,0.92,4715.22
SHP-11573,Chennai,Colombo,605.0,4,LCL_Consolidated,General_Dry,1648.2,2.4,Tier_1_Alliance,12,1.05,102.9,1.04,1181.78
SHP-11574,Tokyo,Los Angeles,8807.2,10,40ft_HighCube,Textiles,24004.3,55.5,Tier_1_Alliance,8,1.25,105.7,1.11,8654.99
SHP-11575,Busan,Long Beach,9309.3,12,20ft_Standard,Textiles,10677.3,30.2,Tier_1_Alliance,1,0.9,106.0,1.35,4737.95
SHP-11576,Chennai,Rotterdam,11504.1,22,40ft_HighCube,Perishable_Reefer,25921.7,47.7,Tier_2_Regional,1,0.9,85.9,1.25,8459.0
SHP-11577,Nhava Sheva,New York,14164.1,26,20ft_Standard,Electronics,7572.5,21.1,Tier_1_Alliance,1,0.9,101.4,1.15,4952.57
SHP-11578,Shanghai,Los Angeles,10487.2,13,LCL_Consolidated,Textiles,2410.1,8.7,Tier_2_Regional,3,1.05,94.4,1.41,3381.8
SHP-11579,Singapore,Dubai,5858.1,9,20ft_Standard,Electronics,19134.5,15.1,Tier_2_Regional,9,1.25,107.5,1.3,5756.24
SHP-11580,Shanghai,Rotterdam,19459.7,30,40ft_Standard,Perishable_Reefer,11815.3,55.6,Tier_1_Alliance,10,1.25,98.1,0.91,10107.72
SHP-11581,Santos,Rotterdam,10174.1,17,20ft_Standard,Automotive,20877.4,25.5,Tier_2_Regional,2,0.9,100.9,1.03,3921.45
SHP-11582,Shanghai,Los Angeles,10587.0,16,40ft_HighCube,Automotive,17251.4,63.5,Tier_1_Alliance,10,1.25,94.5,1.22,10237.66
SHP-11583,Singapore,Fremantle,3914.5,10,40ft_HighCube,Automotive,20883.9,63.6,Tier_3_Spot,12,1.05,96.3,1.29,6882.87
SHP-11584,Chennai,Colombo,567.9,6,40ft_HighCube,Electronics,24103.6,63.0,Tier_3_Spot,11,1.05,106.3,1.01,5408.94
SHP-11585,Shanghai,Rotterdam,19513.1,29,20ft_Standard,Automotive,13250.7,29.3,Tier_2_Regional,4,1.05,106.3,1.36,7482.73
SHP-11586,Nhava Sheva,New York,14137.0,26,40ft_HighCube,Electronics,17275.8,62.4,Tier_2_Regional,1,0.9,86.7,1.26,7695.78
SHP-11587,Tokyo,Los Angeles,8794.6,13,20ft_Standard,Perishable_Reefer,20502.2,15.5,Tier_2_Regional,8,1.25,78.3,1.0,5479.5
SHP-11588,Tokyo,Los Angeles,8888.6,11,40ft_Standard,Hazardous_Chemicals,19925.8,64.1,Tier_3_Spot,11,1.05,80.8,1.39,9909.38
SHP-11589,Shanghai,Los Angeles,10531.5,17,20ft_Standard,Hazardous_Chemicals,19150.5,32.3,Tier_1_Alliance,11,1.05,76.2,0.96,5951.44
SHP-11590,Busan,Long Beach,9413.3,15,40ft_HighCube,General_Dry,24482.5,69.3,Tier_3_Spot,7,1.05,93.3,1.07,6031.55
SHP-11591,Santos,Rotterdam,10129.3,19,20ft_Standard,Automotive,13312.4,21.2,Tier_2_Regional,11,1.05,74.6,1.33,4839.82
SHP-11592,Chennai,Rotterdam,11512.4,24,20ft_Standard,Textiles,18881.2,28.8,Tier_3_Spot,9,1.25,83.3,1.06,4836.15
SHP-11593,Nhava Sheva,New York,14150.4,26,40ft_HighCube,Perishable_Reefer,12681.1,63.2,Tier_3_Spot,5,1.05,102.6,1.03,8109.25
SHP-11594,Chennai,Rotterdam,11570.9,22,LCL_Consolidated,Electronics,529.3,12.2,Tier_1_Alliance,7,1.05,93.6,1.37,4231.06
SHP-11595,Hamburg,Singapore,15712.5,23,20ft_Standard,Perishable_Reefer,6637.1,16.5,Tier_3_Spot,4,1.05,101.3,1.06,5318.29
SHP-11596,Chennai,Rotterdam,11409.6,21,LCL_Consolidated,Automotive,3254.3,5.4,Tier_1_Alliance,5,1.05,94.7,0.92,2769.86
SHP-11597,Busan,Long Beach,9364.3,15,LCL_Consolidated,Electronics,2848.1,12.5,Tier_3_Spot,8,1.25,95.1,1.22,3740.7
SHP-11598,Chennai,Rotterdam,11546.0,22,40ft_HighCube,Hazardous_Chemicals,26122.9,58.7,Tier_1_Alliance,10,1.25,82.1,0.97,11219.95
SHP-11599,Busan,Long Beach,9488.6,13,LCL_Consolidated,Perishable_Reefer,1085.1,3.6,Tier_3_Spot,1,0.9,92.0,0.93,2076.75
SHP-11600,Chennai,Colombo,695.0,5,LCL_Consolidated,General_Dry,3044.4,13.2,Tier_1_Alliance,2,0.9,99.7,1.02,1260.63
SHP-11601,Hamburg,Singapore,15887.3,27,40ft_HighCube,General_Dry,13571.9,59.1,Tier_1_Alliance,2,0.9,105.7,1.4,8496.38
SHP-11602,Shanghai,Rotterdam,19471.6,28,40ft_Standard,Hazardous_Chemicals,9956.8,52.4,Tier_2_Regional,2,0.9,88.7,0.99,7425.5
SHP-11603,Shanghai,Los Angeles,10535.6,13,40ft_Standard,General_Dry,10027.2,59.0,Tier_2_Regional,4,1.05,101.7,1.41,7286.49
SHP-11604,Shanghai,Rotterdam,19426.5,30,40ft_HighCube,Perishable_Reefer,13427.0,58.9,Tier_1_Alliance,11,1.05,91.6,1.05,10417.7
SHP-11605,Singapore,Fremantle,3809.8,8,40ft_HighCube,General_Dry,25554.2,54.1,Tier_1_Alliance,1,0.9,107.0,0.93,4558.38
SHP-11606,Singapore,Dubai,5857.0,9,40ft_Standard,Perishable_Reefer,20276.9,61.6,Tier_1_Alliance,7,1.05,88.9,0.94,6887.62
SHP-11607,Shanghai,Los Angeles,10581.0,16,40ft_Standard,Electronics,8252.2,40.2,Tier_1_Alliance,2,0.9,103.6,1.36,7168.16
SHP-11608,Singapore,Fremantle,3907.2,8,20ft_Standard,Textiles,7699.8,31.8,Tier_1_Alliance,7,1.05,78.2,1.17,3505.51
SHP-11609,Busan,Long Beach,9465.9,16,LCL_Consolidated,Electronics,4399.6,4.8,Tier_2_Regional,9,1.25,80.7,0.94,2725.66
SHP-11610,Tokyo,Los Angeles,8735.4,12,LCL_Consolidated,General_Dry,1530.1,11.0,Tier_2_Regional,12,1.05,72.8,1.3,2560.15
SHP-11611,Singapore,Fremantle,3908.9,10,LCL_Consolidated,Textiles,2541.1,10.4,Tier_1_Alliance,7,1.05,103.0,1.15,2092.18
SHP-11612,Hamburg,Singapore,15803.7,24,20ft_Standard,Hazardous_Chemicals,9770.1,17.6,Tier_1_Alliance,11,1.05,102.3,0.98,6532.9
SHP-11613,Santos,Rotterdam,10169.9,18,20ft_Standard,Perishable_Reefer,18722.1,21.6,Tier_3_Spot,6,1.05,91.4,1.12,5322.04
SHP-11614,Nhava Sheva,New York,14237.3,28,40ft_Standard,Textiles,17411.1,59.6,Tier_1_Alliance,3,1.05,74.6,1.19,7604.39
SHP-11615,Shanghai,Rotterdam,19513.6,30,20ft_Standard,Automotive,12616.7,27.3,Tier_3_Spot,4,1.05,87.5,1.21,6087.55
SHP-11616,Singapore,Dubai,5956.7,9,40ft_Standard,Electronics,23315.7,60.5,Tier_1_Alliance,10,1.25,96.9,1.0,7697.34
SHP-11617,Tokyo,Los Angeles,8786.6,14,40ft_HighCube,Automotive,21670.7,54.2,Tier_2_Regional,10,1.25,84.2,1.28,9210.98
SHP-11618,Tokyo,Los Angeles,8810.7,10,20ft_Standard,Hazardous_Chemicals,11133.5,24.8,Tier_2_Regional,8,1.25,106.6,1.29,7782.59
SHP-11619,Chennai,Rotterdam,11539.1,24,20ft_Standard,Hazardous_Chemicals,7235.1,24.8,Tier_1_Alliance,8,1.25,86.1,0.99,6681.34
SHP-11620,Santos,Rotterdam,10137.4,21,LCL_Consolidated,Hazardous_Chemicals,4011.1,13.6,Tier_2_Regional,2,0.9,97.9,1.24,3871.59
SHP-11621,Chennai,Colombo,649.0,6,LCL_Consolidated,Perishable_Reefer,1174.6,9.5,Tier_3_Spot,7,1.05,90.2,1.27,1693.17
SHP-11622,Shanghai,Los Angeles,10567.4,14,40ft_HighCube,Automotive,13530.8,75.8,Tier_3_Spot,1,0.9,100.5,1.17,6238.76
SHP-11623,Santos,Rotterdam,10204.9,20,40ft_Standard,Textiles,22263.3,46.8,Tier_3_Spot,12,1.05,81.7,0.9,4444.32
SHP-11624,Shanghai,Rotterdam,19551.1,30,LCL_Consolidated,Textiles,1993.4,7.5,Tier_3_Spot,1,0.9,73.1,0.95,2633.22
SHP-11625,Singapore,Dubai,5980.0,10,40ft_HighCube,Hazardous_Chemicals,14521.7,74.0,Tier_2_Regional,7,1.05,88.6,1.09,8449.03
SHP-11626,Shanghai,Los Angeles,10470.6,17,40ft_HighCube,Electronics,14439.2,74.5,Tier_3_Spot,11,1.05,91.2,1.19,7558.81
SHP-11627,Singapore,Dubai,5957.9,10,40ft_Standard,Automotive,24821.7,45.9,Tier_3_Spot,3,1.05,81.4,1.25,6176.3
SHP-11628,Shanghai,Rotterdam,19437.3,29,LCL_Consolidated,Electronics,2250.8,13.6,Tier_2_Regional,3,1.05,86.5,1.2,4826.48
SHP-11629,Busan,Long Beach,9344.5,16,40ft_HighCube,General_Dry,25488.1,74.1,Tier_1_Alliance,2,0.9,92.2,1.09,6380.85
SHP-11630,Shanghai,Rotterdam,19405.1,30,40ft_HighCube,Perishable_Reefer,15838.8,63.9,Tier_3_Spot,8,1.25,99.8,1.04,10898.71
SHP-11631,Singapore,Dubai,5844.8,10,40ft_HighCube,Textiles,12159.6,65.9,Tier_3_Spot,9,1.25,101.7,0.92,5393.66
SHP-11632,Nhava Sheva,New York,14282.8,29,LCL_Consolidated,Electronics,1396.2,12.0,Tier_1_Alliance,6,1.05,93.0,1.03,3697.45
SHP-11633,Chennai,Rotterdam,11417.2,23,40ft_Standard,Perishable_Reefer,9587.7,44.4,Tier_2_Regional,2,0.9,83.8,1.06,6006.28
SHP-11634,Nhava Sheva,New York,14143.3,26,40ft_HighCube,Automotive,24715.7,59.8,Tier_1_Alliance,9,1.25,75.5,1.31,11918.73
SHP-11635,Chennai,Colombo,720.3,2,20ft_Standard,Automotive,20149.2,17.7,Tier_2_Regional,11,1.05,100.9,1.03,2981.36
SHP-11636,Nhava Sheva,New York,14107.0,27,40ft_Standard,Perishable_Reefer,19082.9,65.3,Tier_2_Regional,2,0.9,97.1,1.16,8060.77
SHP-11637,Tokyo,Los Angeles,8712.0,11,LCL_Consolidated,General_Dry,2124.4,4.8,Tier_2_Regional,9,1.25,91.0,1.34,3277.54
SHP-11638,Shanghai,Rotterdam,19480.4,28,40ft_HighCube,Automotive,17489.5,74.6,Tier_2_Regional,10,1.25,90.2,1.31,12298.78
SHP-11639,Chennai,Colombo,657.8,4,40ft_HighCube,Electronics,18868.8,55.5,Tier_1_Alliance,6,1.05,107.4,1.36,7943.31
SHP-11640,Singapore,Dubai,5908.3,11,LCL_Consolidated,Hazardous_Chemicals,4044.2,12.1,Tier_2_Regional,5,1.05,78.4,0.95,2467.05
SHP-11641,Singapore,Fremantle,3982.1,7,LCL_Consolidated,Hazardous_Chemicals,1112.6,12.2,Tier_1_Alliance,1,0.9,73.5,1.31,2586.28
SHP-11642,Shanghai,Rotterdam,19527.8,31,40ft_Standard,General_Dry,10360.3,63.1,Tier_1_Alliance,2,0.9,100.8,1.35,8136.15
SHP-11643,Nhava Sheva,New York,14141.7,27,40ft_HighCube,Perishable_Reefer,19392.2,64.6,Tier_1_Alliance,7,1.05,92.0,0.98,9286.36
SHP-11644,Nhava Sheva,New York,14156.8,27,LCL_Consolidated,Perishable_Reefer,3289.8,10.6,Tier_3_Spot,3,1.05,90.0,1.34,4801.09
SHP-11645,Nhava Sheva,Dubai,2084.6,7,40ft_HighCube,Textiles,12694.7,45.2,Tier_2_Regional,6,1.05,102.5,1.41,6285.6
SHP-11646,Busan,Long Beach,9333.5,14,40ft_HighCube,Electronics,19464.9,70.0,Tier_1_Alliance,3,1.05,97.5,1.32,9880.15
SHP-11647,Nhava Sheva,New York,14247.4,26,20ft_Standard,Electronics,13918.4,30.8,Tier_1_Alliance,11,1.05,72.3,1.04,5430.18
SHP-11648,Nhava Sheva,New York,14111.8,25,20ft_Standard,Automotive,10476.6,23.8,Tier_1_Alliance,4,1.05,97.8,1.13,5585.97
SHP-11649,Chennai,Rotterdam,11506.5,24,LCL_Consolidated,Automotive,891.9,7.5,Tier_3_Spot,3,1.05,104.4,1.14,3070.93
SHP-11650,Shanghai,Rotterdam,19452.1,29,40ft_HighCube,Perishable_Reefer,16820.4,71.7,Tier_1_Alliance,1,0.9,83.7,1.21,10792.41
SHP-11651,Tokyo,Los Angeles,8863.3,13,LCL_Consolidated,Textiles,1584.9,3.2,Tier_3_Spot,1,0.9,91.8,0.98,1638.93
SHP-11652,Chennai,Colombo,742.1,5,40ft_Standard,General_Dry,20374.7,41.3,Tier_2_Regional,12,1.05,98.2,1.38,5527.08
SHP-11653,Santos,Rotterdam,10216.5,18,20ft_Standard,Hazardous_Chemicals,6105.8,25.4,Tier_1_Alliance,10,1.25,104.7,1.0,6622.91
SHP-11654,Hamburg,Singapore,15876.3,23,LCL_Consolidated,Hazardous_Chemicals,4342.4,2.9,Tier_3_Spot,5,1.05,80.5,1.18,4640.95
SHP-11655,Nhava Sheva,Dubai,2179.3,6,40ft_HighCube,Textiles,24208.3,71.5,Tier_1_Alliance,9,1.25,79.3,1.18,7989.7
SHP-11656,Singapore,Dubai,5853.4,9,LCL_Consolidated,Textiles,2583.6,10.9,Tier_3_Spot,8,1.25,79.9,1.32,2598.93
SHP-11657,Singapore,Dubai,5849.4,9,40ft_HighCube,Hazardous_Chemicals,20397.0,74.5,Tier_2_Regional,8,1.25,94.0,1.27,12267.08
SHP-11658,Shanghai,Los Angeles,10578.7,17,LCL_Consolidated,General_Dry,3069.7,7.3,Tier_1_Alliance,3,1.05,74.0,1.01,2407.96
SHP-11659,Singapore,Fremantle,3893.7,11,LCL_Consolidated,Textiles,1464.1,10.5,Tier_1_Alliance,6,1.05,77.0,1.39,2248.97
SHP-11660,Tokyo,Los Angeles,8748.6,11,20ft_Standard,Textiles,5424.9,21.6,Tier_1_Alliance,12,1.05,100.5,1.35,4879.66
SHP-11661,Tokyo,Los Angeles,8737.7,10,20ft_Standard,Hazardous_Chemicals,11801.0,29.6,Tier_3_Spot,11,1.05,103.9,1.16,5652.96
SHP-11662,Tokyo,Los Angeles,8872.7,13,40ft_HighCube,Textiles,22479.8,67.4,Tier_1_Alliance,6,1.05,96.0,1.07,7002.94
SHP-11663,Nhava Sheva,Dubai,2127.5,7,20ft_Standard,General_Dry,3312.1,32.6,Tier_1_Alliance,4,1.05,105.2,1.23,3400.12
SHP-11664,Singapore,Fremantle,3971.0,11,40ft_HighCube,General_Dry,11195.4,70.9,Tier_2_Regional,3,1.05,106.3,1.35,6869.29
SHP-11665,Singapore,Fremantle,3979.7,7,20ft_Standard,Electronics,13389.4,29.0,Tier_3_Spot,12,1.05,105.9,1.28,4227.59
SHP-11666,Santos,Rotterdam,10104.8,19,40ft_Standard,Perishable_Reefer,19767.6,58.5,Tier_2_Regional,4,1.05,74.0,1.32,9291.67
SHP-11667,Chennai,Rotterdam,11515.3,24,20ft_Standard,Electronics,13682.7,16.7,Tier_3_Spot,2,0.9,77.2,0.91,2942.49
SHP-11668,Shanghai,Los Angeles,10546.4,13,40ft_Standard,Electronics,23601.2,64.6,Tier_1_Alliance,8,1.25,86.8,1.29,11046.04
SHP-11669,Shanghai,Los Angeles,10410.7,17,20ft_Standard,General_Dry,9886.5,16.9,Tier_1_Alliance,3,1.05,73.5,1.21,4317.92
SHP-11670,Chennai,Rotterdam,11489.3,23,LCL_Consolidated,Electronics,4664.7,11.0,Tier_1_Alliance,4,1.05,73.3,1.19,3663.06
SHP-11671,Hamburg,Singapore,15776.1,24,20ft_Standard,Textiles,11196.2,30.8,Tier_1_Alliance,5,1.05,100.0,0.94,4652.38
SHP-11672,Singapore,Dubai,5835.2,9,40ft_HighCube,General_Dry,22294.8,64.4,Tier_3_Spot,3,1.05,105.2,1.34,6957.7
SHP-11673,Singapore,Fremantle,3933.0,8,40ft_Standard,Automotive,14760.4,35.5,Tier_2_Regional,10,1.25,79.0,1.34,6828.86
SHP-11674,Shanghai,Rotterdam,19544.3,27,20ft_Standard,Electronics,15005.1,25.7,Tier_3_Spot,3,1.05,100.1,1.2,6457.5
SHP-11675,Chennai,Rotterdam,11555.3,22,LCL_Consolidated,General_Dry,1739.6,7.1,Tier_1_Alliance,6,1.05,91.8,1.17,3117.19
SHP-11676,Hamburg,Singapore,15761.4,24,40ft_Standard,General_Dry,24947.2,63.4,Tier_2_Regional,3,1.05,72.9,1.41,8804.68
SHP-11677,Chennai,Rotterdam,11484.5,23,40ft_Standard,Perishable_Reefer,18035.5,43.9,Tier_1_Alliance,3,1.05,93.6,0.91,7173.46
SHP-11678,Busan,Long Beach,9444.3,12,LCL_Consolidated,Perishable_Reefer,600.7,4.7,Tier_3_Spot,3,1.05,103.0,1.17,3279.82
SHP-11679,Nhava Sheva,New York,14168.5,27,40ft_Standard,Textiles,19556.7,42.1,Tier_3_Spot,12,1.05,103.2,0.9,4879.8
SHP-11680,Chennai,Rotterdam,11424.9,25,40ft_HighCube,Perishable_Reefer,20159.7,68.8,Tier_2_Regional,8,1.25,85.3,1.36,13277.53
SHP-11681,Singapore,Dubai,5924.6,11,LCL_Consolidated,Automotive,4002.7,6.2,Tier_3_Spot,5,1.05,87.3,0.97,1760.69
SHP-11682,Nhava Sheva,Dubai,2050.3,4,40ft_Standard,Hazardous_Chemicals,15815.3,38.5,Tier_2_Regional,9,1.25,74.1,0.94,6017.08
SHP-11683,Tokyo,Los Angeles,8724.5,11,20ft_Standard,Textiles,12969.2,16.8,Tier_2_Regional,7,1.05,81.9,1.39,4543.86
SHP-11684,Chennai,Colombo,582.4,6,20ft_Standard,Automotive,12303.3,29.6,Tier_1_Alliance,11,1.05,85.2,0.94,2717.57
SHP-11685,Singapore,Fremantle,3806.1,7,40ft_HighCube,Textiles,18342.2,51.1,Tier_1_Alliance,1,0.9,86.7,0.93,4303.81
SHP-11686,Chennai,Rotterdam,11492.4,22,40ft_HighCube,General_Dry,24633.9,53.9,Tier_1_Alliance,9,1.25,106.3,1.15,9248.1
SHP-11687,Nhava Sheva,Dubai,2160.2,5,20ft_Standard,Textiles,3446.2,25.2,Tier_1_Alliance,3,1.05,84.6,1.34,3352.37
SHP-11688,Santos,Rotterdam,10171.1,20,LCL_Consolidated,Automotive,2732.8,4.5,Tier_2_Regional,9,1.25,72.2,0.99,2700.89
SHP-11689,Santos,Rotterdam,10260.7,18,LCL_Consolidated,Electronics,4648.9,12.1,Tier_2_Regional,7,1.05,87.7,0.96,2671.08
SHP-11690,Shanghai,Rotterdam,19517.0,31,40ft_Standard,Electronics,23367.5,35.6,Tier_3_Spot,1,0.9,107.3,1.1,6539.14
SHP-11691,Hamburg,Singapore,15720.0,25,20ft_Standard,General_Dry,3910.4,25.6,Tier_1_Alliance,11,1.05,88.8,1.37,5950.2
SHP-11692,Chennai,Rotterdam,11403.9,23,40ft_Standard,Automotive,9223.0,57.9,Tier_3_Spot,12,1.05,102.9,1.22,6667.18
SHP-11693,Singapore,Dubai,5914.8,11,40ft_Standard,Textiles,9184.0,60.1,Tier_3_Spot,1,0.9,81.2,1.21,4342.13
SHP-11694,Chennai,Rotterdam,11561.6,23,LCL_Consolidated,Perishable_Reefer,2881.3,7.9,Tier_3_Spot,4,1.05,95.3,0.99,3163.28
SHP-11695,Singapore,Fremantle,3887.8,7,LCL_Consolidated,Perishable_Reefer,3004.4,5.5,Tier_3_Spot,7,1.05,104.7,1.4,2946.08
SHP-11696,Shanghai,Los Angeles,10443.3,15,20ft_Standard,Perishable_Reefer,13278.3,19.5,Tier_2_Regional,3,1.05,99.4,1.12,5428.87
SHP-11697,Nhava Sheva,Dubai,2147.4,8,40ft_HighCube,Automotive,26415.5,75.9,Tier_3_Spot,8,1.25,101.1,0.92,6093.61
SHP-11698,Singapore,Dubai,5833.0,12,40ft_Standard,General_Dry,16410.8,51.5,Tier_1_Alliance,9,1.25,102.4,0.94,5830.97
SHP-11699,Hamburg,Singapore,15711.0,24,20ft_Standard,Textiles,14299.9,16.7,Tier_3_Spot,9,1.25,106.0,1.31,6450.58
SHP-11700,Nhava Sheva,Dubai,2073.9,8,LCL_Consolidated,Electronics,875.8,7.3,Tier_1_Alliance,1,0.9,98.3,1.17,1653.27
SHP-11701,Santos,Rotterdam,10217.5,19,20ft_Standard,General_Dry,19705.4,31.1,Tier_3_Spot,5,1.05,91.3,0.97,3635.68
SHP-11702,Nhava Sheva,New York,14190.3,27,40ft_Standard,Automotive,25505.3,47.0,Tier_2_Regional,1,0.9,91.4,0.91,5081.05
SHP-11703,Chennai,Rotterdam,11451.9,21,LCL_Consolidated,Perishable_Reefer,2629.7,3.1,Tier_2_Regional,3,1.05,102.3,1.09,3679.5
SHP-11704,Nhava Sheva,New York,14159.9,28,20ft_Standard,Textiles,4512.6,17.8,Tier_3_Spot,8,1.25,96.3,1.2,5088.36
SHP-11705,Shanghai,Los Angeles,10520.0,16,40ft_Standard,Perishable_Reefer,21538.8,53.5,Tier_3_Spot,11,1.05,105.5,1.14,7989.35
SHP-11706,Santos,Rotterdam,10110.0,17,40ft_HighCube,Electronics,12122.5,73.0,Tier_3_Spot,2,0.9,100.4,1.11,6013.32
SHP-11707,Shanghai,Rotterdam,19485.4,30,40ft_Standard,Electronics,13114.1,63.6,Tier_2_Regional,12,1.05,91.9,1.0,7455.64
SHP-11708,Busan,Long Beach,9375.5,12,LCL_Consolidated,Automotive,3515.1,6.8,Tier_3_Spot,5,1.05,95.0,1.36,3148.17
SHP-11709,Hamburg,Singapore,15840.4,25,LCL_Consolidated,Perishable_Reefer,1618.9,5.2,Tier_3_Spot,10,1.25,87.5,1.02,4389.24
SHP-11710,Tokyo,Los Angeles,8762.5,10,LCL_Consolidated,General_Dry,3023.7,3.2,Tier_1_Alliance,3,1.05,77.8,1.38,2994.54
SHP-11711,Singapore,Fremantle,3952.0,10,40ft_HighCube,Automotive,12251.0,60.6,Tier_3_Spot,10,1.25,106.6,1.3,7813.43
SHP-11712,Singapore,Dubai,5906.9,13,40ft_Standard,Automotive,23846.0,39.4,Tier_1_Alliance,5,1.05,86.2,0.96,5279.4
SHP-11713,Tokyo,Los Angeles,8789.0,14,20ft_Standard,Perishable_Reefer,14218.3,16.1,Tier_1_Alliance,5,1.05,74.7,1.42,6739.81
SHP-11714,Nhava Sheva,New York,14217.3,26,40ft_HighCube,Textiles,21521.7,50.1,Tier_3_Spot,4,1.05,97.7,0.94,5575.61
SHP-11715,Nhava Sheva,Dubai,2095.0,7,20ft_Standard,Hazardous_Chemicals,20658.2,15.8,Tier_1_Alliance,5,1.05,83.6,1.16,4905.98
SHP-11716,Hamburg,Singapore,15766.5,23,40ft_Standard,Hazardous_Chemicals,21508.6,50.9,Tier_2_Regional,5,1.05,76.5,0.93,7945.79
SHP-11717,Shanghai,Rotterdam,19530.1,28,40ft_HighCube,Hazardous_Chemicals,24178.6,57.9,Tier_1_Alliance,2,0.9,88.9,1.28,12353.3
SHP-11718,Busan,Long Beach,9313.1,16,40ft_Standard,Textiles,18701.8,53.3,Tier_2_Regional,9,1.25,94.7,1.18,7466.29
SHP-11719,Busan,Long Beach,9300.6,15,LCL_Consolidated,Automotive,936.0,3.0,Tier_1_Alliance,5,1.05,86.9,1.34,3232.63
SHP-11720,Nhava Sheva,New York,14257.5,27,40ft_Standard,Perishable_Reefer,14777.6,43.5,Tier_3_Spot,7,1.05,94.2,1.17,8134.94
SHP-11721,Nhava Sheva,Dubai,2139.8,8,LCL_Consolidated,Textiles,2973.0,5.7,Tier_3_Spot,9,1.25,85.7,1.05,1463.33
SHP-11722,Nhava Sheva,New York,14165.5,29,40ft_HighCube,Hazardous_Chemicals,10887.4,48.8,Tier_3_Spot,3,1.05,98.0,1.25,9922.49
SHP-11723,Chennai,Rotterdam,11569.0,24,40ft_HighCube,Electronics,26717.5,72.6,Tier_3_Spot,1,0.9,84.6,0.92,5462.22
SHP-11724,Nhava Sheva,New York,14184.5,25,40ft_Standard,Automotive,21548.7,52.8,Tier_3_Spot,7,1.05,79.5,1.05,6191.39
SHP-11725,Hamburg,Singapore,15895.2,24,20ft_Standard,Automotive,7678.3,21.7,Tier_3_Spot,1,0.9,85.6,0.88,3174.27
SHP-11726,Chennai,Rotterdam,11518.8,25,40ft_HighCube,Electronics,19546.4,63.0,Tier_2_Regional,3,1.05,73.7,1.38,9254.19
SHP-11727,Hamburg,Singapore,15836.5,25,LCL_Consolidated,Perishable_Reefer,2347.1,5.9,Tier_2_Regional,7,1.05,81.4,0.89,3480.85
SHP-11728,Singapore,Dubai,5862.9,11,LCL_Consolidated,Perishable_Reefer,2918.8,2.4,Tier_2_Regional,8,1.25,100.2,1.05,2976.66
SHP-11729,Shanghai,Rotterdam,19593.0,28,20ft_Standard,Perishable_Reefer,7365.3,29.1,Tier_1_Alliance,5,1.05,100.8,1.35,9577.58
SHP-11730,Shanghai,Los Angeles,10570.9,14,LCL_Consolidated,Hazardous_Chemicals,1801.4,3.3,Tier_3_Spot,11,1.05,84.0,1.21,3566.01
SHP-11731,Nhava Sheva,Dubai,2185.1,4,LCL_Consolidated,Electronics,1032.9,3.8,Tier_1_Alliance,3,1.05,106.7,1.31,2169.59
SHP-11732,Hamburg,Singapore,15892.9,26,LCL_Consolidated,Hazardous_Chemicals,1104.5,5.8,Tier_2_Regional,2,0.9,86.0,0.94,3348.43
SHP-11733,Shanghai,Los Angeles,10456.2,13,20ft_Standard,Hazardous_Chemicals,17675.1,19.5,Tier_3_Spot,9,1.25,95.0,1.42,8598.85
SHP-11734,Chennai,Rotterdam,11552.1,25,20ft_Standard,General_Dry,13598.6,32.7,Tier_2_Regional,8,1.25,97.6,1.42,6793.89
SHP-11735,Shanghai,Los Angeles,10439.2,13,40ft_Standard,Automotive,23884.6,46.5,Tier_3_Spot,1,0.9,105.5,1.03,4924.49
SHP-11736,Shanghai,Los Angeles,10598.8,16,40ft_HighCube,Electronics,24615.8,47.4,Tier_3_Spot,12,1.05,76.0,0.97,5865.12
SHP-11737,Nhava Sheva,Dubai,2105.8,5,LCL_Consolidated,Hazardous_Chemicals,2435.4,10.4,Tier_1_Alliance,12,1.05,85.9,1.29,2623.55
SHP-11738,Chennai,Rotterdam,11492.2,23,40ft_Standard,Hazardous_Chemicals,25063.8,40.6,Tier_2_Regional,3,1.05,76.4,1.18,9094.81
SHP-11739,Nhava Sheva,Dubai,2100.7,6,40ft_HighCube,Hazardous_Chemicals,10565.8,74.3,Tier_1_Alliance,5,1.05,83.0,1.08,8102.83
SHP-11740,Santos,Rotterdam,10193.4,18,40ft_Standard,General_Dry,10519.0,41.2,Tier_1_Alliance,12,1.05,107.5,1.03,5545.28
SHP-11741,Tokyo,Los Angeles,8823.0,13,20ft_Standard,Perishable_Reefer,19221.1,22.2,Tier_2_Regional,4,1.05,80.7,1.04,4935.41
SHP-11742,Santos,Rotterdam,10235.7,18,LCL_Consolidated,Electronics,1362.3,12.0,Tier_1_Alliance,9,1.25,85.7,0.97,3354.22
SHP-11743,Nhava Sheva,New York,14279.5,27,20ft_Standard,Textiles,4094.0,30.2,Tier_3_Spot,10,1.25,100.2,1.4,6387.72
SHP-11744,Chennai,Rotterdam,11451.0,22,20ft_Standard,Perishable_Reefer,20897.9,32.6,Tier_3_Spot,6,1.05,97.9,1.15,6151.86
SHP-11745,Shanghai,Los Angeles,10453.4,14,40ft_HighCube,Electronics,10212.7,71.6,Tier_2_Regional,12,1.05,100.4,1.28,8506.49
SHP-11746,Tokyo,Los Angeles,8713.8,13,LCL_Consolidated,Perishable_Reefer,1789.7,12.9,Tier_3_Spot,7,1.05,84.4,0.97,2652.49
SHP-11747,Singapore,Dubai,5850.9,11,40ft_HighCube,Hazardous_Chemicals,10962.8,61.5,Tier_2_Regional,9,1.25,103.6,1.25,10964.5
SHP-11748,Chennai,Colombo,670.6,3,LCL_Consolidated,Textiles,982.2,9.7,Tier_3_Spot,11,1.05,99.2,1.31,1477.0
SHP-11749,Santos,Rotterdam,10164.1,21,20ft_Standard,Electronics,11216.9,24.0,Tier_3_Spot,11,1.05,81.2,1.17,4386.53
SHP-11750,Hamburg,Singapore,15860.8,27,LCL_Consolidated,Automotive,2815.2,3.9,Tier_3_Spot,12,1.05,93.6,1.05,3082.63
SHP-11751,Shanghai,Rotterdam,19496.2,28,LCL_Consolidated,General_Dry,4278.9,10.2,Tier_2_Regional,5,1.05,85.6,0.9,3183.88
SHP-11752,Nhava Sheva,New York,14272.4,29,LCL_Consolidated,Textiles,1287.6,3.6,Tier_2_Regional,4,1.05,101.9,1.23,3447.77
SHP-11753,Singapore,Fremantle,3889.9,11,40ft_Standard,Electronics,22262.3,39.8,Tier_3_Spot,2,0.9,107.5,1.24,5091.18
SHP-11754,Chennai,Colombo,556.0,3,40ft_Standard,Electronics,23604.8,64.6,Tier_3_Spot,12,1.05,92.8,1.38,6690.21
SHP-11755,Shanghai,Los Angeles,10429.1,13,20ft_Standard,General_Dry,7140.3,31.0,Tier_1_Alliance,1,0.9,74.3,1.16,3778.1
SHP-11756,Chennai,Colombo,636.8,2,20ft_Standard,General_Dry,18143.0,25.7,Tier_3_Spot,9,1.25,105.1,1.25,3836.47
SHP-11757,Busan,Long Beach,9377.2,12,20ft_Standard,Hazardous_Chemicals,9708.1,29.3,Tier_1_Alliance,5,1.05,74.2,1.27,6785.74
SHP-11758,Tokyo,Los Angeles,8757.9,12,40ft_Standard,Textiles,18613.4,59.2,Tier_1_Alliance,8,1.25,81.9,1.3,8966.68
SHP-11759,Tokyo,Los Angeles,8828.3,11,40ft_HighCube,Hazardous_Chemicals,25594.4,63.2,Tier_2_Regional,11,1.05,100.4,0.9,7850.49
SHP-11760,Nhava Sheva,Dubai,2146.7,4,LCL_Consolidated,Perishable_Reefer,515.8,11.8,Tier_1_Alliance,5,1.05,106.0,1.39,3040.6
SHP-11761,Singapore,Fremantle,3875.8,7,40ft_HighCube,General_Dry,10829.4,58.4,Tier_3_Spot,11,1.05,86.0,1.03,4492.56
SHP-11762,Nhava Sheva,New York,14102.6,28,40ft_HighCube,Hazardous_Chemicals,22761.3,66.8,Tier_1_Alliance,4,1.05,107.5,0.88,9351.76
SHP-11763,Chennai,Colombo,658.3,2,LCL_Consolidated,Automotive,1709.9,9.4,Tier_3_Spot,1,0.9,90.8,0.89,807.64
SHP-11764,Tokyo,Los Angeles,8852.0,13,LCL_Consolidated,Automotive,1823.9,3.7,Tier_1_Alliance,9,1.25,98.1,1.18,3548.46
SHP-11765,Hamburg,Singapore,15731.9,27,LCL_Consolidated,General_Dry,1553.4,7.2,Tier_3_Spot,9,1.25,90.7,1.22,3957.47
SHP-11766,Nhava Sheva,New York,14194.5,28,20ft_Standard,Hazardous_Chemicals,9677.9,25.6,Tier_1_Alliance,3,1.05,85.1,1.34,8541.02
SHP-11767,Singapore,Fremantle,3890.9,10,20ft_Standard,Textiles,7261.5,15.4,Tier_3_Spot,2,0.9,76.8,1.36,2583.42
SHP-11768,Shanghai,Rotterdam,19490.9,31,40ft_Standard,Perishable_Reefer,13449.1,37.5,Tier_1_Alliance,1,0.9,99.4,1.41,10801.17
SHP-11769,Singapore,Fremantle,3873.7,8,20ft_Standard,Perishable_Reefer,9041.1,20.7,Tier_2_Regional,2,0.9,88.6,1.13,3403.66
SHP-11770,Busan,Long Beach,9318.0,13,LCL_Consolidated,Hazardous_Chemicals,3209.6,11.4,Tier_2_Regional,2,0.9,91.5,1.31,3718.92
SHP-11771,Santos,Rotterdam,10210.3,19,20ft_Standard,Automotive,13660.0,31.9,Tier_3_Spot,7,1.05,81.6,0.97,3762.64
SHP-11772,Singapore,Fremantle,3988.6,9,20ft_Standard,Perishable_Reefer,17600.9,30.9,Tier_1_Alliance,5,1.05,98.0,1.08,5078.12
SHP-11773,Shanghai,Los Angeles,10421.0,17,40ft_HighCube,Textiles,16711.3,70.8,Tier_2_Regional,1,0.9,83.5,1.3,6646.12
SHP-11774,Shanghai,Los Angeles,10400.6,17,40ft_Standard,Electronics,16945.0,35.0,Tier_2_Regional,10,1.25,72.7,1.28,8250.72
SHP-11775,Nhava Sheva,New York,14226.4,26,40ft_HighCube,Perishable_Reefer,27111.5,59.2,Tier_2_Regional,4,1.05,101.8,1.03,9158.97
SHP-11776,Chennai,Colombo,748.4,6,40ft_Standard,Automotive,13905.8,58.1,Tier_3_Spot,5,1.05,72.2,0.93,3668.97
SHP-11777,Tokyo,Los Angeles,8830.4,14,40ft_Standard,Electronics,12712.7,49.5,Tier_3_Spot,2,0.9,76.9,1.11,4811.6
SHP-11778,Hamburg,Singapore,15888.3,27,40ft_HighCube,General_Dry,11186.4,69.4,Tier_2_Regional,9,1.25,95.1,1.29,9794.39
SHP-11779,Chennai,Rotterdam,11418.3,25,40ft_HighCube,General_Dry,13204.0,59.4,Tier_3_Spot,2,0.9,107.3,1.23,5741.56
SHP-11780,Shanghai,Rotterdam,19437.2,27,20ft_Standard,Textiles,7093.4,29.7,Tier_2_Regional,8,1.25,73.9,1.19,6402.63
SHP-11781,Nhava Sheva,Dubai,2008.8,7,20ft_Standard,Perishable_Reefer,8650.4,15.3,Tier_3_Spot,8,1.25,81.2,1.26,4131.13
SHP-11782,Santos,Rotterdam,10117.3,21,40ft_HighCube,Automotive,15890.1,54.1,Tier_3_Spot,11,1.05,77.1,1.19,6576.06
SHP-11783,Chennai,Colombo,632.6,6,40ft_Standard,Perishable_Reefer,10367.1,43.2,Tier_2_Regional,8,1.25,99.6,1.1,6525.66
SHP-11784,Busan,Long Beach,9317.6,16,40ft_Standard,Perishable_Reefer,22485.9,60.9,Tier_1_Alliance,2,0.9,79.7,1.3,8848.03
SHP-11785,Nhava Sheva,New York,14107.1,27,20ft_Standard,Electronics,16944.3,27.0,Tier_2_Regional,7,1.05,80.0,0.98,4638.13
SHP-11786,Chennai,Colombo,728.5,3,40ft_HighCube,Perishable_Reefer,19432.3,72.3,Tier_2_Regional,4,1.05,84.1,1.38,8879.5
SHP-11787,Hamburg,Singapore,15806.0,26,40ft_HighCube,Automotive,10700.5,58.3,Tier_2_Regional,4,1.05,93.2,1.0,6721.3
SHP-11788,Busan,Long Beach,9499.3,14,40ft_Standard,Automotive,25418.1,45.2,Tier_2_Regional,4,1.05,85.8,1.41,8117.1
SHP-11789,Santos,Rotterdam,10293.8,19,LCL_Consolidated,Electronics,713.4,6.0,Tier_3_Spot,8,1.25,101.4,1.38,4139.8
SHP-11790,Busan,Long Beach,9310.0,14,LCL_Consolidated,Automotive,2086.0,6.4,Tier_2_Regional,7,1.05,77.7,1.18,2547.28
SHP-11791,Busan,Long Beach,9464.9,16,20ft_Standard,Automotive,19241.6,20.8,Tier_2_Regional,1,0.9,89.8,1.26,4348.19
SHP-11792,Busan,Long Beach,9305.5,16,20ft_Standard,Electronics,20118.8,32.9,Tier_1_Alliance,8,1.25,100.0,1.39,8341.51
SHP-11793,Nhava Sheva,New York,14220.2,25,40ft_Standard,Hazardous_Chemicals,20674.9,49.2,Tier_2_Regional,7,1.05,73.9,1.26,10275.41
SHP-11794,Shanghai,Los Angeles,10526.8,16,40ft_HighCube,Electronics,24716.3,73.9,Tier_2_Regional,12,1.05,105.9,1.25,9200.65
SHP-11795,Chennai,Rotterdam,11578.6,22,40ft_Standard,Perishable_Reefer,22128.8,63.8,Tier_2_Regional,6,1.05,103.4,0.91,7167.0
SHP-11796,Shanghai,Los Angeles,10572.0,13,20ft_Standard,Hazardous_Chemicals,9070.7,30.5,Tier_1_Alliance,3,1.05,104.6,1.07,6371.86
SHP-11797,Santos,Rotterdam,10237.3,21,40ft_HighCube,Perishable_Reefer,26030.7,55.5,Tier_3_Spot,8,1.25,82.2,1.4,12337.59
SHP-11798,Chennai,Colombo,570.0,5,40ft_Standard,Electronics,18709.3,36.6,Tier_2_Regional,6,1.05,97.5,1.2,5324.5
SHP-11799,Shanghai,Rotterdam,19528.8,28,20ft_Standard,General_Dry,20686.2,20.2,Tier_1_Alliance,11,1.05,94.4,1.4,7681.98
SHP-11800,Busan,Long Beach,9302.4,16,20ft_Standard,General_Dry,9267.8,31.9,Tier_2_Regional,4,1.05,87.4,1.15,4064.42
SHP-11801,Busan,Long Beach,9494.5,14,20ft_Standard,General_Dry,8398.1,26.0,Tier_3_Spot,2,0.9,106.4,1.41,3980.03
SHP-11802,Shanghai,Rotterdam,19576.1,31,40ft_Standard,Automotive,14229.9,59.0,Tier_2_Regional,6,1.05,96.7,1.06,7450.35
SHP-11803,Chennai,Rotterdam,11472.3,21,20ft_Standard,General_Dry,20347.6,25.2,Tier_2_Regional,10,1.25,72.5,0.89,4036.21
SHP-11804,Singapore,Fremantle,3885.7,11,20ft_Standard,General_Dry,9963.4,22.9,Tier_3_Spot,5,1.05,73.6,1.26,2910.53
SHP-11805,Nhava Sheva,Dubai,2199.2,8,40ft_HighCube,Textiles,12255.5,72.6,Tier_3_Spot,4,1.05,95.8,1.19,5402.84
SHP-11806,Singapore,Dubai,5861.4,11,40ft_Standard,General_Dry,15067.3,49.7,Tier_1_Alliance,3,1.05,84.0,0.88,4346.79
SHP-11807,Shanghai,Los Angeles,10526.6,13,20ft_Standard,Perishable_Reefer,20736.6,20.6,Tier_1_Alliance,3,1.05,104.4,0.98,5803.2
SHP-11808,Nhava Sheva,New York,14191.9,27,40ft_Standard,Automotive,19299.3,56.2,Tier_1_Alliance,10,1.25,97.3,0.96,8085.51
SHP-11809,Nhava Sheva,Dubai,2061.5,4,20ft_Standard,General_Dry,17174.2,25.3,Tier_3_Spot,11,1.05,104.2,1.11,3036.48
SHP-11810,Santos,Rotterdam,10109.3,18,20ft_Standard,Textiles,13004.1,22.5,Tier_3_Spot,5,1.05,80.7,0.96,3159.68
SHP-11811,Nhava Sheva,New York,14117.7,28,LCL_Consolidated,Electronics,3273.2,2.1,Tier_1_Alliance,11,1.05,84.0,1.41,4723.24
SHP-11812,Chennai,Colombo,616.8,6,LCL_Consolidated,Hazardous_Chemicals,4373.2,3.1,Tier_3_Spot,10,1.25,98.5,1.3,2509.7
SHP-11813,Singapore,Dubai,5833.5,9,40ft_Standard,Electronics,20078.7,63.2,Tier_2_Regional,1,0.9,103.9,0.96,4839.99
SHP-11814,Shanghai,Rotterdam,19470.7,28,20ft_Standard,Hazardous_Chemicals,20699.5,31.0,Tier_2_Regional,12,1.05,93.5,0.88,6577.96
SHP-11815,Chennai,Colombo,572.9,4,40ft_Standard,Electronics,21534.8,35.2,Tier_3_Spot,4,1.05,87.5,1.4,5721.73
SHP-11816,Nhava Sheva,New York,14229.4,29,40ft_Standard,General_Dry,24324.3,51.8,Tier_2_Regional,2,0.9,90.8,1.37,6872.57
SHP-11817,Busan,Long Beach,9300.9,14,20ft_Standard,Perishable_Reefer,16910.4,24.1,Tier_1_Alliance,4,1.05,91.3,1.06,5683.03
SHP-11818,Tokyo,Los Angeles,8716.3,14,40ft_HighCube,Automotive,18347.5,75.2,Tier_3_Spot,3,1.05,97.3,0.93,5646.07
SHP-11819,Tokyo,Los Angeles,8803.4,10,40ft_HighCube,Electronics,19629.6,70.1,Tier_2_Regional,10,1.25,102.9,0.92,7387.28
SHP-11820,Hamburg,Singapore,15821.7,24,LCL_Consolidated,Electronics,1742.5,13.5,Tier_3_Spot,5,1.05,103.2,1.23,4210.1
SHP-11821,Tokyo,Los Angeles,8727.6,13,40ft_Standard,General_Dry,11197.4,41.8,Tier_1_Alliance,5,1.05,91.3,1.22,6192.31
SHP-11822,Nhava Sheva,Dubai,2027.1,5,20ft_Standard,Hazardous_Chemicals,7993.6,23.8,Tier_1_Alliance,5,1.05,95.6,1.27,4935.93
SHP-11823,Busan,Long Beach,9472.1,12,20ft_Standard,Perishable_Reefer,13390.9,27.8,Tier_2_Regional,12,1.05,72.4,0.95,4359.97
SHP-11824,Santos,Rotterdam,10247.0,18,20ft_Standard,Textiles,20616.2,20.0,Tier_1_Alliance,12,1.05,97.1,1.0,4335.07
SHP-11825,Shanghai,Los Angeles,10426.1,16,LCL_Consolidated,Hazardous_Chemicals,3629.5,3.2,Tier_1_Alliance,6,1.05,97.8,0.9,3383.29
SHP-11826,Shanghai,Los Angeles,10500.7,16,40ft_HighCube,General_Dry,14562.4,51.1,Tier_2_Regional,11,1.05,107.4,0.91,5061.39
SHP-11827,Busan,Long Beach,9458.6,13,LCL_Consolidated,Perishable_Reefer,2101.4,12.8,Tier_2_Regional,2,0.9,94.0,1.0,2735.0
SHP-11828,Nhava Sheva,New York,14236.8,26,20ft_Standard,Perishable_Reefer,18902.3,27.3,Tier_3_Spot,12,1.05,74.7,1.04,5559.14
SHP-11829,Singapore,Fremantle,3808.2,8,40ft_Standard,General_Dry,12746.1,61.9,Tier_1_Alliance,12,1.05,91.5,1.03,5024.41
SHP-11830,Singapore,Fremantle,3877.4,8,40ft_Standard,Automotive,22426.3,41.5,Tier_1_Alliance,2,0.9,87.1,0.89,4068.98
SHP-11831,Chennai,Rotterdam,11473.4,25,40ft_HighCube,Perishable_Reefer,18289.1,68.3,Tier_2_Regional,1,0.9,85.8,1.26,8759.35
SHP-11832,Shanghai,Los Angeles,10416.8,17,LCL_Consolidated,Hazardous_Chemicals,772.0,9.0,Tier_2_Regional,5,1.05,82.8,0.9,2926.49
SHP-11833,Hamburg,Singapore,15778.3,24,40ft_HighCube,Automotive,22911.0,62.6,Tier_1_Alliance,6,1.05,72.3,1.23,9666.02
SHP-11834,Hamburg,Singapore,15733.5,24,40ft_Standard,Electronics,10424.4,63.2,Tier_2_Regional,2,0.9,75.2,1.4,7832.45
SHP-11835,Singapore,Dubai,5843.3,12,40ft_Standard,Textiles,24935.1,52.8,Tier_2_Regional,6,1.05,81.6,0.96,4774.23
SHP-11836,Santos,Rotterdam,10202.9,21,20ft_Standard,Automotive,11873.9,32.8,Tier_3_Spot,11,1.05,94.2,1.28,4892.88
SHP-11837,Hamburg,Singapore,15729.5,24,40ft_HighCube,Textiles,21844.3,62.7,Tier_1_Alliance,7,1.05,81.5,0.99,7251.62
SHP-11838,Shanghai,Rotterdam,19561.0,28,40ft_HighCube,Perishable_Reefer,26001.3,65.7,Tier_1_Alliance,6,1.05,91.1,1.0,10820.04
SHP-11839,Singapore,Dubai,5989.8,9,40ft_Standard,General_Dry,20715.3,46.7,Tier_1_Alliance,11,1.05,91.0,1.1,5682.58
SHP-11840,Shanghai,Rotterdam,19596.0,29,40ft_HighCube,Perishable_Reefer,17027.3,66.4,Tier_3_Spot,11,1.05,81.7,1.06,9244.67
SHP-11841,Chennai,Colombo,630.3,4,40ft_HighCube,Electronics,27407.0,58.5,Tier_2_Regional,10,1.25,89.0,1.34,8787.61
SHP-11842,Hamburg,Singapore,15777.3,27,LCL_Consolidated,General_Dry,1438.8,5.4,Tier_2_Regional,2,0.9,78.4,1.03,2438.68
SHP-11843,Chennai,Rotterdam,11507.1,21,40ft_HighCube,Automotive,19144.8,70.3,Tier_2_Regional,3,1.05,99.4,1.2,8174.86
SHP-11844,Shanghai,Rotterdam,19557.3,29,LCL_Consolidated,Perishable_Reefer,4299.1,4.2,Tier_2_Regional,4,1.05,72.5,1.35,5996.78
SHP-11845,Singapore,Dubai,5827.3,11,20ft_Standard,Hazardous_Chemicals,9926.5,31.8,Tier_1_Alliance,5,1.05,73.9,1.24,5769.18
SHP-11846,Singapore,Dubai,5930.1,13,40ft_Standard,Electronics,24937.3,61.1,Tier_1_Alliance,5,1.05,100.0,1.36,8995.37
SHP-11847,Nhava Sheva,Dubai,2143.7,4,LCL_Consolidated,Automotive,1490.0,11.2,Tier_2_Regional,4,1.05,75.8,1.37,1761.52
SHP-11848,Chennai,Rotterdam,11406.0,21,LCL_Consolidated,Automotive,4638.9,3.7,Tier_2_Regional,2,0.9,74.9,1.27,2802.94
SHP-11849,Chennai,Colombo,568.5,6,40ft_HighCube,Hazardous_Chemicals,13764.1,70.3,Tier_1_Alliance,11,1.05,82.1,1.36,9787.02
SHP-11850,Hamburg,Singapore,15877.8,27,LCL_Consolidated,Hazardous_Chemicals,4298.6,9.8,Tier_2_Regional,11,1.05,89.9,0.94,4180.53
SHP-11851,Nhava Sheva,Dubai,2128.6,5,20ft_Standard,Textiles,10396.6,21.1,Tier_3_Spot,12,1.05,101.5,1.0,2511.35
SHP-11852,Chennai,Colombo,642.6,3,LCL_Consolidated,Perishable_Reefer,1957.6,4.3,Tier_3_Spot,8,1.25,72.1,1.03,1289.74
SHP-11853,Chennai,Rotterdam,11529.1,21,40ft_HighCube,Electronics,26783.7,46.9,Tier_2_Regional,6,1.05,83.7,1.16,7910.24
SHP-11854,Chennai,Rotterdam,11407.3,22,LCL_Consolidated,Textiles,3782.7,2.8,Tier_1_Alliance,3,1.05,83.5,1.24,3295.41
SHP-11855,Nhava Sheva,Dubai,2024.0,4,40ft_HighCube,Electronics,22461.4,48.8,Tier_3_Spot,4,1.05,99.5,1.17,5959.92
SHP-11856,Santos,Rotterdam,10238.8,20,40ft_Standard,General_Dry,10189.2,47.1,Tier_1_Alliance,6,1.05,84.6,0.96,5132.63
SHP-11857,Hamburg,Singapore,15735.2,23,40ft_Standard,Automotive,19361.0,50.5,Tier_3_Spot,4,1.05,84.4,1.27,7677.42
SHP-11858,Singapore,Fremantle,3870.4,8,40ft_Standard,Electronics,10714.0,57.2,Tier_1_Alliance,8,1.25,80.2,1.21,7631.24
SHP-11859,Tokyo,Los Angeles,8820.7,11,20ft_Standard,Hazardous_Chemicals,18351.6,27.4,Tier_2_Regional,4,1.05,100.1,1.0,5458.56
SHP-11860,Nhava Sheva,Dubai,2084.6,4,40ft_HighCube,General_Dry,17147.7,73.1,Tier_2_Regional,9,1.25,107.1,0.9,5431.49
SHP-11861,Shanghai,Los Angeles,10477.8,16,20ft_Standard,Automotive,17935.8,18.6,Tier_1_Alliance,1,0.9,75.6,1.15,4300.0
SHP-11862,Shanghai,Los Angeles,10479.3,15,40ft_Standard,Automotive,18084.0,65.8,Tier_3_Spot,12,1.05,75.2,1.34,7466.55
SHP-11863,Santos,Rotterdam,10258.8,20,40ft_HighCube,Automotive,24028.3,59.8,Tier_2_Regional,6,1.05,87.9,1.02,6561.27
SHP-11864,Shanghai,Los Angeles,10442.0,14,40ft_Standard,Electronics,24553.6,51.3,Tier_1_Alliance,11,1.05,75.8,1.21,8239.67
SHP-11865,Singapore,Dubai,5999.4,11,40ft_Standard,Textiles,25834.6,55.2,Tier_3_Spot,3,1.05,78.4,1.4,6531.63
SHP-11866,Hamburg,Singapore,15711.4,24,40ft_HighCube,Electronics,21809.6,72.9,Tier_2_Regional,4,1.05,102.0,1.22,9694.67
SHP-11867,Busan,Long Beach,9395.8,13,20ft_Standard,Textiles,12568.3,19.9,Tier_1_Alliance,11,1.05,100.5,1.03,4083.07
SHP-11868,Nhava Sheva,Dubai,2001.3,6,40ft_Standard,Automotive,21899.1,55.9,Tier_2_Regional,6,1.05,77.3,1.36,6377.7
SHP-11869,Nhava Sheva,New York,14144.0,28,40ft_Standard,Perishable_Reefer,9032.0,60.1,Tier_3_Spot,11,1.05,86.4,1.19,8260.31
SHP-11870,Busan,Long Beach,9394.7,14,LCL_Consolidated,General_Dry,3787.2,11.5,Tier_2_Regional,1,0.9,85.0,1.02,1924.25
SHP-11871,Nhava Sheva,New York,14259.9,25,40ft_HighCube,General_Dry,27592.4,53.3,Tier_2_Regional,2,0.9,92.4,1.38,7630.05
SHP-11872,Shanghai,Rotterdam,19466.0,29,20ft_Standard,Automotive,4643.8,28.0,Tier_3_Spot,10,1.25,107.5,1.2,6848.67
SHP-11873,Chennai,Colombo,659.4,4,40ft_Standard,General_Dry,22461.7,61.0,Tier_2_Regional,1,0.9,81.1,1.11,4104.77
SHP-11874,Shanghai,Los Angeles,10533.3,13,LCL_Consolidated,General_Dry,3780.3,3.1,Tier_1_Alliance,5,1.05,74.6,0.99,2406.23
SHP-11875,Nhava Sheva,Dubai,2150.4,7,LCL_Consolidated,Perishable_Reefer,3049.4,7.4,Tier_3_Spot,1,0.9,92.4,1.16,1734.47
SHP-11876,Nhava Sheva,Dubai,2014.8,7,LCL_Consolidated,Perishable_Reefer,859.6,9.2,Tier_1_Alliance,3,1.05,76.7,1.23,2036.28
SHP-11877,Santos,Rotterdam,10252.9,20,40ft_HighCube,Textiles,27349.0,61.6,Tier_3_Spot,8,1.25,95.4,1.11,7753.11
SHP-11878,Nhava Sheva,Dubai,2168.1,5,40ft_HighCube,Electronics,20847.1,64.5,Tier_1_Alliance,7,1.05,83.8,0.98,5954.76
SHP-11879,Tokyo,Los Angeles,8834.4,14,40ft_HighCube,Electronics,12244.4,46.4,Tier_1_Alliance,2,0.9,93.1,1.07,5908.71
SHP-11880,Chennai,Rotterdam,11554.9,24,LCL_Consolidated,Hazardous_Chemicals,3033.7,7.5,Tier_2_Regional,5,1.05,89.3,1.26,4539.09
SHP-11881,Chennai,Rotterdam,11428.1,25,LCL_Consolidated,Perishable_Reefer,1891.3,10.0,Tier_2_Regional,7,1.05,89.9,1.04,3520.42
SHP-11882,Chennai,Colombo,668.6,4,20ft_Standard,Perishable_Reefer,9941.8,21.3,Tier_1_Alliance,12,1.05,107.7,1.02,3584.75
SHP-11883,Shanghai,Rotterdam,19406.6,30,40ft_Standard,Hazardous_Chemicals,20582.6,50.0,Tier_2_Regional,1,0.9,93.2,1.09,8682.01
SHP-11884,Singapore,Dubai,5913.0,13,40ft_Standard,Perishable_Reefer,9423.4,63.2,Tier_2_Regional,10,1.25,95.4,0.95,7058.75
SHP-11885,Busan,Long Beach,9376.0,14,40ft_Standard,General_Dry,14677.3,49.9,Tier_3_Spot,1,0.9,78.5,1.07,4185.01
SHP-11886,Shanghai,Los Angeles,10505.8,16,LCL_Consolidated,Textiles,2419.5,4.8,Tier_1_Alliance,2,0.9,102.7,1.21,2734.79
SHP-11887,Tokyo,Los Angeles,8824.2,14,40ft_HighCube,Automotive,16276.3,53.7,Tier_2_Regional,11,1.05,87.6,1.04,6134.93
SHP-11888,Shanghai,Rotterdam,19550.7,29,40ft_Standard,Hazardous_Chemicals,12633.2,37.3,Tier_3_Spot,5,1.05,94.0,1.09,8779.39
SHP-11889,Singapore,Fremantle,3917.8,11,40ft_Standard,Textiles,12964.2,49.4,Tier_2_Regional,4,1.05,92.7,1.03,4438.8
SHP-11890,Hamburg,Singapore,15752.8,27,40ft_Standard,Electronics,8859.4,45.5,Tier_1_Alliance,7,1.05,76.6,1.27,8596.36
SHP-11891,Busan,Long Beach,9487.0,16,40ft_HighCube,General_Dry,12838.5,75.0,Tier_1_Alliance,10,1.25,88.0,0.91,6806.87
SHP-11892,Shanghai,Los Angeles,10423.0,16,20ft_Standard,Perishable_Reefer,8424.5,30.3,Tier_2_Regional,6,1.05,78.9,1.22,5686.96
SHP-11893,Hamburg,Singapore,15774.1,26,40ft_Standard,Electronics,12399.8,36.4,Tier_1_Alliance,5,1.05,92.4,1.34,9207.86
SHP-11894,Hamburg,Singapore,15885.8,24,40ft_Standard,Automotive,22813.3,39.5,Tier_1_Alliance,12,1.05,103.5,0.94,6797.99
SHP-11895,Nhava Sheva,New York,14140.8,28,40ft_HighCube,Perishable_Reefer,19517.8,63.4,Tier_2_Regional,4,1.05,83.9,1.06,8951.05
SHP-11896,Santos,Rotterdam,10267.9,17,LCL_Consolidated,General_Dry,3242.7,13.3,Tier_3_Spot,5,1.05,97.4,1.18,2745.19
SHP-11897,Nhava Sheva,Dubai,2051.9,6,LCL_Consolidated,Perishable_Reefer,880.9,4.7,Tier_1_Alliance,9,1.25,91.8,0.91,1973.36
SHP-11898,Nhava Sheva,Dubai,2059.3,5,40ft_Standard,Perishable_Reefer,24790.2,58.7,Tier_1_Alliance,1,0.9,102.9,0.99,5937.56
SHP-11899,Chennai,Colombo,608.6,4,LCL_Consolidated,Electronics,985.0,5.6,Tier_3_Spot,11,1.05,88.2,1.19,1260.12
SHP-11900,Tokyo,Los Angeles,8848.3,13,20ft_Standard,General_Dry,17246.5,32.8,Tier_3_Spot,11,1.05,83.3,1.26,4375.13
SHP-11901,Shanghai,Los Angeles,10513.8,15,LCL_Consolidated,Automotive,1188.5,11.7,Tier_1_Alliance,2,0.9,95.3,1.41,3494.79
SHP-11902,Chennai,Colombo,727.9,2,LCL_Consolidated,Hazardous_Chemicals,4971.0,5.6,Tier_1_Alliance,6,1.05,74.1,1.0,1692.86
SHP-11903,Shanghai,Rotterdam,19589.4,28,40ft_Standard,Automotive,24997.8,48.5,Tier_3_Spot,6,1.05,78.5,1.29,8612.7
SHP-11904,Busan,Long Beach,9474.4,13,40ft_Standard,Electronics,17365.7,39.9,Tier_1_Alliance,4,1.05,72.3,0.89,5313.95
SHP-11905,Shanghai,Rotterdam,19480.3,27,40ft_Standard,Electronics,12135.0,42.0,Tier_1_Alliance,5,1.05,86.7,1.12,8434.2
SHP-11906,Busan,Long Beach,9438.5,15,LCL_Consolidated,Hazardous_Chemicals,2468.9,7.1,Tier_1_Alliance,8,1.25,93.9,1.07,4433.34
SHP-11907,Shanghai,Rotterdam,19449.8,27,40ft_Standard,Hazardous_Chemicals,14663.5,36.8,Tier_3_Spot,3,1.05,104.8,1.28,10536.86
SHP-11908,Tokyo,Los Angeles,8853.9,13,40ft_Standard,Electronics,11902.1,57.9,Tier_1_Alliance,3,1.05,73.7,1.17,7046.32
SHP-11909,Chennai,Colombo,563.6,6,20ft_Standard,General_Dry,15918.6,32.2,Tier_2_Regional,11,1.05,100.7,1.04,2859.48
SHP-11910,Shanghai,Rotterdam,19411.7,30,40ft_HighCube,Textiles,18326.3,69.1,Tier_3_Spot,2,0.9,101.9,1.14,6755.05
SHP-11911,Santos,Rotterdam,10238.2,19,40ft_HighCube,Perishable_Reefer,21201.4,70.8,Tier_1_Alliance,3,1.05,105.3,0.91,8452.38
SHP-11912,Shanghai,Rotterdam,19528.0,28,LCL_Consolidated,Electronics,2611.2,3.8,Tier_3_Spot,9,1.25,103.4,0.91,4104.51
SHP-11913,Shanghai,Los Angeles,10463.3,13,40ft_HighCube,Perishable_Reefer,23648.5,53.7,Tier_2_Regional,5,1.05,104.9,1.27,10250.01
SHP-11914,Shanghai,Los Angeles,10589.4,16,40ft_Standard,Textiles,16124.7,59.6,Tier_1_Alliance,2,0.9,100.6,0.93,4776.61
SHP-11915,Nhava Sheva,New York,14117.2,25,20ft_Standard,Automotive,20388.2,15.8,Tier_2_Regional,12,1.05,84.5,1.25,5655.59
SHP-11916,Hamburg,Singapore,15861.5,27,20ft_Standard,Textiles,11179.5,15.9,Tier_1_Alliance,8,1.25,82.5,0.9,4781.63
SHP-11917,Santos,Rotterdam,10286.5,21,40ft_Standard,Hazardous_Chemicals,18579.6,54.8,Tier_1_Alliance,5,1.05,97.0,0.98,8352.96
SHP-11918,Shanghai,Rotterdam,19547.0,27,LCL_Consolidated,General_Dry,1289.8,12.9,Tier_1_Alliance,7,1.05,98.9,1.01,3964.46
SHP-11919,Tokyo,Los Angeles,8790.9,11,20ft_Standard,Hazardous_Chemicals,5693.8,17.0,Tier_2_Regional,3,1.05,85.6,1.05,4511.7
SHP-11920,Singapore,Dubai,5918.2,12,40ft_Standard,Electronics,21246.9,57.2,Tier_3_Spot,4,1.05,79.3,1.04,5296.73
SHP-11921,Singapore,Dubai,5888.6,9,40ft_HighCube,Automotive,18983.7,63.6,Tier_3_Spot,6,1.05,72.4,1.13,6020.32
SHP-11922,Shanghai,Los Angeles,10402.1,15,LCL_Consolidated,Automotive,2072.1,9.3,Tier_3_Spot,6,1.05,78.8,1.25,2825.77
SHP-11923,Chennai,Colombo,601.5,3,LCL_Consolidated,Perishable_Reefer,3460.7,3.9,Tier_3_Spot,10,1.25,98.7,1.1,1902.62
SHP-11924,Singapore,Dubai,5837.0,12,LCL_Consolidated,Hazardous_Chemicals,1220.1,6.3,Tier_1_Alliance,3,1.05,72.6,0.92,2330.28
SHP-11925,Hamburg,Singapore,15769.9,23,40ft_Standard,Automotive,8500.0,46.8,Tier_1_Alliance,12,1.05,105.4,0.96,6464.98
SHP-11926,Singapore,Dubai,5823.4,11,LCL_Consolidated,Electronics,1182.4,5.8,Tier_1_Alliance,11,1.05,97.2,1.1,2290.41
SHP-11927,Hamburg,Singapore,15748.9,24,LCL_Consolidated,Electronics,3752.2,10.0,Tier_3_Spot,3,1.05,73.5,1.08,3382.95
SHP-11928,Shanghai,Rotterdam,19532.6,31,20ft_Standard,Textiles,12922.0,16.7,Tier_3_Spot,4,1.05,98.1,1.0,4519.45
SHP-11929,Tokyo,Los Angeles,8852.1,10,20ft_Standard,Hazardous_Chemicals,12619.8,30.3,Tier_3_Spot,12,1.05,102.8,0.91,4585.63
SHP-11930,Santos,Rotterdam,10116.7,18,20ft_Standard,Electronics,9698.0,20.3,Tier_1_Alliance,11,1.05,104.8,0.94,4131.17
SHP-11931,Shanghai,Rotterdam,19507.7,30,LCL_Consolidated,Automotive,4961.5,5.6,Tier_2_Regional,1,0.9,75.7,1.19,3790.05
SHP-11932,Tokyo,Los Angeles,8765.3,14,20ft_Standard,Perishable_Reefer,20798.8,28.5,Tier_2_Regional,11,1.05,72.0,1.31,6366.19
SHP-11933,Shanghai,Los Angeles,10514.0,17,LCL_Consolidated,Perishable_Reefer,2859.9,4.9,Tier_3_Spot,6,1.05,90.7,1.3,3769.97
SHP-11934,Hamburg,Singapore,15827.6,25,LCL_Consolidated,Textiles,3987.8,3.4,Tier_2_Regional,7,1.05,98.1,1.0,3204.11
SHP-11935,Santos,Rotterdam,10136.1,21,40ft_Standard,Textiles,22555.9,40.7,Tier_2_Regional,4,1.05,78.6,1.05,5345.7
SHP-11936,Nhava Sheva,New York,14109.1,26,40ft_HighCube,Automotive,24325.1,48.5,Tier_1_Alliance,12,1.05,89.5,1.16,8741.28
SHP-11937,Singapore,Fremantle,3954.5,7,20ft_Standard,Perishable_Reefer,11037.2,29.9,Tier_3_Spot,7,1.05,93.2,1.2,4395.73
SHP-11938,Singapore,Fremantle,3855.5,11,20ft_Standard,Textiles,12246.4,18.6,Tier_1_Alliance,12,1.05,91.8,0.91,2797.27
SHP-11939,Hamburg,Singapore,15784.4,23,40ft_Standard,Textiles,9123.0,46.1,Tier_1_Alliance,4,1.05,98.9,1.17,7298.02
SHP-11940,Nhava Sheva,Dubai,2108.8,5,20ft_Standard,General_Dry,14372.5,20.9,Tier_2_Regional,3,1.05,81.7,1.36,3416.43
SHP-11941,Nhava Sheva,Dubai,2110.0,4,40ft_HighCube,Automotive,12913.1,58.0,Tier_3_Spot,10,1.25,78.2,1.3,7001.2
SHP-11942,Singapore,Fremantle,3812.5,10,LCL_Consolidated,Automotive,2444.9,11.9,Tier_3_Spot,7,1.05,105.6,1.34,2374.85
SHP-11943,Shanghai,Los Angeles,10568.8,14,LCL_Consolidated,Textiles,1465.2,7.8,Tier_1_Alliance,12,1.05,75.0,1.06,2562.4
SHP-11944,Nhava Sheva,New York,14276.7,29,LCL_Consolidated,Electronics,2546.9,5.0,Tier_2_Regional,9,1.25,83.0,1.3,4793.89
SHP-11945,Chennai,Rotterdam,11594.6,22,40ft_Standard,Textiles,22239.8,41.4,Tier_3_Spot,4,1.05,97.8,0.96,4951.18
SHP-11946,Santos,Rotterdam,10208.1,21,40ft_Standard,Hazardous_Chemicals,16299.6,54.2,Tier_1_Alliance,2,0.9,91.0,1.06,7560.9
SHP-11947,Busan,Long Beach,9488.2,12,LCL_Consolidated,Perishable_Reefer,2235.4,9.8,Tier_2_Regional,7,1.05,99.2,1.27,3953.29
SHP-11948,Singapore,Fremantle,3833.4,11,20ft_Standard,Textiles,7452.5,16.4,Tier_2_Regional,3,1.05,88.8,1.12,2842.52
SHP-11949,Hamburg,Singapore,15723.4,27,20ft_Standard,Hazardous_Chemicals,10542.0,30.4,Tier_3_Spot,11,1.05,80.9,1.25,7167.29
SHP-11950,Shanghai,Rotterdam,19532.1,28,20ft_Standard,Textiles,5712.2,22.0,Tier_3_Spot,6,1.05,97.1,1.32,5604.91
SHP-11951,Tokyo,Los Angeles,8776.9,11,40ft_HighCube,Automotive,12490.6,58.9,Tier_1_Alliance,5,1.05,94.2,1.2,7849.85
SHP-11952,Shanghai,Los Angeles,10468.7,14,40ft_HighCube,Textiles,21308.9,45.3,Tier_2_Regional,8,1.25,98.6,1.36,9322.83
SHP-11953,Singapore,Fremantle,3972.3,7,LCL_Consolidated,Hazardous_Chemicals,2638.3,11.2,Tier_3_Spot,7,1.05,87.2,1.41,2965.5
SHP-11954,Singapore,Dubai,5812.6,12,LCL_Consolidated,Perishable_Reefer,3031.0,8.6,Tier_1_Alliance,10,1.25,88.5,1.25,3883.24
SHP-11955,Chennai,Colombo,601.0,4,40ft_HighCube,Perishable_Reefer,11354.8,60.8,Tier_2_Regional,10,1.25,100.9,1.34,9538.11
SHP-11956,Nhava Sheva,New York,14182.2,26,40ft_HighCube,Perishable_Reefer,26987.0,55.6,Tier_3_Spot,7,1.05,98.4,1.17,9576.54
SHP-11957,Tokyo,Los Angeles,8721.4,13,40ft_HighCube,Automotive,10503.2,54.0,Tier_3_Spot,1,0.9,100.5,0.97,4642.73
SHP-11958,Santos,Rotterdam,10203.0,20,20ft_Standard,Hazardous_Chemicals,5128.8,31.0,Tier_1_Alliance,1,0.9,77.9,0.96,4415.9
SHP-11959,Chennai,Colombo,557.8,5,40ft_HighCube,Automotive,26231.2,45.6,Tier_3_Spot,9,1.25,78.4,1.17,6413.51
SHP-11960,Singapore,Dubai,5871.7,9,40ft_Standard,General_Dry,23790.7,53.3,Tier_3_Spot,4,1.05,103.5,1.31,6175.7
SHP-11961,Shanghai,Rotterdam,19496.5,31,40ft_Standard,Automotive,21264.1,43.4,Tier_3_Spot,12,1.05,107.8,1.18,7894.64
SHP-11962,Hamburg,Singapore,15896.8,24,20ft_Standard,Electronics,17189.5,31.5,Tier_2_Regional,1,0.9,72.0,0.9,3942.2
SHP-11963,Shanghai,Rotterdam,19544.0,30,20ft_Standard,Automotive,9406.0,18.7,Tier_3_Spot,6,1.05,85.9,0.93,4323.35
SHP-11964,Singapore,Dubai,5953.5,10,LCL_Consolidated,Automotive,4301.0,13.9,Tier_3_Spot,7,1.05,88.2,0.91,1832.85
SHP-11965,Chennai,Colombo,732.8,2,20ft_Standard,Automotive,5915.9,30.8,Tier_2_Regional,1,0.9,73.1,1.22,2461.13
SHP-11966,Nhava Sheva,Dubai,2085.5,4,20ft_Standard,Electronics,19540.8,20.5,Tier_2_Regional,5,1.05,76.7,1.2,3625.41
SHP-11967,Chennai,Rotterdam,11478.7,23,40ft_HighCube,Perishable_Reefer,26243.0,57.4,Tier_3_Spot,6,1.05,77.9,1.39,10591.65
SHP-11968,Hamburg,Singapore,15728.4,24,20ft_Standard,Hazardous_Chemicals,14003.1,22.9,Tier_2_Regional,8,1.25,76.9,1.38,9912.52
SHP-11969,Shanghai,Los Angeles,10436.8,14,20ft_Standard,Automotive,8972.1,18.9,Tier_1_Alliance,11,1.05,95.3,1.04,4359.73
SHP-11970,Chennai,Rotterdam,11451.7,23,LCL_Consolidated,Perishable_Reefer,2935.3,10.2,Tier_2_Regional,6,1.05,85.4,1.0,3349.2
SHP-11971,Hamburg,Singapore,15765.3,23,40ft_Standard,Automotive,13625.7,50.7,Tier_1_Alliance,2,0.9,106.9,1.04,6199.34
SHP-11972,Busan,Long Beach,9369.5,12,40ft_Standard,Textiles,9014.4,58.7,Tier_3_Spot,7,1.05,76.6,0.98,4522.3
SHP-11973,Nhava Sheva,New York,14286.1,25,LCL_Consolidated,Electronics,1144.3,13.6,Tier_3_Spot,8,1.25,77.7,1.3,4591.14
SHP-11974,Tokyo,Los Angeles,8828.5,11,40ft_HighCube,Automotive,22822.6,55.0,Tier_2_Regional,6,1.05,78.2,1.2,7289.26
SHP-11975,Singapore,Dubai,5834.1,11,40ft_Standard,Textiles,9825.3,38.7,Tier_2_Regional,9,1.25,83.8,1.08,5323.53
SHP-11976,Nhava Sheva,New York,14189.7,25,40ft_HighCube,General_Dry,25330.2,46.5,Tier_3_Spot,5,1.05,93.6,1.02,6037.63
SHP-11977,Chennai,Colombo,611.5,5,40ft_Standard,Hazardous_Chemicals,11866.8,59.7,Tier_3_Spot,5,1.05,87.8,1.17,6294.57
SHP-11978,Busan,Long Beach,9470.6,14,20ft_Standard,Perishable_Reefer,9415.3,20.4,Tier_1_Alliance,10,1.25,88.5,1.02,5896.3
SHP-11979,Singapore,Fremantle,3840.6,9,40ft_Standard,Perishable_Reefer,17617.7,42.1,Tier_3_Spot,2,0.9,91.1,1.11,5123.86
SHP-11980,Nhava Sheva,New York,14237.7,26,40ft_Standard,Perishable_Reefer,17233.6,51.2,Tier_1_Alliance,3,1.05,101.2,1.18,10069.52
SHP-11981,Shanghai,Rotterdam,19558.9,30,LCL_Consolidated,Electronics,1783.6,8.7,Tier_1_Alliance,3,1.05,83.4,0.91,3829.49
SHP-11982,Shanghai,Los Angeles,10424.4,15,LCL_Consolidated,Hazardous_Chemicals,1457.2,5.9,Tier_3_Spot,4,1.05,89.4,1.32,3990.55
SHP-11983,Tokyo,Los Angeles,8710.0,14,20ft_Standard,Hazardous_Chemicals,15340.1,18.4,Tier_2_Regional,5,1.05,103.3,1.15,5865.97
SHP-11984,Busan,Long Beach,9395.8,15,40ft_Standard,Automotive,18599.3,37.1,Tier_2_Regional,5,1.05,80.1,1.32,6963.51
SHP-11985,Shanghai,Los Angeles,10517.5,17,40ft_HighCube,Perishable_Reefer,24289.6,53.1,Tier_3_Spot,6,1.05,73.9,1.2,8710.87
SHP-11986,Singapore,Fremantle,3958.1,7,20ft_Standard,General_Dry,13720.4,21.1,Tier_3_Spot,4,1.05,92.8,1.17,3117.26
SHP-11987,Nhava Sheva,Dubai,2166.5,6,40ft_Standard,General_Dry,9529.7,54.0,Tier_3_Spot,11,1.05,90.8,1.37,5108.77
SHP-11988,Shanghai,Los Angeles,10530.1,16,40ft_HighCube,Textiles,23976.6,54.2,Tier_3_Spot,11,1.05,94.1,1.13,6355.07
SHP-11989,Shanghai,Rotterdam,19487.6,31,40ft_HighCube,Perishable_Reefer,21432.0,62.7,Tier_2_Regional,9,1.25,76.6,1.16,12917.19
SHP-11990,Nhava Sheva,New York,14268.5,25,40ft_Standard,Electronics,15939.9,53.7,Tier_1_Alliance,12,1.05,91.4,1.24,8959.56
SHP-11991,Santos,Rotterdam,10269.1,17,40ft_Standard,Hazardous_Chemicals,17728.1,55.5,Tier_3_Spot,8,1.25,104.4,1.13,9913.98
SHP-11992,Shanghai,Rotterdam,19550.1,31,40ft_HighCube,Hazardous_Chemicals,24595.9,69.5,Tier_2_Regional,4,1.05,87.3,1.29,13631.98
SHP-11993,Shanghai,Los Angeles,10504.6,16,20ft_Standard,General_Dry,16070.2,26.5,Tier_1_Alliance,4,1.05,91.0,1.06,4453.32
SHP-11994,Hamburg,Singapore,15869.8,23,20ft_Standard,Automotive,13975.6,32.7,Tier_1_Alliance,9,1.25,74.9,1.39,8735.99
SHP-11995,Shanghai,Rotterdam,19515.3,27,40ft_Standard,General_Dry,16424.2,36.5,Tier_2_Regional,6,1.05,77.3,1.35,8016.04
SHP-11996,Hamburg,Singapore,15817.0,24,40ft_HighCube,General_Dry,24923.1,54.7,Tier_3_Spot,9,1.25,91.4,0.89,6535.85
SHP-11997,Busan,Long Beach,9392.9,12,40ft_HighCube,Electronics,22120.0,45.6,Tier_1_Alliance,12,1.05,76.4,1.19,8071.83
SHP-11998,Singapore,Fremantle,3816.0,8,40ft_Standard,Automotive,13532.7,55.7,Tier_2_Regional,6,1.05,84.6,1.01,4746.1
SHP-11999,Hamburg,Singapore,15708.5,23,40ft_HighCube,Automotive,25400.5,67.2,Tier_1_Alliance,1,0.9,82.2,0.91,6327.69
SHP-12000,Shanghai,Los Angeles,10459.9,16,40ft_Standard,Perishable_Reefer,24304.0,64.8,Tier_1_Alliance,9,1.25,89.9,1.08,10878.31
SHP-12001,Hamburg,Singapore,15728.0,26,20ft_Standard,Electronics,9276.2,28.0,Tier_3_Spot,7,1.05,92.5,0.99,4510.07
SHP-12002,Nhava Sheva,Dubai,2159.7,4,20ft_Standard,Textiles,12801.9,32.6,Tier_2_Regional,7,1.05,75.3,1.22,3214.63
SHP-12003,Singapore,Dubai,5890.1,10,20ft_Standard,Textiles,18493.9,29.8,Tier_2_Regional,4,1.05,93.1,1.19,4090.68
SHP-12004,Shanghai,Rotterdam,19469.3,27,20ft_Standard,Perishable_Reefer,7429.8,32.2,Tier_2_Regional,10,1.25,73.5,0.95,6836.93
SHP-12005,Tokyo,Los Angeles,8882.2,13,LCL_Consolidated,Electronics,626.8,3.9,Tier_2_Regional,10,1.25,87.2,1.29,3470.11
SHP-12006,Hamburg,Singapore,15782.0,25,40ft_Standard,Hazardous_Chemicals,17382.3,47.1,Tier_1_Alliance,5,1.05,81.2,1.32,12035.3
SHP-12007,Santos,Rotterdam,10182.4,17,20ft_Standard,Automotive,11312.9,32.1,Tier_3_Spot,11,1.05,104.1,1.06,4113.97
SHP-12008,Santos,Rotterdam,10283.8,20,40ft_HighCube,General_Dry,27340.0,46.2,Tier_2_Regional,11,1.05,92.2,0.88,5155.42
SHP-12009,Chennai,Colombo,746.0,2,40ft_HighCube,Electronics,17554.6,58.1,Tier_2_Regional,9,1.25,103.4,1.02,6484.55
SHP-12010,Singapore,Dubai,5935.3,12,20ft_Standard,Automotive,7138.5,20.7,Tier_3_Spot,4,1.05,105.4,1.19,3513.37
SHP-12011,Singapore,Fremantle,3959.5,10,LCL_Consolidated,Perishable_Reefer,3628.3,12.3,Tier_2_Regional,11,1.05,103.0,1.22,2854.41
SHP-12012,Busan,Long Beach,9484.0,16,40ft_Standard,Electronics,17658.5,62.5,Tier_3_Spot,10,1.25,90.3,1.29,8756.52
SHP-12013,Shanghai,Rotterdam,19550.9,29,20ft_Standard,Textiles,17960.8,28.8,Tier_1_Alliance,9,1.25,99.0,1.12,7575.93
SHP-12014,Chennai,Colombo,574.7,4,40ft_Standard,General_Dry,25421.0,60.8,Tier_3_Spot,9,1.25,107.5,1.31,6773.98
SHP-12015,Hamburg,Singapore,15867.8,25,20ft_Standard,Electronics,20048.0,25.6,Tier_2_Regional,9,1.25,104.4,1.15,7378.1
SHP-12016,Nhava Sheva,Dubai,2109.7,7,40ft_HighCube,Automotive,23181.4,51.6,Tier_1_Alliance,5,1.05,99.4,1.12,6546.13
SHP-12017,Singapore,Dubai,5818.9,9,20ft_Standard,Automotive,19957.4,21.3,Tier_1_Alliance,9,1.25,101.7,1.35,6423.93
SHP-12018,Chennai,Rotterdam,11437.3,22,LCL_Consolidated,Electronics,1690.3,4.0,Tier_2_Regional,1,0.9,105.3,0.92,2271.64
SHP-12019,Shanghai,Los Angeles,10572.5,14,20ft_Standard,Automotive,16034.9,21.4,Tier_1_Alliance,8,1.25,76.8,1.03,5256.5
SHP-12020,Singapore,Dubai,5813.3,9,LCL_Consolidated,Textiles,4274.9,5.3,Tier_3_Spot,10,1.25,79.7,1.03,1965.33
SHP-12021,Nhava Sheva,Dubai,2168.0,4,20ft_Standard,Automotive,15862.6,20.6,Tier_2_Regional,11,1.05,105.2,0.96,2929.91
SHP-12022,Singapore,Dubai,5908.8,12,20ft_Standard,Automotive,16236.8,23.5,Tier_3_Spot,12,1.05,86.0,1.02,3353.04
SHP-12023,Singapore,Fremantle,3881.4,8,40ft_Standard,Hazardous_Chemicals,25853.4,61.9,Tier_1_Alliance,3,1.05,78.7,0.89,6760.04
SHP-12024,Busan,Long Beach,9429.1,13,40ft_Standard,Perishable_Reefer,9941.9,61.5,Tier_1_Alliance,1,0.9,73.3,1.04,6298.21
SHP-12025,Tokyo,Los Angeles,8786.3,13,40ft_Standard,General_Dry,8216.0,52.5,Tier_2_Regional,8,1.25,97.0,0.97,5493.24
SHP-12026,Shanghai,Los Angeles,10555.8,13,40ft_HighCube,Electronics,26078.7,57.8,Tier_2_Regional,3,1.05,74.5,1.07,7309.38
SHP-12027,Hamburg,Singapore,15891.7,27,20ft_Standard,General_Dry,11367.2,25.9,Tier_2_Regional,1,0.9,74.2,1.15,4119.59
SHP-12028,Shanghai,Los Angeles,10466.7,17,20ft_Standard,General_Dry,6891.4,23.3,Tier_2_Regional,4,1.05,99.1,0.9,3124.9
SHP-12029,Chennai,Colombo,584.3,2,20ft_Standard,Electronics,17633.9,25.2,Tier_3_Spot,12,1.05,90.3,1.36,3775.12
SHP-12030,Santos,Rotterdam,10178.0,18,40ft_Standard,General_Dry,22476.8,43.1,Tier_1_Alliance,12,1.05,99.8,1.28,7493.62
SHP-12031,Nhava Sheva,New York,14299.8,25,40ft_Standard,Automotive,16531.3,35.2,Tier_1_Alliance,5,1.05,83.0,1.1,7007.19
SHP-12032,Shanghai,Los Angeles,10565.0,15,40ft_HighCube,Electronics,16489.8,47.9,Tier_1_Alliance,7,1.05,72.6,1.06,7180.4
SHP-12033,Nhava Sheva,Dubai,2182.3,6,20ft_Standard,Electronics,19449.5,27.0,Tier_3_Spot,1,0.9,93.0,1.04,2818.67
SHP-12034,Chennai,Colombo,709.6,5,40ft_Standard,Perishable_Reefer,8406.9,56.6,Tier_3_Spot,7,1.05,95.1,1.07,5226.26
SHP-12035,Nhava Sheva,New York,14144.9,26,LCL_Consolidated,Perishable_Reefer,3432.0,9.2,Tier_1_Alliance,5,1.05,97.9,0.89,3967.58
SHP-12036,Santos,Rotterdam,10126.8,19,40ft_HighCube,Automotive,16313.6,56.9,Tier_3_Spot,3,1.05,75.8,1.19,6730.6
SHP-12037,Nhava Sheva,New York,14163.9,29,20ft_Standard,Electronics,12728.9,22.3,Tier_2_Regional,12,1.05,82.3,1.21,5490.91
SHP-12038,Tokyo,Los Angeles,8877.0,12,LCL_Consolidated,Automotive,4060.2,12.9,Tier_2_Regional,9,1.25,96.3,0.95,2895.89
SHP-12039,Chennai,Colombo,625.9,2,20ft_Standard,Automotive,7846.2,23.2,Tier_3_Spot,1,0.9,90.4,1.0,1870.35
SHP-12040,Santos,Rotterdam,10211.5,17,20ft_Standard,Automotive,11832.5,26.2,Tier_1_Alliance,10,1.25,76.7,1.12,5569.16
SHP-12041,Chennai,Rotterdam,11410.1,25,40ft_Standard,Perishable_Reefer,25315.1,55.0,Tier_3_Spot,4,1.05,100.3,1.41,10284.22
SHP-12042,Singapore,Dubai,5908.1,13,LCL_Consolidated,Hazardous_Chemicals,4750.5,2.5,Tier_2_Regional,3,1.05,76.2,1.19,2768.23
SHP-12043,Tokyo,Los Angeles,8782.0,12,LCL_Consolidated,Electronics,3714.9,2.1,Tier_1_Alliance,2,0.9,107.9,0.99,2379.58
SHP-12044,Busan,Long Beach,9398.3,13,20ft_Standard,Hazardous_Chemicals,3026.8,18.7,Tier_2_Regional,4,1.05,72.1,0.89,3666.61
SHP-12045,Tokyo,Los Angeles,8803.8,11,40ft_HighCube,Textiles,27893.2,59.1,Tier_3_Spot,10,1.25,76.0,0.88,5827.62
SHP-12046,Tokyo,Los Angeles,8804.2,14,20ft_Standard,General_Dry,5144.0,29.4,Tier_2_Regional,1,0.9,92.9,1.34,3734.58
SHP-12047,Nhava Sheva,New York,14176.9,26,40ft_Standard,Electronics,16900.5,64.9,Tier_3_Spot,12,1.05,101.9,1.24,8032.94
SHP-12048,Singapore,Fremantle,3945.4,11,20ft_Standard,Perishable_Reefer,12752.0,28.2,Tier_1_Alliance,5,1.05,91.6,1.34,5751.48
SHP-12049,Nhava Sheva,New York,14288.6,29,LCL_Consolidated,Perishable_Reefer,2248.3,2.5,Tier_2_Regional,1,0.9,105.2,1.32,4309.25
SHP-12050,Singapore,Fremantle,3903.0,8,40ft_Standard,Perishable_Reefer,24025.7,58.1,Tier_1_Alliance,4,1.05,106.3,0.92,6747.26
SHP-12051,Nhava Sheva,New York,14204.7,25,40ft_HighCube,General_Dry,20874.3,65.0,Tier_3_Spot,12,1.05,81.3,1.15,6794.73
SHP-12052,Singapore,Fremantle,3992.6,9,40ft_Standard,General_Dry,19446.6,60.8,Tier_1_Alliance,11,1.05,72.4,1.08,5327.03
SHP-12053,Shanghai,Rotterdam,19552.5,29,LCL_Consolidated,Perishable_Reefer,2509.1,6.5,Tier_1_Alliance,10,1.25,93.9,1.02,6221.78
SHP-12054,Singapore,Fremantle,3978.1,9,LCL_Consolidated,Perishable_Reefer,1167.2,2.6,Tier_2_Regional,1,0.9,91.8,1.02,1580.39
SHP-12055,Santos,Rotterdam,10244.2,18,20ft_Standard,Textiles,5739.7,17.5,Tier_3_Spot,4,1.05,90.5,1.2,3651.09
SHP-12056,Singapore,Dubai,5993.6,10,LCL_Consolidated,Electronics,2889.0,8.0,Tier_1_Alliance,2,0.9,89.9,1.25,2400.94
SHP-12057,Shanghai,Los Angeles,10493.5,15,40ft_Standard,Perishable_Reefer,10875.8,64.8,Tier_2_Regional,6,1.05,107.8,0.89,6501.93
SHP-12058,Singapore,Dubai,5817.4,13,20ft_Standard,Automotive,12929.9,21.0,Tier_1_Alliance,9,1.25,76.2,1.11,4595.73
SHP-12059,Nhava Sheva,New York,14225.7,27,40ft_HighCube,Automotive,15163.6,71.9,Tier_1_Alliance,7,1.05,76.1,0.9,6781.76
SHP-12060,Chennai,Colombo,670.3,3,20ft_Standard,Hazardous_Chemicals,10351.2,16.0,Tier_2_Regional,3,1.05,92.2,1.16,3705.56
SHP-12061,Chennai,Colombo,567.3,2,40ft_Standard,Electronics,18220.4,66.7,Tier_1_Alliance,11,1.05,87.4,1.07,5790.33
SHP-12062,Shanghai,Los Angeles,10405.9,15,40ft_HighCube,General_Dry,23237.7,58.5,Tier_2_Regional,6,1.05,80.1,1.32,7692.85
SHP-12063,Busan,Long Beach,9482.7,14,40ft_HighCube,Perishable_Reefer,10828.1,72.1,Tier_3_Spot,11,1.05,78.4,0.96,6676.6
SHP-12064,Chennai,Colombo,633.8,3,40ft_HighCube,Perishable_Reefer,11927.3,47.7,Tier_1_Alliance,4,1.05,72.2,1.15,6739.61
SHP-12065,Busan,Long Beach,9459.7,13,40ft_HighCube,Perishable_Reefer,14670.5,55.8,Tier_1_Alliance,7,1.05,75.0,1.42,11161.16
SHP-12066,Tokyo,Los Angeles,8733.8,12,20ft_Standard,Textiles,5271.9,23.3,Tier_3_Spot,3,1.05,86.2,1.41,4042.79
SHP-12067,Tokyo,Los Angeles,8778.4,13,LCL_Consolidated,Hazardous_Chemicals,4024.3,13.4,Tier_3_Spot,3,1.05,81.9,0.92,2748.04
SHP-12068,Singapore,Fremantle,3975.9,10,LCL_Consolidated,Automotive,4055.5,5.5,Tier_2_Regional,8,1.25,101.9,1.24,2720.05
SHP-12069,Singapore,Fremantle,3812.0,8,40ft_HighCube,General_Dry,17430.1,73.9,Tier_1_Alliance,9,1.25,82.9,1.19,8006.0
SHP-12070,Singapore,Dubai,5994.7,10,40ft_Standard,Hazardous_Chemicals,22610.5,44.8,Tier_2_Regional,5,1.05,98.1,1.35,9423.4
SHP-12071,Hamburg,Singapore,15809.5,23,40ft_Standard,General_Dry,22231.3,48.9,Tier_2_Regional,5,1.05,93.8,1.29,7830.06
SHP-12072,Shanghai,Los Angeles,10471.4,17,40ft_Standard,General_Dry,19878.6,43.8,Tier_2_Regional,5,1.05,95.1,0.93,4841.36
SHP-12073,Nhava Sheva,New York,14120.2,29,LCL_Consolidated,Electronics,2976.9,8.4,Tier_3_Spot,8,1.25,81.0,1.34,4692.42
SHP-12074,Hamburg,Singapore,15746.7,24,40ft_HighCube,Textiles,24201.2,60.5,Tier_3_Spot,9,1.25,101.0,1.27,9714.0
SHP-12075,Tokyo,Los Angeles,8803.4,14,LCL_Consolidated,Automotive,4968.8,6.9,Tier_1_Alliance,1,0.9,84.5,0.93,2051.13
SHP-12076,Nhava Sheva,New York,14298.6,26,20ft_Standard,Electronics,8598.0,26.8,Tier_2_Regional,5,1.05,75.0,1.27,5651.35
SHP-12077,Nhava Sheva,Dubai,2172.6,4,LCL_Consolidated,General_Dry,3250.9,13.4,Tier_2_Regional,7,1.05,72.2,1.39,1820.07
SHP-12078,Chennai,Colombo,578.5,6,LCL_Consolidated,General_Dry,1411.9,2.7,Tier_1_Alliance,12,1.05,79.3,1.2,1146.83
SHP-12079,Tokyo,Los Angeles,8865.6,14,20ft_Standard,General_Dry,17536.6,15.6,Tier_1_Alliance,1,0.9,79.6,1.38,4325.43
SHP-12080,Chennai,Colombo,712.7,3,20ft_Standard,Textiles,16455.7,25.6,Tier_2_Regional,8,1.25,99.4,1.18,3792.84
SHP-12081,Chennai,Rotterdam,11556.1,21,LCL_Consolidated,Electronics,3576.8,9.4,Tier_2_Regional,1,0.9,98.0,1.02,2633.34
SHP-12082,Singapore,Fremantle,3929.6,10,40ft_HighCube,Hazardous_Chemicals,21316.4,47.4,Tier_1_Alliance,8,1.25,84.3,1.06,9567.28
SHP-12083,Shanghai,Los Angeles,10541.2,13,LCL_Consolidated,Electronics,2878.2,12.4,Tier_3_Spot,8,1.25,90.8,0.88,2650.0
SHP-12084,Shanghai,Los Angeles,10555.9,17,20ft_Standard,Textiles,11423.1,32.0,Tier_1_Alliance,2,0.9,87.4,1.18,4176.04
SHP-12085,Tokyo,Los Angeles,8722.2,14,LCL_Consolidated,Electronics,4521.9,10.1,Tier_1_Alliance,10,1.25,94.8,1.09,3664.46
SHP-12086,Chennai,Colombo,648.1,2,40ft_Standard,Perishable_Reefer,23075.0,36.3,Tier_2_Regional,7,1.05,92.1,0.94,4973.74
SHP-12087,Chennai,Rotterdam,11436.4,23,20ft_Standard,Textiles,15893.7,21.6,Tier_3_Spot,6,1.05,88.8,1.4,5065.78
SHP-12088,Chennai,Rotterdam,11402.9,23,40ft_HighCube,Electronics,13839.2,57.3,Tier_1_Alliance,3,1.05,77.8,1.33,9344.92
SHP-12089,Hamburg,Singapore,15817.0,26,LCL_Consolidated,Automotive,4311.1,5.1,Tier_2_Regional,11,1.05,89.0,1.09,3646.38
SHP-12090,Chennai,Colombo,686.4,4,20ft_Standard,Perishable_Reefer,15421.7,19.4,Tier_3_Spot,6,1.05,97.1,1.39,4369.09
SHP-12091,Shanghai,Los Angeles,10417.9,13,20ft_Standard,Perishable_Reefer,17822.1,22.0,Tier_2_Regional,1,0.9,89.3,0.89,3864.35
SHP-12092,Nhava Sheva,Dubai,2072.8,8,40ft_HighCube,Electronics,25273.6,66.8,Tier_2_Regional,12,1.05,76.1,1.17,6725.38
SHP-12093,Nhava Sheva,Dubai,2115.6,6,40ft_HighCube,Automotive,13967.0,45.3,Tier_1_Alliance,2,0.9,98.6,1.2,5403.62
SHP-12094,Nhava Sheva,New York,14262.8,27,40ft_Standard,General_Dry,9816.8,64.2,Tier_1_Alliance,7,1.05,89.1,1.08,6749.1
SHP-12095,Busan,Long Beach,9410.0,15,40ft_HighCube,Perishable_Reefer,24295.4,52.2,Tier_3_Spot,10,1.25,103.1,1.01,8855.68
SHP-12096,Tokyo,Los Angeles,8718.1,10,40ft_HighCube,General_Dry,25848.4,53.6,Tier_1_Alliance,8,1.25,87.1,1.3,9700.76
SHP-12097,Shanghai,Los Angeles,10498.1,17,LCL_Consolidated,General_Dry,2626.1,8.6,Tier_2_Regional,6,1.05,98.8,1.37,3267.0
SHP-12098,Nhava Sheva,New York,14127.4,25,LCL_Consolidated,Perishable_Reefer,4132.3,3.6,Tier_2_Regional,10,1.25,85.4,1.18,5073.56
SHP-12099,Tokyo,Los Angeles,8719.7,12,40ft_HighCube,Electronics,25373.5,64.8,Tier_2_Regional,11,1.05,101.2,1.13,7814.51
SHP-12100,Nhava Sheva,Dubai,2146.9,4,40ft_Standard,Hazardous_Chemicals,15832.4,58.6,Tier_2_Regional,6,1.05,99.8,1.11,7006.38
SHP-12101,Chennai,Colombo,643.7,2,40ft_HighCube,General_Dry,11831.4,59.3,Tier_2_Regional,1,0.9,101.8,1.13,4223.83
SHP-12102,Shanghai,Rotterdam,19476.9,29,LCL_Consolidated,Automotive,3886.9,7.8,Tier_3_Spot,12,1.05,74.2,0.93,3171.48
SHP-12103,Shanghai,Rotterdam,19461.4,28,20ft_Standard,Electronics,8337.1,16.3,Tier_2_Regional,5,1.05,90.1,1.06,5433.86
SHP-12104,Chennai,Colombo,684.3,5,20ft_Standard,Electronics,6109.6,19.7,Tier_3_Spot,7,1.05,96.7,1.1,2484.56
SHP-12105,Shanghai,Los Angeles,10578.7,14,40ft_HighCube,General_Dry,17499.2,52.8,Tier_2_Regional,1,0.9,88.0,1.36,6593.06
SHP-12106,Santos,Rotterdam,10141.4,20,20ft_Standard,Textiles,19975.4,18.7,Tier_1_Alliance,9,1.25,106.8,1.1,5664.4
SHP-12107,Hamburg,Singapore,15838.3,25,40ft_Standard,Electronics,15762.3,51.1,Tier_3_Spot,8,1.25,93.9,1.1,8285.46
SHP-12108,Santos,Rotterdam,10238.8,19,LCL_Consolidated,Automotive,1551.9,2.7,Tier_3_Spot,6,1.05,100.1,1.3,3006.64
SHP-12109,Singapore,Dubai,5801.2,9,40ft_Standard,Perishable_Reefer,18398.8,58.8,Tier_1_Alliance,6,1.05,93.5,1.12,8081.28
SHP-12110,Singapore,Dubai,5955.3,11,40ft_Standard,Textiles,21281.6,48.2,Tier_3_Spot,1,0.9,98.5,1.15,4510.02
SHP-12111,Chennai,Colombo,650.0,4,40ft_HighCube,Hazardous_Chemicals,17854.0,47.4,Tier_1_Alliance,12,1.05,103.1,1.01,7112.59
SHP-12112,Tokyo,Los Angeles,8751.9,11,LCL_Consolidated,Electronics,3873.1,3.6,Tier_2_Regional,12,1.05,79.4,0.91,2079.97
SHP-12113,Shanghai,Los Angeles,10435.1,14,LCL_Consolidated,General_Dry,3927.1,12.0,Tier_1_Alliance,6,1.05,95.4,1.14,3086.12
SHP-12114,Singapore,Fremantle,3824.1,10,20ft_Standard,Perishable_Reefer,4029.7,20.3,Tier_1_Alliance,10,1.25,103.8,1.08,4860.91
SHP-12115,Singapore,Dubai,5853.6,13,LCL_Consolidated,Automotive,1547.1,6.5,Tier_3_Spot,2,0.9,102.1,1.4,2203.76
SHP-12116,Chennai,Rotterdam,11441.5,22,40ft_Standard,General_Dry,21443.8,66.8,Tier_1_Alliance,10,1.25,100.6,0.89,6822.25
SHP-12117,Singapore,Dubai,5836.9,12,40ft_HighCube,Perishable_Reefer,11089.9,61.9,Tier_1_Alliance,2,0.9,88.2,1.36,8535.83
SHP-12118,Chennai,Rotterdam,11584.3,21,LCL_Consolidated,Electronics,4491.9,2.5,Tier_2_Regional,6,1.05,96.7,1.39,3863.24
SHP-12119,Singapore,Dubai,5916.7,10,40ft_Standard,Perishable_Reefer,11303.7,64.3,Tier_2_Regional,7,1.05,92.8,1.34,8475.05
SHP-12120,Chennai,Colombo,582.0,4,LCL_Consolidated,Perishable_Reefer,4621.5,2.1,Tier_1_Alliance,4,1.05,106.5,0.9,1732.99
SHP-12121,Hamburg,Singapore,15851.2,25,40ft_HighCube,General_Dry,25857.6,64.1,Tier_1_Alliance,10,1.25,101.4,1.18,10672.84
SHP-12122,Nhava Sheva,New York,14239.8,26,40ft_Standard,Electronics,20612.9,66.7,Tier_2_Regional,8,1.25,78.5,1.35,11036.24
SHP-12123,Shanghai,Los Angeles,10579.0,13,LCL_Consolidated,Electronics,3435.0,5.6,Tier_2_Regional,10,1.25,101.4,0.91,3009.84
SHP-12124,Hamburg,Singapore,15843.7,26,LCL_Consolidated,Textiles,4208.3,7.4,Tier_2_Regional,3,1.05,91.9,1.04,3241.5
SHP-12125,Nhava Sheva,Dubai,2117.6,6,40ft_HighCube,General_Dry,23010.1,60.7,Tier_2_Regional,9,1.25,87.7,1.32,7708.74
SHP-12126,Hamburg,Singapore,15849.6,25,LCL_Consolidated,General_Dry,700.7,2.1,Tier_1_Alliance,12,1.05,105.2,1.19,3811.57
SHP-12127,Shanghai,Los Angeles,10519.0,14,40ft_Standard,General_Dry,21979.3,65.2,Tier_2_Regional,4,1.05,94.3,1.03,5892.29
SHP-12128,Tokyo,Los Angeles,8814.5,10,40ft_Standard,Electronics,14272.9,41.2,Tier_1_Alliance,4,1.05,78.2,1.4,8189.29
SHP-12129,Nhava Sheva,Dubai,2071.5,4,40ft_Standard,Hazardous_Chemicals,22496.5,46.0,Tier_3_Spot,1,0.9,76.1,1.36,6589.68
SHP-12130,Nhava Sheva,Dubai,2197.9,6,40ft_HighCube,Textiles,26154.3,52.0,Tier_3_Spot,7,1.05,92.9,1.32,6210.59
SHP-12131,Tokyo,Los Angeles,8757.0,11,40ft_Standard,Electronics,23752.6,44.4,Tier_1_Alliance,4,1.05,86.2,0.97,6223.98
SHP-12132,Hamburg,Singapore,15726.5,27,20ft_Standard,Hazardous_Chemicals,16439.2,24.7,Tier_3_Spot,11,1.05,80.3,0.95,5611.79
SHP-12133,Singapore,Dubai,5950.5,9,40ft_Standard,Automotive,15998.0,45.7,Tier_1_Alliance,10,1.25,86.1,1.37,8841.59
SHP-12134,Singapore,Fremantle,3920.2,8,20ft_Standard,General_Dry,7369.1,23.9,Tier_1_Alliance,4,1.05,74.7,1.13,3058.37
SHP-12135,Singapore,Fremantle,3874.3,8,20ft_Standard,General_Dry,6280.5,28.9,Tier_2_Regional,5,1.05,95.1,1.19,3181.36
SHP-12136,Chennai,Colombo,618.4,2,40ft_Standard,Electronics,16034.1,57.5,Tier_2_Regional,2,0.9,89.3,1.01,4035.12
SHP-12137,Hamburg,Singapore,15725.6,26,40ft_HighCube,Perishable_Reefer,12720.6,71.4,Tier_2_Regional,11,1.05,105.0,1.02,9089.61
SHP-12138,Nhava Sheva,New York,14279.5,26,20ft_Standard,Automotive,5168.4,29.6,Tier_2_Regional,4,1.05,73.0,1.19,4863.25
SHP-12139,Shanghai,Los Angeles,10532.0,17,40ft_HighCube,Hazardous_Chemicals,14868.7,50.9,Tier_1_Alliance,12,1.05,75.8,1.07,9083.11
SHP-12140,Nhava Sheva,Dubai,2172.0,6,20ft_Standard,Hazardous_Chemicals,7876.3,28.0,Tier_1_Alliance,3,1.05,75.6,1.23,4633.1
SHP-12141,Singapore,Dubai,5847.6,9,LCL_Consolidated,Perishable_Reefer,2574.5,3.7,Tier_3_Spot,8,1.25,93.8,0.95,2450.99
SHP-12142,Busan,Long Beach,9448.2,13,40ft_Standard,General_Dry,17814.6,57.7,Tier_3_Spot,5,1.05,94.6,1.24,6121.96
SHP-12143,Busan,Long Beach,9486.4,12,40ft_Standard,Textiles,13445.2,52.4,Tier_1_Alliance,8,1.25,73.5,1.15,7424.06
SHP-12144,Hamburg,Singapore,15865.9,24,40ft_Standard,Electronics,18600.4,66.6,Tier_1_Alliance,7,1.05,84.8,1.07,8332.64
SHP-12145,Singapore,Fremantle,3988.6,8,40ft_HighCube,Perishable_Reefer,19772.2,54.0,Tier_3_Spot,7,1.05,81.9,1.36,8391.38
SHP-12146,Shanghai,Rotterdam,19527.3,29,40ft_Standard,Textiles,11092.3,59.8,Tier_3_Spot,12,1.05,87.7,1.31,7747.78
SHP-12147,Shanghai,Los Angeles,10480.9,14,20ft_Standard,Textiles,7790.3,23.7,Tier_3_Spot,11,1.05,93.0,0.97,3166.54
SHP-12148,Singapore,Dubai,5984.8,11,40ft_HighCube,General_Dry,17052.2,62.2,Tier_3_Spot,3,1.05,78.6,1.07,5120.09
SHP-12149,Nhava Sheva,New York,14206.7,27,LCL_Consolidated,Electronics,2512.5,8.6,Tier_2_Regional,4,1.05,93.2,1.02,3239.64
SHP-12150,Shanghai,Los Angeles,10529.2,13,40ft_Standard,Electronics,24597.0,37.8,Tier_1_Alliance,10,1.25,92.6,1.2,9487.28
SHP-12151,Chennai,Rotterdam,11521.1,24,LCL_Consolidated,Electronics,2495.2,3.6,Tier_3_Spot,7,1.05,72.0,1.38,3373.7
SHP-12152,Shanghai,Rotterdam,19565.6,27,40ft_HighCube,Perishable_Reefer,13332.0,59.8,Tier_1_Alliance,5,1.05,95.3,0.89,8933.26
SHP-12153,Nhava Sheva,Dubai,2122.9,4,20ft_Standard,Automotive,7421.0,28.7,Tier_1_Alliance,9,1.25,94.3,0.95,3450.14
SHP-12154,Singapore,Dubai,5967.3,9,20ft_Standard,Automotive,9881.8,15.1,Tier_1_Alliance,1,0.9,87.1,0.89,2492.75
SHP-12155,Tokyo,Los Angeles,8728.7,13,20ft_Standard,Hazardous_Chemicals,8057.8,17.0,Tier_2_Regional,11,1.05,98.9,1.33,6086.38
SHP-12156,Chennai,Rotterdam,11494.8,24,40ft_Standard,Perishable_Reefer,11931.0,51.8,Tier_2_Regional,6,1.05,72.4,1.19,8000.89
SHP-12157,Nhava Sheva,Dubai,2092.6,5,40ft_HighCube,Perishable_Reefer,18004.5,58.2,Tier_1_Alliance,3,1.05,102.9,1.24,8828.84
SHP-12158,Nhava Sheva,Dubai,2196.6,5,LCL_Consolidated,General_Dry,3393.1,11.5,Tier_1_Alliance,5,1.05,82.2,0.93,1421.56
SHP-12159,Hamburg,Singapore,15759.9,24,20ft_Standard,Perishable_Reefer,7968.4,29.7,Tier_2_Regional,2,0.9,105.0,0.99,4978.78
SHP-12160,Shanghai,Los Angeles,10492.8,16,40ft_HighCube,Perishable_Reefer,26097.3,68.3,Tier_2_Regional,7,1.05,102.9,0.99,8382.84
SHP-12161,Singapore,Dubai,5920.9,10,20ft_Standard,Hazardous_Chemicals,17559.3,23.5,Tier_2_Regional,6,1.05,75.6,1.18,5286.01
SHP-12162,Chennai,Rotterdam,11599.6,24,40ft_Standard,Electronics,20552.0,36.3,Tier_2_Regional,3,1.05,82.3,1.0,5903.12
SHP-12163,Singapore,Dubai,5853.3,11,20ft_Standard,Perishable_Reefer,6942.4,21.2,Tier_1_Alliance,6,1.05,100.7,1.15,4960.08
SHP-12164,Hamburg,Singapore,15814.5,26,20ft_Standard,Electronics,18734.6,28.9,Tier_2_Regional,6,1.05,98.8,1.08,5845.99
SHP-12165,Shanghai,Los Angeles,10483.6,17,20ft_Standard,Hazardous_Chemicals,11417.0,18.6,Tier_3_Spot,7,1.05,98.4,1.02,4859.29
SHP-12166,Santos,Rotterdam,10102.4,17,40ft_HighCube,Electronics,25739.1,64.4,Tier_3_Spot,6,1.05,89.3,1.39,9053.03
SHP-12167,Shanghai,Los Angeles,10418.3,15,40ft_Standard,Hazardous_Chemicals,18861.3,61.7,Tier_3_Spot,1,0.9,92.9,1.0,6325.9
SHP-12168,Tokyo,Los Angeles,8715.5,13,20ft_Standard,Hazardous_Chemicals,18235.7,26.4,Tier_2_Regional,12,1.05,75.4,1.0,5071.07
SHP-12169,Tokyo,Los Angeles,8891.2,14,40ft_HighCube,Hazardous_Chemicals,18226.7,57.3,Tier_1_Alliance,7,1.05,75.0,1.29,11111.3
SHP-12170,Santos,Rotterdam,10292.6,19,LCL_Consolidated,Hazardous_Chemicals,4320.9,3.6,Tier_2_Regional,7,1.05,99.2,1.1,3817.54
SHP-12171,Nhava Sheva,New York,14173.5,27,20ft_Standard,Automotive,17696.6,28.4,Tier_2_Regional,10,1.25,73.2,0.91,4974.18
SHP-12172,Chennai,Colombo,645.1,3,20ft_Standard,General_Dry,8545.2,15.7,Tier_3_Spot,8,1.25,95.4,1.33,3160.36
SHP-12173,Hamburg,Singapore,15704.1,24,40ft_HighCube,Perishable_Reefer,10598.8,72.9,Tier_2_Regional,4,1.05,97.4,1.12,9731.23
SHP-12174,Hamburg,Singapore,15818.4,24,40ft_Standard,General_Dry,16694.8,49.1,Tier_2_Regional,4,1.05,72.8,1.1,6176.31
SHP-12175,Busan,Long Beach,9458.3,12,40ft_Standard,Electronics,11301.4,48.1,Tier_3_Spot,8,1.25,104.8,1.23,7890.17
SHP-12176,Nhava Sheva,New York,14222.9,29,LCL_Consolidated,Automotive,2781.8,5.9,Tier_3_Spot,9,1.25,99.4,1.25,4293.63
SHP-12177,Chennai,Rotterdam,11477.4,22,LCL_Consolidated,Electronics,3558.8,4.0,Tier_2_Regional,9,1.25,97.0,1.35,4580.06
SHP-12178,Tokyo,Los Angeles,8851.2,13,20ft_Standard,Textiles,17378.8,26.5,Tier_2_Regional,1,0.9,102.4,1.22,4066.87
SHP-12179,Singapore,Fremantle,3827.6,7,LCL_Consolidated,General_Dry,3415.6,8.7,Tier_2_Regional,12,1.05,99.5,1.17,1910.69
SHP-12180,Hamburg,Singapore,15836.6,26,20ft_Standard,Perishable_Reefer,6706.8,30.1,Tier_2_Regional,2,0.9,86.5,0.97,4631.22
SHP-12181,Santos,Rotterdam,10279.3,17,LCL_Consolidated,Electronics,3116.1,11.2,Tier_3_Spot,9,1.25,102.2,0.92,2925.76
SHP-12182,Singapore,Fremantle,3963.3,8,LCL_Consolidated,General_Dry,1192.6,10.4,Tier_3_Spot,4,1.05,99.8,1.01,1512.31
SHP-12183,Nhava Sheva,New York,14191.5,25,LCL_Consolidated,Hazardous_Chemicals,1680.9,6.9,Tier_3_Spot,5,1.05,77.7,0.99,3598.94
SHP-12184,Busan,Long Beach,9418.3,13,20ft_Standard,Textiles,20237.5,20.4,Tier_1_Alliance,11,1.05,93.7,0.89,3614.67
SHP-12185,Singapore,Dubai,5871.8,13,LCL_Consolidated,Perishable_Reefer,4972.5,9.2,Tier_1_Alliance,2,0.9,94.2,1.32,3272.86
SHP-12186,Chennai,Colombo,588.0,4,40ft_HighCube,Automotive,12923.3,76.0,Tier_3_Spot,4,1.05,92.2,1.16,5518.69
SHP-12187,Singapore,Dubai,5931.7,10,20ft_Standard,Textiles,17090.6,27.5,Tier_1_Alliance,12,1.05,74.7,1.27,4460.61
SHP-12188,Nhava Sheva,New York,14182.9,29,20ft_Standard,Perishable_Reefer,9784.3,26.5,Tier_3_Spot,11,1.05,80.0,0.94,4647.56
SHP-12189,Santos,Rotterdam,10205.5,17,20ft_Standard,Perishable_Reefer,18316.5,30.9,Tier_3_Spot,10,1.25,105.2,1.24,7574.54
SHP-12190,Santos,Rotterdam,10202.2,19,20ft_Standard,Electronics,16944.8,17.1,Tier_2_Regional,1,0.9,105.7,1.41,5116.51
SHP-12191,Hamburg,Singapore,15826.2,23,LCL_Consolidated,General_Dry,639.9,9.5,Tier_1_Alliance,1,0.9,90.6,1.37,3840.64
SHP-12192,Nhava Sheva,New York,14190.9,28,40ft_Standard,Automotive,18811.5,48.3,Tier_1_Alliance,3,1.05,95.4,1.3,9084.64
SHP-12193,Singapore,Dubai,5968.5,11,20ft_Standard,Textiles,11237.6,24.3,Tier_1_Alliance,11,1.05,92.9,1.06,3545.15
SHP-12194,Singapore,Fremantle,3836.8,10,40ft_HighCube,General_Dry,17541.1,45.1,Tier_1_Alliance,10,1.25,96.7,1.27,7830.97
SHP-12195,Hamburg,Singapore,15871.7,24,LCL_Consolidated,Perishable_Reefer,1095.9,8.7,Tier_2_Regional,9,1.25,76.8,0.89,4028.33
SHP-12196,Singapore,Fremantle,3824.0,7,40ft_Standard,Perishable_Reefer,20105.3,63.2,Tier_1_Alliance,5,1.05,81.7,1.06,7321.98
SHP-12197,Singapore,Fremantle,3876.3,8,40ft_HighCube,Hazardous_Chemicals,22248.4,72.1,Tier_3_Spot,1,0.9,74.9,0.89,5379.62
SHP-12198,Busan,Long Beach,9359.0,13,40ft_HighCube,Electronics,25784.3,51.7,Tier_3_Spot,10,1.25,72.7,0.93,6647.69
SHP-12199,Shanghai,Los Angeles,10591.4,16,40ft_HighCube,Electronics,13287.5,73.2,Tier_1_Alliance,10,1.25,88.2,1.32,11617.33
SHP-12200,Busan,Long Beach,9311.8,16,LCL_Consolidated,Textiles,503.5,13.0,Tier_2_Regional,5,1.05,80.7,1.05,2351.8
SHP-12201,Busan,Long Beach,9361.7,14,40ft_HighCube,Electronics,23753.8,52.9,Tier_3_Spot,2,0.9,97.2,1.32,7015.92
SHP-12202,Shanghai,Rotterdam,19555.8,29,20ft_Standard,Electronics,17887.2,19.9,Tier_2_Regional,9,1.25,91.7,0.94,6276.53
SHP-12203,Busan,Long Beach,9414.0,15,40ft_Standard,Automotive,12976.0,57.8,Tier_2_Regional,7,1.05,77.5,0.99,5307.0
SHP-12204,Shanghai,Los Angeles,10446.2,13,LCL_Consolidated,Perishable_Reefer,3219.4,9.5,Tier_2_Regional,9,1.25,86.7,1.2,4479.94
SHP-12205,Shanghai,Los Angeles,10474.6,15,LCL_Consolidated,Textiles,1107.0,2.6,Tier_1_Alliance,5,1.05,78.7,1.16,2726.96
SHP-12206,Shanghai,Los Angeles,10433.2,16,40ft_Standard,General_Dry,15505.2,37.3,Tier_2_Regional,8,1.25,106.2,1.19,7172.18
SHP-12207,Hamburg,Singapore,15735.4,25,LCL_Consolidated,Automotive,4589.1,13.4,Tier_3_Spot,11,1.05,101.6,1.2,4043.12
SHP-12208,Busan,Long Beach,9420.6,16,40ft_Standard,Electronics,21526.9,58.5,Tier_2_Regional,7,1.05,92.0,1.13,6971.59
SHP-12209,Chennai,Colombo,640.2,3,40ft_HighCube,Perishable_Reefer,15419.9,52.7,Tier_1_Alliance,9,1.25,78.2,1.16,8634.12
SHP-12210,Singapore,Dubai,5979.0,10,20ft_Standard,Hazardous_Chemicals,13856.2,28.4,Tier_1_Alliance,10,1.25,75.0,1.42,8162.23
SHP-12211,Hamburg,Singapore,15702.0,23,20ft_Standard,Hazardous_Chemicals,3894.1,32.6,Tier_2_Regional,12,1.05,88.8,1.1,6538.86
SHP-12212,Singapore,Fremantle,3944.9,7,40ft_HighCube,Textiles,21904.0,71.4,Tier_3_Spot,5,1.05,98.3,1.18,6104.81
SHP-12213,Nhava Sheva,Dubai,2060.1,4,40ft_Standard,Automotive,16922.7,39.9,Tier_3_Spot,11,1.05,102.4,1.13,4701.72
SHP-12214,Chennai,Rotterdam,11518.3,25,LCL_Consolidated,Textiles,4247.7,6.6,Tier_2_Regional,3,1.05,98.7,1.24,3224.35
SHP-12215,Busan,Long Beach,9327.1,12,40ft_HighCube,Automotive,21681.4,46.7,Tier_3_Spot,3,1.05,80.4,1.33,7442.21
SHP-12216,Chennai,Rotterdam,11514.0,24,LCL_Consolidated,Perishable_Reefer,4740.8,3.2,Tier_3_Spot,5,1.05,92.1,1.22,3788.51
SHP-12217,Shanghai,Los Angeles,10583.1,17,20ft_Standard,Textiles,10241.4,17.4,Tier_2_Regional,1,0.9,75.1,1.24,3549.44
SHP-12218,Nhava Sheva,Dubai,2125.6,4,LCL_Consolidated,Automotive,2340.7,13.2,Tier_2_Regional,7,1.05,92.6,1.41,2276.78
SHP-12219,Shanghai,Los Angeles,10551.5,15,20ft_Standard,Hazardous_Chemicals,17317.2,20.5,Tier_1_Alliance,5,1.05,76.3,0.97,5563.98
SHP-12220,Nhava Sheva,Dubai,2192.9,5,LCL_Consolidated,Textiles,1920.9,6.9,Tier_3_Spot,1,0.9,73.9,1.14,1030.38
SHP-12221,Nhava Sheva,Dubai,2128.5,4,LCL_Consolidated,Hazardous_Chemicals,1515.9,3.0,Tier_1_Alliance,10,1.25,99.4,0.98,2297.79
SHP-12222,Chennai,Rotterdam,11429.3,23,20ft_Standard,Automotive,12281.5,18.5,Tier_1_Alliance,8,1.25,73.5,1.04,5228.5
SHP-12223,Shanghai,Los Angeles,10562.1,15,40ft_HighCube,Perishable_Reefer,19899.1,45.0,Tier_2_Regional,5,1.05,89.8,0.89,6658.54
SHP-12224,Busan,Long Beach,9491.8,15,40ft_Standard,Electronics,25756.0,64.5,Tier_2_Regional,1,0.9,96.9,1.13,6309.92
SHP-12225,Shanghai,Rotterdam,19415.2,31,20ft_Standard,Perishable_Reefer,3614.1,31.5,Tier_3_Spot,9,1.25,102.7,1.41,9914.45
SHP-12226,Nhava Sheva,New York,14196.7,26,40ft_Standard,Automotive,14248.0,43.6,Tier_3_Spot,7,1.05,78.9,1.02,5659.04
SHP-12227,Singapore,Fremantle,3962.8,11,40ft_HighCube,Automotive,16197.6,61.9,Tier_1_Alliance,2,0.9,98.2,1.32,6812.42
SHP-12228,Shanghai,Rotterdam,19579.0,30,40ft_HighCube,Hazardous_Chemicals,24413.8,57.2,Tier_3_Spot,6,1.05,81.0,1.24,11685.77
SHP-12229,Hamburg,Singapore,15709.4,26,LCL_Consolidated,General_Dry,1782.8,9.1,Tier_1_Alliance,1,0.9,97.8,1.05,3052.84
SHP-12230,Singapore,Dubai,5823.4,11,20ft_Standard,Electronics,19616.1,27.8,Tier_3_Spot,3,1.05,78.4,1.31,4564.11
SHP-12231,Chennai,Rotterdam,11536.2,25,LCL_Consolidated,Perishable_Reefer,3952.3,10.9,Tier_1_Alliance,1,0.9,80.6,1.08,3448.52
SHP-12232,Tokyo,Los Angeles,8810.9,12,20ft_Standard,Textiles,12615.2,15.2,Tier_2_Regional,7,1.05,83.6,1.21,3833.69
SHP-12233,Shanghai,Rotterdam,19418.1,30,40ft_HighCube,Textiles,22767.3,51.4,Tier_2_Regional,4,1.05,98.0,1.06,7539.16
SHP-12234,Hamburg,Singapore,15726.4,23,40ft_Standard,Automotive,13399.7,62.2,Tier_2_Regional,9,1.25,104.7,1.37,10783.27
SHP-12235,Hamburg,Singapore,15797.5,27,LCL_Consolidated,General_Dry,1256.8,13.7,Tier_3_Spot,12,1.05,76.2,1.26,3489.45
SHP-12236,Nhava Sheva,New York,14208.2,27,40ft_Standard,General_Dry,11594.5,62.4,Tier_1_Alliance,3,1.05,101.2,1.08,6858.01
SHP-12237,Nhava Sheva,New York,14167.1,27,40ft_HighCube,Automotive,16172.4,69.8,Tier_1_Alliance,4,1.05,78.7,0.94,7047.07
SHP-12238,Singapore,Fremantle,3931.2,7,40ft_HighCube,Perishable_Reefer,22100.2,49.9,Tier_3_Spot,1,0.9,83.3,1.2,6295.45
SHP-12239,Chennai,Colombo,685.6,5,LCL_Consolidated,Hazardous_Chemicals,3700.3,5.6,Tier_2_Regional,12,1.05,97.1,1.31,2263.27
SHP-12240,Tokyo,Los Angeles,8835.8,11,40ft_Standard,General_Dry,21512.9,44.3,Tier_2_Regional,12,1.05,74.6,1.21,5917.66
SHP-12241,Shanghai,Rotterdam,19545.8,31,40ft_HighCube,Perishable_Reefer,24470.3,75.9,Tier_2_Regional,3,1.05,103.4,0.98,9967.87
SHP-12242,Shanghai,Rotterdam,19540.6,31,LCL_Consolidated,General_Dry,1544.4,2.2,Tier_2_Regional,12,1.05,85.8,1.28,4267.07
SHP-12243,Singapore,Dubai,5803.3,11,LCL_Consolidated,Automotive,526.7,12.9,Tier_2_Regional,9,1.25,86.4,1.06,2337.96
SHP-12244,Chennai,Rotterdam,11478.7,21,LCL_Consolidated,Perishable_Reefer,2452.9,2.1,Tier_1_Alliance,1,0.9,76.7,1.17,3385.97
SHP-12245,Santos,Rotterdam,10117.5,20,40ft_HighCube,General_Dry,19810.3,48.7,Tier_3_Spot,4,1.05,93.1,1.2,6300.49
SHP-12246,Shanghai,Los Angeles,10411.7,14,20ft_Standard,Electronics,5434.6,25.9,Tier_2_Regional,6,1.05,77.7,0.99,3675.8
SHP-12247,Chennai,Colombo,701.4,6,LCL_Consolidated,Textiles,2150.0,12.3,Tier_3_Spot,10,1.25,95.4,0.98,1315.6
SHP-12248,Hamburg,Singapore,15708.3,27,LCL_Consolidated,General_Dry,4383.7,7.6,Tier_1_Alliance,8,1.25,105.6,1.24,5142.62
SHP-12249,Singapore,Dubai,5962.3,13,40ft_Standard,General_Dry,13144.9,52.8,Tier_2_Regional,10,1.25,82.1,1.03,5503.76
SHP-12250,Shanghai,Rotterdam,19445.0,27,20ft_Standard,Automotive,14351.2,17.2,Tier_1_Alliance,9,1.25,93.4,1.07,7214.01
SHP-12251,Shanghai,Rotterdam,19505.9,29,40ft_HighCube,Hazardous_Chemicals,27646.3,49.9,Tier_2_Regional,3,1.05,93.5,1.25,12854.17
SHP-12252,Shanghai,Los Angeles,10424.7,17,LCL_Consolidated,General_Dry,3647.4,6.6,Tier_2_Regional,4,1.05,106.9,1.1,2662.94
SHP-12253,Hamburg,Singapore,15868.1,25,LCL_Consolidated,General_Dry,547.2,7.4,Tier_2_Regional,11,1.05,77.6,1.11,3107.22
SHP-12254,Hamburg,Singapore,15703.2,24,40ft_HighCube,General_Dry,19071.4,45.8,Tier_2_Regional,6,1.05,106.4,1.25,7836.65
SHP-12255,Nhava Sheva,New York,14188.2,25,LCL_Consolidated,Perishable_Reefer,1922.2,2.6,Tier_1_Alliance,9,1.25,87.8,0.91,4276.69
SHP-12256,Shanghai,Los Angeles,10435.8,15,20ft_Standard,Electronics,13633.2,20.5,Tier_1_Alliance,10,1.25,81.6,1.26,6686.36
SHP-12257,Singapore,Dubai,5946.4,11,40ft_Standard,General_Dry,22609.7,57.2,Tier_3_Spot,8,1.25,93.0,1.05,5813.75
SHP-12258,Chennai,Colombo,574.6,2,LCL_Consolidated,Perishable_Reefer,4715.3,12.2,Tier_3_Spot,7,1.05,92.9,1.11,1688.95
SHP-12259,Hamburg,Singapore,15877.0,27,40ft_Standard,Electronics,20842.7,50.8,Tier_2_Regional,11,1.05,96.1,1.13,7860.44
SHP-12260,Tokyo,Los Angeles,8891.0,12,LCL_Consolidated,General_Dry,4867.6,13.9,Tier_1_Alliance,12,1.05,89.2,1.14,2929.84
SHP-12261,Busan,Long Beach,9317.7,14,40ft_Standard,General_Dry,9804.7,40.9,Tier_3_Spot,1,0.9,93.7,1.11,4153.74
SHP-12262,Nhava Sheva,Dubai,2043.4,5,LCL_Consolidated,Electronics,1099.7,8.8,Tier_3_Spot,7,1.05,82.4,0.9,1202.64
SHP-12263,Tokyo,Los Angeles,8884.3,12,40ft_Standard,Electronics,24825.9,63.7,Tier_2_Regional,8,1.25,85.5,1.34,9980.79
SHP-12264,Santos,Rotterdam,10137.4,18,LCL_Consolidated,Perishable_Reefer,3298.8,10.5,Tier_1_Alliance,4,1.05,98.0,1.35,4906.21
SHP-12265,Santos,Rotterdam,10128.1,18,40ft_Standard,Textiles,8390.4,38.0,Tier_1_Alliance,12,1.05,107.7,0.92,4963.19
SHP-12266,Singapore,Fremantle,3837.8,8,40ft_HighCube,Hazardous_Chemicals,13823.5,54.2,Tier_1_Alliance,11,1.05,74.5,1.2,8618.22
SHP-12267,Shanghai,Los Angeles,10577.9,13,LCL_Consolidated,Hazardous_Chemicals,4379.1,5.9,Tier_2_Regional,5,1.05,96.8,0.95,3355.76
SHP-12268,Hamburg,Singapore,15711.5,26,40ft_HighCube,Perishable_Reefer,22415.1,64.3,Tier_3_Spot,4,1.05,91.8,1.0,8405.02
SHP-12269,Chennai,Rotterdam,11400.8,24,40ft_HighCube,Electronics,22121.8,50.7,Tier_1_Alliance,7,1.05,107.7,1.27,9644.81
SHP-12270,Shanghai,Los Angeles,10582.7,16,LCL_Consolidated,Perishable_Reefer,1482.5,13.3,Tier_2_Regional,7,1.05,103.9,1.15,3927.72
SHP-12271,Chennai,Rotterdam,11591.0,24,40ft_HighCube,Textiles,10509.0,69.9,Tier_2_Regional,1,0.9,79.5,1.08,5367.96
SHP-12272,Nhava Sheva,Dubai,2075.7,4,40ft_HighCube,Automotive,13050.4,60.6,Tier_2_Regional,5,1.05,76.9,1.04,5037.81
SHP-12273,Busan,Long Beach,9464.8,15,40ft_HighCube,Textiles,12381.0,60.4,Tier_1_Alliance,1,0.9,96.3,1.35,7134.72
SHP-12274,Chennai,Colombo,706.3,4,40ft_Standard,Perishable_Reefer,15564.5,46.9,Tier_2_Regional,1,0.9,102.3,1.11,5036.76
SHP-12275,Shanghai,Los Angeles,10402.8,13,40ft_Standard,Textiles,11436.4,51.3,Tier_2_Regional,6,1.05,94.8,1.31,6663.94
SHP-12276,Hamburg,Singapore,15876.6,25,LCL_Consolidated,Textiles,1772.3,7.4,Tier_1_Alliance,6,1.05,93.4,1.23,4154.81
SHP-12277,Nhava Sheva,Dubai,2020.9,5,LCL_Consolidated,Textiles,4273.9,10.5,Tier_3_Spot,10,1.25,100.4,1.02,1670.53
SHP-12278,Busan,Long Beach,9401.2,12,40ft_HighCube,Hazardous_Chemicals,25602.0,63.5,Tier_1_Alliance,11,1.05,79.5,1.32,12397.81
SHP-12279,Hamburg,Singapore,15759.3,24,40ft_Standard,Textiles,25556.5,43.2,Tier_1_Alliance,7,1.05,75.7,0.93,6165.53
SHP-12280,Busan,Long Beach,9409.6,16,20ft_Standard,Textiles,8931.8,20.2,Tier_1_Alliance,6,1.05,80.2,0.89,3105.26
SHP-12281,Busan,Long Beach,9314.6,15,LCL_Consolidated,Textiles,4944.7,12.5,Tier_3_Spot,3,1.05,104.7,1.32,3105.2
SHP-12282,Tokyo,Los Angeles,8840.6,12,LCL_Consolidated,Hazardous_Chemicals,4220.2,13.1,Tier_1_Alliance,3,1.05,84.3,1.27,4578.64
SHP-12283,Busan,Long Beach,9400.8,15,20ft_Standard,Automotive,12474.4,31.4,Tier_3_Spot,3,1.05,79.4,1.16,4157.98
SHP-12284,Tokyo,Los Angeles,8829.8,10,40ft_HighCube,Textiles,27505.6,54.0,Tier_3_Spot,7,1.05,90.8,1.09,6016.0
SHP-12285,Nhava Sheva,New York,14297.5,26,40ft_HighCube,Automotive,16661.4,54.5,Tier_3_Spot,12,1.05,107.3,1.2,7730.95
SHP-12286,Singapore,Dubai,5878.3,11,LCL_Consolidated,Textiles,3305.9,8.8,Tier_2_Regional,7,1.05,78.9,1.25,2206.97
SHP-12287,Nhava Sheva,Dubai,2194.2,8,LCL_Consolidated,Electronics,2277.4,3.4,Tier_1_Alliance,9,1.25,74.1,1.36,2183.77
SHP-12288,Hamburg,Singapore,15716.7,26,40ft_Standard,General_Dry,15536.5,46.4,Tier_1_Alliance,6,1.05,98.4,1.25,7920.23
SHP-12289,Hamburg,Singapore,15890.2,25,LCL_Consolidated,Textiles,4761.6,5.9,Tier_3_Spot,6,1.05,104.0,1.07,3298.72
SHP-12290,Shanghai,Los Angeles,10451.0,16,40ft_HighCube,General_Dry,10941.5,61.2,Tier_1_Alliance,6,1.05,90.8,1.32,8110.71
SHP-12291,Tokyo,Los Angeles,8871.2,12,20ft_Standard,Hazardous_Chemicals,10465.0,21.4,Tier_1_Alliance,6,1.05,75.8,0.97,4931.77
SHP-12292,Singapore,Dubai,5972.3,11,20ft_Standard,Automotive,14009.2,31.8,Tier_3_Spot,1,0.9,77.2,1.34,3714.66
SHP-12293,Nhava Sheva,Dubai,2040.3,7,LCL_Consolidated,General_Dry,3989.9,12.0,Tier_3_Spot,8,1.25,103.2,1.27,2130.09
SHP-12294,Chennai,Colombo,554.0,3,LCL_Consolidated,Electronics,4468.5,5.6,Tier_1_Alliance,5,1.05,77.5,0.99,1236.98
SHP-12295,Santos,Rotterdam,10182.2,18,20ft_Standard,Textiles,16163.8,24.7,Tier_2_Regional,12,1.05,91.2,0.9,3436.38
SHP-12296,Singapore,Fremantle,3955.4,9,20ft_Standard,Electronics,15023.5,15.2,Tier_2_Regional,7,1.05,95.0,1.32,4215.81
SHP-12297,Chennai,Colombo,669.3,6,LCL_Consolidated,Electronics,2014.9,3.8,Tier_2_Regional,5,1.05,75.9,1.08,1174.95
SHP-12298,Singapore,Fremantle,3854.1,7,40ft_HighCube,Hazardous_Chemicals,18352.7,56.0,Tier_1_Alliance,7,1.05,99.1,1.15,9124.11
SHP-12299,Tokyo,Los Angeles,8894.7,10,40ft_HighCube,Perishable_Reefer,21504.8,51.9,Tier_3_Spot,5,1.05,96.4,1.36,9560.65
SHP-12300,Singapore,Fremantle,3965.7,11,20ft_Standard,Electronics,20686.6,15.0,Tier_3_Spot,12,1.05,94.2,1.03,3338.1
SHP-12301,Santos,Rotterdam,10274.4,17,40ft_Standard,General_Dry,24404.3,54.2,Tier_2_Regional,3,1.05,84.0,1.03,5553.26
SHP-12302,Chennai,Rotterdam,11493.7,23,40ft_Standard,General_Dry,9734.6,58.8,Tier_1_Alliance,11,1.05,88.6,1.03,5865.64
SHP-12303,Hamburg,Singapore,15792.1,27,40ft_HighCube,General_Dry,15557.7,60.9,Tier_3_Spot,7,1.05,98.6,1.42,8555.97
SHP-12304,Santos,Rotterdam,10204.5,18,40ft_Standard,General_Dry,17395.7,58.2,Tier_3_Spot,10,1.25,83.5,1.23,7296.84
SHP-12305,Hamburg,Singapore,15839.3,25,20ft_Standard,Automotive,5865.1,26.6,Tier_2_Regional,4,1.05,78.1,1.36,6073.31
SHP-12306,Chennai,Rotterdam,11547.4,23,LCL_Consolidated,Textiles,3905.3,4.0,Tier_3_Spot,7,1.05,102.2,1.04,2556.21
SHP-12307,Tokyo,Los Angeles,8742.0,13,40ft_Standard,Textiles,14911.1,40.8,Tier_1_Alliance,10,1.25,79.7,1.4,8643.89
SHP-12308,Santos,Rotterdam,10117.3,17,20ft_Standard,Perishable_Reefer,12011.7,20.3,Tier_3_Spot,3,1.05,103.9,1.32,6028.65
SHP-12309,Shanghai,Rotterdam,19512.6,30,20ft_Standard,Perishable_Reefer,7240.2,23.3,Tier_1_Alliance,3,1.05,79.9,1.14,7541.22
SHP-12310,Chennai,Colombo,674.9,6,20ft_Standard,Electronics,7104.0,27.2,Tier_1_Alliance,10,1.25,74.0,1.26,4002.97
SHP-12311,Hamburg,Singapore,15763.3,25,LCL_Consolidated,General_Dry,4498.6,5.4,Tier_3_Spot,8,1.25,107.4,1.19,4273.25
SHP-12312,Busan,Long Beach,9351.9,15,LCL_Consolidated,Perishable_Reefer,1912.4,9.1,Tier_2_Regional,2,0.9,107.6,1.35,3663.96
SHP-12313,Tokyo,Los Angeles,8808.2,10,LCL_Consolidated,Textiles,2582.5,2.8,Tier_1_Alliance,10,1.25,74.3,1.15,2927.01
SHP-12314,Chennai,Rotterdam,11511.6,23,40ft_HighCube,Automotive,23717.9,64.4,Tier_3_Spot,3,1.05,86.6,1.18,7506.26
SHP-12315,Tokyo,Los Angeles,8752.7,14,LCL_Consolidated,Perishable_Reefer,2863.1,12.3,Tier_1_Alliance,1,0.9,96.7,1.1,3193.79
SHP-12316,Shanghai,Los Angeles,10447.6,16,20ft_Standard,Electronics,19841.8,29.2,Tier_1_Alliance,10,1.25,73.0,1.34,7731.82
SHP-12317,Busan,Long Beach,9317.6,16,20ft_Standard,Electronics,14646.7,24.7,Tier_3_Spot,11,1.05,85.9,1.23,4632.86
SHP-12318,Nhava Sheva,New York,14202.1,26,20ft_Standard,Textiles,3126.8,22.2,Tier_2_Regional,12,1.05,99.4,1.4,5358.47
SHP-12319,Chennai,Rotterdam,11574.6,21,LCL_Consolidated,Automotive,1487.5,11.4,Tier_1_Alliance,10,1.25,92.0,1.09,3887.62
SHP-12320,Singapore,Fremantle,3978.7,8,40ft_HighCube,Textiles,21929.6,71.3,Tier_3_Spot,11,1.05,82.9,1.37,6888.91
SHP-12321,Chennai,Rotterdam,11448.5,23,20ft_Standard,Perishable_Reefer,8902.3,24.2,Tier_2_Regional,7,1.05,103.0,1.3,6538.94
SHP-12322,Nhava Sheva,Dubai,2199.3,5,40ft_HighCube,Hazardous_Chemicals,18029.6,69.8,Tier_3_Spot,8,1.25,80.5,0.93,7294.99
SHP-12323,Shanghai,Los Angeles,10568.0,14,20ft_Standard,Hazardous_Chemicals,9124.7,15.8,Tier_2_Regional,6,1.05,87.8,1.37,6662.82
SHP-12324,Shanghai,Rotterdam,19425.4,27,LCL_Consolidated,Automotive,3539.8,10.9,Tier_3_Spot,9,1.25,81.9,1.32,5596.49
SHP-12325,Singapore,Dubai,5808.9,11,40ft_Standard,General_Dry,13604.5,44.9,Tier_1_Alliance,8,1.25,106.2,1.23,7317.48
SHP-12326,Busan,Long Beach,9320.5,13,40ft_Standard,Textiles,23315.0,41.4,Tier_2_Regional,9,1.25,107.7,0.94,5940.08
SHP-12327,Santos,Rotterdam,10250.0,21,20ft_Standard,Textiles,13490.0,22.9,Tier_1_Alliance,8,1.25,94.2,1.17,5653.19
SHP-12328,Shanghai,Los Angeles,10446.4,15,40ft_HighCube,Hazardous_Chemicals,19222.8,53.2,Tier_2_Regional,8,1.25,92.7,1.04,10240.03
SHP-12329,Nhava Sheva,Dubai,2163.9,7,LCL_Consolidated,Hazardous_Chemicals,798.8,4.6,Tier_1_Alliance,3,1.05,94.1,1.14,2241.77
SHP-12330,Chennai,Colombo,651.2,3,20ft_Standard,Hazardous_Chemicals,20008.3,21.6,Tier_3_Spot,12,1.05,105.0,1.2,4465.43
SHP-12331,Busan,Long Beach,9433.9,15,40ft_Standard,General_Dry,15083.1,52.9,Tier_3_Spot,12,1.05,79.5,0.9,4163.84
SHP-12332,Singapore,Fremantle,3966.0,9,40ft_HighCube,Textiles,15477.4,50.1,Tier_3_Spot,4,1.05,80.2,1.04,4497.55
SHP-12333,Hamburg,Singapore,15870.9,25,20ft_Standard,Automotive,14282.9,19.6,Tier_2_Regional,4,1.05,93.0,1.31,6140.92
SHP-12334,Chennai,Rotterdam,11589.3,22,40ft_HighCube,Hazardous_Chemicals,25238.1,67.0,Tier_2_Regional,7,1.05,78.4,0.95,8546.29
SHP-12335,Busan,Long Beach,9426.4,14,40ft_HighCube,Textiles,26588.4,60.1,Tier_1_Alliance,12,1.05,105.5,1.38,9436.06
SHP-12336,Nhava Sheva,New York,14184.9,28,20ft_Standard,Hazardous_Chemicals,20069.5,31.2,Tier_1_Alliance,2,0.9,90.5,0.93,5710.74
SHP-12337,Singapore,Fremantle,3910.4,9,20ft_Standard,Electronics,18080.0,27.0,Tier_2_Regional,7,1.05,97.2,0.91,3253.85
SHP-12338,Singapore,Fremantle,3851.0,11,40ft_Standard,Textiles,22595.5,44.2,Tier_2_Regional,12,1.05,107.9,1.2,5631.39
SHP-12339,Busan,Long Beach,9471.9,16,LCL_Consolidated,Hazardous_Chemicals,3366.1,4.9,Tier_3_Spot,4,1.05,99.7,0.9,2737.4
SHP-12340,Shanghai,Los Angeles,10485.0,15,20ft_Standard,Automotive,14624.6,21.9,Tier_3_Spot,3,1.05,76.2,1.36,4969.94
SHP-12341,Hamburg,Singapore,15775.4,26,20ft_Standard,Automotive,9796.0,22.5,Tier_3_Spot,7,1.05,106.3,0.88,3898.7
SHP-12342,Shanghai,Rotterdam,19549.3,28,40ft_HighCube,Electronics,12419.7,71.3,Tier_1_Alliance,3,1.05,76.8,1.26,10821.3
SHP-12343,Nhava Sheva,Dubai,2053.7,8,20ft_Standard,General_Dry,16053.6,32.5,Tier_1_Alliance,9,1.25,79.9,1.11,3988.39
SHP-12344,Shanghai,Rotterdam,19523.4,27,20ft_Standard,Perishable_Reefer,14056.8,20.9,Tier_2_Regional,11,1.05,83.0,1.32,8193.85
SHP-12345,Nhava Sheva,New York,14154.9,25,40ft_Standard,Electronics,21983.6,46.2,Tier_1_Alliance,8,1.25,82.9,1.09,9372.73
SHP-12346,Shanghai,Rotterdam,19486.9,29,40ft_Standard,Perishable_Reefer,9980.8,47.3,Tier_1_Alliance,8,1.25,99.1,1.08,11564.12
SHP-12347,Nhava Sheva,New York,14213.5,27,LCL_Consolidated,Automotive,2006.8,9.0,Tier_3_Spot,3,1.05,95.0,1.14,3292.69
SHP-12348,Chennai,Colombo,625.1,4,20ft_Standard,Hazardous_Chemicals,3809.7,18.9,Tier_3_Spot,9,1.25,83.6,1.41,4413.9
SHP-12349,Busan,Long Beach,9460.3,14,20ft_Standard,Textiles,20617.9,30.0,Tier_3_Spot,5,1.05,100.1,1.38,5220.35
SHP-12350,Singapore,Dubai,5975.0,12,LCL_Consolidated,Electronics,2900.5,8.4,Tier_1_Alliance,10,1.25,72.0,1.13,2832.3
SHP-12351,Nhava Sheva,Dubai,2191.3,4,40ft_HighCube,Hazardous_Chemicals,16803.5,67.9,Tier_2_Regional,2,0.9,85.5,1.14,6814.74
SHP-12352,Singapore,Fremantle,3965.9,8,40ft_HighCube,General_Dry,14692.9,69.2,Tier_1_Alliance,8,1.25,90.9,1.13,7450.76
SHP-12353,Shanghai,Rotterdam,19442.7,28,20ft_Standard,Hazardous_Chemicals,13496.9,20.1,Tier_1_Alliance,8,1.25,89.8,1.12,9883.9
SHP-12354,Nhava Sheva,New York,14202.8,25,40ft_HighCube,Automotive,11075.9,67.4,Tier_1_Alliance,9,1.25,89.3,1.01,8932.93
SHP-12355,Singapore,Dubai,5841.2,9,40ft_HighCube,General_Dry,14503.1,58.4,Tier_1_Alliance,9,1.25,86.9,1.22,8006.12
SHP-12356,Chennai,Rotterdam,11497.2,25,20ft_Standard,Automotive,4751.7,26.1,Tier_2_Regional,7,1.05,94.7,1.05,4054.25
SHP-12357,Singapore,Dubai,5825.8,12,20ft_Standard,Perishable_Reefer,12862.5,30.1,Tier_3_Spot,3,1.05,103.1,1.32,5466.93
SHP-12358,Santos,Rotterdam,10139.6,17,40ft_HighCube,Hazardous_Chemicals,22721.1,51.1,Tier_1_Alliance,7,1.05,73.2,0.98,8635.65
SHP-12359,Chennai,Rotterdam,11437.0,25,LCL_Consolidated,Hazardous_Chemicals,3611.2,6.0,Tier_3_Spot,12,1.05,72.7,1.06,3329.62
SHP-12360,Shanghai,Los Angeles,10433.6,13,20ft_Standard,Hazardous_Chemicals,3491.6,22.4,Tier_1_Alliance,1,0.9,75.7,0.92,3876.25
SHP-12361,Shanghai,Rotterdam,19547.7,31,40ft_Standard,General_Dry,25695.9,47.9,Tier_1_Alliance,4,1.05,79.4,1.28,9063.99
SHP-12362,Shanghai,Los Angeles,10425.7,14,40ft_HighCube,General_Dry,27841.8,52.2,Tier_1_Alliance,10,1.25,76.7,1.24,9426.46
SHP-12363,Chennai,Rotterdam,11474.5,22,20ft_Standard,General_Dry,16304.9,28.6,Tier_3_Spot,2,0.9,76.1,0.99,3095.24
SHP-12364,Tokyo,Los Angeles,8761.3,11,20ft_Standard,Electronics,14551.4,21.5,Tier_1_Alliance,9,1.25,85.6,1.41,7154.03
SHP-12365,Nhava Sheva,Dubai,2031.7,8,40ft_HighCube,Hazardous_Chemicals,22226.9,55.3,Tier_2_Regional,4,1.05,83.0,1.15,7924.56
SHP-12366,Singapore,Dubai,5954.5,11,LCL_Consolidated,Perishable_Reefer,1279.7,9.0,Tier_1_Alliance,7,1.05,87.5,1.02,2583.85
SHP-12367,Busan,Long Beach,9310.9,16,40ft_HighCube,Electronics,23506.4,64.7,Tier_2_Regional,8,1.25,94.5,1.35,10884.33
SHP-12368,Nhava Sheva,Dubai,2055.3,8,40ft_HighCube,Electronics,18494.2,52.2,Tier_3_Spot,7,1.05,102.1,0.93,4657.01
SHP-12369,Busan,Long Beach,9335.5,15,LCL_Consolidated,Hazardous_Chemicals,3032.2,2.8,Tier_2_Regional,8,1.25,99.5,1.09,4174.63
SHP-12370,Shanghai,Los Angeles,10473.9,14,20ft_Standard,Automotive,10496.8,16.9,Tier_2_Regional,8,1.25,100.2,1.08,4919.26
SHP-12371,Nhava Sheva,Dubai,2080.9,8,40ft_HighCube,Electronics,25806.8,69.1,Tier_2_Regional,5,1.05,105.3,1.09,6613.95
SHP-12372,Busan,Long Beach,9363.6,13,40ft_HighCube,Electronics,20450.1,66.4,Tier_3_Spot,7,1.05,76.6,1.22,7515.78
SHP-12373,Singapore,Fremantle,3910.3,9,40ft_Standard,Electronics,11645.9,64.1,Tier_2_Regional,7,1.05,89.8,1.2,6128.31
SHP-12374,Singapore,Dubai,5820.7,12,20ft_Standard,Electronics,11238.0,26.6,Tier_3_Spot,7,1.05,106.2,1.28,4427.68
SHP-12375,Tokyo,Los Angeles,8886.2,12,40ft_HighCube,Electronics,15159.1,62.0,Tier_3_Spot,9,1.25,99.0,1.01,7290.78
SHP-12376,Singapore,Fremantle,3805.2,7,LCL_Consolidated,Textiles,1162.0,8.8,Tier_3_Spot,10,1.25,95.0,1.21,2067.31
SHP-12377,Tokyo,Los Angeles,8857.5,10,LCL_Consolidated,General_Dry,4372.0,10.1,Tier_2_Regional,9,1.25,75.0,1.09,2664.18
SHP-12378,Tokyo,Los Angeles,8831.2,13,20ft_Standard,General_Dry,3416.2,29.5,Tier_1_Alliance,8,1.25,76.7,0.91,3627.0
SHP-12379,Busan,Long Beach,9333.2,12,20ft_Standard,Hazardous_Chemicals,14043.8,29.7,Tier_3_Spot,9,1.25,104.5,0.89,5411.77
SHP-12380,Shanghai,Los Angeles,10477.3,15,40ft_Standard,General_Dry,25625.8,66.3,Tier_1_Alliance,7,1.05,100.2,1.2,7719.74
SHP-12381,Singapore,Dubai,5956.6,12,LCL_Consolidated,Electronics,3391.0,12.1,Tier_2_Regional,12,1.05,92.8,1.33,2859.68
SHP-12382,Shanghai,Los Angeles,10477.7,15,40ft_HighCube,Perishable_Reefer,26508.9,50.9,Tier_1_Alliance,2,0.9,88.6,1.28,9606.01
SHP-12383,Singapore,Fremantle,3972.1,11,40ft_HighCube,General_Dry,17117.4,62.8,Tier_1_Alliance,9,1.25,102.5,0.92,6122.8
SHP-12384,Santos,Rotterdam,10122.0,20,LCL_Consolidated,Textiles,3052.2,3.1,Tier_2_Regional,7,1.05,88.3,1.24,2776.38
SHP-12385,Hamburg,Singapore,15836.4,27,40ft_Standard,Electronics,11972.1,38.6,Tier_2_Regional,2,0.9,106.4,0.94,5136.09
SHP-12386,Shanghai,Rotterdam,19557.1,31,20ft_Standard,General_Dry,16969.3,19.4,Tier_2_Regional,10,1.25,81.8,1.2,6738.5
SHP-12387,Nhava Sheva,New York,14138.9,26,40ft_HighCube,Hazardous_Chemicals,18572.3,65.6,Tier_1_Alliance,8,1.25,95.6,0.99,11965.53
SHP-12388,Santos,Rotterdam,10154.7,17,40ft_HighCube,General_Dry,19818.9,66.4,Tier_3_Spot,2,0.9,98.2,1.4,6760.76
SHP-12389,Hamburg,Singapore,15798.7,24,20ft_Standard,General_Dry,19356.8,16.6,Tier_2_Regional,7,1.05,72.4,1.03,4384.91
SHP-12390,Santos,Rotterdam,10242.1,17,20ft_Standard,General_Dry,14810.8,31.6,Tier_2_Regional,1,0.9,77.4,1.18,3642.1
SHP-12391,Hamburg,Singapore,15870.6,23,LCL_Consolidated,Automotive,3866.0,2.9,Tier_1_Alliance,10,1.25,93.7,1.01,4297.03
SHP-12392,Shanghai,Los Angeles,10424.4,14,40ft_HighCube,Automotive,26821.6,54.4,Tier_3_Spot,5,1.05,104.0,1.42,8846.29
SHP-12393,Nhava Sheva,Dubai,2063.9,4,LCL_Consolidated,General_Dry,2651.2,13.8,Tier_3_Spot,2,0.9,89.5,1.39,1530.05
SHP-12394,Singapore,Fremantle,3819.9,11,LCL_Consolidated,General_Dry,1957.7,7.8,Tier_1_Alliance,12,1.05,103.8,1.31,2304.79
SHP-12395,Nhava Sheva,New York,14140.7,26,20ft_Standard,Automotive,8569.9,30.3,Tier_3_Spot,1,0.9,107.9,1.04,3783.93
SHP-12396,Chennai,Colombo,683.8,2,40ft_Standard,Automotive,22454.1,37.8,Tier_3_Spot,2,0.9,76.3,1.33,4443.4
SHP-12397,Chennai,Colombo,720.2,4,40ft_HighCube,Electronics,26810.0,47.3,Tier_2_Regional,10,1.25,79.7,1.12,6911.53
SHP-12398,Tokyo,Los Angeles,8773.7,13,40ft_HighCube,Perishable_Reefer,20893.5,52.4,Tier_1_Alliance,2,0.9,73.4,1.22,8344.0
SHP-12399,Singapore,Dubai,5922.9,9,LCL_Consolidated,General_Dry,4994.4,4.0,Tier_3_Spot,11,1.05,77.5,1.07,1679.53
SHP-12400,Chennai,Rotterdam,11415.2,22,20ft_Standard,Hazardous_Chemicals,8966.9,22.4,Tier_1_Alliance,11,1.05,87.6,1.24,6974.15
SHP-12401,Hamburg,Singapore,15713.3,27,40ft_HighCube,Hazardous_Chemicals,13010.0,55.0,Tier_2_Regional,11,1.05,89.9,1.05,9330.21
SHP-12402,Nhava Sheva,New York,14100.4,27,40ft_HighCube,Perishable_Reefer,24557.1,74.0,Tier_3_Spot,8,1.25,93.0,1.2,12137.72
SHP-12403,Singapore,Fremantle,3855.2,11,40ft_HighCube,Perishable_Reefer,20881.2,60.7,Tier_2_Regional,10,1.25,80.0,0.91,7243.25
SHP-12404,Shanghai,Rotterdam,19421.2,29,LCL_Consolidated,Perishable_Reefer,4725.9,13.0,Tier_2_Regional,4,1.05,85.2,1.3,6322.3
SHP-12405,Singapore,Dubai,5977.3,10,LCL_Consolidated,Textiles,888.9,3.9,Tier_3_Spot,7,1.05,76.8,1.23,1849.02
SHP-12406,Hamburg,Singapore,15773.4,25,LCL_Consolidated,General_Dry,601.5,2.5,Tier_2_Regional,5,1.05,102.9,1.23,3534.45
SHP-12407,Singapore,Dubai,5822.2,10,20ft_Standard,Perishable_Reefer,14669.1,32.3,Tier_3_Spot,3,1.05,81.4,1.31,5316.81
SHP-12408,Tokyo,Los Angeles,8789.0,10,20ft_Standard,General_Dry,20648.4,22.4,Tier_3_Spot,9,1.25,93.6,1.24,5143.61
SHP-12409,Nhava Sheva,New York,14197.2,29,40ft_Standard,General_Dry,15337.6,41.1,Tier_2_Regional,12,1.05,76.0,1.07,5599.0
SHP-12410,Santos,Rotterdam,10132.3,18,40ft_Standard,Automotive,11257.7,52.8,Tier_1_Alliance,5,1.05,72.5,1.03,6051.66
SHP-12411,Shanghai,Rotterdam,19573.3,31,40ft_Standard,Hazardous_Chemicals,18639.0,44.5,Tier_3_Spot,1,0.9,81.8,0.9,6555.28
SHP-12412,Tokyo,Los Angeles,8753.6,14,20ft_Standard,Electronics,19018.3,16.8,Tier_2_Regional,2,0.9,105.7,1.07,3772.46
SHP-12413,Chennai,Rotterdam,11565.2,23,40ft_Standard,Hazardous_Chemicals,24697.6,40.3,Tier_2_Regional,11,1.05,91.1,0.95,7409.49
SHP-12414,Chennai,Rotterdam,11558.3,24,40ft_HighCube,General_Dry,22603.8,65.6,Tier_3_Spot,8,1.25,92.0,0.9,6251.81
SHP-12415,Chennai,Colombo,654.8,2,40ft_Standard,Automotive,23326.8,35.8,Tier_1_Alliance,5,1.05,75.7,1.04,4795.52
SHP-12416,Busan,Long Beach,9488.6,13,40ft_HighCube,General_Dry,15992.5,68.5,Tier_3_Spot,9,1.25,99.4,0.93,6048.06
SHP-12417,Santos,Rotterdam,10152.5,20,LCL_Consolidated,Perishable_Reefer,3797.4,9.5,Tier_2_Regional,9,1.25,73.3,0.93,3323.67
SHP-12418,Tokyo,Los Angeles,8834.8,14,40ft_Standard,General_Dry,11996.2,46.0,Tier_2_Regional,9,1.25,95.1,1.4,7943.87
SHP-12419,Santos,Rotterdam,10299.1,20,20ft_Standard,Textiles,4752.2,29.8,Tier_1_Alliance,10,1.25,98.1,1.27,5847.75
SHP-12420,Singapore,Dubai,5986.2,10,LCL_Consolidated,Automotive,561.8,11.8,Tier_3_Spot,9,1.25,83.6,1.07,2301.47
SHP-12421,Chennai,Colombo,706.8,6,40ft_HighCube,Textiles,19805.2,53.6,Tier_1_Alliance,10,1.25,104.2,0.88,5486.13
SHP-12422,Hamburg,Singapore,15820.5,26,20ft_Standard,Textiles,9467.1,17.8,Tier_2_Regional,10,1.25,100.8,1.11,5553.08
SHP-12423,Hamburg,Singapore,15713.3,23,LCL_Consolidated,Hazardous_Chemicals,2568.6,4.8,Tier_2_Regional,5,1.05,85.4,1.36,5665.25
SHP-12424,Nhava Sheva,New York,14179.8,26,LCL_Consolidated,Perishable_Reefer,4669.0,7.0,Tier_1_Alliance,9,1.25,74.5,1.2,5682.0
SHP-12425,Tokyo,Los Angeles,8711.7,12,40ft_Standard,Textiles,17216.5,41.2,Tier_1_Alliance,12,1.05,86.3,1.21,6501.16
SHP-12426,Santos,Rotterdam,10222.6,20,40ft_HighCube,Hazardous_Chemicals,18277.0,71.0,Tier_2_Regional,3,1.05,83.6,1.35,11525.7
SHP-12427,Chennai,Rotterdam,11506.3,22,40ft_Standard,Textiles,24217.2,40.6,Tier_1_Alliance,5,1.05,90.4,1.29,7804.02
SHP-12428,Singapore,Dubai,5816.0,10,40ft_HighCube,General_Dry,15957.9,52.6,Tier_3_Spot,7,1.05,93.6,1.06,5021.56
SHP-12429,Shanghai,Rotterdam,19463.1,29,20ft_Standard,Perishable_Reefer,18013.7,25.1,Tier_1_Alliance,7,1.05,72.5,1.03,7301.04
SHP-12430,Shanghai,Rotterdam,19490.4,28,40ft_Standard,Electronics,10599.2,60.4,Tier_3_Spot,11,1.05,93.6,1.07,7274.17
SHP-12431,Nhava Sheva,Dubai,2169.7,6,40ft_Standard,Automotive,12074.5,43.9,Tier_2_Regional,3,1.05,93.8,1.09,4613.18
SHP-12432,Busan,Long Beach,9423.4,12,LCL_Consolidated,Electronics,2684.2,13.4,Tier_1_Alliance,10,1.25,77.0,0.95,3134.14
SHP-12433,Singapore,Dubai,5817.4,12,40ft_Standard,General_Dry,20320.9,53.9,Tier_2_Regional,7,1.05,85.8,0.99,4692.13
SHP-12434,Chennai,Rotterdam,11479.2,22,40ft_HighCube,General_Dry,12180.0,52.1,Tier_1_Alliance,3,1.05,90.0,1.04,6334.46
SHP-12435,Shanghai,Rotterdam,19401.5,28,20ft_Standard,Perishable_Reefer,15085.6,15.9,Tier_1_Alliance,10,1.25,80.6,1.01,8141.6
SHP-12436,Shanghai,Rotterdam,19523.8,30,LCL_Consolidated,General_Dry,778.1,2.7,Tier_3_Spot,1,0.9,78.6,1.19,3040.44
SHP-12437,Shanghai,Rotterdam,19486.1,30,40ft_Standard,Electronics,14778.3,58.0,Tier_2_Regional,5,1.05,97.2,0.91,6746.26
SHP-12438,Busan,Long Beach,9373.7,16,40ft_HighCube,General_Dry,18090.9,75.9,Tier_3_Spot,3,1.05,80.2,1.03,5613.26
SHP-12439,Shanghai,Rotterdam,19545.4,28,40ft_Standard,Textiles,9491.2,47.3,Tier_1_Alliance,11,1.05,88.9,1.37,9102.98
SHP-12440,Tokyo,Los Angeles,8853.7,12,40ft_HighCube,Perishable_Reefer,17939.7,53.9,Tier_2_Regional,4,1.05,88.0,1.3,9584.96
SHP-12441,Nhava Sheva,New York,14223.0,27,40ft_Standard,Textiles,20587.4,38.3,Tier_3_Spot,2,0.9,96.1,1.41,6539.45
SHP-12442,Hamburg,Singapore,15893.8,26,40ft_HighCube,General_Dry,13182.3,59.6,Tier_2_Regional,7,1.05,74.4,0.89,5371.52
SHP-12443,Singapore,Fremantle,3832.0,7,40ft_HighCube,Perishable_Reefer,10989.0,65.5,Tier_3_Spot,12,1.05,94.5,0.96,5892.86
SHP-12444,Nhava Sheva,Dubai,2013.8,4,LCL_Consolidated,Perishable_Reefer,2961.9,13.1,Tier_3_Spot,1,0.9,85.9,1.33,1935.0
SHP-12445,Santos,Rotterdam,10185.5,19,40ft_Standard,Electronics,11571.6,50.6,Tier_1_Alliance,9,1.25,84.8,0.96,7110.89
SHP-12446,Shanghai,Los Angeles,10475.7,17,40ft_HighCube,Textiles,16617.4,51.8,Tier_3_Spot,8,1.25,75.0,1.03,6373.55
SHP-12447,Shanghai,Los Angeles,10521.3,14,20ft_Standard,General_Dry,19901.3,19.4,Tier_1_Alliance,6,1.05,99.8,1.01,4297.9
SHP-12448,Tokyo,Los Angeles,8812.9,11,40ft_Standard,Textiles,9316.7,39.6,Tier_3_Spot,7,1.05,84.4,1.24,5241.08
SHP-12449,Tokyo,Los Angeles,8870.3,13,40ft_Standard,Electronics,21589.4,52.1,Tier_2_Regional,5,1.05,75.7,1.24,7169.07
SHP-12450,Nhava Sheva,Dubai,2160.3,7,LCL_Consolidated,Hazardous_Chemicals,822.1,13.8,Tier_3_Spot,4,1.05,105.1,0.96,1888.66
SHP-12451,Nhava Sheva,New York,14119.7,27,20ft_Standard,Perishable_Reefer,5946.0,22.7,Tier_2_Regional,5,1.05,78.6,1.12,5539.09
SHP-12452,Nhava Sheva,Dubai,2174.3,6,20ft_Standard,Electronics,6295.4,20.0,Tier_2_Regional,6,1.05,79.9,1.32,3317.85
SHP-12453,Nhava Sheva,Dubai,2097.8,6,LCL_Consolidated,Hazardous_Chemicals,3261.2,13.7,Tier_2_Regional,5,1.05,91.0,1.16,2376.17
SHP-12454,Singapore,Fremantle,3885.2,8,40ft_HighCube,Automotive,22746.8,70.7,Tier_2_Regional,1,0.9,83.0,1.22,6062.85
SHP-12455,Shanghai,Rotterdam,19401.2,30,40ft_Standard,Automotive,13885.8,52.1,Tier_2_Regional,6,1.05,102.9,0.96,6729.32
SHP-12456,Santos,Rotterdam,10110.8,20,40ft_Standard,Perishable_Reefer,20797.3,40.7,Tier_2_Regional,4,1.05,98.6,1.26,8756.34
SHP-12457,Singapore,Fremantle,3888.2,8,40ft_HighCube,Textiles,25596.5,47.3,Tier_2_Regional,10,1.25,76.0,1.12,6607.96
SHP-12458,Santos,Rotterdam,10174.2,17,40ft_Standard,Electronics,13268.7,50.8,Tier_1_Alliance,9,1.25,107.4,1.25,9759.44
SHP-12459,Busan,Long Beach,9433.6,12,40ft_HighCube,Hazardous_Chemicals,23014.7,59.4,Tier_2_Regional,3,1.05,85.4,1.35,11275.28
SHP-12460,Singapore,Dubai,5939.6,9,LCL_Consolidated,General_Dry,1535.8,9.3,Tier_1_Alliance,3,1.05,75.4,1.12,2010.62
SHP-12461,Santos,Rotterdam,10268.2,18,40ft_Standard,Electronics,19611.9,63.2,Tier_2_Regional,12,1.05,74.0,1.19,7341.85
SHP-12462,Busan,Long Beach,9353.9,12,LCL_Consolidated,Perishable_Reefer,3946.7,7.3,Tier_2_Regional,7,1.05,79.1,1.22,3530.09
SHP-12463,Santos,Rotterdam,10128.1,21,LCL_Consolidated,Electronics,1007.7,13.9,Tier_1_Alliance,3,1.05,73.0,1.39,3797.46
SHP-12464,Chennai,Rotterdam,11578.3,25,40ft_HighCube,Automotive,12277.0,70.3,Tier_2_Regional,9,1.25,79.3,1.42,10781.38
SHP-12465,Nhava Sheva,Dubai,2084.6,7,LCL_Consolidated,General_Dry,1248.7,13.7,Tier_3_Spot,9,1.25,93.8,1.15,1816.38
SHP-12466,Busan,Long Beach,9427.6,13,LCL_Consolidated,General_Dry,3380.5,5.0,Tier_2_Regional,5,1.05,104.1,1.35,3063.7
SHP-12467,Singapore,Fremantle,3826.6,11,40ft_HighCube,Perishable_Reefer,20228.7,70.9,Tier_2_Regional,2,0.9,103.2,0.96,5916.8
SHP-12468,Singapore,Fremantle,3873.9,7,40ft_Standard,Hazardous_Chemicals,22847.7,66.0,Tier_1_Alliance,1,0.9,74.8,1.37,8900.34
SHP-12469,Singapore,Dubai,5878.3,12,40ft_HighCube,Automotive,22436.6,67.0,Tier_3_Spot,1,0.9,91.5,0.91,4407.21
SHP-12470,Tokyo,Los Angeles,8846.7,14,20ft_Standard,Hazardous_Chemicals,14485.0,16.1,Tier_2_Regional,1,0.9,81.8,0.91,3724.41
SHP-12471,Hamburg,Singapore,15777.0,27,40ft_HighCube,General_Dry,13844.4,55.2,Tier_3_Spot,9,1.25,94.8,0.94,6627.86
SHP-12472,Tokyo,Los Angeles,8829.1,13,40ft_HighCube,Perishable_Reefer,16340.7,46.5,Tier_2_Regional,1,0.9,94.5,0.89,5398.4
SHP-12473,Hamburg,Singapore,15803.3,25,LCL_Consolidated,Hazardous_Chemicals,995.0,12.1,Tier_2_Regional,8,1.25,91.8,0.9,4628.42
SHP-12474,Singapore,Fremantle,3807.4,10,20ft_Standard,Perishable_Reefer,12488.1,25.1,Tier_3_Spot,12,1.05,79.4,1.26,4326.84
SHP-12475,Hamburg,Singapore,15718.7,25,LCL_Consolidated,Perishable_Reefer,4899.9,3.4,Tier_3_Spot,10,1.25,92.6,1.33,6041.54
SHP-12476,Hamburg,Singapore,15787.7,27,40ft_Standard,Textiles,10877.0,37.1,Tier_1_Alliance,1,0.9,97.9,1.35,7056.86
SHP-12477,Shanghai,Rotterdam,19593.9,31,40ft_Standard,Hazardous_Chemicals,12600.5,55.6,Tier_1_Alliance,2,0.9,93.2,1.11,9593.14
SHP-12478,Chennai,Colombo,691.1,6,40ft_HighCube,Electronics,27133.4,75.6,Tier_2_Regional,10,1.25,95.6,1.3,9208.66
SHP-12479,Tokyo,Los Angeles,8732.6,11,LCL_Consolidated,Perishable_Reefer,1139.1,7.6,Tier_3_Spot,12,1.05,89.4,1.18,3093.16
SHP-12480,Nhava Sheva,New York,14236.3,29,40ft_HighCube,Perishable_Reefer,19865.0,63.7,Tier_2_Regional,4,1.05,72.2,1.35,11261.94
SHP-12481,Nhava Sheva,Dubai,2001.3,8,40ft_HighCube,Electronics,26217.1,59.3,Tier_1_Alliance,8,1.25,99.1,1.11,8560.91
SHP-12482,Tokyo,Los Angeles,8862.2,11,40ft_HighCube,Hazardous_Chemicals,21483.5,70.1,Tier_1_Alliance,12,1.05,74.2,1.05,9695.35
SHP-12483,Tokyo,Los Angeles,8774.1,12,LCL_Consolidated,General_Dry,519.9,8.5,Tier_1_Alliance,4,1.05,105.9,0.88,2090.89
SHP-12484,Singapore,Fremantle,3984.8,8,20ft_Standard,Textiles,16779.5,19.0,Tier_2_Regional,12,1.05,102.4,1.39,4181.84
SHP-12485,Chennai,Colombo,643.8,2,20ft_Standard,Automotive,5523.8,17.3,Tier_2_Regional,12,1.05,89.3,1.15,2572.02
SHP-12486,Hamburg,Singapore,15739.7,27,20ft_Standard,General_Dry,19333.2,17.6,Tier_2_Regional,1,0.9,101.8,1.27,4858.73
SHP-12487,Singapore,Dubai,5828.2,11,40ft_HighCube,Perishable_Reefer,25992.1,74.9,Tier_1_Alliance,6,1.05,98.6,1.14,9858.99
SHP-12488,Busan,Long Beach,9432.4,15,20ft_Standard,Automotive,19259.2,31.8,Tier_3_Spot,11,1.05,92.9,1.22,4892.94
SHP-12489,Nhava Sheva,New York,14175.2,29,LCL_Consolidated,Hazardous_Chemicals,2311.9,7.5,Tier_2_Regional,5,1.05,73.5,1.21,4510.17
SHP-12490,Santos,Rotterdam,10175.5,18,40ft_Standard,Hazardous_Chemicals,8289.4,54.7,Tier_2_Regional,6,1.05,77.5,1.39,9662.28
SHP-12491,Singapore,Dubai,5989.0,12,40ft_HighCube,Electronics,21234.6,74.7,Tier_2_Regional,3,1.05,76.6,0.93,5815.01
SHP-12492,Nhava Sheva,New York,14252.0,26,20ft_Standard,Perishable_Reefer,9513.2,20.1,Tier_1_Alliance,11,1.05,80.8,0.91,5128.44
SHP-12493,Nhava Sheva,New York,14166.9,29,20ft_Standard,General_Dry,3668.6,27.6,Tier_2_Regional,1,0.9,74.5,1.26,4025.88
SHP-12494,Shanghai,Los Angeles,10483.8,13,20ft_Standard,Electronics,9275.7,25.3,Tier_2_Regional,4,1.05,96.1,1.34,5429.67
SHP-12495,Shanghai,Rotterdam,19519.6,31,40ft_Standard,Electronics,13202.4,51.0,Tier_2_Regional,4,1.05,84.9,1.36,9611.15
SHP-12496,Singapore,Fremantle,3837.4,9,LCL_Consolidated,Perishable_Reefer,910.8,5.0,Tier_3_Spot,4,1.05,106.9,1.26,2446.41
SHP-12497,Hamburg,Singapore,15897.0,26,40ft_HighCube,Textiles,24621.6,45.7,Tier_1_Alliance,4,1.05,75.3,1.42,9985.63
SHP-12498,Chennai,Colombo,688.5,5,LCL_Consolidated,Hazardous_Chemicals,4004.1,3.7,Tier_1_Alliance,7,1.05,91.4,1.02,1832.4
SHP-12499,Singapore,Fremantle,3980.3,10,40ft_Standard,Hazardous_Chemicals,8709.2,36.1,Tier_1_Alliance,12,1.05,96.3,0.96,5943.96
SHP-12500,Tokyo,Los Angeles,8778.2,10,20ft_Standard,Hazardous_Chemicals,16433.1,29.2,Tier_3_Spot,6,1.05,75.1,0.89,4261.49
SHP-12501,Shanghai,Rotterdam,19456.0,28,LCL_Consolidated,General_Dry,4794.6,4.4,Tier_2_Regional,1,0.9,103.6,1.26,3897.58
SHP-12502,Nhava Sheva,Dubai,2197.7,6,LCL_Consolidated,Textiles,2216.3,10.6,Tier_1_Alliance,4,1.05,101.2,0.93,1487.27
SHP-12503,Chennai,Rotterdam,11411.4,21,20ft_Standard,Automotive,13595.6,16.2,Tier_3_Spot,8,1.25,90.8,1.27,5616.88
SHP-12504,Singapore,Dubai,5970.7,13,20ft_Standard,Electronics,14586.5,32.1,Tier_3_Spot,6,1.05,97.2,1.03,3653.3
SHP-12505,Shanghai,Rotterdam,19508.8,31,40ft_Standard,Automotive,8910.3,58.7,Tier_3_Spot,1,0.9,105.2,1.26,6972.58
SHP-12506,Santos,Rotterdam,10188.7,20,20ft_Standard,Electronics,10090.3,24.6,Tier_2_Regional,11,1.05,72.9,1.31,5160.6
SHP-12507,Nhava Sheva,New York,14128.1,26,LCL_Consolidated,Automotive,2069.6,13.8,Tier_1_Alliance,10,1.25,82.9,1.13,4630.42
SHP-12508,Busan,Long Beach,9496.3,15,20ft_Standard,Hazardous_Chemicals,6965.2,32.9,Tier_3_Spot,2,0.9,73.3,1.07,4054.27
SHP-12509,Tokyo,Los Angeles,8889.4,11,20ft_Standard,Automotive,11949.5,18.7,Tier_2_Regional,8,1.25,94.3,1.04,4463.11
SHP-12510,Shanghai,Los Angeles,10418.9,17,20ft_Standard,Textiles,5518.8,22.6,Tier_2_Regional,4,1.05,89.1,1.1,3730.72
SHP-12511,Shanghai,Rotterdam,19529.5,27,LCL_Consolidated,Perishable_Reefer,2655.2,12.4,Tier_2_Regional,9,1.25,89.8,1.09,6203.89
SHP-12512,Shanghai,Los Angeles,10531.6,17,40ft_Standard,Perishable_Reefer,15784.0,51.8,Tier_1_Alliance,11,1.05,96.0,0.89,6932.84
SHP-12513,Busan,Long Beach,9430.9,13,LCL_Consolidated,Perishable_Reefer,3164.6,4.2,Tier_1_Alliance,7,1.05,87.7,1.16,3662.19
SHP-12514,Busan,Long Beach,9403.0,16,40ft_Standard,Perishable_Reefer,15147.5,65.4,Tier_3_Spot,6,1.05,78.1,1.18,7695.22
SHP-12515,Santos,Rotterdam,10220.4,21,20ft_Standard,Perishable_Reefer,13454.0,19.4,Tier_2_Regional,6,1.05,92.4,0.94,4501.62
SHP-12516,Shanghai,Rotterdam,19468.3,30,LCL_Consolidated,Perishable_Reefer,2452.3,13.7,Tier_1_Alliance,8,1.25,85.7,0.89,5521.95
SHP-12517,Nhava Sheva,Dubai,2182.4,6,20ft_Standard,Hazardous_Chemicals,19637.0,31.5,Tier_1_Alliance,5,1.05,76.5,1.12,5005.12
SHP-12518,Hamburg,Singapore,15765.9,27,40ft_Standard,Automotive,25161.2,39.5,Tier_1_Alliance,6,1.05,103.2,1.07,7817.59
SHP-12519,Nhava Sheva,New York,14206.9,28,20ft_Standard,Textiles,18147.2,20.6,Tier_1_Alliance,7,1.05,73.4,1.35,6112.18
SHP-12520,Shanghai,Rotterdam,19554.8,27,40ft_Standard,Hazardous_Chemicals,18698.6,55.4,Tier_2_Regional,9,1.25,106.1,1.18,13434.08
SHP-12521,Chennai,Colombo,619.9,5,20ft_Standard,Textiles,14566.1,28.9,Tier_1_Alliance,10,1.25,79.1,0.95,3250.76
SHP-12522,Busan,Long Beach,9475.4,14,20ft_Standard,General_Dry,12129.2,30.0,Tier_3_Spot,1,0.9,89.8,0.97,2803.99
SHP-12523,Chennai,Rotterdam,11480.3,25,40ft_HighCube,Electronics,12916.9,71.4,Tier_1_Alliance,7,1.05,93.8,1.32,9913.06
SHP-12524,Santos,Rotterdam,10212.2,20,40ft_Standard,General_Dry,22084.3,51.0,Tier_1_Alliance,4,1.05,72.7,0.95,5469.44
SHP-12525,Singapore,Dubai,5957.1,12,LCL_Consolidated,Electronics,3657.9,8.9,Tier_2_Regional,6,1.05,80.6,1.39,2806.48
SHP-12526,Busan,Long Beach,9427.0,12,40ft_HighCube,Perishable_Reefer,11656.4,64.9,Tier_3_Spot,5,1.05,83.0,1.39,9568.11
SHP-12527,Singapore,Fremantle,3873.5,10,LCL_Consolidated,Hazardous_Chemicals,3741.6,8.5,Tier_1_Alliance,8,1.25,100.4,1.08,3425.53
SHP-12528,Singapore,Dubai,5850.6,11,40ft_Standard,Hazardous_Chemicals,21042.0,44.0,Tier_2_Regional,11,1.05,87.4,1.18,7976.81
SHP-12529,Tokyo,Los Angeles,8832.5,13,40ft_HighCube,Automotive,21992.6,72.1,Tier_1_Alliance,9,1.25,79.1,1.04,8680.99
SHP-12530,Busan,Long Beach,9471.2,14,LCL_Consolidated,Textiles,4346.0,12.0,Tier_1_Alliance,4,1.05,87.6,1.09,2863.11
SHP-12531,Singapore,Dubai,5903.5,10,40ft_Standard,General_Dry,22605.3,50.1,Tier_3_Spot,9,1.25,89.0,1.38,7359.16
SHP-12532,Singapore,Fremantle,3858.1,8,LCL_Consolidated,Automotive,1483.0,11.9,Tier_3_Spot,5,1.05,82.8,1.35,2088.93
SHP-12533,Busan,Long Beach,9386.1,16,40ft_HighCube,Automotive,16408.6,68.7,Tier_1_Alliance,5,1.05,83.5,0.91,6203.29
SHP-12534,Busan,Long Beach,9306.4,13,40ft_HighCube,Perishable_Reefer,12973.3,70.5,Tier_2_Regional,1,0.9,88.5,1.03,6661.74
SHP-12535,Singapore,Fremantle,3951.7,11,20ft_Standard,Textiles,11043.1,31.5,Tier_2_Regional,8,1.25,104.7,1.34,4879.14
SHP-12536,Singapore,Fremantle,3862.9,9,20ft_Standard,Electronics,19656.8,16.1,Tier_3_Spot,3,1.05,84.1,1.42,4400.82
SHP-12537,Nhava Sheva,New York,14170.9,26,20ft_Standard,Hazardous_Chemicals,3416.9,18.3,Tier_2_Regional,9,1.25,75.4,0.99,6013.03
SHP-12538,Nhava Sheva,Dubai,2176.9,5,LCL_Consolidated,Automotive,3973.0,10.2,Tier_2_Regional,11,1.05,80.4,1.0,1384.86
SHP-12539,Chennai,Colombo,674.1,4,40ft_Standard,General_Dry,21047.9,38.2,Tier_3_Spot,3,1.05,80.6,1.07,3822.31
SHP-12540,Chennai,Rotterdam,11455.0,22,LCL_Consolidated,Hazardous_Chemicals,4482.1,11.8,Tier_1_Alliance,3,1.05,91.8,1.33,5499.37
SHP-12541,Hamburg,Singapore,15881.2,25,20ft_Standard,Textiles,12424.3,23.9,Tier_1_Alliance,9,1.25,78.9,1.27,7020.58
SHP-12542,Shanghai,Rotterdam,19469.7,29,20ft_Standard,Hazardous_Chemicals,16618.8,32.6,Tier_3_Spot,10,1.25,101.7,1.22,10109.0
SHP-12543,Singapore,Fremantle,3846.4,7,20ft_Standard,Perishable_Reefer,19233.8,20.5,Tier_3_Spot,6,1.05,83.3,1.25,4577.27
SHP-12544,Busan,Long Beach,9390.8,12,LCL_Consolidated,Electronics,1339.1,12.1,Tier_2_Regional,7,1.05,88.4,1.01,2677.32
SHP-12545,Singapore,Dubai,5877.1,10,20ft_Standard,Textiles,17948.2,21.7,Tier_2_Regional,7,1.05,97.9,1.29,4300.62
SHP-12546,Busan,Long Beach,9333.4,15,40ft_HighCube,General_Dry,23558.6,45.9,Tier_1_Alliance,5,1.05,90.9,1.16,7039.08
SHP-12547,Santos,Rotterdam,10188.4,18,20ft_Standard,Automotive,19792.4,22.6,Tier_3_Spot,4,1.05,75.0,1.33,5013.11
SHP-12548,Nhava Sheva,Dubai,2004.0,5,40ft_HighCube,General_Dry,23405.2,74.2,Tier_2_Regional,5,1.05,84.1,1.26,6482.77
SHP-12549,Busan,Long Beach,9423.1,16,40ft_Standard,Electronics,20670.2,48.4,Tier_3_Spot,4,1.05,96.4,0.93,5311.16
SHP-12550,Shanghai,Los Angeles,10590.5,14,40ft_HighCube,Electronics,26555.6,61.4,Tier_3_Spot,1,0.9,83.1,1.07,5906.98
SHP-12551,Nhava Sheva,New York,14231.5,26,20ft_Standard,Electronics,13940.5,19.4,Tier_2_Regional,5,1.05,85.2,1.34,6057.41
SHP-12552,Shanghai,Los Angeles,10510.6,14,20ft_Standard,Electronics,5385.3,21.5,Tier_2_Regional,6,1.05,87.9,1.13,4348.66
SHP-12553,Singapore,Fremantle,3921.9,7,40ft_HighCube,Hazardous_Chemicals,10437.1,53.8,Tier_3_Spot,5,1.05,79.0,0.93,5660.09
SHP-12554,Busan,Long Beach,9340.6,14,40ft_Standard,Perishable_Reefer,14705.2,64.3,Tier_3_Spot,2,0.9,103.9,1.25,7200.01
SHP-12555,Shanghai,Los Angeles,10532.9,17,LCL_Consolidated,Perishable_Reefer,3551.9,3.3,Tier_1_Alliance,1,0.9,86.7,1.25,3615.17
SHP-12556,Nhava Sheva,New York,14289.7,28,40ft_Standard,Perishable_Reefer,22560.2,64.1,Tier_2_Regional,4,1.05,102.9,1.15,9527.25
SHP-12557,Hamburg,Singapore,15728.3,27,20ft_Standard,Textiles,16160.8,23.8,Tier_1_Alliance,10,1.25,77.6,0.93,5309.7
SHP-12558,Tokyo,Los Angeles,8749.2,14,20ft_Standard,Hazardous_Chemicals,6921.0,23.3,Tier_2_Regional,8,1.25,76.1,0.89,4699.16
SHP-12559,Shanghai,Los Angeles,10513.0,16,LCL_Consolidated,General_Dry,3395.6,6.2,Tier_2_Regional,10,1.25,98.7,1.33,3846.13
SHP-12560,Nhava Sheva,New York,14174.6,26,20ft_Standard,Hazardous_Chemicals,8720.3,15.2,Tier_2_Regional,3,1.05,72.2,1.3,6739.75
SHP-12561,Hamburg,Singapore,15848.5,27,40ft_Standard,Automotive,17989.1,36.1,Tier_2_Regional,4,1.05,98.8,1.05,6571.41
SHP-12562,Shanghai,Rotterdam,19576.1,28,40ft_HighCube,Automotive,18146.6,57.3,Tier_2_Regional,4,1.05,95.3,0.91,6839.58
SHP-12563,Chennai,Rotterdam,11520.9,22,40ft_HighCube,Perishable_Reefer,22415.9,66.1,Tier_3_Spot,5,1.05,94.5,1.17,9188.3
SHP-12564,Busan,Long Beach,9329.2,15,20ft_Standard,General_Dry,18996.0,29.9,Tier_1_Alliance,11,1.05,76.8,0.97,3898.87
SHP-12565,Chennai,Rotterdam,11574.3,23,20ft_Standard,Electronics,8054.7,16.1,Tier_1_Alliance,9,1.25,83.2,0.96,4858.97
SHP-12566,Nhava Sheva,New York,14147.0,29,40ft_Standard,Hazardous_Chemicals,11128.6,59.7,Tier_1_Alliance,12,1.05,79.1,1.27,11103.49
SHP-12567,Santos,Rotterdam,10177.3,17,LCL_Consolidated,Electronics,4284.9,4.9,Tier_2_Regional,10,1.25,96.4,1.25,4049.46
SHP-12568,Santos,Rotterdam,10287.7,20,40ft_Standard,Textiles,18804.2,49.9,Tier_2_Regional,9,1.25,93.3,1.05,6715.34
SHP-12569,Chennai,Colombo,635.7,3,20ft_Standard,General_Dry,9364.6,16.5,Tier_1_Alliance,12,1.05,97.8,1.3,3139.1
SHP-12570,Chennai,Colombo,732.7,5,20ft_Standard,Perishable_Reefer,7841.9,21.6,Tier_1_Alliance,1,0.9,100.6,1.24,3598.98
SHP-12571,Singapore,Fremantle,3864.1,8,40ft_Standard,Perishable_Reefer,17523.6,37.6,Tier_1_Alliance,2,0.9,103.8,1.2,6455.29
SHP-12572,Nhava Sheva,New York,14224.4,27,40ft_HighCube,Hazardous_Chemicals,17565.7,59.7,Tier_2_Regional,10,1.25,86.2,1.06,11251.74
SHP-12573,Nhava Sheva,New York,14220.0,28,LCL_Consolidated,Perishable_Reefer,1563.5,7.4,Tier_1_Alliance,11,1.05,101.2,1.25,5276.84
SHP-12574,Santos,Rotterdam,10200.2,20,40ft_Standard,Perishable_Reefer,18523.8,47.8,Tier_1_Alliance,3,1.05,98.7,1.29,10144.63
SHP-12575,Hamburg,Singapore,15884.7,26,40ft_Standard,General_Dry,14542.2,41.6,Tier_2_Regional,2,0.9,79.0,1.34,6262.56
SHP-12576,Tokyo,Los Angeles,8795.6,12,20ft_Standard,Electronics,5516.2,27.4,Tier_3_Spot,12,1.05,99.4,1.04,3752.74
SHP-12577,Hamburg,Singapore,15892.3,25,40ft_HighCube,Perishable_Reefer,13166.4,58.2,Tier_2_Regional,12,1.05,79.9,1.04,8639.16
SHP-12578,Santos,Rotterdam,10122.1,20,LCL_Consolidated,General_Dry,1841.9,9.5,Tier_3_Spot,2,0.9,85.5,1.04,1891.7
SHP-12579,Nhava Sheva,Dubai,2022.5,7,LCL_Consolidated,Electronics,1678.7,2.3,Tier_2_Regional,5,1.05,86.0,1.08,1458.55
SHP-12580,Singapore,Fremantle,3877.5,11,LCL_Consolidated,General_Dry,2198.3,8.7,Tier_1_Alliance,4,1.05,72.1,1.03,1554.77
SHP-12581,Nhava Sheva,Dubai,2097.3,8,40ft_Standard,Perishable_Reefer,12086.2,62.0,Tier_3_Spot,6,1.05,92.8,0.98,5236.97
SHP-12582,Shanghai,Los Angeles,10555.9,17,20ft_Standard,Textiles,6018.0,31.8,Tier_3_Spot,7,1.05,83.9,1.0,3316.6
SHP-12583,Nhava Sheva,New York,14108.7,27,20ft_Standard,Perishable_Reefer,19859.5,17.6,Tier_3_Spot,2,0.9,75.0,1.12,4997.28
SHP-12584,Shanghai,Los Angeles,10502.7,15,LCL_Consolidated,General_Dry,1366.6,3.1,Tier_3_Spot,2,0.9,88.1,1.2,2152.7
SHP-12585,Hamburg,Singapore,15830.4,26,40ft_HighCube,Textiles,19464.8,67.6,Tier_2_Regional,12,1.05,90.7,1.02,6848.88
SHP-12586,Singapore,Fremantle,3895.4,9,LCL_Consolidated,Automotive,756.0,3.9,Tier_3_Spot,3,1.05,75.8,0.95,1166.16
SHP-12587,Singapore,Dubai,5909.3,12,40ft_HighCube,Perishable_Reefer,19302.1,47.9,Tier_2_Regional,10,1.25,91.2,0.94,7573.61
SHP-12588,Chennai,Rotterdam,11486.5,24,40ft_Standard,Textiles,23374.8,62.7,Tier_3_Spot,6,1.05,86.6,1.01,5503.12
SHP-12589,Hamburg,Singapore,15740.0,23,40ft_Standard,Automotive,25659.3,46.7,Tier_2_Regional,6,1.05,88.2,0.98,6522.59
SHP-12590,Hamburg,Singapore,15720.7,27,40ft_HighCube,Automotive,13922.5,73.3,Tier_2_Regional,9,1.25,74.6,1.19,9969.96
SHP-12591,Nhava Sheva,Dubai,2105.1,8,20ft_Standard,Perishable_Reefer,20604.5,18.0,Tier_3_Spot,1,0.9,76.1,0.99,2800.9
SHP-12592,Chennai,Rotterdam,11499.9,24,LCL_Consolidated,Hazardous_Chemicals,4079.1,10.3,Tier_1_Alliance,2,0.9,86.0,1.31,4512.33
SHP-12593,Busan,Long Beach,9338.9,12,40ft_Standard,General_Dry,19050.6,51.9,Tier_2_Regional,5,1.05,92.8,1.29,6659.2
SHP-12594,Chennai,Rotterdam,11462.1,25,20ft_Standard,Electronics,15106.0,25.8,Tier_2_Regional,12,1.05,82.7,1.16,5085.49
SHP-12595,Shanghai,Rotterdam,19500.7,29,LCL_Consolidated,Electronics,3189.7,9.0,Tier_3_Spot,2,0.9,77.5,1.34,4081.51
SHP-12596,Busan,Long Beach,9343.6,13,40ft_Standard,Hazardous_Chemicals,9905.1,60.9,Tier_2_Regional,2,0.9,102.0,1.26,7926.21
SHP-12597,Shanghai,Los Angeles,10464.5,13,40ft_HighCube,Perishable_Reefer,26164.5,73.0,Tier_2_Regional,2,0.9,101.5,1.42,10499.23
SHP-12598,Busan,Long Beach,9337.6,12,20ft_Standard,Textiles,10113.0,25.3,Tier_3_Spot,5,1.05,84.9,0.93,3037.87
SHP-12599,Nhava Sheva,Dubai,2144.7,8,40ft_HighCube,Hazardous_Chemicals,11688.7,57.1,Tier_1_Alliance,1,0.9,93.7,0.88,5367.24
SHP-12600,Chennai,Colombo,669.6,6,40ft_HighCube,Automotive,21711.0,58.3,Tier_1_Alliance,11,1.05,83.0,1.36,7464.68
SHP-12601,Singapore,Fremantle,3907.7,8,40ft_HighCube,Textiles,20123.3,68.2,Tier_1_Alliance,10,1.25,103.2,1.26,8934.65
SHP-12602,Chennai,Colombo,646.7,3,40ft_HighCube,Textiles,17533.7,60.8,Tier_1_Alliance,2,0.9,103.6,1.0,4453.18
SHP-12603,Singapore,Fremantle,3894.1,10,LCL_Consolidated,General_Dry,3615.8,3.5,Tier_2_Regional,11,1.05,80.1,1.04,1382.45
SHP-12604,Chennai,Rotterdam,11541.3,22,40ft_HighCube,Electronics,13089.7,50.3,Tier_3_Spot,5,1.05,75.4,1.21,7021.19
SHP-12605,Busan,Long Beach,9345.9,12,LCL_Consolidated,Textiles,1331.7,4.8,Tier_1_Alliance,6,1.05,83.1,0.89,2015.75
SHP-12606,Tokyo,Los Angeles,8720.0,12,40ft_HighCube,Hazardous_Chemicals,15337.6,75.1,Tier_1_Alliance,5,1.05,77.6,1.41,12608.88
SHP-12607,Chennai,Rotterdam,11431.5,23,40ft_Standard,Hazardous_Chemicals,20558.7,44.8,Tier_1_Alliance,7,1.05,84.6,1.36,11356.24
SHP-12608,Nhava Sheva,New York,14123.6,29,LCL_Consolidated,Textiles,4909.4,7.0,Tier_1_Alliance,5,1.05,72.3,1.31,3998.48
SHP-12609,Singapore,Dubai,5820.6,12,40ft_HighCube,Electronics,19704.7,66.9,Tier_3_Spot,4,1.05,88.8,1.05,6125.53
SHP-12610,Santos,Rotterdam,10126.8,19,20ft_Standard,Textiles,14224.6,24.2,Tier_3_Spot,3,1.05,85.9,0.92,3186.65
SHP-12611,Nhava Sheva,New York,14105.4,26,40ft_HighCube,Perishable_Reefer,21097.1,50.6,Tier_2_Regional,10,1.25,93.4,0.97,9559.32
SHP-12612,Santos,Rotterdam,10291.4,18,LCL_Consolidated,Perishable_Reefer,2217.2,9.0,Tier_3_Spot,7,1.05,93.6,1.3,3848.0
SHP-12613,Singapore,Fremantle,3869.4,8,LCL_Consolidated,General_Dry,1625.2,12.0,Tier_3_Spot,11,1.05,101.6,1.3,2016.67
SHP-12614,Nhava Sheva,Dubai,2121.8,4,40ft_Standard,Hazardous_Chemicals,13048.0,55.2,Tier_1_Alliance,3,1.05,82.6,1.08,6973.7
SHP-12615,Santos,Rotterdam,10135.5,18,40ft_HighCube,Perishable_Reefer,13628.3,54.3,Tier_1_Alliance,9,1.25,91.4,1.0,9693.89
SHP-12616,Nhava Sheva,Dubai,2051.5,7,40ft_HighCube,General_Dry,19482.6,58.5,Tier_3_Spot,10,1.25,81.2,0.9,4652.05
SHP-12617,Hamburg,Singapore,15855.2,25,40ft_HighCube,Electronics,14483.6,62.4,Tier_2_Regional,7,1.05,106.0,1.39,10348.45
SHP-12618,Tokyo,Los Angeles,8766.0,10,LCL_Consolidated,Hazardous_Chemicals,2030.1,12.0,Tier_1_Alliance,10,1.25,103.0,0.97,4234.66
SHP-12619,Tokyo,Los Angeles,8826.7,14,40ft_HighCube,Automotive,25824.5,73.6,Tier_2_Regional,11,1.05,103.2,1.01,6946.86
SHP-12620,Hamburg,Singapore,15861.3,27,LCL_Consolidated,Hazardous_Chemicals,1442.9,9.2,Tier_2_Regional,8,1.25,86.6,0.9,4604.99
SHP-12621,Chennai,Colombo,574.9,6,40ft_Standard,General_Dry,21716.4,60.5,Tier_1_Alliance,6,1.05,81.9,1.18,5548.51
SHP-12622,Chennai,Colombo,592.5,4,40ft_HighCube,Textiles,20989.4,57.5,Tier_3_Spot,7,1.05,90.6,1.11,4887.3
SHP-12623,Chennai,Colombo,667.8,6,40ft_HighCube,Perishable_Reefer,17354.5,48.3,Tier_1_Alliance,12,1.05,102.7,1.23,8132.0
SHP-12624,Hamburg,Singapore,15816.8,23,40ft_HighCube,Automotive,26347.3,47.5,Tier_2_Regional,4,1.05,100.7,1.02,7391.56
SHP-12625,Busan,Long Beach,9486.5,15,20ft_Standard,Hazardous_Chemicals,11647.8,21.5,Tier_2_Regional,7,1.05,98.2,0.88,4388.57
SHP-12626,Shanghai,Rotterdam,19415.3,31,LCL_Consolidated,General_Dry,931.6,7.9,Tier_3_Spot,5,1.05,81.4,1.36,4269.14
SHP-12627,Santos,Rotterdam,10136.1,19,40ft_Standard,Hazardous_Chemicals,23976.7,66.5,Tier_3_Spot,10,1.25,90.6,0.89,8233.96
SHP-12628,Singapore,Dubai,5864.8,9,40ft_HighCube,Perishable_Reefer,25423.7,62.9,Tier_2_Regional,4,1.05,89.4,1.05,7769.41
SHP-12629,Shanghai,Los Angeles,10565.0,15,40ft_Standard,Automotive,9297.8,61.6,Tier_2_Regional,9,1.25,93.2,1.37,9207.56
SHP-12630,Chennai,Colombo,574.9,2,40ft_Standard,Hazardous_Chemicals,25646.1,56.8,Tier_1_Alliance,4,1.05,91.4,1.35,9495.49
SHP-12631,Chennai,Colombo,635.6,3,LCL_Consolidated,Hazardous_Chemicals,4967.2,2.9,Tier_3_Spot,7,1.05,99.4,1.01,1649.78
SHP-12632,Santos,Rotterdam,10157.5,18,LCL_Consolidated,Automotive,3520.3,4.4,Tier_1_Alliance,9,1.25,84.6,0.89,2843.18
SHP-12633,Nhava Sheva,New York,14104.3,25,40ft_Standard,Perishable_Reefer,18405.9,54.2,Tier_3_Spot,2,0.9,106.8,1.21,7758.31
SHP-12634,Nhava Sheva,Dubai,2000.3,6,40ft_HighCube,Electronics,18815.1,55.9,Tier_3_Spot,7,1.05,99.3,0.91,4729.83
SHP-12635,Nhava Sheva,Dubai,2077.5,7,40ft_Standard,General_Dry,21452.4,41.9,Tier_1_Alliance,5,1.05,96.5,0.99,4628.21
SHP-12636,Singapore,Fremantle,3851.6,11,LCL_Consolidated,Textiles,3734.3,4.8,Tier_3_Spot,9,1.25,74.6,1.4,2173.4
SHP-12637,Nhava Sheva,Dubai,2044.5,7,LCL_Consolidated,General_Dry,3713.3,10.9,Tier_2_Regional,1,0.9,88.1,1.0,1211.53
SHP-12638,Nhava Sheva,New York,14277.2,27,40ft_HighCube,Hazardous_Chemicals,18307.9,58.3,Tier_2_Regional,11,1.05,86.9,0.95,8453.28
SHP-12639,Nhava Sheva,Dubai,2188.6,7,40ft_HighCube,Textiles,19169.9,73.0,Tier_1_Alliance,9,1.25,104.9,1.21,8337.76
SHP-12640,Chennai,Colombo,603.0,5,40ft_HighCube,Automotive,22314.5,65.2,Tier_2_Regional,5,1.05,102.2,1.26,6855.56
SHP-12641,Shanghai,Los Angeles,10517.5,14,LCL_Consolidated,Textiles,4042.5,12.5,Tier_2_Regional,1,0.9,106.6,1.3,2961.23
SHP-12642,Chennai,Colombo,627.9,5,LCL_Consolidated,Hazardous_Chemicals,1693.1,3.8,Tier_1_Alliance,8,1.25,87.2,1.07,1950.12
SHP-12643,Singapore,Dubai,5919.4,11,40ft_Standard,Hazardous_Chemicals,9368.6,59.1,Tier_1_Alliance,4,1.05,95.5,0.99,7164.96
SHP-12644,Singapore,Fremantle,3917.7,7,20ft_Standard,Automotive,16292.5,29.3,Tier_2_Regional,6,1.05,86.3,1.27,4129.69
SHP-12645,Shanghai,Los Angeles,10448.4,15,40ft_HighCube,Hazardous_Chemicals,19456.0,74.7,Tier_1_Alliance,6,1.05,95.6,1.11,10819.47
SHP-12646,Nhava Sheva,Dubai,2068.4,5,40ft_Standard,Textiles,24946.8,48.8,Tier_1_Alliance,1,0.9,94.7,1.37,5835.96
SHP-12647,Santos,Rotterdam,10252.5,17,40ft_HighCube,Perishable_Reefer,25398.4,62.7,Tier_1_Alliance,2,0.9,74.5,1.28,9570.87
SHP-12648,Singapore,Dubai,5917.0,11,LCL_Consolidated,General_Dry,3200.0,11.2,Tier_1_Alliance,9,1.25,92.4,1.28,3134.88
SHP-12649,Shanghai,Rotterdam,19598.7,27,20ft_Standard,Textiles,12042.9,28.5,Tier_2_Regional,8,1.25,100.4,1.03,6146.55
SHP-12650,Hamburg,Singapore,15715.3,25,LCL_Consolidated,Perishable_Reefer,4654.9,8.1,Tier_2_Regional,11,1.05,86.7,1.14,4610.32
SHP-12651,Chennai,Rotterdam,11456.1,24,LCL_Consolidated,Perishable_Reefer,3429.0,11.4,Tier_3_Spot,7,1.05,91.7,0.96,3178.31
SHP-12652,Singapore,Fremantle,3803.2,9,40ft_Standard,Hazardous_Chemicals,14175.7,54.2,Tier_2_Regional,6,1.05,72.6,1.23,7456.47
SHP-12653,Nhava Sheva,New York,14155.2,26,40ft_Standard,Textiles,8065.0,40.8,Tier_1_Alliance,12,1.05,78.7,1.11,6323.19
SHP-12654,Singapore,Dubai,5971.1,11,40ft_HighCube,Perishable_Reefer,14355.4,61.6,Tier_3_Spot,3,1.05,104.9,0.92,6058.24
SHP-12655,Chennai,Rotterdam,11470.9,22,20ft_Standard,Automotive,9769.7,20.5,Tier_2_Regional,5,1.05,88.2,1.01,3974.61
SHP-12656,Tokyo,Los Angeles,8818.2,10,40ft_HighCube,Perishable_Reefer,23331.7,55.5,Tier_3_Spot,5,1.05,88.4,1.35,9599.78
SHP-12657,Shanghai,Los Angeles,10400.5,15,40ft_HighCube,Hazardous_Chemicals,10300.4,72.8,Tier_1_Alliance,11,1.05,78.0,1.27,11394.37
SHP-12658,Tokyo,Los Angeles,8796.2,11,40ft_HighCube,General_Dry,26484.0,66.1,Tier_3_Spot,7,1.05,86.9,1.38,7695.16
SHP-12659,Chennai,Colombo,645.8,2,40ft_Standard,General_Dry,24536.1,37.4,Tier_1_Alliance,11,1.05,78.8,0.96,4145.44
SHP-12660,Tokyo,Los Angeles,8774.8,12,LCL_Consolidated,Hazardous_Chemicals,4166.2,6.2,Tier_3_Spot,10,1.25,105.7,1.3,4745.81
SHP-12661,Shanghai,Rotterdam,19527.5,27,LCL_Consolidated,Automotive,1975.4,12.5,Tier_3_Spot,10,1.25,74.1,1.19,4886.26
SHP-12662,Singapore,Dubai,5941.2,9,40ft_Standard,Automotive,13945.3,60.8,Tier_2_Regional,2,0.9,85.6,1.07,4728.32
SHP-12663,Singapore,Fremantle,3835.6,11,40ft_Standard,General_Dry,11966.1,52.0,Tier_3_Spot,10,1.25,75.3,1.36,6152.09
SHP-12664,Chennai,Rotterdam,11546.5,22,20ft_Standard,Hazardous_Chemicals,6403.4,17.3,Tier_2_Regional,10,1.25,107.4,0.97,5945.75
SHP-12665,Shanghai,Los Angeles,10420.6,17,40ft_HighCube,Automotive,23402.1,52.5,Tier_2_Regional,1,0.9,102.3,1.28,7065.76
SHP-12666,Nhava Sheva,New York,14134.7,29,40ft_HighCube,Electronics,26282.8,54.2,Tier_2_Regional,2,0.9,82.6,1.1,6897.54
SHP-12667,Nhava Sheva,Dubai,2049.9,6,40ft_HighCube,Hazardous_Chemicals,25281.5,74.5,Tier_1_Alliance,6,1.05,80.0,0.98,8013.22
SHP-12668,Singapore,Dubai,5859.4,12,LCL_Consolidated,Automotive,3522.7,3.2,Tier_1_Alliance,1,0.9,94.2,1.36,2481.83
SHP-12669,Hamburg,Singapore,15772.1,27,40ft_HighCube,Textiles,15755.8,57.6,Tier_2_Regional,12,1.05,87.6,1.28,8197.33
SHP-12670,Singapore,Dubai,5865.1,11,20ft_Standard,Automotive,20527.6,25.8,Tier_3_Spot,2,0.9,77.1,1.39,3951.85
SHP-12671,Singapore,Fremantle,3853.4,8,20ft_Standard,Perishable_Reefer,15319.8,31.8,Tier_2_Regional,12,1.05,100.9,0.89,3777.47
SHP-12672,Nhava Sheva,New York,14283.5,28,LCL_Consolidated,Textiles,919.8,2.7,Tier_3_Spot,12,1.05,98.2,1.22,3178.79
SHP-12673,Shanghai,Los Angeles,10532.8,14,20ft_Standard,Perishable_Reefer,5545.1,29.8,Tier_3_Spot,3,1.05,77.5,0.93,3928.09
SHP-12674,Chennai,Colombo,621.2,5,40ft_Standard,Textiles,23041.8,53.2,Tier_2_Regional,7,1.05,106.4,0.9,3967.23
SHP-12675,Nhava Sheva,Dubai,2126.3,7,20ft_Standard,Textiles,3200.2,25.2,Tier_1_Alliance,3,1.05,95.8,1.22,3073.67
SHP-12676,Santos,Rotterdam,10170.3,18,40ft_Standard,Automotive,16205.6,57.5,Tier_3_Spot,3,1.05,77.2,0.91,4835.12
SHP-12677,Santos,Rotterdam,10232.2,19,40ft_HighCube,Automotive,23230.3,52.9,Tier_2_Regional,4,1.05,92.0,1.39,8787.03
SHP-12678,Shanghai,Los Angeles,10522.0,13,40ft_HighCube,Hazardous_Chemicals,26217.4,70.2,Tier_1_Alliance,6,1.05,96.4,1.16,11672.57
SHP-12679,Santos,Rotterdam,10104.6,18,LCL_Consolidated,General_Dry,697.6,8.6,Tier_2_Regional,3,1.05,100.5,1.33,3069.54
SHP-12680,Singapore,Dubai,5802.6,11,40ft_HighCube,Perishable_Reefer,18120.8,69.9,Tier_2_Regional,12,1.05,107.3,1.4,10448.08
SHP-12681,Chennai,Rotterdam,11543.6,21,40ft_HighCube,General_Dry,19048.2,67.6,Tier_3_Spot,9,1.25,83.9,1.09,7302.67
SHP-12682,Busan,Long Beach,9351.9,12,20ft_Standard,Perishable_Reefer,14286.1,21.4,Tier_2_Regional,3,1.05,79.9,1.18,5380.14
SHP-12683,Tokyo,Los Angeles,8801.7,14,LCL_Consolidated,Textiles,2064.2,10.4,Tier_2_Regional,10,1.25,94.4,1.01,2711.47
SHP-12684,Nhava Sheva,Dubai,2077.9,4,LCL_Consolidated,Textiles,4482.7,3.7,Tier_1_Alliance,10,1.25,72.8,0.93,1418.45
SHP-12685,Nhava Sheva,New York,14259.9,26,LCL_Consolidated,General_Dry,2669.0,9.1,Tier_2_Regional,11,1.05,99.1,1.37,3982.9
SHP-12686,Nhava Sheva,New York,14250.7,29,20ft_Standard,Electronics,3300.2,20.9,Tier_3_Spot,12,1.05,98.3,1.34,5443.85
SHP-12687,Tokyo,Los Angeles,8817.4,12,40ft_Standard,Automotive,25113.3,53.2,Tier_1_Alliance,5,1.05,74.6,1.26,7843.28
SHP-12688,Nhava Sheva,New York,14151.9,29,20ft_Standard,Hazardous_Chemicals,8537.3,17.3,Tier_1_Alliance,4,1.05,93.2,1.36,8321.04
SHP-12689,Busan,Long Beach,9381.8,13,20ft_Standard,Automotive,16116.8,17.3,Tier_2_Regional,12,1.05,86.2,0.88,3352.9
SHP-12690,Tokyo,Los Angeles,8751.2,14,LCL_Consolidated,Textiles,3867.0,7.0,Tier_3_Spot,6,1.05,85.7,1.24,2452.01
SHP-12691,Singapore,Fremantle,3978.2,9,40ft_Standard,Electronics,24312.2,57.9,Tier_3_Spot,1,0.9,99.4,0.94,4214.76
SHP-12692,Nhava Sheva,Dubai,2030.9,6,40ft_Standard,General_Dry,24169.0,51.5,Tier_2_Regional,7,1.05,91.3,1.04,4596.57
SHP-12693,Hamburg,Singapore,15797.0,26,LCL_Consolidated,Automotive,3248.7,6.8,Tier_1_Alliance,6,1.05,100.9,1.0,3728.94
SHP-12694,Singapore,Dubai,5946.8,13,40ft_HighCube,Automotive,16025.0,47.5,Tier_2_Regional,6,1.05,94.9,0.92,5003.52
SHP-12695,Chennai,Colombo,614.5,4,40ft_HighCube,Automotive,12855.5,60.6,Tier_3_Spot,10,1.25,89.6,1.17,6326.39
SHP-12696,Chennai,Colombo,743.1,2,20ft_Standard,Textiles,8240.4,24.5,Tier_3_Spot,11,1.05,103.9,1.38,3184.7
SHP-12697,Hamburg,Singapore,15788.8,23,20ft_Standard,Automotive,11874.4,19.6,Tier_3_Spot,4,1.05,81.7,1.1,4573.17
SHP-12698,Shanghai,Rotterdam,19414.4,29,LCL_Consolidated,Hazardous_Chemicals,3251.2,7.3,Tier_1_Alliance,10,1.25,87.4,1.39,9068.51
SHP-12699,Chennai,Rotterdam,11582.7,21,40ft_Standard,Hazardous_Chemicals,17077.7,40.9,Tier_3_Spot,2,0.9,86.3,0.98,5898.03
SHP-12700,Chennai,Rotterdam,11417.2,23,LCL_Consolidated,Textiles,1198.6,13.1,Tier_3_Spot,3,1.05,76.5,1.03,2354.07
SHP-12701,Tokyo,Los Angeles,8858.4,11,40ft_HighCube,Textiles,13013.1,56.8,Tier_3_Spot,9,1.25,73.8,1.22,7238.28
SHP-12702,Singapore,Dubai,5887.2,9,20ft_Standard,Textiles,20474.9,19.9,Tier_3_Spot,4,1.05,79.1,1.04,3225.62
SHP-12703,Chennai,Rotterdam,11414.4,23,40ft_Standard,Perishable_Reefer,12356.2,60.4,Tier_3_Spot,9,1.25,86.4,1.41,11274.15
SHP-12704,Chennai,Colombo,570.9,4,40ft_HighCube,Hazardous_Chemicals,17502.9,45.5,Tier_2_Regional,4,1.05,93.1,1.36,8424.75
SHP-12705,Chennai,Rotterdam,11523.0,24,LCL_Consolidated,Hazardous_Chemicals,4211.1,6.8,Tier_3_Spot,12,1.05,77.0,0.95,3124.43
SHP-12706,Santos,Rotterdam,10166.6,18,LCL_Consolidated,Textiles,3308.2,2.8,Tier_2_Regional,10,1.25,96.9,1.26,3492.21
SHP-12707,Shanghai,Rotterdam,19481.8,28,40ft_HighCube,Textiles,13072.8,47.7,Tier_1_Alliance,6,1.05,106.9,1.27,9427.12
SHP-12708,Santos,Rotterdam,10267.7,18,40ft_Standard,General_Dry,16948.3,45.9,Tier_3_Spot,6,1.05,91.8,0.93,4419.09
SHP-12709,Shanghai,Los Angeles,10477.3,16,40ft_HighCube,Electronics,16674.0,59.8,Tier_3_Spot,9,1.25,81.6,1.28,9323.22
SHP-12710,Chennai,Rotterdam,11489.2,25,20ft_Standard,Perishable_Reefer,4479.3,29.1,Tier_2_Regional,10,1.25,97.1,1.39,7983.29
SHP-12711,Singapore,Fremantle,3901.0,10,LCL_Consolidated,Hazardous_Chemicals,808.3,8.9,Tier_2_Regional,12,1.05,82.0,0.93,1953.45
SHP-12712,Singapore,Dubai,5920.8,10,40ft_HighCube,Electronics,11805.6,73.4,Tier_3_Spot,10,1.25,91.5,1.16,7813.41
SHP-12713,Santos,Rotterdam,10252.0,21,40ft_HighCube,Textiles,18565.6,58.6,Tier_3_Spot,7,1.05,84.6,1.3,6994.42
SHP-12714,Singapore,Fremantle,3979.6,10,20ft_Standard,Hazardous_Chemicals,8453.9,26.0,Tier_2_Regional,11,1.05,100.6,0.99,4007.85
SHP-12715,Singapore,Dubai,5844.5,12,LCL_Consolidated,Textiles,958.3,12.3,Tier_2_Regional,10,1.25,78.3,0.96,1857.31
SHP-12716,Chennai,Rotterdam,11566.0,23,20ft_Standard,Perishable_Reefer,20039.0,27.5,Tier_2_Regional,5,1.05,103.1,1.07,6071.02
SHP-12717,Shanghai,Rotterdam,19518.7,30,20ft_Standard,General_Dry,3859.3,17.2,Tier_3_Spot,6,1.05,95.2,1.13,4626.0
SHP-12718,Nhava Sheva,Dubai,2153.3,8,40ft_HighCube,Electronics,11291.6,72.7,Tier_3_Spot,5,1.05,97.0,1.14,5852.34
SHP-12719,Shanghai,Los Angeles,10470.5,15,LCL_Consolidated,Automotive,2305.8,3.2,Tier_2_Regional,6,1.05,81.7,1.4,3325.49
SHP-12720,Santos,Rotterdam,10197.6,17,LCL_Consolidated,Automotive,4439.9,6.5,Tier_2_Regional,4,1.05,94.3,1.05,2824.4
SHP-12721,Nhava Sheva,Dubai,2172.1,8,40ft_HighCube,Hazardous_Chemicals,19948.4,70.9,Tier_2_Regional,11,1.05,99.0,1.3,9541.18
SHP-12722,Shanghai,Rotterdam,19497.2,31,40ft_HighCube,Perishable_Reefer,26703.4,48.0,Tier_2_Regional,7,1.05,86.5,0.96,8926.12
SHP-12723,Tokyo,Los Angeles,8854.7,12,20ft_Standard,Electronics,6017.6,18.8,Tier_2_Regional,12,1.05,95.6,1.4,5086.31
SHP-12724,Singapore,Dubai,5888.8,11,20ft_Standard,Perishable_Reefer,7529.2,29.5,Tier_1_Alliance,8,1.25,94.8,0.93,5024.62
SHP-12725,Busan,Long Beach,9495.8,16,LCL_Consolidated,Textiles,1605.0,5.5,Tier_3_Spot,9,1.25,84.6,1.05,2486.37
SHP-12726,Shanghai,Rotterdam,19598.9,31,40ft_Standard,Perishable_Reefer,14711.5,59.5,Tier_2_Regional,1,0.9,76.4,0.89,6502.12
SHP-12727,Singapore,Fremantle,3964.9,7,20ft_Standard,General_Dry,9262.8,27.2,Tier_2_Regional,11,1.05,102.5,1.29,3731.78
SHP-12728,Chennai,Colombo,699.9,5,LCL_Consolidated,Automotive,1713.7,2.4,Tier_3_Spot,9,1.25,87.6,1.2,1388.64
SHP-12729,Tokyo,Los Angeles,8762.5,10,LCL_Consolidated,Textiles,994.3,11.6,Tier_1_Alliance,10,1.25,101.2,1.01,2982.08
SHP-12730,Tokyo,Los Angeles,8854.1,14,LCL_Consolidated,Perishable_Reefer,3545.9,6.2,Tier_2_Regional,4,1.05,100.5,1.14,3473.0
SHP-12731,Nhava Sheva,Dubai,2073.6,6,LCL_Consolidated,General_Dry,760.1,3.5,Tier_2_Regional,9,1.25,91.4,1.03,1490.25
SHP-12732,Nhava Sheva,New York,14293.4,26,40ft_HighCube,General_Dry,21017.7,47.3,Tier_1_Alliance,4,1.05,73.7,1.13,7436.8
SHP-12733,Singapore,Dubai,5833.0,11,40ft_Standard,Perishable_Reefer,23319.2,64.5,Tier_2_Regional,6,1.05,89.3,1.3,8884.71
SHP-12734,Singapore,Fremantle,3882.8,7,40ft_HighCube,Automotive,13528.3,68.8,Tier_1_Alliance,11,1.05,72.4,0.91,5365.72
SHP-12735,Chennai,Colombo,684.7,3,40ft_HighCube,Textiles,25182.7,62.4,Tier_2_Regional,3,1.05,86.0,0.89,4340.75
SHP-12736,Shanghai,Los Angeles,10594.9,15,40ft_Standard,Textiles,12271.1,58.3,Tier_2_Regional,10,1.25,106.1,1.26,8105.35
SHP-12737,Nhava Sheva,New York,14128.3,29,LCL_Consolidated,Perishable_Reefer,966.6,11.7,Tier_3_Spot,11,1.05,76.6,0.99,3367.43
SHP-12738,Shanghai,Los Angeles,10415.1,14,40ft_HighCube,Electronics,11487.0,48.4,Tier_2_Regional,8,1.25,100.4,1.18,8764.95
SHP-12739,Shanghai,Los Angeles,10568.6,17,40ft_HighCube,Perishable_Reefer,18127.1,53.2,Tier_2_Regional,11,1.05,81.8,1.37,10335.06
SHP-12740,Busan,Long Beach,9343.0,14,40ft_HighCube,Hazardous_Chemicals,26641.6,48.4,Tier_2_Regional,2,0.9,100.7,1.25,9027.87
SHP-12741,Santos,Rotterdam,10270.0,19,20ft_Standard,Electronics,19584.6,18.4,Tier_2_Regional,1,0.9,96.7,0.96,3599.87
SHP-12742,Nhava Sheva,Dubai,2110.5,8,20ft_Standard,Textiles,6895.0,30.1,Tier_3_Spot,12,1.05,87.4,1.04,2444.75
SHP-12743,Nhava Sheva,New York,14207.4,27,LCL_Consolidated,General_Dry,2219.0,3.6,Tier_2_Regional,1,0.9,106.1,1.02,2503.15
SHP-12744,Tokyo,Los Angeles,8748.8,11,40ft_HighCube,Hazardous_Chemicals,26189.2,48.5,Tier_1_Alliance,8,1.25,78.1,0.99,10268.46
SHP-12745,Hamburg,Singapore,15702.3,23,LCL_Consolidated,Perishable_Reefer,2609.2,7.8,Tier_2_Regional,12,1.05,92.6,1.42,5722.96
SHP-12746,Santos,Rotterdam,10233.0,20,20ft_Standard,Automotive,16958.6,21.8,Tier_1_Alliance,12,1.05,93.7,0.88,3979.29
SHP-12747,Hamburg,Singapore,15830.8,23,LCL_Consolidated,Electronics,2745.4,2.5,Tier_1_Alliance,9,1.25,90.8,1.16,5022.46
SHP-12748,Tokyo,Los Angeles,8709.9,12,20ft_Standard,Automotive,17650.6,19.0,Tier_2_Regional,4,1.05,103.9,1.24,4920.22
SHP-12749,Hamburg,Singapore,15869.0,25,LCL_Consolidated,Hazardous_Chemicals,2432.3,5.6,Tier_3_Spot,10,1.25,94.1,1.1,5300.47
SHP-12750,Shanghai,Rotterdam,19543.6,28,20ft_Standard,Perishable_Reefer,17329.5,25.2,Tier_2_Regional,10,1.25,97.9,1.29,10411.41
SHP-12751,Santos,Rotterdam,10103.1,19,40ft_Standard,Hazardous_Chemicals,25964.9,57.6,Tier_3_Spot,10,1.25,88.2,0.91,8283.12
SHP-12752,Tokyo,Los Angeles,8713.8,12,20ft_Standard,Electronics,20882.5,17.6,Tier_2_Regional,7,1.05,88.7,0.89,3614.17
SHP-12753,Singapore,Dubai,5835.0,11,40ft_Standard,General_Dry,12481.4,63.8,Tier_3_Spot,12,1.05,77.0,1.35,5790.87
SHP-12754,Shanghai,Los Angeles,10480.3,13,40ft_Standard,Electronics,15622.0,58.5,Tier_1_Alliance,1,0.9,91.8,1.16,6665.4
SHP-12755,Shanghai,Rotterdam,19558.5,31,20ft_Standard,Electronics,7174.3,28.9,Tier_3_Spot,6,1.05,91.6,1.29,6431.43
SHP-12756,Singapore,Dubai,5838.4,13,20ft_Standard,General_Dry,9517.6,19.3,Tier_2_Regional,6,1.05,102.6,1.14,3361.81
SHP-12757,Shanghai,Rotterdam,19583.7,30,40ft_Standard,Textiles,14212.9,35.8,Tier_3_Spot,3,1.05,98.4,1.04,5944.03
SHP-12758,Nhava Sheva,New York,14130.1,29,40ft_Standard,Electronics,18284.4,46.8,Tier_1_Alliance,11,1.05,93.0,1.14,8085.44
SHP-12759,Singapore,Fremantle,3802.4,8,40ft_HighCube,Automotive,11799.4,73.8,Tier_2_Regional,2,0.9,102.9,1.26,6051.37
SHP-12760,Nhava Sheva,Dubai,2006.5,7,LCL_Consolidated,General_Dry,1865.6,3.6,Tier_3_Spot,12,1.05,85.8,1.06,1159.16
SHP-12761,Hamburg,Singapore,15750.7,24,40ft_HighCube,Electronics,18067.9,62.3,Tier_1_Alliance,2,0.9,99.2,1.12,7904.04
SHP-12762,Hamburg,Singapore,15791.5,26,20ft_Standard,General_Dry,8036.7,20.6,Tier_2_Regional,11,1.05,102.3,1.38,5750.63
SHP-12763,Busan,Long Beach,9391.0,13,20ft_Standard,Textiles,16685.5,15.8,Tier_2_Regional,4,1.05,78.4,1.19,4051.77
SHP-12764,Hamburg,Singapore,15849.7,26,40ft_HighCube,Perishable_Reefer,27901.8,55.5,Tier_2_Regional,1,0.9,82.9,1.03,7907.16
SHP-12765,Tokyo,Los Angeles,8871.8,14,40ft_HighCube,Textiles,23056.5,51.7,Tier_2_Regional,2,0.9,91.5,1.42,6980.76
SHP-12766,Hamburg,Singapore,15703.9,25,40ft_HighCube,Electronics,10926.4,63.4,Tier_2_Regional,10,1.25,104.1,1.07,9266.34
SHP-12767,Singapore,Fremantle,3943.6,9,LCL_Consolidated,Perishable_Reefer,973.3,2.6,Tier_1_Alliance,10,1.25,89.0,1.05,2538.54
SHP-12768,Chennai,Colombo,622.4,4,LCL_Consolidated,Hazardous_Chemicals,1174.4,8.8,Tier_2_Regional,8,1.25,77.5,1.09,1792.14
SHP-12769,Singapore,Fremantle,3842.0,11,40ft_HighCube,Hazardous_Chemicals,10445.1,51.3,Tier_3_Spot,1,0.9,93.9,1.02,5383.33
SHP-12770,Santos,Rotterdam,10176.0,19,LCL_Consolidated,General_Dry,2205.3,9.1,Tier_2_Regional,10,1.25,78.6,1.35,3521.29
SHP-12771,Santos,Rotterdam,10243.6,20,20ft_Standard,Electronics,5379.9,22.4,Tier_3_Spot,9,1.25,89.1,1.22,5101.43
SHP-12772,Chennai,Colombo,726.6,5,LCL_Consolidated,Automotive,2607.7,11.1,Tier_2_Regional,4,1.05,92.5,1.36,1791.89
SHP-12773,Hamburg,Singapore,15728.9,24,LCL_Consolidated,Perishable_Reefer,1326.8,10.9,Tier_3_Spot,8,1.25,74.5,1.3,5519.18
SHP-12774,Chennai,Rotterdam,11589.3,22,40ft_HighCube,General_Dry,19970.2,58.0,Tier_1_Alliance,3,1.05,95.8,0.9,5900.46
SHP-12775,Tokyo,Los Angeles,8893.4,11,40ft_HighCube,Electronics,14172.9,66.2,Tier_1_Alliance,4,1.05,73.9,0.96,6545.21
SHP-12776,Singapore,Fremantle,3917.9,8,40ft_HighCube,Hazardous_Chemicals,10406.0,57.4,Tier_2_Regional,12,1.05,104.0,1.33,9131.1
SHP-12777,Hamburg,Singapore,15813.2,25,40ft_Standard,Textiles,15178.9,46.0,Tier_1_Alliance,3,1.05,78.9,1.12,7026.86
SHP-12778,Hamburg,Singapore,15764.6,24,40ft_HighCube,General_Dry,19105.3,52.5,Tier_1_Alliance,12,1.05,102.0,0.9,6353.23
SHP-12779,Hamburg,Singapore,15872.3,25,40ft_HighCube,Automotive,16054.0,61.5,Tier_3_Spot,6,1.05,80.8,0.94,6129.56
SHP-12780,Singapore,Fremantle,3926.4,11,20ft_Standard,Hazardous_Chemicals,9518.0,32.3,Tier_1_Alliance,3,1.05,91.1,0.88,4041.25
SHP-12781,Nhava Sheva,Dubai,2194.9,7,40ft_HighCube,Electronics,15994.4,45.9,Tier_2_Regional,9,1.25,102.9,1.39,8546.54
SHP-12782,Tokyo,Los Angeles,8806.0,13,LCL_Consolidated,General_Dry,1311.9,4.7,Tier_3_Spot,10,1.25,106.2,0.97,2283.65
SHP-12783,Nhava Sheva,Dubai,2177.5,7,20ft_Standard,General_Dry,20439.1,31.3,Tier_3_Spot,9,1.25,86.4,1.1,3594.83
SHP-12784,Nhava Sheva,Dubai,2190.3,8,40ft_Standard,Automotive,18185.5,59.9,Tier_2_Regional,3,1.05,105.1,1.16,5722.57
SHP-12785,Nhava Sheva,Dubai,2165.3,4,40ft_HighCube,Electronics,20212.9,69.7,Tier_2_Regional,3,1.05,92.7,0.94,5395.82
SHP-12786,Santos,Rotterdam,10215.5,19,40ft_HighCube,General_Dry,10150.2,51.0,Tier_2_Regional,3,1.05,91.5,1.15,6038.9
SHP-12787,Chennai,Colombo,550.9,4,20ft_Standard,Textiles,6218.4,23.8,Tier_1_Alliance,6,1.05,96.7,0.96,2316.52
SHP-12788,Chennai,Rotterdam,11429.4,22,20ft_Standard,General_Dry,18974.0,21.5,Tier_3_Spot,6,1.05,106.1,0.92,3471.6
SHP-12789,Singapore,Dubai,5906.0,13,40ft_Standard,Textiles,9226.7,62.8,Tier_3_Spot,5,1.05,86.6,0.95,4129.59
SHP-12790,Chennai,Colombo,613.9,2,20ft_Standard,Hazardous_Chemicals,10303.6,27.2,Tier_1_Alliance,8,1.25,81.1,0.97,4240.43
SHP-12791,Chennai,Rotterdam,11446.0,24,20ft_Standard,Perishable_Reefer,19353.9,21.1,Tier_3_Spot,12,1.05,91.5,1.39,6889.18
SHP-12792,Nhava Sheva,Dubai,2040.3,8,40ft_HighCube,Automotive,12551.7,52.4,Tier_2_Regional,9,1.25,79.8,1.17,6540.28
SHP-12793,Santos,Rotterdam,10102.1,17,20ft_Standard,Hazardous_Chemicals,11017.8,25.7,Tier_2_Regional,4,1.05,76.8,1.14,5602.46
SHP-12794,Singapore,Dubai,5948.3,13,40ft_HighCube,Automotive,11795.0,64.7,Tier_3_Spot,1,0.9,75.4,0.9,3922.13
SHP-12795,Nhava Sheva,New York,14213.1,28,LCL_Consolidated,Textiles,624.7,3.5,Tier_1_Alliance,2,0.9,92.6,0.9,2267.0
SHP-12796,Tokyo,Los Angeles,8730.9,12,40ft_Standard,Electronics,20690.6,66.0,Tier_1_Alliance,8,1.25,102.3,1.33,11041.39
SHP-12797,Singapore,Fremantle,3929.5,8,LCL_Consolidated,Automotive,2774.8,9.1,Tier_2_Regional,2,0.9,84.4,1.4,1896.25
SHP-12798,Santos,Rotterdam,10281.7,19,20ft_Standard,General_Dry,18161.7,29.4,Tier_2_Regional,11,1.05,88.0,1.03,3960.81
SHP-12799,Shanghai,Los Angeles,10594.7,16,40ft_HighCube,Perishable_Reefer,22527.8,48.4,Tier_2_Regional,5,1.05,104.9,1.04,8217.02
SHP-12800,Chennai,Colombo,715.3,6,LCL_Consolidated,Electronics,1086.3,9.2,Tier_2_Regional,9,1.25,105.3,1.01,1701.15
SHP-12801,Nhava Sheva,New York,14135.6,29,LCL_Consolidated,Textiles,1560.4,13.1,Tier_2_Regional,7,1.05,97.5,1.13,3466.03
SHP-12802,Shanghai,Los Angeles,10576.4,15,40ft_HighCube,Electronics,15502.9,64.5,Tier_3_Spot,6,1.05,103.0,1.22,7745.84
SHP-12803,Chennai,Colombo,653.8,3,LCL_Consolidated,Hazardous_Chemicals,996.4,12.8,Tier_2_Regional,12,1.05,102.7,1.0,1778.91
SHP-12804,Tokyo,Los Angeles,8873.3,10,40ft_Standard,Automotive,8843.8,60.8,Tier_3_Spot,5,1.05,105.4,1.23,6360.17
SHP-12805,Santos,Rotterdam,10159.4,19,LCL_Consolidated,Automotive,4824.5,9.5,Tier_2_Regional,12,1.05,73.8,1.04,2499.97
SHP-12806,Singapore,Fremantle,3813.2,9,LCL_Consolidated,Electronics,2368.4,5.5,Tier_2_Regional,3,1.05,86.6,1.26,2053.65
SHP-12807,Busan,Long Beach,9466.7,13,40ft_HighCube,Hazardous_Chemicals,12768.2,46.0,Tier_3_Spot,7,1.05,100.1,1.0,7130.15
SHP-12808,Singapore,Fremantle,3952.1,9,20ft_Standard,General_Dry,8977.6,23.4,Tier_3_Spot,2,0.9,106.0,0.94,2154.87
SHP-12809,Chennai,Colombo,586.9,3,LCL_Consolidated,Hazardous_Chemicals,1663.8,13.5,Tier_1_Alliance,6,1.05,87.2,1.4,2549.43
SHP-12810,Chennai,Rotterdam,11575.8,21,40ft_HighCube,Electronics,24349.3,51.7,Tier_3_Spot,6,1.05,94.0,1.41,9121.42
SHP-12811,Singapore,Dubai,5889.7,11,40ft_Standard,Electronics,17696.7,42.8,Tier_3_Spot,11,1.05,99.4,1.21,5947.18
SHP-12812,Santos,Rotterdam,10183.1,20,LCL_Consolidated,General_Dry,1621.4,9.1,Tier_2_Regional,3,1.05,78.0,1.3,2902.49
SHP-12813,Shanghai,Los Angeles,10548.4,16,40ft_Standard,Perishable_Reefer,8190.8,58.0,Tier_2_Regional,3,1.05,93.8,0.89,6042.8
SHP-12814,Chennai,Rotterdam,11540.6,21,LCL_Consolidated,Hazardous_Chemicals,2329.6,12.4,Tier_2_Regional,11,1.05,83.2,0.96,3522.12
SHP-12815,Tokyo,Los Angeles,8797.8,12,40ft_HighCube,Hazardous_Chemicals,26890.1,67.1,Tier_3_Spot,5,1.05,78.3,1.01,8137.35
SHP-12816,Hamburg,Singapore,15823.8,27,40ft_Standard,Textiles,21498.7,58.5,Tier_3_Spot,8,1.25,106.2,1.32,9485.59
SHP-12817,Singapore,Dubai,5989.2,10,40ft_Standard,Hazardous_Chemicals,20310.4,47.8,Tier_1_Alliance,1,0.9,82.0,1.34,8500.38
SHP-12818,Busan,Long Beach,9455.6,16,40ft_Standard,Textiles,11141.3,50.0,Tier_2_Regional,12,1.05,80.0,1.13,5484.88
SHP-12819,Nhava Sheva,Dubai,2165.4,8,20ft_Standard,Electronics,3354.5,23.7,Tier_1_Alliance,5,1.05,84.3,1.22,3293.79
SHP-12820,Santos,Rotterdam,10141.6,18,40ft_Standard,Perishable_Reefer,9826.5,40.7,Tier_2_Regional,5,1.05,99.3,1.38,8888.04
SHP-12821,Chennai,Rotterdam,11526.7,25,40ft_HighCube,Electronics,24740.8,49.9,Tier_3_Spot,4,1.05,80.3,0.9,5721.4
SHP-12822,Nhava Sheva,New York,14180.0,26,40ft_Standard,Electronics,9725.1,35.9,Tier_2_Regional,12,1.05,75.2,1.39,7946.56
SHP-12823,Shanghai,Rotterdam,19506.9,30,20ft_Standard,Automotive,14412.9,27.6,Tier_2_Regional,5,1.05,77.5,1.36,7026.03
SHP-12824,Santos,Rotterdam,10235.0,19,LCL_Consolidated,Hazardous_Chemicals,854.1,9.4,Tier_1_Alliance,6,1.05,101.3,1.34,5052.61
SHP-12825,Shanghai,Los Angeles,10464.1,17,20ft_Standard,Perishable_Reefer,4356.6,16.6,Tier_3_Spot,4,1.05,101.6,1.28,5378.73
SHP-12826,Shanghai,Rotterdam,19580.7,29,40ft_Standard,Textiles,13581.1,65.8,Tier_3_Spot,2,0.9,94.2,1.35,7255.35
SHP-12827,Nhava Sheva,New York,14166.6,28,40ft_HighCube,Hazardous_Chemicals,27089.1,72.7,Tier_2_Regional,7,1.05,87.6,1.0,9780.05
SHP-12828,Tokyo,Los Angeles,8826.4,11,40ft_HighCube,Perishable_Reefer,10314.1,69.3,Tier_1_Alliance,2,0.9,98.8,0.95,6727.45
SHP-12829,Nhava Sheva,New York,14234.3,29,40ft_HighCube,Textiles,14274.0,49.1,Tier_2_Regional,1,0.9,88.5,1.39,7109.21
SHP-12830,Shanghai,Rotterdam,19408.3,28,20ft_Standard,Hazardous_Chemicals,13122.8,21.9,Tier_3_Spot,6,1.05,96.0,1.11,7081.78
SHP-12831,Chennai,Colombo,642.1,2,40ft_HighCube,Electronics,13883.9,74.9,Tier_3_Spot,1,0.9,104.9,1.15,5058.77
SHP-12832,Busan,Long Beach,9453.1,12,20ft_Standard,General_Dry,19496.3,28.8,Tier_1_Alliance,7,1.05,98.4,1.34,5808.33
SHP-12833,Busan,Long Beach,9343.3,13,LCL_Consolidated,Automotive,2753.8,3.2,Tier_3_Spot,10,1.25,79.5,1.03,2535.63
SHP-12834,Hamburg,Singapore,15831.3,26,40ft_Standard,Automotive,10049.9,65.9,Tier_3_Spot,8,1.25,97.5,1.28,9335.36
SHP-12835,Nhava Sheva,New York,14205.5,27,LCL_Consolidated,Automotive,4968.6,9.5,Tier_1_Alliance,11,1.05,93.3,1.06,3752.51
SHP-12836,Hamburg,Singapore,15851.7,27,40ft_Standard,Perishable_Reefer,11169.7,36.1,Tier_2_Regional,8,1.25,106.2,1.27,11323.34
SHP-12837,Shanghai,Los Angeles,10564.8,17,20ft_Standard,Textiles,19985.5,20.2,Tier_3_Spot,3,1.05,94.8,1.13,4239.73
SHP-12838,Shanghai,Rotterdam,19484.0,27,LCL_Consolidated,Automotive,3772.2,10.5,Tier_1_Alliance,1,0.9,106.5,1.0,3917.03
SHP-12839,Hamburg,Singapore,15820.7,27,40ft_HighCube,General_Dry,14595.5,75.3,Tier_3_Spot,10,1.25,91.8,1.1,8088.54
SHP-12840,Nhava Sheva,New York,14152.0,28,40ft_HighCube,Automotive,26988.7,56.7,Tier_1_Alliance,9,1.25,98.0,1.12,10578.43
SHP-12841,Nhava Sheva,New York,14273.7,27,LCL_Consolidated,General_Dry,2412.4,6.3,Tier_1_Alliance,1,0.9,84.6,1.21,3029.55
SHP-12842,Shanghai,Rotterdam,19564.2,28,40ft_HighCube,Electronics,19068.1,73.4,Tier_1_Alliance,11,1.05,87.8,1.2,10923.21
SHP-12843,Shanghai,Los Angeles,10403.3,13,40ft_Standard,Hazardous_Chemicals,23028.1,46.1,Tier_3_Spot,6,1.05,99.3,1.0,7277.0
SHP-12844,Chennai,Colombo,690.7,5,40ft_Standard,General_Dry,11601.1,47.1,Tier_3_Spot,12,1.05,92.1,0.94,3301.22
SHP-12845,Shanghai,Los Angeles,10567.9,13,40ft_HighCube,Hazardous_Chemicals,18648.8,49.8,Tier_3_Spot,2,0.9,77.2,1.24,7882.38
SHP-12846,Shanghai,Los Angeles,10590.8,15,40ft_HighCube,Hazardous_Chemicals,21847.3,75.9,Tier_1_Alliance,5,1.05,93.2,0.9,8925.17
SHP-12847,Busan,Long Beach,9444.0,16,40ft_Standard,Automotive,15226.3,49.7,Tier_2_Regional,9,1.25,90.4,0.95,6149.87
SHP-12848,Hamburg,Singapore,15719.5,24,20ft_Standard,Electronics,7477.2,19.0,Tier_2_Regional,11,1.05,74.1,0.9,3938.86
SHP-12849,Nhava Sheva,New York,14158.2,27,40ft_Standard,Automotive,19132.3,42.2,Tier_2_Regional,1,0.9,89.7,1.41,7357.72
SHP-12850,Singapore,Dubai,5821.3,13,LCL_Consolidated,Hazardous_Chemicals,2359.9,6.6,Tier_2_Regional,9,1.25,94.3,1.25,3766.28
SHP-12851,Shanghai,Rotterdam,19420.0,31,LCL_Consolidated,Electronics,2015.7,7.4,Tier_1_Alliance,6,1.05,94.7,0.91,4006.64
SHP-12852,Shanghai,Los Angeles,10425.5,13,40ft_Standard,Electronics,8701.2,47.2,Tier_2_Regional,8,1.25,88.3,1.34,8749.57
SHP-12853,Nhava Sheva,New York,14136.9,25,40ft_HighCube,Automotive,23258.4,70.6,Tier_3_Spot,2,0.9,105.2,1.34,7980.36
SHP-12854,Shanghai,Los Angeles,10554.4,17,20ft_Standard,Hazardous_Chemicals,10430.7,22.8,Tier_1_Alliance,12,1.05,91.5,0.94,5347.27
SHP-12855,Shanghai,Los Angeles,10443.5,14,LCL_Consolidated,Automotive,1822.6,5.3,Tier_3_Spot,11,1.05,94.1,1.2,2804.29
SHP-12856,Hamburg,Singapore,15859.9,26,20ft_Standard,Hazardous_Chemicals,11525.4,26.0,Tier_1_Alliance,9,1.25,101.2,1.34,11089.18
SHP-12857,Singapore,Dubai,5860.5,10,20ft_Standard,Electronics,17386.4,19.7,Tier_1_Alliance,9,1.25,77.4,1.17,5309.53
SHP-12858,Hamburg,Singapore,15738.3,23,40ft_Standard,Perishable_Reefer,16316.4,44.6,Tier_1_Alliance,1,0.9,80.1,0.92,6630.57
SHP-12859,Nhava Sheva,New York,14282.7,25,40ft_Standard,Perishable_Reefer,14851.7,53.8,Tier_3_Spot,2,0.9,105.1,1.31,8209.33
SHP-12860,Singapore,Fremantle,3952.4,11,LCL_Consolidated,General_Dry,883.7,5.2,Tier_2_Regional,2,0.9,103.4,1.19,1531.66
SHP-12861,Busan,Long Beach,9324.8,12,40ft_Standard,Textiles,23246.0,47.1,Tier_2_Regional,11,1.05,96.4,0.96,5165.48
SHP-12862,Singapore,Dubai,5945.3,12,40ft_Standard,Hazardous_Chemicals,25438.8,42.1,Tier_1_Alliance,2,0.9,82.1,0.99,6318.04
SHP-12863,Nhava Sheva,New York,14203.1,25,20ft_Standard,Hazardous_Chemicals,20078.0,21.2,Tier_1_Alliance,2,0.9,97.1,1.0,5975.79
SHP-12864,Shanghai,Rotterdam,19527.2,30,20ft_Standard,Hazardous_Chemicals,11107.8,24.0,Tier_2_Regional,7,1.05,72.0,1.28,8386.85
SHP-12865,Chennai,Rotterdam,11561.3,24,LCL_Consolidated,General_Dry,3472.6,8.0,Tier_2_Regional,9,1.25,79.7,0.89,2533.05
SHP-12866,Nhava Sheva,New York,14152.5,27,LCL_Consolidated,Hazardous_Chemicals,2632.1,13.4,Tier_2_Regional,3,1.05,88.5,1.24,5120.63
SHP-12867,Chennai,Colombo,669.9,2,LCL_Consolidated,Textiles,622.9,4.6,Tier_2_Regional,8,1.25,81.6,1.21,1295.39
SHP-12868,Singapore,Fremantle,3922.7,11,LCL_Consolidated,General_Dry,4741.6,5.0,Tier_3_Spot,2,0.9,97.5,1.09,1431.79
SHP-12869,Singapore,Fremantle,3857.8,8,LCL_Consolidated,Hazardous_Chemicals,519.4,6.6,Tier_1_Alliance,4,1.05,78.0,1.29,2745.64
SHP-12870,Chennai,Colombo,620.1,2,20ft_Standard,Hazardous_Chemicals,19658.3,22.1,Tier_2_Regional,2,0.9,96.7,0.9,2950.01
SHP-12871,Chennai,Rotterdam,11599.3,25,LCL_Consolidated,Textiles,1829.0,11.4,Tier_2_Regional,3,1.05,83.6,1.09,2740.56
SHP-12872,Hamburg,Singapore,15886.2,23,20ft_Standard,Hazardous_Chemicals,8230.7,24.4,Tier_2_Regional,8,1.25,93.6,1.35,9578.98
SHP-12873,Hamburg,Singapore,15855.0,27,40ft_HighCube,Automotive,19301.8,59.5,Tier_2_Regional,11,1.05,80.9,1.32,9224.55
SHP-12874,Chennai,Rotterdam,11597.6,24,LCL_Consolidated,General_Dry,2500.3,13.4,Tier_1_Alliance,4,1.05,95.5,1.05,3019.54
SHP-12875,Singapore,Dubai,5919.1,10,20ft_Standard,Perishable_Reefer,4858.7,31.8,Tier_3_Spot,2,0.9,87.9,1.19,3689.33
SHP-12876,Hamburg,Singapore,15866.4,23,40ft_HighCube,Automotive,13064.0,47.9,Tier_1_Alliance,5,1.05,82.6,1.39,9979.9
SHP-12877,Shanghai,Rotterdam,19466.8,31,LCL_Consolidated,Perishable_Reefer,1523.5,4.8,Tier_2_Regional,11,1.05,90.7,1.24,5571.13
SHP-12878,Busan,Long Beach,9381.4,14,40ft_HighCube,Electronics,20215.8,48.4,Tier_1_Alliance,11,1.05,73.0,0.99,6700.31
SHP-12879,Nhava Sheva,Dubai,2072.0,4,20ft_Standard,Hazardous_Chemicals,15505.2,25.5,Tier_3_Spot,3,1.05,85.9,1.1,3976.36
SHP-12880,Shanghai,Rotterdam,19442.9,30,20ft_Standard,Textiles,11597.2,30.0,Tier_3_Spot,4,1.05,75.7,1.13,4939.58
SHP-12881,Singapore,Fremantle,3973.8,10,40ft_Standard,Hazardous_Chemicals,16915.6,58.1,Tier_3_Spot,4,1.05,100.5,1.32,8177.52
SHP-12882,Shanghai,Rotterdam,19569.2,30,40ft_HighCube,Textiles,25040.7,49.8,Tier_1_Alliance,8,1.25,95.7,1.09,10162.19
SHP-12883,Chennai,Colombo,682.8,4,20ft_Standard,Electronics,13377.1,29.2,Tier_2_Regional,8,1.25,105.0,1.09,3972.95
SHP-12884,Chennai,Rotterdam,11486.1,23,40ft_HighCube,Automotive,11822.8,72.1,Tier_3_Spot,6,1.05,88.7,0.95,5628.38
SHP-12885,Busan,Long Beach,9324.3,13,40ft_HighCube,General_Dry,22554.7,63.2,Tier_2_Regional,10,1.25,78.8,1.35,9190.43
SHP-12886,Singapore,Dubai,5878.6,12,40ft_Standard,Automotive,20491.3,49.3,Tier_3_Spot,2,0.9,105.8,1.24,5301.29
SHP-12887,Santos,Rotterdam,10229.2,19,LCL_Consolidated,General_Dry,3196.8,4.8,Tier_1_Alliance,11,1.05,76.8,1.26,3040.83
SHP-12888,Nhava Sheva,New York,14244.9,28,LCL_Consolidated,Textiles,4842.0,6.3,Tier_3_Spot,3,1.05,93.8,1.34,3673.48
SHP-12889,Chennai,Rotterdam,11465.9,25,40ft_Standard,Perishable_Reefer,8127.6,56.3,Tier_1_Alliance,2,0.9,96.0,1.28,8407.67
SHP-12890,Nhava Sheva,New York,14263.6,28,20ft_Standard,Perishable_Reefer,18229.6,23.3,Tier_1_Alliance,9,1.25,81.3,1.02,7562.34
SHP-12891,Busan,Long Beach,9424.7,16,20ft_Standard,Electronics,18397.5,15.0,Tier_1_Alliance,11,1.05,98.6,1.16,5181.17
SHP-12892,Santos,Rotterdam,10252.8,21,40ft_HighCube,Textiles,24979.7,64.4,Tier_2_Regional,11,1.05,96.7,1.36,8513.55
SHP-12893,Busan,Long Beach,9464.0,15,LCL_Consolidated,Electronics,3532.3,4.6,Tier_1_Alliance,1,0.9,81.5,1.02,2335.79
SHP-12894,Nhava Sheva,New York,14198.8,28,40ft_Standard,Textiles,23409.4,65.0,Tier_2_Regional,6,1.05,98.1,0.92,5848.14
SHP-12895,Shanghai,Los Angeles,10425.3,13,40ft_Standard,Electronics,15391.9,59.0,Tier_1_Alliance,9,1.25,98.2,1.09,8962.42
SHP-12896,Singapore,Dubai,5824.3,12,20ft_Standard,Textiles,14292.8,27.9,Tier_3_Spot,1,0.9,77.6,1.1,2661.98
SHP-12897,Nhava Sheva,New York,14238.1,28,40ft_Standard,Perishable_Reefer,11406.9,64.2,Tier_3_Spot,10,1.25,93.3,1.1,9575.75
SHP-12898,Chennai,Colombo,636.9,2,40ft_Standard,Electronics,22067.9,56.3,Tier_1_Alliance,12,1.05,92.6,1.0,5405.3
SHP-12899,Shanghai,Los Angeles,10595.5,14,40ft_Standard,Textiles,22490.8,64.2,Tier_2_Regional,3,1.05,85.7,1.21,6930.72
SHP-12900,Chennai,Colombo,666.6,6,40ft_HighCube,Electronics,15634.4,73.1,Tier_1_Alliance,7,1.05,99.4,1.02,6174.26
SHP-12901,Santos,Rotterdam,10204.0,18,LCL_Consolidated,Textiles,2939.6,8.1,Tier_3_Spot,2,0.9,74.7,1.3,2300.72
SHP-12902,Nhava Sheva,Dubai,2044.2,7,40ft_HighCube,General_Dry,22735.6,45.8,Tier_3_Spot,9,1.25,90.0,0.93,4770.77
SHP-12903,Shanghai,Rotterdam,19463.5,29,20ft_Standard,Textiles,15574.8,18.0,Tier_2_Regional,8,1.25,91.1,1.38,7919.34
SHP-12904,Chennai,Rotterdam,11434.3,23,20ft_Standard,Textiles,3284.6,28.1,Tier_1_Alliance,7,1.05,106.3,1.13,4509.1
SHP-12905,Nhava Sheva,New York,14182.5,28,LCL_Consolidated,Textiles,1473.6,4.3,Tier_1_Alliance,9,1.25,82.7,1.17,4123.56
SHP-12906,Chennai,Rotterdam,11435.0,23,40ft_HighCube,Textiles,20609.9,74.5,Tier_3_Spot,8,1.25,99.7,1.27,9123.44
SHP-12907,Singapore,Fremantle,3839.1,9,LCL_Consolidated,Automotive,3936.4,2.8,Tier_2_Regional,11,1.05,101.4,1.02,1699.35
SHP-12908,Chennai,Colombo,603.9,2,20ft_Standard,General_Dry,15157.4,32.8,Tier_2_Regional,8,1.25,72.4,1.26,3704.79
SHP-12909,Hamburg,Singapore,15729.7,25,LCL_Consolidated,Textiles,4382.8,3.2,Tier_2_Regional,3,1.05,85.1,1.18,3558.8
SHP-12910,Busan,Long Beach,9470.0,13,40ft_Standard,General_Dry,17774.7,46.6,Tier_1_Alliance,4,1.05,73.2,1.39,7422.07
SHP-12911,Busan,Long Beach,9329.2,13,40ft_HighCube,Textiles,12507.7,59.5,Tier_3_Spot,3,1.05,100.8,0.9,4750.95
SHP-12912,Chennai,Colombo,686.6,6,40ft_Standard,General_Dry,19460.2,42.3,Tier_1_Alliance,7,1.05,107.3,1.29,5734.81
SHP-12913,Singapore,Dubai,5909.0,10,40ft_Standard,General_Dry,10407.2,37.0,Tier_2_Regional,8,1.25,102.4,1.18,5983.24
SHP-12914,Shanghai,Los Angeles,10509.0,15,20ft_Standard,Perishable_Reefer,15896.5,23.8,Tier_3_Spot,12,1.05,87.5,1.36,6406.82
SHP-12915,Santos,Rotterdam,10179.1,17,40ft_Standard,Automotive,21151.9,46.3,Tier_3_Spot,2,0.9,96.6,0.89,4234.75
SHP-12916,Shanghai,Rotterdam,19577.0,27,20ft_Standard,Automotive,15395.4,28.8,Tier_2_Regional,12,1.05,76.6,1.11,5850.99
SHP-12917,Shanghai,Los Angeles,10441.6,13,20ft_Standard,Electronics,3193.2,23.1,Tier_2_Regional,3,1.05,80.7,0.9,3301.91
SHP-12918,Busan,Long Beach,9430.8,13,20ft_Standard,Textiles,15054.0,27.3,Tier_1_Alliance,11,1.05,81.9,1.42,5672.58
SHP-12919,Shanghai,Rotterdam,19561.4,31,20ft_Standard,Perishable_Reefer,5547.8,32.2,Tier_3_Spot,1,0.9,103.1,0.94,4894.69
SHP-12920,Hamburg,Singapore,15841.9,24,20ft_Standard,Perishable_Reefer,14019.9,30.1,Tier_2_Regional,8,1.25,98.2,1.04,7487.63
SHP-12921,Nhava Sheva,Dubai,2041.3,4,40ft_HighCube,Hazardous_Chemicals,26377.9,47.0,Tier_2_Regional,1,0.9,86.0,1.12,6622.48
SHP-12922,Singapore,Dubai,5916.1,9,20ft_Standard,Textiles,8173.1,29.2,Tier_3_Spot,6,1.05,91.9,0.93,2655.7
SHP-12923,Busan,Long Beach,9431.2,15,LCL_Consolidated,Hazardous_Chemicals,3110.5,7.0,Tier_1_Alliance,12,1.05,78.1,0.88,2941.2
SHP-12924,Shanghai,Los Angeles,10459.1,13,40ft_HighCube,General_Dry,24726.1,65.3,Tier_2_Regional,7,1.05,94.1,1.41,8637.51
SHP-12925,Hamburg,Singapore,15719.7,24,20ft_Standard,Hazardous_Chemicals,15750.3,21.7,Tier_1_Alliance,12,1.05,80.8,0.97,6582.81
SHP-12926,Santos,Rotterdam,10258.6,21,20ft_Standard,Hazardous_Chemicals,18074.2,18.5,Tier_3_Spot,8,1.25,95.3,1.22,7341.31
SHP-12927,Nhava Sheva,Dubai,2070.0,6,20ft_Standard,Textiles,8509.1,32.9,Tier_3_Spot,3,1.05,105.8,1.28,3342.93
SHP-12928,Santos,Rotterdam,10139.7,19,20ft_Standard,General_Dry,5084.6,20.9,Tier_1_Alliance,3,1.05,101.4,1.05,3927.0
SHP-12929,Santos,Rotterdam,10187.1,18,LCL_Consolidated,Perishable_Reefer,2944.8,8.5,Tier_3_Spot,7,1.05,73.5,0.92,2572.92
SHP-12930,Chennai,Colombo,605.3,6,20ft_Standard,Electronics,7585.1,32.3,Tier_1_Alliance,9,1.25,104.1,1.15,4342.3
SHP-12931,Busan,Long Beach,9451.8,15,20ft_Standard,Automotive,4213.3,31.0,Tier_2_Regional,5,1.05,101.8,0.95,3538.73
SHP-12932,Singapore,Fremantle,3998.3,8,40ft_HighCube,Textiles,27273.2,68.8,Tier_2_Regional,11,1.05,98.3,1.2,6715.35
SHP-12933,Shanghai,Los Angeles,10409.0,15,LCL_Consolidated,Perishable_Reefer,2502.1,9.2,Tier_2_Regional,2,0.9,75.9,0.98,2554.5
SHP-12934,Chennai,Colombo,747.9,6,40ft_Standard,General_Dry,13498.1,45.6,Tier_3_Spot,7,1.05,107.0,1.12,4148.06
SHP-12935,Singapore,Dubai,5865.0,9,20ft_Standard,Perishable_Reefer,12890.9,32.6,Tier_1_Alliance,6,1.05,106.8,1.19,5996.04
SHP-12936,Chennai,Rotterdam,11559.6,21,40ft_HighCube,Textiles,13267.6,69.1,Tier_1_Alliance,4,1.05,85.6,1.16,7590.54
SHP-12937,Hamburg,Singapore,15712.2,27,40ft_Standard,Hazardous_Chemicals,15787.2,58.9,Tier_2_Regional,3,1.05,96.2,1.22,10587.01
SHP-12938,Tokyo,Los Angeles,8817.3,11,20ft_Standard,Textiles,8053.7,31.2,Tier_2_Regional,12,1.05,76.2,1.01,3270.84
SHP-12939,Singapore,Fremantle,3920.9,10,40ft_Standard,Perishable_Reefer,19401.2,64.7,Tier_1_Alliance,12,1.05,86.2,0.91,6324.32
SHP-12940,Nhava Sheva,Dubai,2042.2,7,40ft_HighCube,Electronics,16578.9,64.9,Tier_3_Spot,9,1.25,103.0,1.16,7292.64
SHP-12941,Tokyo,Los Angeles,8830.4,14,40ft_HighCube,Electronics,18413.4,66.6,Tier_3_Spot,1,0.9,97.6,1.36,7214.73
SHP-12942,Chennai,Rotterdam,11529.0,24,40ft_Standard,Perishable_Reefer,13122.2,53.6,Tier_3_Spot,10,1.25,102.6,1.39,11218.61
SHP-12943,Santos,Rotterdam,10264.8,19,40ft_HighCube,Perishable_Reefer,26211.8,65.4,Tier_3_Spot,5,1.05,82.0,1.34,10265.22
SHP-12944,Chennai,Rotterdam,11490.4,25,40ft_Standard,Textiles,10437.9,55.5,Tier_2_Regional,6,1.05,82.3,1.01,5259.31
SHP-12945,Chennai,Colombo,716.1,6,20ft_Standard,Textiles,3557.9,29.4,Tier_2_Regional,5,1.05,81.0,1.19,2487.9
SHP-12946,Tokyo,Los Angeles,8741.9,14,40ft_HighCube,Textiles,22791.5,62.6,Tier_3_Spot,1,0.9,88.6,1.21,5707.77
SHP-12947,Singapore,Fremantle,3993.2,9,40ft_HighCube,Perishable_Reefer,23613.9,73.6,Tier_3_Spot,8,1.25,83.9,1.24,9872.57
SHP-12948,Tokyo,Los Angeles,8714.4,13,40ft_HighCube,Electronics,22189.4,60.2,Tier_2_Regional,12,1.05,79.6,1.42,9127.21
SHP-12949,Santos,Rotterdam,10234.0,20,LCL_Consolidated,Perishable_Reefer,4460.7,10.2,Tier_1_Alliance,4,1.05,83.4,0.89,3036.26
SHP-12950,Santos,Rotterdam,10100.5,21,40ft_Standard,Perishable_Reefer,10821.0,41.1,Tier_3_Spot,12,1.05,97.6,1.05,6442.44
SHP-12951,Chennai,Rotterdam,11447.3,22,LCL_Consolidated,Automotive,3218.1,3.6,Tier_3_Spot,9,1.25,84.0,1.29,3738.24
SHP-12952,Busan,Long Beach,9337.5,12,40ft_Standard,Textiles,13671.1,40.1,Tier_2_Regional,4,1.05,83.3,1.24,5921.13
SHP-12953,Shanghai,Rotterdam,19561.8,29,LCL_Consolidated,Electronics,3174.1,2.6,Tier_2_Regional,3,1.05,106.9,1.01,4155.66
SHP-12954,Chennai,Colombo,647.5,4,LCL_Consolidated,Automotive,4488.0,9.0,Tier_2_Regional,12,1.05,84.8,1.08,1330.08
SHP-12955,Busan,Long Beach,9390.3,12,40ft_Standard,General_Dry,15399.3,50.0,Tier_1_Alliance,2,0.9,79.0,1.41,6579.26
SHP-12956,Singapore,Dubai,5987.4,11,40ft_HighCube,Perishable_Reefer,12000.8,50.0,Tier_2_Regional,9,1.25,92.3,1.38,10716.62
SHP-12957,Singapore,Fremantle,3818.6,8,LCL_Consolidated,Textiles,3901.2,2.2,Tier_3_Spot,7,1.05,83.7,1.12,1479.5
SHP-12958,Hamburg,Singapore,15720.7,24,40ft_Standard,Electronics,19683.9,56.0,Tier_3_Spot,11,1.05,73.0,1.09,6963.9
SHP-12959,Singapore,Dubai,5883.8,11,40ft_Standard,Textiles,24862.6,46.9,Tier_1_Alliance,6,1.05,101.2,1.06,5817.18
SHP-12960,Shanghai,Rotterdam,19410.2,30,40ft_Standard,Textiles,15716.7,51.0,Tier_2_Regional,8,1.25,99.7,1.21,9260.44
SHP-12961,Santos,Rotterdam,10162.3,18,40ft_Standard,Textiles,16786.9,62.5,Tier_1_Alliance,4,1.05,92.8,1.2,7224.89
SHP-12962,Singapore,Dubai,5935.7,12,20ft_Standard,General_Dry,6203.0,28.4,Tier_3_Spot,4,1.05,86.4,1.08,2875.62
SHP-12963,Santos,Rotterdam,10296.6,18,LCL_Consolidated,Automotive,1326.8,10.2,Tier_1_Alliance,3,1.05,74.2,1.12,2888.9
SHP-12964,Shanghai,Rotterdam,19535.3,30,20ft_Standard,Perishable_Reefer,3668.3,26.6,Tier_3_Spot,8,1.25,72.9,1.27,8288.18
SHP-12965,Shanghai,Rotterdam,19535.6,28,20ft_Standard,General_Dry,13512.3,18.8,Tier_1_Alliance,5,1.05,94.0,1.13,5830.16
SHP-12966,Singapore,Fremantle,3895.1,8,20ft_Standard,Perishable_Reefer,16106.1,24.9,Tier_1_Alliance,4,1.05,96.7,1.29,5756.15
SHP-12967,Nhava Sheva,Dubai,2117.6,4,40ft_Standard,Automotive,22097.5,54.5,Tier_2_Regional,2,0.9,72.1,1.06,4217.97
SHP-12968,Chennai,Rotterdam,11496.1,22,40ft_Standard,Perishable_Reefer,23586.1,63.7,Tier_1_Alliance,3,1.05,103.8,1.16,10110.4
SHP-12969,Santos,Rotterdam,10192.7,19,40ft_Standard,Perishable_Reefer,13680.0,54.9,Tier_1_Alliance,6,1.05,89.7,1.17,8890.44
SHP-12970,Chennai,Colombo,707.9,6,40ft_Standard,General_Dry,11483.3,40.1,Tier_2_Regional,11,1.05,90.7,1.25,4395.58
SHP-12971,Busan,Long Beach,9305.2,12,40ft_Standard,Perishable_Reefer,17961.3,63.8,Tier_3_Spot,5,1.05,87.0,1.11,7435.95
SHP-12972,Tokyo,Los Angeles,8815.9,11,40ft_HighCube,Perishable_Reefer,10236.5,62.6,Tier_2_Regional,12,1.05,101.6,1.23,8928.78
SHP-12973,Singapore,Dubai,5888.0,11,40ft_HighCube,Electronics,18298.6,59.0,Tier_2_Regional,8,1.25,97.0,1.13,8191.04
SHP-12974,Tokyo,Los Angeles,8881.2,12,20ft_Standard,Perishable_Reefer,17588.3,27.6,Tier_1_Alliance,5,1.05,87.0,1.14,6188.29
SHP-12975,Chennai,Colombo,705.1,2,LCL_Consolidated,General_Dry,4572.0,8.2,Tier_1_Alliance,10,1.25,88.3,1.38,2141.98
SHP-12976,Tokyo,Los Angeles,8761.3,13,20ft_Standard,Automotive,12227.7,32.8,Tier_1_Alliance,7,1.05,96.7,0.92,4069.68
SHP-12977,Santos,Rotterdam,10251.2,19,20ft_Standard,Perishable_Reefer,3023.6,18.5,Tier_1_Alliance,8,1.25,74.7,1.16,6112.64
SHP-12978,Hamburg,Singapore,15706.7,26,LCL_Consolidated,Automotive,547.6,4.4,Tier_3_Spot,12,1.05,102.2,1.23,3758.73
SHP-12979,Hamburg,Singapore,15761.1,26,40ft_HighCube,Textiles,12598.2,63.1,Tier_1_Alliance,4,1.05,104.3,1.36,9776.17
SHP-12980,Singapore,Dubai,5826.7,11,40ft_Standard,Hazardous_Chemicals,20342.1,37.7,Tier_3_Spot,7,1.05,100.5,0.93,5806.54
SHP-12981,Singapore,Fremantle,3817.1,11,40ft_HighCube,Automotive,19401.4,45.1,Tier_1_Alliance,12,1.05,76.3,0.88,4944.48
SHP-12982,Tokyo,Los Angeles,8855.9,13,LCL_Consolidated,General_Dry,1267.5,7.8,Tier_2_Regional,11,1.05,75.7,1.39,2743.54
SHP-12983,Chennai,Colombo,715.4,2,40ft_HighCube,Electronics,17643.7,62.0,Tier_1_Alliance,6,1.05,98.4,1.2,7071.64
SHP-12984,Chennai,Colombo,689.9,4,LCL_Consolidated,General_Dry,741.7,13.7,Tier_3_Spot,2,0.9,73.3,1.33,1008.35
SHP-12985,Chennai,Rotterdam,11410.2,24,20ft_Standard,General_Dry,12994.8,21.5,Tier_2_Regional,12,1.05,78.4,1.08,3827.28
SHP-12986,Shanghai,Los Angeles,10469.6,15,LCL_Consolidated,Electronics,3931.7,9.5,Tier_3_Spot,12,1.05,96.6,0.97,2571.42
SHP-12987,Nhava Sheva,New York,14102.4,26,LCL_Consolidated,Hazardous_Chemicals,4057.5,7.7,Tier_3_Spot,11,1.05,88.6,1.25,4785.22
SHP-12988,Santos,Rotterdam,10272.0,19,40ft_Standard,Automotive,13783.2,62.7,Tier_2_Regional,8,1.25,98.9,1.02,7082.72
SHP-12989,Shanghai,Los Angeles,10469.3,16,40ft_HighCube,Textiles,12983.7,53.7,Tier_3_Spot,7,1.05,82.2,1.07,5623.95
SHP-12990,Busan,Long Beach,9342.2,14,20ft_Standard,Textiles,4672.5,31.2,Tier_2_Regional,4,1.05,80.6,1.39,4642.93
SHP-12991,Singapore,Fremantle,3953.5,10,LCL_Consolidated,Perishable_Reefer,3080.4,11.4,Tier_3_Spot,10,1.25,88.1,1.17,2826.73
SHP-12992,Busan,Long Beach,9435.2,15,20ft_Standard,Automotive,9183.1,28.8,Tier_2_Regional,8,1.25,82.8,1.23,5441.06
SHP-12993,Shanghai,Rotterdam,19504.2,31,LCL_Consolidated,Automotive,854.8,5.3,Tier_3_Spot,10,1.25,73.3,0.91,3551.43
SHP-12994,Shanghai,Rotterdam,19500.7,28,40ft_HighCube,Textiles,22129.1,58.8,Tier_1_Alliance,5,1.05,83.9,1.19,9235.28
SHP-12995,Singapore,Fremantle,3911.6,8,40ft_Standard,Hazardous_Chemicals,21767.3,45.2,Tier_2_Regional,8,1.25,98.5,0.94,7327.15
SHP-12996,Nhava Sheva,New York,14118.1,25,40ft_HighCube,Textiles,27318.9,52.8,Tier_1_Alliance,11,1.05,87.3,1.16,8326.47
SHP-12997,Tokyo,Los Angeles,8833.7,12,40ft_Standard,Electronics,12369.7,61.5,Tier_1_Alliance,7,1.05,76.2,1.24,7628.33
SHP-12998,Chennai,Rotterdam,11563.7,24,40ft_Standard,Textiles,20477.2,62.2,Tier_2_Regional,1,0.9,103.6,0.9,4557.62
SHP-12999,Shanghai,Los Angeles,10429.6,16,40ft_HighCube,Electronics,21091.6,74.4,Tier_2_Regional,11,1.05,105.6,0.88,6325.96
SHP-13000,Shanghai,Rotterdam,19459.3,28,LCL_Consolidated,Automotive,3732.2,3.7,Tier_1_Alliance,2,0.9,102.7,1.31,4690.55
SHP-13001,Chennai,Colombo,744.3,4,40ft_HighCube,Perishable_Reefer,16958.7,54.1,Tier_2_Regional,10,1.25,80.9,1.13,7809.91
SHP-13002,Nhava Sheva,New York,14196.4,29,40ft_HighCube,Textiles,27760.0,72.3,Tier_2_Regional,2,0.9,81.4,0.92,5380.16
SHP-13003,Shanghai,Los Angeles,10499.8,17,20ft_Standard,Hazardous_Chemicals,17411.0,26.2,Tier_2_Regional,3,1.05,87.3,1.35,7513.11
SHP-13004,Hamburg,Singapore,15823.9,27,LCL_Consolidated,Automotive,2861.3,13.3,Tier_3_Spot,6,1.05,82.6,1.06,3342.51
SHP-13005,Singapore,Dubai,5976.7,11,20ft_Standard,Electronics,3076.9,31.5,Tier_2_Regional,3,1.05,98.0,1.19,3925.56
SHP-13006,Busan,Long Beach,9496.7,15,20ft_Standard,Textiles,20326.1,22.8,Tier_2_Regional,12,1.05,88.3,1.24,4729.97
SHP-13007,Nhava Sheva,New York,14297.6,29,40ft_Standard,Hazardous_Chemicals,24124.6,51.5,Tier_2_Regional,1,0.9,76.0,1.33,9520.68
SHP-13008,Tokyo,Los Angeles,8757.3,12,LCL_Consolidated,Automotive,2398.7,11.5,Tier_1_Alliance,6,1.05,86.7,1.38,3634.52
SHP-13009,Nhava Sheva,New York,14296.2,28,LCL_Consolidated,Electronics,1095.4,13.1,Tier_3_Spot,1,0.9,106.8,1.32,3626.02
SHP-13010,Chennai,Rotterdam,11531.4,23,40ft_HighCube,Automotive,25595.0,75.0,Tier_1_Alliance,2,0.9,85.6,0.95,6305.8
SHP-13011,Shanghai,Los Angeles,10489.9,15,40ft_Standard,Electronics,11837.2,49.1,Tier_1_Alliance,11,1.05,78.3,1.36,8443.49
SHP-13012,Santos,Rotterdam,10243.1,20,20ft_Standard,Automotive,14443.3,17.9,Tier_2_Regional,5,1.05,88.4,1.35,5158.22
SHP-13013,Hamburg,Singapore,15737.6,23,20ft_Standard,Electronics,4377.0,24.8,Tier_3_Spot,1,0.9,89.7,1.34,4856.27
SHP-13014,Tokyo,Los Angeles,8880.8,14,20ft_Standard,Perishable_Reefer,4396.3,27.5,Tier_2_Regional,5,1.05,84.5,1.35,5672.25
SHP-13015,Shanghai,Rotterdam,19502.7,30,40ft_Standard,Hazardous_Chemicals,13869.9,61.7,Tier_2_Regional,2,0.9,90.8,0.9,7197.49
SHP-13016,Santos,Rotterdam,10270.9,21,40ft_Standard,Hazardous_Chemicals,9368.5,40.5,Tier_1_Alliance,11,1.05,90.8,1.17,8715.66
SHP-13017,Hamburg,Singapore,15816.8,25,40ft_HighCube,Perishable_Reefer,26602.2,63.8,Tier_3_Spot,5,1.05,78.3,1.15,9617.15
SHP-13018,Shanghai,Los Angeles,10598.7,17,40ft_HighCube,Perishable_Reefer,15910.1,46.4,Tier_1_Alliance,2,0.9,96.1,1.33,9291.1
SHP-13019,Shanghai,Los Angeles,10562.9,17,LCL_Consolidated,General_Dry,3895.9,4.0,Tier_3_Spot,12,1.05,77.7,0.89,1866.01
SHP-13020,Hamburg,Singapore,15888.9,27,LCL_Consolidated,Hazardous_Chemicals,4044.4,13.2,Tier_1_Alliance,12,1.05,89.3,1.09,5518.77
SHP-13021,Hamburg,Singapore,15888.9,25,40ft_Standard,Perishable_Reefer,17525.3,58.6,Tier_1_Alliance,1,0.9,98.0,0.96,7428.59
SHP-13022,Tokyo,Los Angeles,8898.8,13,LCL_Consolidated,Automotive,4240.2,7.3,Tier_1_Alliance,2,0.9,106.4,0.88,2104.33
SHP-13023,Shanghai,Los Angeles,10533.2,14,40ft_Standard,Hazardous_Chemicals,19399.3,61.0,Tier_3_Spot,11,1.05,97.4,1.14,8633.59
SHP-13024,Shanghai,Rotterdam,19578.1,28,40ft_Standard,Textiles,23458.0,62.2,Tier_1_Alliance,8,1.25,90.0,1.27,11389.32
SHP-13025,Chennai,Rotterdam,11411.2,23,40ft_Standard,Hazardous_Chemicals,14416.2,53.7,Tier_3_Spot,4,1.05,74.2,0.95,6603.9
SHP-13026,Chennai,Colombo,594.1,3,40ft_Standard,Automotive,22684.7,60.9,Tier_2_Regional,1,0.9,83.2,0.97,3936.77
SHP-13027,Singapore,Dubai,5808.4,10,40ft_HighCube,Hazardous_Chemicals,15226.4,57.7,Tier_2_Regional,10,1.25,98.2,1.26,11118.18
SHP-13028,Nhava Sheva,Dubai,2196.2,7,LCL_Consolidated,Textiles,1819.3,3.2,Tier_1_Alliance,8,1.25,107.0,1.17,2071.77
SHP-13029,Nhava Sheva,New York,14171.9,29,LCL_Consolidated,Textiles,2298.8,9.7,Tier_2_Regional,4,1.05,91.0,1.33,3819.3
SHP-13030,Shanghai,Rotterdam,19476.0,27,40ft_HighCube,Hazardous_Chemicals,22081.7,72.8,Tier_3_Spot,12,1.05,96.2,1.15,11314.5
SHP-13031,Nhava Sheva,Dubai,2041.4,5,20ft_Standard,Textiles,8101.6,25.8,Tier_1_Alliance,6,1.05,91.2,1.38,3759.6
SHP-13032,Chennai,Colombo,555.8,5,40ft_Standard,Electronics,19069.3,65.1,Tier_3_Spot,10,1.25,102.3,1.25,7095.98
SHP-13033,Singapore,Dubai,5991.8,12,40ft_HighCube,General_Dry,17426.4,64.7,Tier_2_Regional,10,1.25,83.6,0.91,5595.9
SHP-13034,Shanghai,Los Angeles,10588.8,13,40ft_Standard,Electronics,17209.7,57.2,Tier_3_Spot,4,1.05,98.0,1.15,6697.75
SHP-13035,Nhava Sheva,New York,14273.4,28,40ft_Standard,Automotive,12459.5,48.6,Tier_1_Alliance,10,1.25,73.9,1.36,10434.06
SHP-13036,Tokyo,Los Angeles,8855.0,10,20ft_Standard,Automotive,3304.4,17.1,Tier_3_Spot,4,1.05,79.4,1.03,3011.97
SHP-13037,Nhava Sheva,Dubai,2065.2,7,20ft_Standard,Electronics,14806.9,23.8,Tier_3_Spot,9,1.25,99.6,0.92,3227.97
SHP-13038,Shanghai,Rotterdam,19585.2,29,LCL_Consolidated,Textiles,2156.4,10.4,Tier_3_Spot,10,1.25,96.0,1.04,4144.93
SHP-13039,Chennai,Colombo,618.1,4,40ft_HighCube,Hazardous_Chemicals,26038.6,55.1,Tier_1_Alliance,11,1.05,80.6,1.22,9051.08
SHP-13040,Shanghai,Los Angeles,10512.6,13,LCL_Consolidated,General_Dry,2812.8,12.5,Tier_2_Regional,5,1.05,104.3,1.18,3034.58
SHP-13041,Singapore,Fremantle,3869.0,8,40ft_HighCube,Electronics,25358.3,72.8,Tier_3_Spot,3,1.05,101.1,0.91,5442.4
SHP-13042,Chennai,Colombo,728.8,6,40ft_Standard,General_Dry,19702.0,38.1,Tier_2_Regional,2,0.9,94.0,1.26,4159.38
SHP-13043,Nhava Sheva,New York,14159.9,27,LCL_Consolidated,Hazardous_Chemicals,1831.3,3.8,Tier_3_Spot,4,1.05,73.5,1.32,4560.67
SHP-13044,Shanghai,Los Angeles,10494.7,16,40ft_HighCube,Perishable_Reefer,10463.0,67.7,Tier_1_Alliance,9,1.25,77.1,1.39,13594.36
SHP-13045,Nhava Sheva,Dubai,2164.5,6,40ft_Standard,Electronics,24869.5,60.1,Tier_3_Spot,12,1.05,107.7,1.35,6856.27
SHP-13046,Singapore,Dubai,5801.9,10,40ft_Standard,Perishable_Reefer,13212.1,61.7,Tier_1_Alliance,1,0.9,92.7,0.93,5620.41
SHP-13047,Busan,Long Beach,9317.7,16,20ft_Standard,Hazardous_Chemicals,17948.2,18.0,Tier_3_Spot,8,1.25,92.6,1.19,6854.19
SHP-13048,Chennai,Rotterdam,11541.5,23,LCL_Consolidated,Automotive,898.4,11.6,Tier_2_Regional,11,1.05,80.5,0.96,2534.22
SHP-13049,Singapore,Dubai,5881.3,9,20ft_Standard,General_Dry,17398.5,28.3,Tier_1_Alliance,12,1.05,107.2,1.02,3918.34
SHP-13050,Tokyo,Los Angeles,8842.0,13,20ft_Standard,Electronics,13814.9,27.3,Tier_1_Alliance,7,1.05,96.9,1.36,6084.34
SHP-13051,Hamburg,Singapore,15809.4,23,40ft_Standard,Perishable_Reefer,13226.4,39.1,Tier_1_Alliance,2,0.9,77.4,1.3,8884.47
SHP-13052,Singapore,Fremantle,3817.3,8,20ft_Standard,Electronics,4660.8,25.7,Tier_1_Alliance,5,1.05,92.2,0.97,3113.69
SHP-13053,Tokyo,Los Angeles,8890.2,10,20ft_Standard,Automotive,15193.7,20.4,Tier_2_Regional,6,1.05,77.7,0.94,3403.43
SHP-13054,Singapore,Fremantle,3821.5,11,20ft_Standard,Automotive,4261.9,18.9,Tier_1_Alliance,6,1.05,86.1,1.18,3441.28
SHP-13055,Busan,Long Beach,9341.4,15,40ft_Standard,Electronics,23858.0,55.0,Tier_2_Regional,8,1.25,73.9,1.04,7403.78
SHP-13056,Busan,Long Beach,9476.0,12,LCL_Consolidated,General_Dry,4362.2,4.6,Tier_1_Alliance,9,1.25,104.5,0.93,2820.04
SHP-13057,Nhava Sheva,New York,14277.6,28,40ft_HighCube,General_Dry,24636.5,45.9,Tier_2_Regional,4,1.05,98.0,1.3,8156.36
SHP-13058,Chennai,Rotterdam,11552.7,22,40ft_HighCube,Hazardous_Chemicals,16621.8,45.9,Tier_3_Spot,8,1.25,74.8,1.36,11929.88
SHP-13059,Chennai,Colombo,704.0,4,20ft_Standard,Textiles,11168.1,28.5,Tier_2_Regional,3,1.05,84.9,1.34,3238.63
SHP-13060,Chennai,Colombo,580.4,2,LCL_Consolidated,Textiles,1029.5,2.3,Tier_1_Alliance,4,1.05,95.8,1.4,1579.58
SHP-13061,Tokyo,Los Angeles,8845.6,10,20ft_Standard,Hazardous_Chemicals,16590.8,32.6,Tier_3_Spot,1,0.9,106.3,1.29,5772.95
SHP-13062,Singapore,Fremantle,3922.4,8,20ft_Standard,Perishable_Reefer,18653.6,15.4,Tier_2_Regional,6,1.05,93.4,1.03,4001.85
SHP-13063,Singapore,Fremantle,3972.5,10,LCL_Consolidated,Textiles,1605.0,10.6,Tier_3_Spot,4,1.05,79.9,1.13,1543.45
SHP-13064,Chennai,Rotterdam,11498.6,23,20ft_Standard,General_Dry,11918.6,31.4,Tier_3_Spot,5,1.05,95.6,1.18,4241.08
SHP-13065,Nhava Sheva,Dubai,2049.9,5,40ft_HighCube,Electronics,24383.5,57.6,Tier_1_Alliance,9,1.25,100.0,1.04,7830.89
SHP-13066,Busan,Long Beach,9408.3,16,40ft_Standard,Automotive,11079.8,50.0,Tier_3_Spot,10,1.25,98.4,1.33,8083.78
SHP-13067,Chennai,Colombo,587.3,6,40ft_HighCube,Automotive,12544.7,56.6,Tier_3_Spot,6,1.05,98.7,1.07,4801.27
SHP-13068,Nhava Sheva,New York,14142.3,25,LCL_Consolidated,General_Dry,4637.0,8.2,Tier_1_Alliance,3,1.05,100.0,1.01,3288.74
SHP-13069,Chennai,Colombo,658.5,3,LCL_Consolidated,Electronics,4451.2,12.1,Tier_2_Regional,4,1.05,77.2,1.01,1362.26
SHP-13070,Chennai,Rotterdam,11406.5,22,LCL_Consolidated,Hazardous_Chemicals,2138.4,5.7,Tier_2_Regional,7,1.05,104.3,1.03,3690.23
SHP-13071,Hamburg,Singapore,15847.6,25,20ft_Standard,Perishable_Reefer,11839.7,16.6,Tier_1_Alliance,1,0.9,86.4,0.94,4953.9
SHP-13072,Shanghai,Rotterdam,19469.0,28,LCL_Consolidated,Perishable_Reefer,667.9,5.1,Tier_2_Regional,9,1.25,82.9,1.16,6073.98
SHP-13073,Nhava Sheva,New York,14249.9,27,40ft_HighCube,General_Dry,17909.4,61.9,Tier_2_Regional,12,1.05,83.2,1.0,6260.39
SHP-13074,Hamburg,Singapore,15878.3,23,LCL_Consolidated,Automotive,1032.2,5.7,Tier_2_Regional,1,0.9,103.0,1.35,3797.2
SHP-13075,Nhava Sheva,New York,14117.9,29,40ft_Standard,Perishable_Reefer,21470.2,60.0,Tier_3_Spot,6,1.05,84.2,1.22,9225.51
SHP-13076,Hamburg,Singapore,15894.3,25,40ft_Standard,Textiles,17014.0,42.9,Tier_2_Regional,9,1.25,99.1,1.38,9729.48
SHP-13077,Nhava Sheva,Dubai,2100.0,4,40ft_HighCube,General_Dry,15221.2,69.8,Tier_1_Alliance,5,1.05,94.7,1.05,5622.01
SHP-13078,Shanghai,Rotterdam,19569.5,29,LCL_Consolidated,Perishable_Reefer,539.9,13.9,Tier_1_Alliance,2,0.9,75.3,1.4,6004.31
SHP-13079,Santos,Rotterdam,10295.9,18,LCL_Consolidated,Electronics,4859.0,6.5,Tier_1_Alliance,10,1.25,89.0,1.02,3606.24
SHP-13080,Shanghai,Los Angeles,10538.1,16,40ft_Standard,Perishable_Reefer,12171.6,46.8,Tier_3_Spot,1,0.9,105.9,1.06,5904.3
SHP-13081,Santos,Rotterdam,10226.2,17,40ft_Standard,Hazardous_Chemicals,22056.1,54.3,Tier_1_Alliance,2,0.9,86.6,1.38,10156.02
SHP-13082,Shanghai,Rotterdam,19406.6,27,20ft_Standard,Electronics,17463.5,29.2,Tier_2_Regional,1,0.9,80.7,1.32,6280.73
SHP-13083,Santos,Rotterdam,10150.4,19,40ft_Standard,Textiles,22633.1,36.1,Tier_2_Regional,12,1.05,87.1,1.32,6745.47
SHP-13084,Singapore,Fremantle,3866.1,11,40ft_HighCube,Textiles,15487.9,50.6,Tier_1_Alliance,6,1.05,81.2,1.21,6237.06
SHP-13085,Hamburg,Singapore,15785.5,25,40ft_HighCube,Electronics,27657.5,68.3,Tier_1_Alliance,8,1.25,102.3,1.26,13347.47
SHP-13086,Shanghai,Rotterdam,19568.9,28,LCL_Consolidated,Hazardous_Chemicals,2752.2,13.6,Tier_1_Alliance,2,0.9,86.9,1.38,6674.88
SHP-13087,Busan,Long Beach,9472.9,15,40ft_Standard,Hazardous_Chemicals,16297.2,56.2,Tier_2_Regional,5,1.05,97.1,1.05,7964.82
SHP-13088,Shanghai,Los Angeles,10446.8,13,LCL_Consolidated,Textiles,2978.6,11.9,Tier_1_Alliance,7,1.05,82.0,1.28,3278.54
SHP-13089,Singapore,Fremantle,3897.3,7,20ft_Standard,General_Dry,11009.2,23.4,Tier_1_Alliance,2,0.9,76.5,1.26,3103.71
SHP-13090,Singapore,Dubai,5927.3,11,LCL_Consolidated,Perishable_Reefer,3819.5,4.9,Tier_1_Alliance,5,1.05,103.5,1.3,3535.16
SHP-13091,Singapore,Fremantle,3860.3,9,20ft_Standard,Textiles,6127.1,27.7,Tier_2_Regional,11,1.05,102.5,1.31,3681.32
SHP-13092,Shanghai,Rotterdam,19542.7,28,40ft_Standard,Textiles,16701.1,56.6,Tier_1_Alliance,8,1.25,97.7,1.34,11590.18
SHP-13093,Santos,Rotterdam,10198.4,21,20ft_Standard,Textiles,3869.0,17.5,Tier_1_Alliance,6,1.05,85.6,1.22,4261.79
SHP-13094,Busan,Long Beach,9394.5,12,40ft_HighCube,Automotive,12338.1,67.6,Tier_3_Spot,2,0.9,102.1,1.35,6722.18
SHP-13095,Chennai,Colombo,742.0,6,40ft_HighCube,General_Dry,26848.2,60.1,Tier_3_Spot,10,1.25,76.3,1.41,7539.78
SHP-13096,Nhava Sheva,New York,14115.2,28,40ft_HighCube,Hazardous_Chemicals,22826.2,47.5,Tier_2_Regional,2,0.9,108.0,1.34,10537.18
SHP-13097,Nhava Sheva,Dubai,2012.1,8,LCL_Consolidated,Hazardous_Chemicals,1276.1,11.2,Tier_2_Regional,8,1.25,79.7,1.28,2687.12
SHP-13098,Santos,Rotterdam,10203.2,21,40ft_HighCube,Textiles,14341.2,76.0,Tier_1_Alliance,11,1.05,89.4,1.04,6862.07
SHP-13099,Santos,Rotterdam,10267.8,20,LCL_Consolidated,General_Dry,2609.4,8.7,Tier_1_Alliance,2,0.9,94.8,1.06,2386.9
SHP-13100,Shanghai,Los Angeles,10466.9,13,40ft_Standard,General_Dry,21087.3,52.8,Tier_3_Spot,1,0.9,91.8,0.97,4167.93
SHP-13101,Shanghai,Los Angeles,10481.2,17,20ft_Standard,Automotive,14985.2,22.4,Tier_2_Regional,1,0.9,77.3,1.11,3751.45
SHP-13102,Busan,Long Beach,9468.7,16,40ft_Standard,Automotive,25954.3,49.7,Tier_3_Spot,7,1.05,83.1,1.29,7134.43
SHP-13103,Santos,Rotterdam,10205.9,17,20ft_Standard,General_Dry,15291.6,28.4,Tier_1_Alliance,1,0.9,102.0,1.28,4705.45
SHP-13104,Chennai,Rotterdam,11489.4,22,LCL_Consolidated,Automotive,2874.8,8.1,Tier_1_Alliance,12,1.05,87.0,1.27,3722.45
SHP-13105,Hamburg,Singapore,15850.3,27,40ft_Standard,Electronics,16976.8,61.9,Tier_1_Alliance,12,1.05,73.3,1.4,10493.25
SHP-13106,Tokyo,Los Angeles,8746.9,14,40ft_HighCube,Automotive,22103.0,66.4,Tier_1_Alliance,8,1.25,98.0,1.17,9857.66
SHP-13107,Hamburg,Singapore,15886.8,24,LCL_Consolidated,Hazardous_Chemicals,4335.9,11.6,Tier_1_Alliance,11,1.05,103.1,1.32,6858.38
SHP-13108,Hamburg,Singapore,15763.3,24,LCL_Consolidated,Perishable_Reefer,2122.0,5.3,Tier_2_Regional,10,1.25,90.4,1.15,5411.77
SHP-13109,Chennai,Colombo,749.6,4,LCL_Consolidated,Perishable_Reefer,2075.1,12.3,Tier_3_Spot,1,0.9,79.0,1.06,1172.58
SHP-13110,Shanghai,Los Angeles,10551.0,13,40ft_Standard,Perishable_Reefer,15149.6,66.7,Tier_1_Alliance,4,1.05,74.1,0.95,7412.08
SHP-13111,Busan,Long Beach,9377.8,14,40ft_HighCube,Electronics,27144.0,51.9,Tier_2_Regional,1,0.9,94.0,1.27,7282.93
SHP-13112,Chennai,Rotterdam,11599.8,24,40ft_HighCube,General_Dry,16859.8,55.4,Tier_3_Spot,7,1.05,90.5,0.96,5182.7
SHP-13113,Shanghai,Los Angeles,10454.4,16,LCL_Consolidated,Hazardous_Chemicals,1063.1,10.5,Tier_1_Alliance,4,1.05,89.4,1.22,4450.31
SHP-13114,Singapore,Fremantle,3996.7,7,40ft_HighCube,Electronics,23019.9,68.8,Tier_2_Regional,10,1.25,105.5,0.98,7300.14
SHP-13115,Chennai,Colombo,636.9,3,40ft_HighCube,Electronics,19590.2,56.0,Tier_1_Alliance,7,1.05,77.7,1.39,7779.82
SHP-13116,Tokyo,Los Angeles,8746.2,11,40ft_Standard,Perishable_Reefer,11180.8,45.8,Tier_3_Spot,10,1.25,79.5,0.9,6203.07
SHP-13117,Nhava Sheva,Dubai,2143.5,4,20ft_Standard,Automotive,13513.2,17.6,Tier_3_Spot,4,1.05,81.0,1.36,3347.43
SHP-13118,Nhava Sheva,Dubai,2148.6,4,40ft_HighCube,Electronics,14198.0,68.6,Tier_1_Alliance,11,1.05,76.5,1.22,7198.78
SHP-13119,Tokyo,Los Angeles,8742.1,12,40ft_HighCube,Perishable_Reefer,23788.8,47.6,Tier_3_Spot,6,1.05,95.2,1.36,9655.16
SHP-13120,Santos,Rotterdam,10284.4,19,LCL_Consolidated,Electronics,954.6,8.3,Tier_2_Regional,12,1.05,95.1,1.08,2828.25
SHP-13121,Santos,Rotterdam,10235.5,20,LCL_Consolidated,Automotive,2235.4,2.2,Tier_3_Spot,11,1.05,94.6,1.04,2354.15
SHP-13122,Busan,Long Beach,9371.3,14,40ft_Standard,General_Dry,16810.4,57.3,Tier_2_Regional,4,1.05,88.7,1.24,6405.97
SHP-13123,Hamburg,Singapore,15757.9,25,40ft_Standard,Textiles,19326.3,49.4,Tier_1_Alliance,11,1.05,106.9,1.4,9490.12
SHP-13124,Hamburg,Singapore,15804.5,25,40ft_Standard,Hazardous_Chemicals,25308.0,51.8,Tier_3_Spot,9,1.25,79.7,1.31,12877.12
SHP-13125,Chennai,Rotterdam,11444.2,24,LCL_Consolidated,Textiles,2830.5,4.6,Tier_3_Spot,4,1.05,74.9,1.08,2371.26
SHP-13126,Nhava Sheva,Dubai,2033.0,8,40ft_HighCube,Automotive,17570.9,55.7,Tier_3_Spot,6,1.05,100.1,1.25,5980.93
SHP-13127,Busan,Long Beach,9306.0,14,20ft_Standard,Perishable_Reefer,10819.2,31.4,Tier_2_Regional,11,1.05,90.9,1.22,5886.54
SHP-13128,Chennai,Rotterdam,11480.7,24,40ft_Standard,Hazardous_Chemicals,15515.9,38.0,Tier_2_Regional,5,1.05,101.8,1.19,8836.51
SHP-13129,Tokyo,Los Angeles,8785.7,11,40ft_HighCube,Textiles,11602.5,67.7,Tier_3_Spot,4,1.05,91.0,0.98,5105.62
SHP-13130,Shanghai,Los Angeles,10571.3,16,40ft_Standard,Electronics,13854.6,53.1,Tier_1_Alliance,7,1.05,80.7,1.25,7984.28
SHP-13131,Singapore,Dubai,5841.2,12,40ft_Standard,Automotive,12629.1,45.8,Tier_3_Spot,10,1.25,82.4,0.99,5223.57
SHP-13132,Singapore,Fremantle,3869.6,9,LCL_Consolidated,Hazardous_Chemicals,4004.1,9.8,Tier_2_Regional,4,1.05,74.7,0.91,1852.12
SHP-13133,Chennai,Colombo,593.4,2,40ft_Standard,Textiles,8282.6,39.7,Tier_1_Alliance,8,1.25,105.8,1.09,5290.17
SHP-13134,Hamburg,Singapore,15744.3,24,40ft_HighCube,Textiles,21822.6,59.3,Tier_2_Regional,12,1.05,97.4,0.98,6588.28
SHP-13135,Busan,Long Beach,9340.9,16,LCL_Consolidated,Hazardous_Chemicals,1462.2,13.8,Tier_3_Spot,7,1.05,96.0,0.88,2781.86
SHP-13136,Nhava Sheva,New York,14216.1,25,20ft_Standard,Hazardous_Chemicals,12349.2,22.1,Tier_3_Spot,12,1.05,72.8,1.12,5942.01
SHP-13137,Busan,Long Beach,9330.9,14,40ft_HighCube,Perishable_Reefer,25958.2,64.5,Tier_3_Spot,4,1.05,95.9,1.16,8816.96
SHP-13138,Singapore,Fremantle,3872.6,9,20ft_Standard,Perishable_Reefer,17309.3,29.2,Tier_2_Regional,10,1.25,96.2,1.2,6010.91
SHP-13139,Chennai,Colombo,569.3,5,40ft_HighCube,Textiles,21913.4,64.8,Tier_3_Spot,9,1.25,75.9,1.03,5426.89
SHP-13140,Chennai,Colombo,712.9,4,LCL_Consolidated,Perishable_Reefer,4259.3,5.1,Tier_3_Spot,8,1.25,100.5,1.25,2337.63
SHP-13141,Nhava Sheva,Dubai,2107.9,8,20ft_Standard,Textiles,8860.5,24.0,Tier_3_Spot,10,1.25,73.1,1.06,2666.81
SHP-13142,Hamburg,Singapore,15769.0,23,40ft_Standard,Perishable_Reefer,22379.3,44.7,Tier_3_Spot,8,1.25,87.9,1.2,10674.62
SHP-13143,Tokyo,Los Angeles,8800.5,13,40ft_HighCube,Electronics,16385.7,63.8,Tier_2_Regional,7,1.05,90.3,1.21,7705.43
SHP-13144,Tokyo,Los Angeles,8708.1,11,40ft_HighCube,General_Dry,14315.4,60.9,Tier_1_Alliance,10,1.25,95.2,1.33,9545.71
SHP-13145,Hamburg,Singapore,15756.1,27,40ft_Standard,Hazardous_Chemicals,13367.1,63.0,Tier_1_Alliance,6,1.05,81.0,1.1,10305.59
SHP-13146,Shanghai,Rotterdam,19435.4,27,40ft_Standard,General_Dry,14402.0,36.0,Tier_3_Spot,4,1.05,90.2,0.91,5028.52
SHP-13147,Tokyo,Los Angeles,8809.2,11,40ft_HighCube,Hazardous_Chemicals,21194.2,56.8,Tier_2_Regional,1,0.9,104.6,1.2,8510.01
SHP-13148,Chennai,Rotterdam,11442.4,24,40ft_HighCube,Perishable_Reefer,18272.0,67.8,Tier_2_Regional,10,1.25,76.4,1.28,12138.98
SHP-13149,Nhava Sheva,New York,14185.2,26,40ft_Standard,General_Dry,8797.0,59.1,Tier_2_Regional,12,1.05,92.7,1.25,6863.85
SHP-13150,Busan,Long Beach,9362.6,14,LCL_Consolidated,Textiles,3699.3,10.4,Tier_3_Spot,11,1.05,92.3,1.22,2718.73
SHP-13151,Chennai,Rotterdam,11557.6,23,20ft_Standard,Hazardous_Chemicals,13839.2,18.9,Tier_3_Spot,6,1.05,76.7,1.17,5666.55
SHP-13152,Busan,Long Beach,9443.0,15,20ft_Standard,General_Dry,12281.2,20.7,Tier_1_Alliance,1,0.9,99.6,0.89,2799.11
SHP-13153,Singapore,Fremantle,3867.7,10,40ft_Standard,Automotive,9906.7,63.0,Tier_1_Alliance,1,0.9,74.5,1.34,5833.93
SHP-13154,Shanghai,Rotterdam,19571.2,27,20ft_Standard,Hazardous_Chemicals,3986.4,28.5,Tier_3_Spot,11,1.05,101.1,1.2,7457.66
SHP-13155,Singapore,Fremantle,3913.6,11,20ft_Standard,Electronics,14258.5,28.0,Tier_2_Regional,1,0.9,103.6,1.06,3107.84
SHP-13156,Singapore,Fremantle,3819.0,11,40ft_Standard,Automotive,17580.6,37.6,Tier_2_Regional,7,1.05,100.6,1.15,5295.06
SHP-13157,Chennai,Colombo,551.6,2,40ft_HighCube,Automotive,20754.0,51.3,Tier_1_Alliance,3,1.05,99.0,1.39,7656.41
SHP-13158,Tokyo,Los Angeles,8881.4,12,20ft_Standard,Perishable_Reefer,4825.4,22.6,Tier_3_Spot,3,1.05,106.7,1.0,4172.3
SHP-13159,Shanghai,Los Angeles,10414.8,14,40ft_HighCube,Automotive,12937.5,49.2,Tier_2_Regional,10,1.25,103.4,1.34,9623.21
SHP-13160,Singapore,Dubai,5808.3,9,40ft_Standard,Perishable_Reefer,9314.8,64.7,Tier_3_Spot,8,1.25,85.1,1.18,8063.36
SHP-13161,Hamburg,Singapore,15730.9,26,40ft_HighCube,Automotive,16995.9,48.3,Tier_1_Alliance,12,1.05,105.1,1.39,10597.54
SHP-13162,Shanghai,Los Angeles,10581.0,14,20ft_Standard,Textiles,19503.3,32.9,Tier_1_Alliance,10,1.25,107.9,1.08,6027.27
SHP-13163,Nhava Sheva,New York,14185.9,28,20ft_Standard,Electronics,5121.8,22.8,Tier_1_Alliance,11,1.05,74.3,0.92,4201.49
SHP-13164,Nhava Sheva,New York,14233.4,26,40ft_Standard,Textiles,23187.6,64.6,Tier_3_Spot,4,1.05,74.1,1.06,6024.5
SHP-13165,Singapore,Fremantle,3975.0,11,LCL_Consolidated,Automotive,4618.7,2.7,Tier_3_Spot,3,1.05,80.0,1.31,1831.72
SHP-13166,Santos,Rotterdam,10168.2,20,20ft_Standard,General_Dry,15670.1,26.4,Tier_3_Spot,10,1.25,99.5,1.34,5675.77
SHP-13167,Chennai,Rotterdam,11593.4,23,20ft_Standard,Hazardous_Chemicals,4603.0,17.5,Tier_1_Alliance,1,0.9,102.3,1.31,6178.49
SHP-13168,Chennai,Rotterdam,11503.8,24,40ft_HighCube,General_Dry,26019.2,68.8,Tier_3_Spot,5,1.05,81.2,1.31,7683.64
SHP-13169,Hamburg,Singapore,15868.0,27,20ft_Standard,Textiles,11992.1,16.8,Tier_3_Spot,1,0.9,101.0,1.18,4057.79
SHP-13170,Nhava Sheva,Dubai,2054.6,8,40ft_HighCube,Hazardous_Chemicals,20188.7,55.9,Tier_2_Regional,7,1.05,72.4,1.25,8220.04
SHP-13171,Busan,Long Beach,9366.5,16,20ft_Standard,Perishable_Reefer,15461.6,23.2,Tier_1_Alliance,6,1.05,86.3,1.2,6313.24
SHP-13172,Nhava Sheva,Dubai,2136.9,8,40ft_HighCube,Automotive,10731.2,53.0,Tier_3_Spot,10,1.25,107.4,0.92,5007.7
SHP-13173,Shanghai,Los Angeles,10533.0,13,40ft_HighCube,Automotive,18177.4,71.6,Tier_2_Regional,11,1.05,88.0,1.11,7312.94
SHP-13174,Shanghai,Rotterdam,19569.6,31,40ft_HighCube,Perishable_Reefer,23549.5,63.7,Tier_2_Regional,10,1.25,101.0,0.99,11470.35
SHP-13175,Nhava Sheva,New York,14178.1,27,LCL_Consolidated,Electronics,4911.8,6.8,Tier_3_Spot,8,1.25,107.6,1.24,4747.23
SHP-13176,Hamburg,Singapore,15878.0,25,20ft_Standard,Electronics,9973.6,26.0,Tier_3_Spot,8,1.25,106.5,0.93,5138.94
SHP-13177,Hamburg,Singapore,15777.4,27,LCL_Consolidated,Perishable_Reefer,3956.0,5.7,Tier_1_Alliance,9,1.25,76.6,1.32,6690.47
SHP-13178,Hamburg,Singapore,15875.2,27,LCL_Consolidated,Perishable_Reefer,706.9,6.8,Tier_3_Spot,7,1.05,77.7,1.15,4118.19
SHP-13179,Chennai,Colombo,714.3,4,20ft_Standard,Electronics,19143.2,29.8,Tier_1_Alliance,8,1.25,106.3,0.99,4327.6
SHP-13180,Busan,Long Beach,9487.6,14,40ft_Standard,Hazardous_Chemicals,25298.4,45.9,Tier_1_Alliance,6,1.05,101.8,1.09,9400.14
SHP-13181,Chennai,Rotterdam,11400.1,23,40ft_HighCube,Automotive,25814.3,59.0,Tier_2_Regional,2,0.9,85.0,1.34,7708.95
SHP-13182,Shanghai,Rotterdam,19554.5,27,40ft_HighCube,Textiles,15948.2,68.8,Tier_1_Alliance,4,1.05,97.9,1.16,9114.71
SHP-13183,Shanghai,Rotterdam,19583.7,27,40ft_HighCube,Automotive,14138.8,65.6,Tier_3_Spot,4,1.05,77.4,1.27,8808.5
SHP-13184,Busan,Long Beach,9324.7,16,20ft_Standard,Electronics,7875.6,19.6,Tier_3_Spot,12,1.05,80.1,0.94,3133.24
SHP-13185,Singapore,Dubai,5981.8,9,40ft_HighCube,General_Dry,26672.3,60.0,Tier_3_Spot,4,1.05,81.5,1.37,7047.52
SHP-13186,Nhava Sheva,Dubai,2136.2,7,LCL_Consolidated,Automotive,1180.1,12.5,Tier_3_Spot,1,0.9,99.2,0.93,1107.1
SHP-13187,Nhava Sheva,New York,14185.4,29,40ft_Standard,Electronics,11906.2,54.9,Tier_1_Alliance,10,1.25,103.2,1.37,11716.71
SHP-13188,Tokyo,Los Angeles,8716.2,10,20ft_Standard,General_Dry,13203.5,17.7,Tier_3_Spot,5,1.05,77.9,1.1,3327.88
SHP-13189,Chennai,Colombo,653.9,6,LCL_Consolidated,Electronics,1996.2,8.0,Tier_3_Spot,8,1.25,107.0,1.3,2158.64
SHP-13190,Shanghai,Rotterdam,19573.4,30,40ft_Standard,Textiles,17040.8,65.4,Tier_2_Regional,3,1.05,79.0,1.29,8510.33
SHP-13191,Chennai,Colombo,714.8,3,40ft_HighCube,Hazardous_Chemicals,23461.3,49.0,Tier_2_Regional,6,1.05,79.3,0.94,6087.52
SHP-13192,Chennai,Colombo,744.0,6,40ft_Standard,Automotive,13960.1,66.5,Tier_1_Alliance,5,1.05,84.1,1.0,5086.09
SHP-13193,Busan,Long Beach,9405.5,16,LCL_Consolidated,Electronics,4941.6,7.3,Tier_1_Alliance,8,1.25,87.7,1.37,4616.13
SHP-13194,Busan,Long Beach,9308.9,13,LCL_Consolidated,Hazardous_Chemicals,3680.5,11.9,Tier_2_Regional,8,1.25,74.8,1.24,4559.54
SHP-13195,Chennai,Rotterdam,11525.2,23,40ft_Standard,General_Dry,23156.1,41.9,Tier_3_Spot,7,1.05,92.0,1.21,6033.69
SHP-13196,Nhava Sheva,New York,14174.3,26,LCL_Consolidated,Electronics,3455.0,2.4,Tier_1_Alliance,5,1.05,97.6,1.39,4926.15
SHP-13197,Singapore,Dubai,5958.1,11,40ft_Standard,General_Dry,22742.7,35.5,Tier_3_Spot,7,1.05,74.9,1.38,5636.01
SHP-13198,Shanghai,Rotterdam,19428.5,31,LCL_Consolidated,Hazardous_Chemicals,3685.2,5.7,Tier_2_Regional,4,1.05,79.7,1.2,5795.47
SHP-13199,Singapore,Fremantle,3970.0,7,20ft_Standard,Textiles,7082.1,29.7,Tier_2_Regional,5,1.05,100.3,1.38,3955.16
SHP-13200,Shanghai,Los Angeles,10524.4,17,LCL_Consolidated,General_Dry,613.2,2.5,Tier_1_Alliance,4,1.05,100.5,1.04,2590.56
SHP-13201,Singapore,Dubai,5860.3,13,LCL_Consolidated,Hazardous_Chemicals,3701.5,10.4,Tier_3_Spot,9,1.25,97.8,1.22,3795.93
SHP-13202,Busan,Long Beach,9406.1,16,20ft_Standard,Perishable_Reefer,10262.5,32.1,Tier_3_Spot,3,1.05,76.2,1.19,5158.8
SHP-13203,Shanghai,Los Angeles,10499.8,15,40ft_Standard,Perishable_Reefer,25597.4,42.0,Tier_2_Regional,3,1.05,89.7,1.04,7540.92
SHP-13204,Chennai,Rotterdam,11590.5,22,40ft_Standard,General_Dry,11012.8,42.3,Tier_1_Alliance,10,1.25,83.6,1.18,7530.08
SHP-13205,Chennai,Colombo,552.8,5,40ft_Standard,Textiles,25650.1,58.4,Tier_1_Alliance,12,1.05,103.6,1.16,5874.87
SHP-13206,Hamburg,Singapore,15811.1,25,LCL_Consolidated,Perishable_Reefer,4363.3,5.1,Tier_3_Spot,8,1.25,72.6,1.1,4684.44
SHP-13207,Hamburg,Singapore,15871.9,25,LCL_Consolidated,General_Dry,3524.9,7.4,Tier_1_Alliance,12,1.05,77.0,1.34,4323.35
SHP-13208,Tokyo,Los Angeles,8870.5,10,40ft_Standard,Textiles,17697.8,38.9,Tier_3_Spot,4,1.05,102.9,1.15,5437.77
SHP-13209,Tokyo,Los Angeles,8733.0,14,40ft_HighCube,Perishable_Reefer,17679.9,67.0,Tier_1_Alliance,4,1.05,93.6,0.99,8390.3
SHP-13210,Chennai,Rotterdam,11581.3,23,LCL_Consolidated,Automotive,3480.2,2.4,Tier_1_Alliance,7,1.05,86.4,1.4,4060.95
SHP-13211,Chennai,Rotterdam,11577.5,25,40ft_HighCube,Electronics,13270.7,52.8,Tier_1_Alliance,5,1.05,79.4,1.06,7321.11
SHP-13212,Busan,Long Beach,9355.4,16,20ft_Standard,General_Dry,14840.8,32.7,Tier_3_Spot,7,1.05,84.7,0.96,3371.81
SHP-13213,Singapore,Dubai,5836.3,9,LCL_Consolidated,Textiles,2604.6,10.2,Tier_1_Alliance,8,1.25,99.3,0.89,2303.81
SHP-13214,Tokyo,Los Angeles,8842.1,11,LCL_Consolidated,Hazardous_Chemicals,4773.6,3.1,Tier_3_Spot,12,1.05,86.8,1.06,3043.29
SHP-13215,Shanghai,Rotterdam,19585.1,31,40ft_HighCube,Automotive,13004.6,64.3,Tier_2_Regional,8,1.25,92.7,0.99,8892.45
SHP-13216,Nhava Sheva,New York,14141.7,28,40ft_Standard,Textiles,14056.2,50.9,Tier_2_Regional,8,1.25,86.4,1.11,7337.82
SHP-13217,Chennai,Colombo,645.2,4,40ft_Standard,Hazardous_Chemicals,15652.6,41.7,Tier_3_Spot,5,1.05,75.2,1.02,5004.95
SHP-13218,Singapore,Fremantle,3814.6,9,40ft_Standard,Automotive,25278.8,55.9,Tier_1_Alliance,5,1.05,78.4,1.3,7296.09
SHP-13219,Shanghai,Los Angeles,10438.4,17,20ft_Standard,Textiles,18291.4,17.1,Tier_2_Regional,1,0.9,73.2,0.92,2869.1
SHP-13220,Nhava Sheva,Dubai,2122.0,6,40ft_HighCube,Automotive,15540.7,50.7,Tier_1_Alliance,4,1.05,86.9,1.02,5429.65
SHP-13221,Singapore,Fremantle,3831.3,7,40ft_HighCube,Automotive,10229.8,45.1,Tier_3_Spot,12,1.05,90.9,1.09,4964.53
SHP-13222,Hamburg,Singapore,15855.5,25,LCL_Consolidated,Textiles,583.5,12.1,Tier_3_Spot,11,1.05,93.7,1.4,4119.74
SHP-13223,Shanghai,Rotterdam,19596.2,30,40ft_Standard,Automotive,24598.5,47.2,Tier_3_Spot,10,1.25,105.8,1.09,8947.61
SHP-13224,Santos,Rotterdam,10146.2,20,40ft_Standard,General_Dry,20160.5,38.8,Tier_3_Spot,3,1.05,99.4,1.13,5439.16
SHP-13225,Hamburg,Singapore,15761.1,24,20ft_Standard,Hazardous_Chemicals,17371.9,25.2,Tier_3_Spot,8,1.25,107.3,1.36,10093.31
SHP-13226,Shanghai,Rotterdam,19524.1,30,20ft_Standard,Textiles,9552.6,31.5,Tier_3_Spot,8,1.25,94.3,0.96,5198.44
SHP-13227,Chennai,Colombo,643.4,2,20ft_Standard,Textiles,8548.6,26.1,Tier_2_Regional,8,1.25,96.3,0.99,2864.7
SHP-13228,Shanghai,Los Angeles,10546.0,16,20ft_Standard,Automotive,12143.6,22.3,Tier_2_Regional,9,1.25,96.8,1.35,6438.37
SHP-13229,Santos,Rotterdam,10210.1,17,20ft_Standard,Automotive,15123.9,23.5,Tier_2_Regional,6,1.05,90.0,1.41,5661.12
SHP-13230,Chennai,Colombo,722.4,6,40ft_HighCube,Electronics,26484.5,75.8,Tier_3_Spot,7,1.05,81.9,1.36,7427.76
SHP-13231,Chennai,Rotterdam,11433.6,22,40ft_Standard,Perishable_Reefer,23113.8,56.1,Tier_2_Regional,6,1.05,93.4,1.32,9973.61
SHP-13232,Singapore,Dubai,5947.1,13,LCL_Consolidated,Textiles,2242.6,9.4,Tier_3_Spot,10,1.25,94.8,1.41,2883.65
SHP-13233,Busan,Long Beach,9315.7,14,40ft_Standard,Hazardous_Chemicals,24328.2,62.6,Tier_2_Regional,11,1.05,73.3,1.22,9596.75
SHP-13234,Singapore,Dubai,5804.7,11,40ft_Standard,Perishable_Reefer,11053.8,55.7,Tier_2_Regional,9,1.25,98.1,1.25,9090.16
SHP-13235,Busan,Long Beach,9404.8,15,40ft_HighCube,Electronics,21227.4,55.3,Tier_3_Spot,1,0.9,80.5,1.31,6752.46
SHP-13236,Shanghai,Rotterdam,19455.9,27,LCL_Consolidated,Automotive,2185.7,8.4,Tier_1_Alliance,4,1.05,98.3,1.08,4629.42
SHP-13237,Hamburg,Singapore,15816.1,24,20ft_Standard,Electronics,13815.0,20.5,Tier_2_Regional,12,1.05,90.9,1.26,6097.36
SHP-13238,Singapore,Dubai,5962.3,9,LCL_Consolidated,Electronics,1440.6,13.6,Tier_2_Regional,5,1.05,75.1,0.88,1730.96
SHP-13239,Hamburg,Singapore,15743.7,25,20ft_Standard,Hazardous_Chemicals,3826.0,28.3,Tier_1_Alliance,3,1.05,86.7,1.16,7431.9
SHP-13240,Tokyo,Los Angeles,8790.4,14,LCL_Consolidated,Electronics,4508.8,13.1,Tier_1_Alliance,8,1.25,82.1,1.11,3707.68
SHP-13241,Busan,Long Beach,9496.7,15,LCL_Consolidated,Textiles,1614.4,12.2,Tier_1_Alliance,3,1.05,104.5,0.99,2773.28
SHP-13242,Singapore,Fremantle,3923.9,9,20ft_Standard,Hazardous_Chemicals,5639.5,16.0,Tier_3_Spot,10,1.25,82.2,1.32,4897.94
SHP-13243,Chennai,Rotterdam,11575.4,21,40ft_Standard,Textiles,15851.8,50.5,Tier_2_Regional,9,1.25,76.0,1.35,8486.89
SHP-13244,Shanghai,Rotterdam,19423.0,29,40ft_HighCube,Automotive,18564.0,64.6,Tier_2_Regional,4,1.05,90.7,1.42,10873.85
SHP-13245,Chennai,Rotterdam,11485.4,23,40ft_HighCube,Electronics,18049.4,65.3,Tier_2_Regional,5,1.05,97.4,1.14,7951.5
SHP-13246,Singapore,Fremantle,3842.1,9,20ft_Standard,Hazardous_Chemicals,16633.2,26.5,Tier_3_Spot,3,1.05,86.8,0.98,3950.96
SHP-13247,Chennai,Colombo,555.8,5,LCL_Consolidated,Hazardous_Chemicals,3903.0,2.7,Tier_2_Regional,2,0.9,94.9,1.37,1831.25
SHP-13248,Tokyo,Los Angeles,8836.0,10,40ft_Standard,Automotive,12304.8,58.0,Tier_1_Alliance,2,0.9,103.1,1.19,6265.63
SHP-13249,Shanghai,Los Angeles,10437.5,16,40ft_HighCube,Hazardous_Chemicals,21602.9,61.1,Tier_3_Spot,5,1.05,106.6,0.94,7645.67
SHP-13250,Busan,Long Beach,9493.2,13,LCL_Consolidated,Perishable_Reefer,2506.5,6.0,Tier_3_Spot,12,1.05,90.2,1.41,3901.2
SHP-13251,Chennai,Colombo,665.8,2,LCL_Consolidated,Textiles,1036.0,2.4,Tier_2_Regional,7,1.05,81.6,1.15,1048.1
SHP-13252,Chennai,Colombo,655.5,6,40ft_HighCube,Perishable_Reefer,23153.5,60.9,Tier_3_Spot,4,1.05,101.0,1.0,6155.92
SHP-13253,Tokyo,Los Angeles,8868.3,12,LCL_Consolidated,Electronics,4683.6,5.9,Tier_2_Regional,5,1.05,96.8,0.88,2299.94
SHP-13254,Singapore,Dubai,5975.5,13,40ft_Standard,Perishable_Reefer,17253.3,54.7,Tier_1_Alliance,4,1.05,76.2,1.12,7659.39
SHP-13255,Tokyo,Los Angeles,8749.0,13,40ft_HighCube,Electronics,27068.0,58.3,Tier_3_Spot,12,1.05,90.7,1.28,8072.04
SHP-13256,Tokyo,Los Angeles,8865.7,12,40ft_HighCube,General_Dry,20115.4,62.7,Tier_3_Spot,6,1.05,107.9,1.2,6532.5
SHP-13257,Chennai,Rotterdam,11440.0,22,20ft_Standard,Perishable_Reefer,18974.4,22.8,Tier_3_Spot,12,1.05,101.7,0.96,4872.44
SHP-13258,Singapore,Fremantle,3925.0,7,20ft_Standard,Textiles,5861.2,30.0,Tier_2_Regional,11,1.05,73.4,0.95,2491.38
SHP-13259,Singapore,Fremantle,3931.7,10,LCL_Consolidated,Electronics,596.0,9.2,Tier_1_Alliance,3,1.05,104.8,1.07,2233.27
SHP-13260,Hamburg,Singapore,15770.5,23,40ft_Standard,General_Dry,18750.4,54.0,Tier_2_Regional,6,1.05,81.9,1.31,7701.86
SHP-13261,Chennai,Rotterdam,11560.9,24,40ft_Standard,Electronics,10114.6,62.7,Tier_1_Alliance,11,1.05,93.9,1.0,6748.83
SHP-13262,Tokyo,Los Angeles,8895.3,12,20ft_Standard,General_Dry,5304.4,16.4,Tier_2_Regional,9,1.25,77.0,0.9,3055.1
SHP-13263,Busan,Long Beach,9470.9,16,40ft_Standard,General_Dry,17510.2,39.0,Tier_2_Regional,12,1.05,73.2,1.01,4810.9
SHP-13264,Chennai,Rotterdam,11581.9,23,40ft_HighCube,Automotive,22758.7,51.7,Tier_2_Regional,9,1.25,84.9,1.29,9928.39
SHP-13265,Chennai,Colombo,670.0,3,40ft_Standard,Hazardous_Chemicals,13931.1,56.8,Tier_3_Spot,4,1.05,90.9,0.94,5179.22
SHP-13266,Nhava Sheva,New York,14207.2,28,40ft_Standard,Textiles,21764.4,62.9,Tier_1_Alliance,7,1.05,105.5,1.34,9259.68
SHP-13267,Singapore,Fremantle,3871.0,7,40ft_HighCube,Electronics,16572.3,59.5,Tier_2_Regional,7,1.05,99.9,1.3,7396.8
SHP-13268,Santos,Rotterdam,10244.8,19,40ft_HighCube,Automotive,14386.2,74.0,Tier_1_Alliance,2,0.9,92.7,1.27,7762.04
SHP-13269,Singapore,Fremantle,3865.7,9,40ft_HighCube,Textiles,18162.7,48.2,Tier_3_Spot,6,1.05,72.5,1.26,5539.47
SHP-13270,Singapore,Dubai,5902.5,11,20ft_Standard,Textiles,16267.7,24.2,Tier_2_Regional,3,1.05,95.6,1.04,3407.59
SHP-13271,Busan,Long Beach,9358.1,13,40ft_HighCube,General_Dry,26790.0,57.8,Tier_2_Regional,6,1.05,84.5,1.07,6208.3
SHP-13272,Busan,Long Beach,9460.0,13,40ft_HighCube,Hazardous_Chemicals,19194.0,71.6,Tier_3_Spot,9,1.25,99.2,0.95,9218.72
SHP-13273,Shanghai,Los Angeles,10489.3,15,40ft_HighCube,Perishable_Reefer,21296.5,73.9,Tier_2_Regional,5,1.05,85.4,1.35,11127.12
SHP-13274,Shanghai,Rotterdam,19456.8,27,40ft_Standard,Electronics,16052.8,62.2,Tier_3_Spot,12,1.05,93.1,1.32,9216.79
SHP-13275,Chennai,Colombo,669.2,6,20ft_Standard,General_Dry,4118.2,20.1,Tier_2_Regional,6,1.05,104.1,1.2,2625.23
SHP-13276,Singapore,Dubai,5909.5,11,LCL_Consolidated,Perishable_Reefer,4649.1,12.1,Tier_2_Regional,2,0.9,87.7,0.95,2135.05
SHP-13277,Santos,Rotterdam,10212.7,20,LCL_Consolidated,General_Dry,1984.5,9.0,Tier_1_Alliance,6,1.05,104.5,1.38,3684.92
SHP-13278,Chennai,Colombo,636.2,4,20ft_Standard,Perishable_Reefer,5230.6,17.8,Tier_2_Regional,3,1.05,89.7,1.25,3384.5
SHP-13279,Hamburg,Singapore,15772.1,23,40ft_HighCube,Hazardous_Chemicals,22481.8,51.3,Tier_1_Alliance,2,0.9,89.9,1.38,12125.29
SHP-13280,Chennai,Rotterdam,11411.2,23,40ft_HighCube,Hazardous_Chemicals,14331.9,54.0,Tier_3_Spot,6,1.05,94.4,1.06,8127.39
SHP-13281,Shanghai,Rotterdam,19584.7,28,20ft_Standard,Perishable_Reefer,20213.6,26.9,Tier_3_Spot,4,1.05,85.4,1.4,8899.16
SHP-13282,Santos,Rotterdam,10196.7,20,LCL_Consolidated,Automotive,3022.2,11.4,Tier_1_Alliance,6,1.05,99.3,1.04,2995.14
SHP-13283,Busan,Long Beach,9416.1,12,LCL_Consolidated,Textiles,1821.7,3.0,Tier_1_Alliance,2,0.9,85.3,1.06,2117.02
SHP-13284,Chennai,Colombo,661.8,3,20ft_Standard,Textiles,13423.5,25.5,Tier_3_Spot,4,1.05,86.1,1.09,2448.27
SHP-13285,Chennai,Rotterdam,11555.7,25,40ft_Standard,General_Dry,20239.5,36.2,Tier_3_Spot,10,1.25,106.4,1.36,8130.43
SHP-13286,Tokyo,Los Angeles,8809.3,10,20ft_Standard,General_Dry,9692.5,28.7,Tier_2_Regional,4,1.05,93.5,0.93,3155.72
SHP-13287,Shanghai,Rotterdam,19568.2,28,20ft_Standard,Electronics,8130.6,15.6,Tier_2_Regional,12,1.05,78.8,1.25,6185.68
SHP-13288,Nhava Sheva,Dubai,2141.5,8,LCL_Consolidated,Electronics,3143.5,4.2,Tier_2_Regional,1,0.9,96.0,1.36,1715.31
SHP-13289,Tokyo,Los Angeles,8812.1,13,40ft_Standard,Textiles,18072.8,54.7,Tier_1_Alliance,9,1.25,82.7,1.39,9331.63
SHP-13290,Chennai,Colombo,653.9,5,LCL_Consolidated,Perishable_Reefer,1618.1,12.6,Tier_2_Regional,3,1.05,98.6,1.17,2021.86
SHP-13291,Singapore,Dubai,5902.5,9,40ft_Standard,Hazardous_Chemicals,21371.4,48.0,Tier_1_Alliance,5,1.05,89.3,0.96,7123.22
SHP-13292,Hamburg,Singapore,15761.4,23,40ft_HighCube,Perishable_Reefer,20058.5,68.8,Tier_3_Spot,3,1.05,99.4,1.2,10277.99
SHP-13293,Hamburg,Singapore,15781.3,26,40ft_HighCube,Automotive,22295.8,62.0,Tier_1_Alliance,8,1.25,101.7,1.04,10069.67
SHP-13294,Singapore,Fremantle,3913.3,9,LCL_Consolidated,Automotive,3486.9,5.7,Tier_2_Regional,5,1.05,85.8,1.21,1901.5
SHP-13295,Singapore,Fremantle,3923.3,9,40ft_Standard,General_Dry,13945.1,49.0,Tier_2_Regional,5,1.05,95.5,0.99,4186.83
SHP-13296,Singapore,Dubai,5802.0,10,LCL_Consolidated,Automotive,4311.0,13.3,Tier_1_Alliance,7,1.05,81.7,1.4,3193.3
SHP-13297,Hamburg,Singapore,15778.1,27,20ft_Standard,General_Dry,20754.4,18.3,Tier_3_Spot,3,1.05,92.8,1.31,5452.79
SHP-13298,Nhava Sheva,Dubai,2133.0,5,40ft_HighCube,Perishable_Reefer,18831.6,50.8,Tier_3_Spot,1,0.9,80.2,0.99,4778.96
SHP-13299,Chennai,Colombo,691.4,4,20ft_Standard,Perishable_Reefer,15821.4,18.7,Tier_3_Spot,7,1.05,89.7,1.04,3225.08
SHP-13300,Tokyo,Los Angeles,8892.7,13,40ft_Standard,General_Dry,22170.0,45.5,Tier_2_Regional,7,1.05,96.7,1.37,7048.2
SHP-13301,Shanghai,Rotterdam,19535.2,30,LCL_Consolidated,Textiles,4622.2,13.8,Tier_3_Spot,8,1.25,90.1,1.18,4836.5
SHP-13302,Chennai,Rotterdam,11410.8,23,40ft_HighCube,General_Dry,12371.8,57.3,Tier_3_Spot,12,1.05,89.2,1.11,5849.55
SHP-13303,Santos,Rotterdam,10151.1,21,40ft_HighCube,Electronics,26478.8,50.1,Tier_2_Regional,1,0.9,85.2,0.94,5318.38
SHP-13304,Hamburg,Singapore,15771.0,25,40ft_HighCube,Electronics,11106.1,49.7,Tier_1_Alliance,11,1.05,90.4,1.12,8519.3
SHP-13305,Chennai,Colombo,693.1,4,40ft_Standard,General_Dry,13864.3,55.2,Tier_1_Alliance,2,0.9,92.6,1.16,4393.57
SHP-13306,Santos,Rotterdam,10288.8,17,40ft_HighCube,Perishable_Reefer,21292.3,52.3,Tier_2_Regional,6,1.05,103.6,1.18,9296.65
SHP-13307,Chennai,Rotterdam,11508.7,23,40ft_Standard,Electronics,20772.3,51.0,Tier_1_Alliance,8,1.25,104.4,1.1,9270.36
SHP-13308,Nhava Sheva,Dubai,2037.2,7,20ft_Standard,Hazardous_Chemicals,6729.7,24.9,Tier_1_Alliance,1,0.9,86.5,1.38,4490.06
SHP-13309,Busan,Long Beach,9460.1,16,20ft_Standard,Textiles,3777.9,21.5,Tier_2_Regional,3,1.05,93.7,1.17,3753.64
SHP-13310,Shanghai,Rotterdam,19491.8,29,LCL_Consolidated,Hazardous_Chemicals,3193.7,6.0,Tier_3_Spot,3,1.05,89.0,1.26,5806.91
SHP-13311,Shanghai,Rotterdam,19523.3,30,20ft_Standard,General_Dry,6880.2,31.3,Tier_2_Regional,9,1.25,101.6,0.9,5108.22
SHP-13312,Chennai,Rotterdam,11525.5,24,40ft_HighCube,General_Dry,10722.7,47.4,Tier_1_Alliance,10,1.25,99.0,1.36,9838.84
SHP-13313,Shanghai,Los Angeles,10421.7,17,LCL_Consolidated,Hazardous_Chemicals,4116.1,4.4,Tier_2_Regional,8,1.25,76.0,1.42,5314.49
SHP-13314,Nhava Sheva,Dubai,2193.3,5,20ft_Standard,Hazardous_Chemicals,4488.3,17.3,Tier_1_Alliance,5,1.05,81.0,0.93,3079.89
SHP-13315,Hamburg,Singapore,15785.0,25,LCL_Consolidated,General_Dry,1497.5,6.8,Tier_1_Alliance,7,1.05,106.8,1.06,3603.44
SHP-13316,Chennai,Rotterdam,11483.7,22,40ft_HighCube,Perishable_Reefer,15971.6,49.6,Tier_2_Regional,8,1.25,105.8,1.36,12558.65
SHP-13317,Santos,Rotterdam,10148.4,20,20ft_Standard,Electronics,16032.4,17.0,Tier_2_Regional,1,0.9,104.0,1.07,3835.17
SHP-13318,Busan,Long Beach,9469.1,15,LCL_Consolidated,General_Dry,3105.7,5.8,Tier_2_Regional,2,0.9,99.8,1.4,2771.04
SHP-13319,Nhava Sheva,New York,14239.6,25,LCL_Consolidated,Perishable_Reefer,3194.7,11.7,Tier_3_Spot,4,1.05,85.1,1.31,4819.36
SHP-13320,Singapore,Fremantle,3960.7,8,20ft_Standard,Textiles,7907.6,20.1,Tier_2_Regional,10,1.25,97.2,1.4,4460.05
SHP-13321,Hamburg,Singapore,15766.2,23,LCL_Consolidated,Automotive,1347.6,12.3,Tier_2_Regional,12,1.05,91.0,0.9,2953.83
SHP-13322,Singapore,Dubai,5835.3,11,LCL_Consolidated,Textiles,4028.5,9.5,Tier_3_Spot,11,1.05,83.9,0.94,1533.6
SHP-13323,Chennai,Rotterdam,11428.5,21,40ft_HighCube,General_Dry,26306.5,55.0,Tier_3_Spot,5,1.05,91.6,0.9,5154.97
SHP-13324,Shanghai,Rotterdam,19419.7,31,40ft_Standard,Electronics,15044.3,46.7,Tier_2_Regional,4,1.05,80.1,1.1,7707.51
SHP-13325,Nhava Sheva,Dubai,2001.3,7,40ft_HighCube,Textiles,13483.1,66.7,Tier_2_Regional,1,0.9,72.1,1.32,5223.72
SHP-13326,Singapore,Dubai,5823.9,11,40ft_Standard,Perishable_Reefer,8594.1,55.7,Tier_2_Regional,2,0.9,100.3,0.89,4620.01
SHP-13327,Busan,Long Beach,9353.9,12,20ft_Standard,Electronics,15667.7,30.7,Tier_2_Regional,3,1.05,91.9,1.25,5313.51
SHP-13328,Nhava Sheva,Dubai,2172.5,8,LCL_Consolidated,General_Dry,3388.7,12.2,Tier_2_Regional,6,1.05,85.7,0.94,1238.93
SHP-13329,Hamburg,Singapore,15821.0,25,20ft_Standard,Hazardous_Chemicals,4699.1,32.1,Tier_3_Spot,4,1.05,106.8,1.3,7601.96
SHP-13330,Nhava Sheva,Dubai,2006.1,4,20ft_Standard,Textiles,15980.0,31.1,Tier_2_Regional,10,1.25,75.0,1.08,3552.0
SHP-13331,Tokyo,Los Angeles,8737.8,10,LCL_Consolidated,Automotive,4977.6,6.5,Tier_1_Alliance,11,1.05,90.0,1.16,2983.48
SHP-13332,Busan,Long Beach,9463.3,14,20ft_Standard,Perishable_Reefer,15675.7,29.4,Tier_2_Regional,5,1.05,105.4,1.35,7038.13
SHP-13333,Shanghai,Los Angeles,10595.8,15,40ft_Standard,Hazardous_Chemicals,8386.2,50.9,Tier_2_Regional,7,1.05,103.1,0.88,6410.85
SHP-13334,Singapore,Dubai,5878.4,9,LCL_Consolidated,Automotive,1941.5,3.8,Tier_3_Spot,12,1.05,78.6,0.94,1575.49
SHP-13335,Santos,Rotterdam,10263.8,20,20ft_Standard,Electronics,14837.7,29.2,Tier_3_Spot,2,0.9,76.4,1.12,3704.82
SHP-13336,Chennai,Rotterdam,11547.9,21,40ft_Standard,Perishable_Reefer,18577.4,37.2,Tier_1_Alliance,5,1.05,102.4,0.88,6782.98
SHP-13337,Tokyo,Los Angeles,8713.4,13,20ft_Standard,General_Dry,20903.9,24.0,Tier_1_Alliance,7,1.05,96.0,1.16,4768.5
SHP-13338,Shanghai,Rotterdam,19585.8,31,LCL_Consolidated,Perishable_Reefer,4330.1,11.4,Tier_2_Regional,2,0.9,82.0,1.2,4894.1
SHP-13339,Shanghai,Los Angeles,10539.5,17,40ft_Standard,General_Dry,18137.0,48.7,Tier_1_Alliance,11,1.05,99.8,1.2,7059.94
SHP-13340,Hamburg,Singapore,15761.2,23,LCL_Consolidated,Perishable_Reefer,3360.8,13.5,Tier_1_Alliance,6,1.05,86.1,1.31,6027.27
SHP-13341,Santos,Rotterdam,10122.4,21,40ft_Standard,Electronics,14373.8,61.1,Tier_1_Alliance,2,0.9,107.0,1.08,6305.59
SHP-13342,Nhava Sheva,Dubai,2171.1,8,LCL_Consolidated,Hazardous_Chemicals,2887.9,10.0,Tier_3_Spot,3,1.05,84.7,0.91,1569.19
SHP-13343,Shanghai,Rotterdam,19421.2,30,40ft_HighCube,Textiles,17489.2,59.7,Tier_3_Spot,6,1.05,91.5,1.18,7786.32
SHP-13344,Busan,Long Beach,9322.6,15,40ft_HighCube,Automotive,26989.7,53.7,Tier_2_Regional,8,1.25,93.9,1.08,8228.43
SHP-13345,Singapore,Fremantle,3985.7,9,40ft_HighCube,Electronics,14233.5,57.0,Tier_3_Spot,10,1.25,93.2,1.29,8005.27
SHP-13346,Shanghai,Los Angeles,10470.1,13,20ft_Standard,Automotive,4108.5,21.8,Tier_1_Alliance,5,1.05,87.3,1.19,4648.79
SHP-13347,Shanghai,Los Angeles,10476.3,16,20ft_Standard,Automotive,13234.8,32.3,Tier_1_Alliance,10,1.25,78.8,1.08,5808.23
SHP-13348,Santos,Rotterdam,10107.5,17,40ft_Standard,Automotive,18022.6,36.3,Tier_2_Regional,11,1.05,86.2,0.95,5121.27
SHP-13349,Busan,Long Beach,9444.7,15,40ft_HighCube,Electronics,15929.6,55.3,Tier_1_Alliance,7,1.05,96.8,0.91,6359.07
SHP-13350,Singapore,Fremantle,3935.1,11,LCL_Consolidated,Hazardous_Chemicals,2768.8,3.4,Tier_2_Regional,9,1.25,77.7,1.2,2737.21
SHP-13351,Santos,Rotterdam,10217.8,19,40ft_HighCube,General_Dry,14153.6,75.2,Tier_2_Regional,3,1.05,76.9,1.0,5729.99
SHP-13352,Chennai,Colombo,679.0,6,LCL_Consolidated,Hazardous_Chemicals,4069.5,8.8,Tier_1_Alliance,5,1.05,96.7,1.32,2644.4
SHP-13353,Chennai,Colombo,624.7,2,40ft_HighCube,Hazardous_Chemicals,22469.0,60.3,Tier_2_Regional,8,1.25,100.1,1.18,9756.91
SHP-13354,Chennai,Colombo,610.1,2,40ft_Standard,Textiles,11810.3,55.5,Tier_2_Regional,4,1.05,84.6,1.15,4451.0
SHP-13355,Busan,Long Beach,9315.3,14,LCL_Consolidated,Hazardous_Chemicals,4356.7,3.7,Tier_1_Alliance,8,1.25,77.7,1.21,4734.83
SHP-13356,Tokyo,Los Angeles,8706.9,11,LCL_Consolidated,Automotive,4345.9,7.4,Tier_3_Spot,6,1.05,107.7,0.98,2347.34
SHP-13357,Singapore,Fremantle,3851.3,8,20ft_Standard,Perishable_Reefer,9796.2,29.9,Tier_3_Spot,8,1.25,107.2,1.32,5763.37
SHP-13358,Tokyo,Los Angeles,8763.1,10,LCL_Consolidated,Automotive,1525.2,13.1,Tier_2_Regional,11,1.05,105.0,1.02,2604.2
SHP-13359,Nhava Sheva,New York,14112.1,25,20ft_Standard,Hazardous_Chemicals,18445.9,29.0,Tier_1_Alliance,10,1.25,89.1,1.22,10043.39
SHP-13360,Shanghai,Rotterdam,19455.7,31,40ft_Standard,General_Dry,9922.5,51.8,Tier_1_Alliance,2,0.9,90.2,1.35,7671.48
SHP-13361,Singapore,Fremantle,3883.1,11,20ft_Standard,Electronics,16727.9,30.5,Tier_1_Alliance,10,1.25,80.8,1.12,4953.99
SHP-13362,Shanghai,Rotterdam,19442.0,29,20ft_Standard,General_Dry,8849.1,24.0,Tier_1_Alliance,4,1.05,82.8,1.08,5287.71
SHP-13363,Chennai,Rotterdam,11528.6,24,40ft_HighCube,Textiles,16918.3,54.4,Tier_1_Alliance,6,1.05,104.7,1.03,6728.65
SHP-13364,Shanghai,Los Angeles,10400.6,14,20ft_Standard,Electronics,15762.9,29.3,Tier_2_Regional,10,1.25,97.5,0.97,5106.74
SHP-13365,Santos,Rotterdam,10150.0,19,20ft_Standard,Perishable_Reefer,16513.5,19.4,Tier_1_Alliance,5,1.05,80.2,1.09,5815.5
SHP-13366,Chennai,Rotterdam,11583.7,25,40ft_HighCube,Hazardous_Chemicals,22333.2,67.3,Tier_2_Regional,1,0.9,87.0,1.31,9992.26
SHP-13367,Nhava Sheva,Dubai,2185.3,8,20ft_Standard,General_Dry,13405.6,28.9,Tier_2_Regional,2,0.9,86.1,1.06,2428.49
SHP-13368,Nhava Sheva,New York,14152.0,25,40ft_Standard,General_Dry,10978.2,55.3,Tier_1_Alliance,8,1.25,84.2,0.92,6597.94
SHP-13369,Tokyo,Los Angeles,8708.3,14,40ft_HighCube,Perishable_Reefer,21960.2,47.7,Tier_2_Regional,12,1.05,106.4,1.06,8002.95
SHP-13370,Nhava Sheva,New York,14138.3,26,LCL_Consolidated,Perishable_Reefer,3788.7,2.1,Tier_2_Regional,9,1.25,84.3,1.39,5948.85
SHP-13371,Nhava Sheva,New York,14165.7,28,40ft_HighCube,Automotive,17906.4,64.0,Tier_1_Alliance,11,1.05,85.4,1.14,8562.84
SHP-13372,Shanghai,Los Angeles,10513.2,15,40ft_Standard,Textiles,18667.7,40.4,Tier_2_Regional,10,1.25,103.1,1.23,7787.1
SHP-13373,Nhava Sheva,New York,14230.1,26,40ft_HighCube,Automotive,15223.5,53.8,Tier_1_Alliance,2,0.9,79.8,1.16,7203.39
SHP-13374,Shanghai,Rotterdam,19538.7,30,40ft_Standard,Automotive,13121.2,40.4,Tier_1_Alliance,6,1.05,77.5,1.37,9656.06
SHP-13375,Shanghai,Los Angeles,10564.2,13,20ft_Standard,Perishable_Reefer,19020.5,17.7,Tier_2_Regional,10,1.25,104.5,1.23,7573.63
SHP-13376,Busan,Long Beach,9361.4,16,LCL_Consolidated,Perishable_Reefer,3309.1,8.5,Tier_2_Regional,12,1.05,91.5,1.13,3402.21
SHP-13377,Singapore,Fremantle,3824.9,10,LCL_Consolidated,Textiles,4772.4,13.4,Tier_2_Regional,7,1.05,83.2,1.03,1664.45
SHP-13378,Santos,Rotterdam,10215.3,19,40ft_Standard,Electronics,10046.2,55.9,Tier_3_Spot,2,0.9,75.5,0.91,4122.43
SHP-13379,Shanghai,Rotterdam,19576.5,28,20ft_Standard,Hazardous_Chemicals,17918.8,24.6,Tier_2_Regional,3,1.05,103.9,1.01,7362.51
SHP-13380,Shanghai,Los Angeles,10508.6,13,40ft_Standard,Electronics,23781.3,64.5,Tier_3_Spot,7,1.05,78.3,1.09,6665.86
SHP-13381,Nhava Sheva,New York,14225.9,26,20ft_Standard,Electronics,7444.1,30.0,Tier_2_Regional,5,1.05,77.7,1.17,5278.28
SHP-13382,Chennai,Colombo,710.0,5,LCL_Consolidated,Perishable_Reefer,1899.2,3.6,Tier_1_Alliance,12,1.05,79.1,1.42,1953.22
SHP-13383,Santos,Rotterdam,10232.1,21,LCL_Consolidated,Textiles,4594.7,7.1,Tier_3_Spot,7,1.05,104.8,1.04,2518.5
SHP-13384,Tokyo,Los Angeles,8840.2,13,LCL_Consolidated,Electronics,678.7,9.8,Tier_1_Alliance,3,1.05,100.6,1.34,3756.44
SHP-13385,Chennai,Rotterdam,11404.1,22,20ft_Standard,Hazardous_Chemicals,3336.1,27.1,Tier_1_Alliance,10,1.25,97.7,1.15,7648.31
SHP-13386,Shanghai,Los Angeles,10456.7,16,40ft_Standard,Hazardous_Chemicals,11291.2,46.1,Tier_2_Regional,2,0.9,87.7,1.32,7948.13
SHP-13387,Tokyo,Los Angeles,8818.5,11,40ft_Standard,Perishable_Reefer,21544.2,65.5,Tier_2_Regional,12,1.05,97.7,1.19,8809.42
SHP-13388,Shanghai,Rotterdam,19539.9,28,20ft_Standard,Automotive,17310.6,24.2,Tier_1_Alliance,4,1.05,104.7,1.23,7528.11
SHP-13389,Santos,Rotterdam,10225.3,20,LCL_Consolidated,Automotive,2651.5,13.8,Tier_1_Alliance,1,0.9,81.9,1.23,2990.9
SHP-13390,Nhava Sheva,Dubai,2070.5,7,40ft_Standard,General_Dry,19055.5,46.8,Tier_3_Spot,4,1.05,74.5,0.92,3390.75
SHP-13391,Hamburg,Singapore,15836.3,27,40ft_Standard,Textiles,19714.4,45.2,Tier_1_Alliance,5,1.05,97.5,1.27,8392.48
SHP-13392,Shanghai,Rotterdam,19401.4,30,20ft_Standard,Perishable_Reefer,9749.2,28.0,Tier_2_Regional,9,1.25,105.1,1.37,10581.86
SHP-13393,Singapore,Fremantle,3856.5,11,LCL_Consolidated,Electronics,2552.3,8.1,Tier_2_Regional,12,1.05,106.5,0.95,1803.55
SHP-13394,Nhava Sheva,New York,14147.5,25,40ft_HighCube,Automotive,11313.3,69.2,Tier_2_Regional,5,1.05,91.9,1.28,8746.54
SHP-13395,Singapore,Dubai,5949.7,10,40ft_HighCube,Automotive,16059.6,51.1,Tier_2_Regional,4,1.05,97.5,1.28,7006.84
SHP-13396,Singapore,Fremantle,3813.5,9,20ft_Standard,Automotive,6747.0,27.4,Tier_2_Regional,2,0.9,105.1,1.26,3305.37
SHP-13397,Nhava Sheva,New York,14105.2,28,LCL_Consolidated,Hazardous_Chemicals,982.6,4.8,Tier_2_Regional,7,1.05,80.3,1.29,4879.51
SHP-13398,Busan,Long Beach,9421.1,14,20ft_Standard,Hazardous_Chemicals,11842.3,23.9,Tier_1_Alliance,3,1.05,77.1,1.02,5530.04
SHP-13399,Hamburg,Singapore,15873.2,26,LCL_Consolidated,General_Dry,1394.2,13.5,Tier_3_Spot,11,1.05,78.2,1.22,3359.14
SHP-13400,Tokyo,Los Angeles,8722.4,14,20ft_Standard,Perishable_Reefer,18963.2,30.7,Tier_1_Alliance,10,1.25,95.5,1.19,8003.35
SHP-13401,Nhava Sheva,Dubai,2070.7,6,LCL_Consolidated,Textiles,4332.2,5.8,Tier_3_Spot,3,1.05,106.4,0.94,1335.9
SHP-13402,Shanghai,Los Angeles,10488.2,15,LCL_Consolidated,Electronics,4510.2,4.6,Tier_2_Regional,2,0.9,83.0,1.33,2990.02
SHP-13403,Nhava Sheva,Dubai,2047.7,4,20ft_Standard,Automotive,10249.5,32.5,Tier_3_Spot,1,0.9,101.4,1.28,3093.07
SHP-13404,Shanghai,Rotterdam,19556.3,31,40ft_HighCube,Textiles,10481.5,70.2,Tier_1_Alliance,9,1.25,75.4,1.31,11697.41
SHP-13405,Nhava Sheva,Dubai,2141.0,6,40ft_HighCube,Textiles,22195.2,73.4,Tier_1_Alliance,3,1.05,74.4,0.96,5264.03
SHP-13406,Nhava Sheva,New York,14241.3,25,20ft_Standard,Perishable_Reefer,5424.9,19.7,Tier_1_Alliance,7,1.05,74.3,1.22,6549.32
SHP-13407,Chennai,Colombo,656.6,3,40ft_Standard,General_Dry,18221.7,53.4,Tier_2_Regional,1,0.9,79.5,0.95,3238.21
SHP-13408,Chennai,Rotterdam,11456.0,23,LCL_Consolidated,Hazardous_Chemicals,3759.1,5.7,Tier_1_Alliance,3,1.05,75.8,1.1,4073.84
SHP-13409,Nhava Sheva,New York,14274.2,25,40ft_HighCube,Perishable_Reefer,11181.4,64.5,Tier_1_Alliance,2,0.9,79.2,1.01,7770.28
SHP-13410,Shanghai,Rotterdam,19466.8,30,40ft_HighCube,Electronics,22973.5,68.6,Tier_1_Alliance,3,1.05,96.6,0.95,8704.06
SHP-13411,Nhava Sheva,Dubai,2119.4,6,LCL_Consolidated,Textiles,1087.1,3.0,Tier_2_Regional,7,1.05,100.6,0.92,1147.21
SHP-13412,Tokyo,Los Angeles,8860.1,14,LCL_Consolidated,Textiles,4578.0,11.9,Tier_3_Spot,8,1.25,87.2,1.28,3367.94
SHP-13413,Shanghai,Rotterdam,19573.0,28,LCL_Consolidated,Perishable_Reefer,844.1,11.5,Tier_3_Spot,10,1.25,91.3,1.17,6076.55
SHP-13414,Singapore,Fremantle,3844.6,10,40ft_Standard,General_Dry,17120.2,42.2,Tier_2_Regional,5,1.05,85.0,1.2,4973.18
SHP-13415,Shanghai,Rotterdam,19468.3,31,LCL_Consolidated,Automotive,3403.4,11.5,Tier_1_Alliance,12,1.05,80.0,0.94,3917.97
SHP-13416,Tokyo,Los Angeles,8879.8,10,LCL_Consolidated,Automotive,2312.3,5.7,Tier_3_Spot,11,1.05,73.4,1.22,2473.37
SHP-13417,Nhava Sheva,New York,14169.6,28,40ft_HighCube,Automotive,21156.7,73.1,Tier_2_Regional,2,0.9,99.6,1.17,7340.77
SHP-13418,Shanghai,Rotterdam,19447.7,30,40ft_Standard,General_Dry,24209.5,61.5,Tier_2_Regional,10,1.25,78.9,1.01,7938.42
SHP-13419,Shanghai,Los Angeles,10489.6,17,40ft_HighCube,Hazardous_Chemicals,26976.8,52.1,Tier_1_Alliance,6,1.05,102.5,1.36,13094.69
SHP-13420,Chennai,Rotterdam,11428.1,21,LCL_Consolidated,Textiles,3954.8,4.4,Tier_1_Alliance,9,1.25,95.6,0.98,3219.45
SHP-13421,Santos,Rotterdam,10279.1,19,40ft_HighCube,Textiles,23603.7,65.9,Tier_2_Regional,5,1.05,82.2,1.29,7848.51
SHP-13422,Chennai,Rotterdam,11490.0,25,LCL_Consolidated,Perishable_Reefer,3643.4,8.0,Tier_2_Regional,9,1.25,91.4,1.31,5289.93
SHP-13423,Shanghai,Los Angeles,10528.9,14,20ft_Standard,General_Dry,3696.6,29.0,Tier_3_Spot,11,1.05,96.0,1.38,4466.57
SHP-13424,Chennai,Rotterdam,11553.8,25,40ft_HighCube,Perishable_Reefer,27769.0,69.3,Tier_1_Alliance,5,1.05,86.5,1.25,11775.25
SHP-13425,Shanghai,Rotterdam,19533.7,31,20ft_Standard,Hazardous_Chemicals,19967.0,15.4,Tier_1_Alliance,12,1.05,107.5,1.18,9437.04
SHP-13426,Hamburg,Singapore,15796.7,27,LCL_Consolidated,Hazardous_Chemicals,1170.2,7.2,Tier_2_Regional,5,1.05,82.8,1.39,5766.53
SHP-13427,Chennai,Colombo,561.9,4,LCL_Consolidated,Perishable_Reefer,1017.4,2.2,Tier_1_Alliance,2,0.9,90.1,1.13,1416.48
SHP-13428,Chennai,Rotterdam,11446.2,22,40ft_HighCube,Perishable_Reefer,22472.9,65.4,Tier_1_Alliance,4,1.05,100.3,0.9,8349.83
SHP-13429,Nhava Sheva,Dubai,2026.9,7,LCL_Consolidated,Automotive,4963.4,12.5,Tier_3_Spot,11,1.05,104.1,1.2,2002.75
SHP-13430,Santos,Rotterdam,10112.0,18,20ft_Standard,Hazardous_Chemicals,12241.7,16.8,Tier_1_Alliance,8,1.25,87.9,1.2,7765.18
SHP-13431,Busan,Long Beach,9400.0,16,40ft_Standard,Hazardous_Chemicals,23146.7,40.1,Tier_2_Regional,8,1.25,72.8,1.34,11448.73
SHP-13432,Nhava Sheva,New York,14121.1,26,20ft_Standard,General_Dry,10668.1,32.6,Tier_3_Spot,4,1.05,76.9,0.93,3539.13
SHP-13433,Singapore,Dubai,5984.5,12,40ft_HighCube,General_Dry,24168.5,50.1,Tier_3_Spot,6,1.05,93.4,1.36,6716.25
SHP-13434,Chennai,Colombo,561.4,3,40ft_HighCube,Electronics,14874.6,67.6,Tier_2_Regional,3,1.05,84.7,1.09,5751.32
SHP-13435,Santos,Rotterdam,10193.8,17,40ft_HighCube,Electronics,12485.3,47.8,Tier_2_Regional,11,1.05,96.2,0.99,6124.8
SHP-13436,Nhava Sheva,New York,14264.3,27,20ft_Standard,Textiles,5043.8,30.0,Tier_1_Alliance,1,0.9,95.0,0.89,3415.58
SHP-13437,Chennai,Rotterdam,11497.8,22,LCL_Consolidated,Textiles,1417.6,11.4,Tier_3_Spot,6,1.05,103.4,0.98,2374.56
SHP-13438,Santos,Rotterdam,10161.9,18,LCL_Consolidated,Perishable_Reefer,4938.5,4.9,Tier_3_Spot,6,1.05,101.4,1.18,3555.14
SHP-13439,Santos,Rotterdam,10127.2,20,20ft_Standard,General_Dry,4956.0,27.3,Tier_2_Regional,11,1.05,99.5,1.19,4092.69
SHP-13440,Singapore,Fremantle,3862.2,8,LCL_Consolidated,Textiles,2902.7,12.2,Tier_1_Alliance,6,1.05,83.3,1.12,1947.09
SHP-13441,Shanghai,Rotterdam,19507.1,28,LCL_Consolidated,Automotive,3739.3,9.5,Tier_1_Alliance,1,0.9,91.2,1.03,3741.91
SHP-13442,Singapore,Fremantle,3916.1,9,20ft_Standard,Electronics,5404.2,21.3,Tier_1_Alliance,6,1.05,93.4,1.33,4239.31
SHP-13443,Tokyo,Los Angeles,8711.2,11,40ft_HighCube,Textiles,19143.7,45.9,Tier_1_Alliance,1,0.9,105.3,1.15,6105.54
SHP-13444,Chennai,Rotterdam,11574.6,25,20ft_Standard,Automotive,18885.4,26.3,Tier_3_Spot,8,1.25,101.1,1.07,5430.0
SHP-13445,Singapore,Dubai,5982.4,11,40ft_Standard,Hazardous_Chemicals,20622.2,50.8,Tier_3_Spot,8,1.25,81.1,1.3,9806.72
SHP-13446,Singapore,Dubai,5913.1,11,40ft_Standard,General_Dry,15688.5,60.8,Tier_2_Regional,1,0.9,87.7,1.09,4420.98
SHP-13447,Tokyo,Los Angeles,8874.8,11,LCL_Consolidated,Hazardous_Chemicals,2454.8,13.5,Tier_3_Spot,11,1.05,88.5,1.32,3941.84
SHP-13448,Nhava Sheva,Dubai,2099.4,8,40ft_Standard,Automotive,24257.8,62.7,Tier_2_Regional,11,1.05,101.0,0.89,4609.39
SHP-13449,Nhava Sheva,New York,14127.9,25,40ft_HighCube,General_Dry,12828.9,56.2,Tier_2_Regional,6,1.05,98.3,1.21,7260.25
SHP-13450,Chennai,Rotterdam,11418.5,24,20ft_Standard,Automotive,18379.8,29.7,Tier_3_Spot,3,1.05,102.3,1.28,5448.79
SHP-13451,Chennai,Colombo,556.2,6,40ft_Standard,Perishable_Reefer,14490.2,65.0,Tier_1_Alliance,2,0.9,97.4,1.04,5507.54
SHP-13452,Nhava Sheva,New York,14237.1,25,40ft_Standard,Electronics,9056.9,61.4,Tier_2_Regional,12,1.05,96.5,1.25,8064.75
SHP-13453,Singapore,Fremantle,3859.4,11,40ft_HighCube,Hazardous_Chemicals,18278.7,62.8,Tier_1_Alliance,3,1.05,96.7,1.01,8128.5
SHP-13454,Nhava Sheva,New York,14257.3,28,40ft_HighCube,Automotive,23066.4,55.4,Tier_2_Regional,5,1.05,93.8,1.28,8804.65
SHP-13455,Shanghai,Rotterdam,19542.3,29,LCL_Consolidated,Textiles,4441.3,4.1,Tier_3_Spot,12,1.05,78.9,0.94,3102.16
SHP-13456,Busan,Long Beach,9474.8,13,LCL_Consolidated,Textiles,2880.9,3.6,Tier_1_Alliance,3,1.05,105.5,1.03,2675.07
SHP-13457,Chennai,Rotterdam,11432.3,25,40ft_Standard,Perishable_Reefer,24456.1,50.2,Tier_3_Spot,2,0.9,88.6,1.38,8297.48
SHP-13458,Singapore,Dubai,5942.1,11,20ft_Standard,Hazardous_Chemicals,19614.3,21.1,Tier_3_Spot,6,1.05,75.6,0.97,4112.39
SHP-13459,Hamburg,Singapore,15746.3,23,20ft_Standard,General_Dry,3117.9,17.4,Tier_2_Regional,3,1.05,91.1,1.21,4544.21
SHP-13460,Chennai,Rotterdam,11495.4,23,40ft_HighCube,Automotive,13054.7,74.3,Tier_2_Regional,9,1.25,107.2,1.39,11203.2
SHP-13461,Chennai,Colombo,706.0,5,LCL_Consolidated,Perishable_Reefer,1321.5,9.5,Tier_2_Regional,6,1.05,97.2,1.0,1659.51
SHP-13462,Nhava Sheva,Dubai,2164.0,7,40ft_Standard,Textiles,20878.1,51.6,Tier_1_Alliance,4,1.05,93.9,1.3,6357.26
SHP-13463,Singapore,Fremantle,3837.4,9,20ft_Standard,General_Dry,5483.2,15.0,Tier_1_Alliance,8,1.25,99.2,0.92,2990.92
SHP-13464,Nhava Sheva,Dubai,2178.8,6,LCL_Consolidated,Automotive,4042.8,13.7,Tier_3_Spot,6,1.05,79.8,1.15,1635.64
SHP-13465,Shanghai,Rotterdam,19580.5,30,40ft_Standard,General_Dry,14409.7,35.1,Tier_1_Alliance,10,1.25,92.1,0.92,7111.57
SHP-13466,Chennai,Colombo,594.4,6,40ft_HighCube,General_Dry,21208.5,71.1,Tier_2_Regional,8,1.25,88.2,1.33,7635.31
SHP-13467,Nhava Sheva,Dubai,2021.1,5,LCL_Consolidated,Electronics,4736.0,10.9,Tier_2_Regional,9,1.25,84.2,1.36,2545.04
SHP-13468,Shanghai,Los Angeles,10536.9,16,40ft_HighCube,Automotive,24930.2,66.6,Tier_3_Spot,9,1.25,77.4,1.17,8635.84
SHP-13469,Chennai,Rotterdam,11400.1,21,LCL_Consolidated,Electronics,623.8,9.9,Tier_1_Alliance,8,1.25,75.1,0.96,3285.01
SHP-13470,Nhava Sheva,New York,14204.5,27,40ft_HighCube,Electronics,20731.8,64.9,Tier_1_Alliance,6,1.05,92.5,1.3,10575.25
SHP-13471,Shanghai,Los Angeles,10446.9,13,40ft_HighCube,Automotive,19289.7,59.4,Tier_3_Spot,6,1.05,76.1,1.07,6249.58
SHP-13472,Singapore,Fremantle,3805.9,8,40ft_Standard,General_Dry,17463.9,36.8,Tier_3_Spot,7,1.05,103.1,1.36,5404.47
SHP-13473,Singapore,Dubai,5987.8,12,40ft_HighCube,General_Dry,27185.4,67.8,Tier_1_Alliance,2,0.9,106.1,1.38,7526.37
SHP-13474,Chennai,Rotterdam,11488.7,25,LCL_Consolidated,Perishable_Reefer,2073.0,10.4,Tier_3_Spot,8,1.25,83.7,1.25,4537.9
SHP-13475,Shanghai,Rotterdam,19589.9,27,40ft_HighCube,Automotive,15465.9,46.3,Tier_1_Alliance,10,1.25,101.8,1.12,10663.91
SHP-13476,Nhava Sheva,Dubai,2078.2,8,40ft_HighCube,Textiles,12302.8,50.5,Tier_2_Regional,7,1.05,106.4,0.94,4334.44
SHP-13477,Nhava Sheva,New York,14157.6,26,20ft_Standard,Hazardous_Chemicals,14723.4,19.9,Tier_1_Alliance,11,1.05,83.7,0.9,5659.41
SHP-13478,Busan,Long Beach,9351.9,15,40ft_Standard,General_Dry,23781.4,43.3,Tier_2_Regional,4,1.05,105.4,1.21,6446.3
SHP-13479,Nhava Sheva,Dubai,2171.7,6,20ft_Standard,Perishable_Reefer,16538.8,21.8,Tier_3_Spot,5,1.05,106.9,1.12,4072.4
SHP-13480,Santos,Rotterdam,10211.9,20,40ft_HighCube,Automotive,18037.3,64.2,Tier_2_Regional,2,0.9,74.0,1.23,6546.26
SHP-13481,Hamburg,Singapore,15791.5,24,LCL_Consolidated,Hazardous_Chemicals,2768.0,9.5,Tier_1_Alliance,11,1.05,92.8,1.17,5570.91
SHP-13482,Shanghai,Rotterdam,19443.3,30,20ft_Standard,General_Dry,8017.3,18.8,Tier_1_Alliance,2,0.9,87.5,1.02,4248.41
SHP-13483,Santos,Rotterdam,10234.0,21,40ft_Standard,Hazardous_Chemicals,25758.2,49.0,Tier_1_Alliance,1,0.9,81.7,0.88,6460.99
SHP-13484,Chennai,Rotterdam,11496.5,25,40ft_Standard,Perishable_Reefer,9228.9,51.3,Tier_2_Regional,8,1.25,85.4,1.3,10395.72
SHP-13485,Shanghai,Los Angeles,10597.2,17,40ft_Standard,General_Dry,20028.1,65.4,Tier_1_Alliance,3,1.05,88.9,0.99,6050.02
SHP-13486,Shanghai,Rotterdam,19555.3,27,40ft_Standard,Hazardous_Chemicals,24038.5,66.7,Tier_2_Regional,2,0.9,77.6,1.01,8533.23
SHP-13487,Chennai,Rotterdam,11510.5,23,LCL_Consolidated,Textiles,4381.4,6.2,Tier_3_Spot,10,1.25,76.1,1.01,2752.23
SHP-13488,Busan,Long Beach,9361.0,14,LCL_Consolidated,Perishable_Reefer,531.1,8.5,Tier_1_Alliance,12,1.05,102.7,1.35,4448.17
SHP-13489,Shanghai,Rotterdam,19583.4,31,40ft_Standard,Perishable_Reefer,18903.5,57.3,Tier_3_Spot,4,1.05,73.1,1.37,10951.36
SHP-13490,Singapore,Dubai,5814.6,10,LCL_Consolidated,Hazardous_Chemicals,1350.7,9.1,Tier_3_Spot,6,1.05,87.6,1.39,3212.79
SHP-13491,Singapore,Dubai,5923.3,13,LCL_Consolidated,Textiles,4173.7,2.3,Tier_2_Regional,8,1.25,100.8,1.11,2432.3
SHP-13492,Chennai,Rotterdam,11499.7,24,20ft_Standard,Hazardous_Chemicals,7455.4,23.0,Tier_1_Alliance,1,0.9,100.2,1.28,6357.79
SHP-13493,Nhava Sheva,New York,14245.9,28,40ft_HighCube,Hazardous_Chemicals,16975.3,58.6,Tier_1_Alliance,11,1.05,98.2,1.33,13201.47
SHP-13494,Hamburg,Singapore,15747.7,26,LCL_Consolidated,Electronics,4579.5,12.7,Tier_1_Alliance,12,1.05,89.6,1.04,4153.22
SHP-13495,Chennai,Rotterdam,11547.8,23,40ft_HighCube,Automotive,17723.5,61.2,Tier_2_Regional,5,1.05,99.4,1.27,8436.28
SHP-13496,Singapore,Dubai,5813.4,10,LCL_Consolidated,Automotive,4470.7,9.5,Tier_2_Regional,5,1.05,75.9,1.28,2464.7
SHP-13497,Tokyo,Los Angeles,8800.1,11,LCL_Consolidated,Electronics,1662.1,8.9,Tier_3_Spot,2,0.9,94.8,0.95,1883.48
SHP-13498,Busan,Long Beach,9343.8,16,40ft_Standard,General_Dry,18137.4,35.8,Tier_2_Regional,8,1.25,97.2,0.95,5497.43
SHP-13499,Shanghai,Los Angeles,10532.4,13,40ft_HighCube,Textiles,27065.4,53.0,Tier_2_Regional,6,1.05,87.1,1.38,8328.01
SHP-13500,Chennai,Colombo,564.2,4,20ft_Standard,Textiles,14698.3,21.8,Tier_2_Regional,1,0.9,82.7,1.11,2333.11
SHP-13501,Singapore,Fremantle,3967.6,11,20ft_Standard,General_Dry,15341.2,28.3,Tier_2_Regional,6,1.05,87.8,1.1,3224.46
SHP-13502,Santos,Rotterdam,10289.2,20,40ft_HighCube,Perishable_Reefer,17794.4,57.4,Tier_3_Spot,5,1.05,89.3,1.09,7827.57
SHP-13503,Tokyo,Los Angeles,8770.6,10,40ft_HighCube,Textiles,20550.1,54.6,Tier_1_Alliance,6,1.05,105.4,0.92,5861.57
SHP-13504,Shanghai,Rotterdam,19412.4,31,LCL_Consolidated,Automotive,3169.8,8.0,Tier_1_Alliance,3,1.05,88.8,1.04,4316.24
SHP-13505,Singapore,Dubai,5828.3,9,LCL_Consolidated,General_Dry,3649.2,6.3,Tier_3_Spot,1,0.9,86.9,1.21,1626.33
SHP-13506,Singapore,Fremantle,3965.4,10,40ft_Standard,Textiles,15772.3,56.9,Tier_3_Spot,1,0.9,74.2,1.31,4648.54
SHP-13507,Shanghai,Los Angeles,10461.1,16,40ft_Standard,Automotive,12423.6,60.6,Tier_1_Alliance,2,0.9,81.2,0.91,4838.97
SHP-13508,Nhava Sheva,New York,14208.8,26,40ft_Standard,Electronics,24143.1,38.5,Tier_1_Alliance,2,0.9,100.8,1.15,7226.74
SHP-13509,Santos,Rotterdam,10104.3,19,40ft_HighCube,Automotive,15820.9,61.2,Tier_3_Spot,6,1.05,85.4,1.26,7271.55
SHP-13510,Shanghai,Rotterdam,19430.7,30,20ft_Standard,Hazardous_Chemicals,7976.6,22.4,Tier_1_Alliance,8,1.25,105.7,1.07,9517.64
SHP-13511,Busan,Long Beach,9490.7,13,40ft_HighCube,General_Dry,27237.6,72.3,Tier_2_Regional,4,1.05,95.4,1.13,7005.74
SHP-13512,Nhava Sheva,New York,14231.3,27,40ft_HighCube,Perishable_Reefer,26449.6,58.4,Tier_2_Regional,4,1.05,95.7,0.99,8814.08
SHP-13513,Tokyo,Los Angeles,8842.4,14,40ft_HighCube,Textiles,19669.6,65.6,Tier_3_Spot,2,0.9,88.7,1.17,5394.79
SHP-13514,Shanghai,Los Angeles,10465.4,16,20ft_Standard,Textiles,13800.1,28.5,Tier_1_Alliance,2,0.9,99.9,1.37,5053.31
SHP-13515,Hamburg,Singapore,15725.8,26,40ft_HighCube,Textiles,17576.3,74.4,Tier_2_Regional,10,1.25,79.1,1.31,10446.7
SHP-13516,Santos,Rotterdam,10287.2,19,40ft_Standard,Perishable_Reefer,23480.1,61.8,Tier_3_Spot,8,1.25,106.8,1.13,9754.9
SHP-13517,Hamburg,Singapore,15796.3,27,20ft_Standard,General_Dry,5360.1,32.8,Tier_1_Alliance,8,1.25,101.3,1.21,6780.7
SHP-13518,Chennai,Rotterdam,11535.9,25,40ft_HighCube,Textiles,22169.7,48.9,Tier_3_Spot,1,0.9,78.8,1.4,6638.77
SHP-13519,Chennai,Colombo,581.8,3,20ft_Standard,Hazardous_Chemicals,4354.2,15.7,Tier_3_Spot,5,1.05,104.4,1.27,3454.54
SHP-13520,Hamburg,Singapore,15734.3,25,40ft_HighCube,Perishable_Reefer,13291.7,46.1,Tier_3_Spot,7,1.05,84.1,1.1,8275.46
SHP-13521,Santos,Rotterdam,10258.4,21,40ft_Standard,Textiles,8656.5,40.0,Tier_2_Regional,4,1.05,98.3,1.09,5143.75
SHP-13522,Shanghai,Rotterdam,19448.1,31,20ft_Standard,Hazardous_Chemicals,7230.3,26.6,Tier_1_Alliance,6,1.05,83.3,1.34,9603.49
SHP-13523,Tokyo,Los Angeles,8867.6,10,40ft_HighCube,Electronics,12540.6,53.8,Tier_1_Alliance,5,1.05,78.8,1.39,9129.19
SHP-13524,Chennai,Rotterdam,11497.6,23,20ft_Standard,Textiles,6822.4,30.6,Tier_3_Spot,3,1.05,90.6,1.34,4653.78
SHP-13525,Santos,Rotterdam,10288.1,21,LCL_Consolidated,General_Dry,1692.5,2.0,Tier_1_Alliance,4,1.05,75.1,1.37,3013.94
SHP-13526,Chennai,Rotterdam,11493.6,21,40ft_Standard,Electronics,13913.8,57.1,Tier_3_Spot,3,1.05,99.2,1.14,6629.12
SHP-13527,Santos,Rotterdam,10228.6,20,LCL_Consolidated,Hazardous_Chemicals,1657.6,6.8,Tier_2_Regional,8,1.25,76.6,1.07,4014.89
SHP-13528,Nhava Sheva,Dubai,2067.5,6,20ft_Standard,Hazardous_Chemicals,19877.0,18.2,Tier_2_Regional,7,1.05,86.6,0.94,3582.55
SHP-13529,Santos,Rotterdam,10149.4,18,40ft_Standard,Automotive,11226.2,57.6,Tier_2_Regional,3,1.05,106.6,1.07,6080.59
SHP-13530,Santos,Rotterdam,10119.6,19,40ft_Standard,Textiles,18249.1,49.0,Tier_1_Alliance,8,1.25,94.3,1.28,8952.7
SHP-13531,Singapore,Fremantle,3928.8,9,40ft_Standard,Hazardous_Chemicals,16516.8,41.9,Tier_2_Regional,10,1.25,74.5,0.95,6735.07
SHP-13532,Singapore,Fremantle,3972.9,8,LCL_Consolidated,General_Dry,3202.3,3.8,Tier_3_Spot,8,1.25,84.5,1.01,1598.28
SHP-13533,Busan,Long Beach,9457.5,14,LCL_Consolidated,Textiles,4770.2,11.6,Tier_1_Alliance,2,0.9,100.4,0.93,2129.01
SHP-13534,Santos,Rotterdam,10137.4,18,20ft_Standard,Textiles,18414.7,28.0,Tier_2_Regional,6,1.05,93.5,0.9,3650.41
SHP-13535,Busan,Long Beach,9355.2,14,40ft_Standard,Perishable_Reefer,23777.9,47.6,Tier_2_Regional,5,1.05,81.0,1.32,9248.06
SHP-13536,Busan,Long Beach,9455.6,15,20ft_Standard,Hazardous_Chemicals,5813.6,28.7,Tier_1_Alliance,12,1.05,72.3,0.91,4630.2
SHP-13537,Santos,Rotterdam,10130.0,20,LCL_Consolidated,Textiles,1575.4,3.9,Tier_3_Spot,9,1.25,73.7,1.22,2785.71
SHP-13538,Chennai,Colombo,734.3,4,LCL_Consolidated,General_Dry,3207.1,4.6,Tier_1_Alliance,9,1.25,99.0,1.0,1523.33
SHP-13539,Chennai,Rotterdam,11408.7,21,20ft_Standard,Textiles,6810.7,32.6,Tier_2_Regional,6,1.05,90.5,1.34,5010.56
SHP-13540,Santos,Rotterdam,10291.5,20,40ft_HighCube,Hazardous_Chemicals,16654.2,57.8,Tier_2_Regional,8,1.25,78.0,1.24,11856.75
SHP-13541,Chennai,Colombo,680.8,3,40ft_HighCube,Hazardous_Chemicals,21479.0,51.8,Tier_2_Regional,12,1.05,82.3,1.08,7028.05
SHP-13542,Santos,Rotterdam,10257.8,20,40ft_HighCube,General_Dry,15340.4,57.7,Tier_2_Regional,4,1.05,84.0,1.13,6290.72
SHP-13543,Chennai,Colombo,590.8,2,40ft_HighCube,General_Dry,25176.3,60.5,Tier_3_Spot,10,1.25,96.3,1.07,5752.65
SHP-13544,Singapore,Fremantle,3872.2,11,LCL_Consolidated,Hazardous_Chemicals,556.7,11.4,Tier_2_Regional,11,1.05,105.2,1.38,3333.83
SHP-13545,Nhava Sheva,Dubai,2141.1,7,40ft_HighCube,Electronics,20248.6,57.3,Tier_1_Alliance,5,1.05,90.6,1.22,7366.48
SHP-13546,Nhava Sheva,New York,14101.7,26,40ft_Standard,Electronics,9666.5,43.5,Tier_2_Regional,6,1.05,89.3,1.2,7241.14
SHP-13547,Shanghai,Rotterdam,19567.8,28,LCL_Consolidated,Textiles,1534.3,6.8,Tier_1_Alliance,1,0.9,81.8,1.03,3358.07
SHP-13548,Hamburg,Singapore,15761.4,23,40ft_Standard,Automotive,8832.3,37.5,Tier_2_Regional,8,1.25,77.6,1.2,8099.21
SHP-13549,Shanghai,Los Angeles,10424.4,17,40ft_Standard,Hazardous_Chemicals,21629.8,45.0,Tier_3_Spot,11,1.05,78.8,0.96,6711.17
SHP-13550,Singapore,Fremantle,3927.6,7,20ft_Standard,Textiles,15006.9,31.8,Tier_3_Spot,10,1.25,86.2,0.95,3215.82
SHP-13551,Singapore,Dubai,5805.1,12,40ft_HighCube,Electronics,10979.8,61.9,Tier_3_Spot,9,1.25,105.6,1.24,8043.75
SHP-13552,Santos,Rotterdam,10158.8,20,LCL_Consolidated,Perishable_Reefer,3306.7,2.6,Tier_3_Spot,8,1.25,90.2,1.05,3525.84
SHP-13553,Hamburg,Singapore,15786.2,26,LCL_Consolidated,Automotive,3595.2,4.7,Tier_2_Regional,11,1.05,101.5,1.25,4317.85
SHP-13554,Singapore,Fremantle,3926.8,8,LCL_Consolidated,Automotive,4454.6,10.9,Tier_1_Alliance,12,1.05,72.6,1.06,1828.89
SHP-13555,Singapore,Fremantle,3836.2,10,40ft_Standard,Automotive,22269.6,47.1,Tier_2_Regional,10,1.25,99.0,0.96,5733.63
SHP-13556,Shanghai,Los Angeles,10465.5,14,LCL_Consolidated,Electronics,4754.7,10.6,Tier_3_Spot,7,1.05,105.2,1.32,3713.16
SHP-13557,Singapore,Fremantle,3942.3,10,20ft_Standard,Textiles,7868.7,18.2,Tier_3_Spot,11,1.05,96.5,1.02,2519.14
SHP-13558,Singapore,Dubai,5975.0,12,LCL_Consolidated,Perishable_Reefer,706.9,3.2,Tier_1_Alliance,5,1.05,93.6,1.28,3130.14
SHP-13559,Nhava Sheva,New York,14209.4,28,LCL_Consolidated,Electronics,4161.9,6.6,Tier_3_Spot,12,1.05,98.9,1.26,3882.96
SHP-13560,Chennai,Colombo,738.5,6,40ft_Standard,Hazardous_Chemicals,18873.3,66.5,Tier_2_Regional,1,0.9,99.1,1.25,6874.79
SHP-13561,Santos,Rotterdam,10235.2,21,40ft_HighCube,General_Dry,27227.4,64.3,Tier_3_Spot,6,1.05,87.0,0.93,5295.6
SHP-13562,Santos,Rotterdam,10159.9,17,40ft_Standard,Textiles,12236.0,38.2,Tier_3_Spot,4,1.05,91.6,0.95,4225.57
SHP-13563,Singapore,Fremantle,3948.2,9,LCL_Consolidated,Perishable_Reefer,806.5,3.6,Tier_3_Spot,4,1.05,89.8,1.15,2056.66
SHP-13564,Nhava Sheva,Dubai,2126.3,8,20ft_Standard,General_Dry,18779.8,17.9,Tier_3_Spot,1,0.9,74.8,1.0,2092.49
SHP-13565,Tokyo,Los Angeles,8852.9,11,20ft_Standard,General_Dry,5759.2,25.4,Tier_3_Spot,6,1.05,77.5,0.92,2655.66
SHP-13566,Nhava Sheva,Dubai,2048.5,7,40ft_Standard,Textiles,13239.6,35.2,Tier_1_Alliance,9,1.25,78.4,0.97,4703.13
SHP-13567,Chennai,Rotterdam,11436.7,21,LCL_Consolidated,Perishable_Reefer,657.3,3.3,Tier_1_Alliance,10,1.25,84.5,0.89,3582.64
SHP-13568,Nhava Sheva,Dubai,2019.5,7,LCL_Consolidated,Textiles,2294.8,8.9,Tier_2_Regional,12,1.05,72.5,1.26,1470.34
SHP-13569,Busan,Long Beach,9321.0,16,20ft_Standard,Perishable_Reefer,18638.8,30.2,Tier_2_Regional,4,1.05,101.5,0.97,5136.47
SHP-13570,Singapore,Dubai,5970.0,13,40ft_Standard,Hazardous_Chemicals,22114.8,51.3,Tier_1_Alliance,8,1.25,76.1,1.37,12232.16
SHP-13571,Shanghai,Rotterdam,19456.9,30,40ft_HighCube,Perishable_Reefer,12074.8,59.4,Tier_3_Spot,11,1.05,74.1,1.27,10512.82
SHP-13572,Tokyo,Los Angeles,8790.4,11,LCL_Consolidated,Electronics,4853.1,12.9,Tier_3_Spot,5,1.05,73.9,1.22,2846.44
SHP-13573,Santos,Rotterdam,10298.3,21,20ft_Standard,Automotive,6637.9,26.3,Tier_3_Spot,10,1.25,95.1,0.98,4167.49
SHP-13574,Nhava Sheva,Dubai,2033.5,7,20ft_Standard,General_Dry,18500.2,30.7,Tier_2_Regional,4,1.05,78.4,1.26,3462.89
SHP-13575,Tokyo,Los Angeles,8746.7,12,40ft_Standard,Textiles,14918.8,46.6,Tier_2_Regional,11,1.05,103.3,1.36,6854.18
SHP-13576,Nhava Sheva,New York,14144.0,25,LCL_Consolidated,Perishable_Reefer,2058.5,5.5,Tier_3_Spot,9,1.25,106.4,1.28,5481.81
SHP-13577,Shanghai,Los Angeles,10578.1,16,20ft_Standard,General_Dry,16634.2,22.2,Tier_3_Spot,9,1.25,76.0,1.31,5247.73
SHP-13578,Chennai,Colombo,708.9,6,LCL_Consolidated,Textiles,4788.9,2.1,Tier_1_Alliance,6,1.05,75.5,0.98,1025.39
SHP-13579,Hamburg,Singapore,15874.9,24,LCL_Consolidated,Perishable_Reefer,4008.7,4.0,Tier_1_Alliance,1,0.9,94.1,1.04,3941.01
SHP-13580,Chennai,Colombo,687.2,4,40ft_Standard,Textiles,13092.4,56.6,Tier_1_Alliance,6,1.05,100.5,0.92,4264.94
SHP-13581,Tokyo,Los Angeles,8756.2,10,20ft_Standard,Textiles,3494.4,20.8,Tier_2_Regional,6,1.05,72.1,1.02,3020.41
SHP-13582,Shanghai,Rotterdam,19432.8,29,LCL_Consolidated,Perishable_Reefer,780.3,11.4,Tier_2_Regional,9,1.25,81.0,1.12,6120.11
SHP-13583,Chennai,Colombo,559.9,2,40ft_Standard,General_Dry,16091.1,43.7,Tier_3_Spot,5,1.05,101.9,1.06,3824.29
SHP-13584,Tokyo,Los Angeles,8746.5,12,20ft_Standard,General_Dry,19249.9,23.0,Tier_2_Regional,8,1.25,95.1,1.41,6134.66
SHP-13585,Nhava Sheva,Dubai,2186.0,5,40ft_Standard,Automotive,10120.5,57.1,Tier_1_Alliance,4,1.05,76.7,1.07,5014.65
SHP-13586,Nhava Sheva,New York,14250.3,25,40ft_Standard,Hazardous_Chemicals,15689.2,41.3,Tier_1_Alliance,7,1.05,91.2,0.92,7958.97
SHP-13587,Singapore,Fremantle,3919.3,9,20ft_Standard,Electronics,3746.2,20.7,Tier_2_Regional,2,0.9,96.3,1.22,2924.82
SHP-13588,Singapore,Dubai,5971.2,12,20ft_Standard,Textiles,11296.0,27.0,Tier_1_Alliance,5,1.05,91.5,1.39,4848.87
SHP-13589,Chennai,Colombo,663.3,6,LCL_Consolidated,Electronics,3458.1,4.0,Tier_3_Spot,5,1.05,101.9,1.12,1404.43
SHP-13590,Santos,Rotterdam,10220.8,19,40ft_HighCube,Automotive,11444.5,52.6,Tier_3_Spot,11,1.05,90.8,1.19,6625.19
SHP-13591,Nhava Sheva,New York,14120.0,27,40ft_HighCube,Textiles,18997.3,66.6,Tier_2_Regional,8,1.25,87.8,1.37,10569.44
SHP-13592,Singapore,Fremantle,3972.1,8,40ft_HighCube,Automotive,23280.3,48.0,Tier_2_Regional,1,0.9,92.5,1.31,6199.86
SHP-13593,Chennai,Colombo,634.4,4,20ft_Standard,Perishable_Reefer,16650.9,15.7,Tier_2_Regional,3,1.05,96.0,1.18,3806.7
SHP-13594,Singapore,Dubai,5940.8,11,40ft_Standard,Hazardous_Chemicals,17086.4,40.2,Tier_2_Regional,8,1.25,95.7,1.05,8174.86
SHP-13595,Nhava Sheva,Dubai,2145.7,4,40ft_HighCube,Textiles,21598.0,50.7,Tier_3_Spot,5,1.05,90.9,1.18,5345.2
SHP-13596,Nhava Sheva,Dubai,2072.2,8,LCL_Consolidated,Electronics,4807.9,9.4,Tier_2_Regional,4,1.05,79.7,1.27,1863.58
SHP-13597,Busan,Long Beach,9394.5,12,40ft_Standard,Textiles,8540.2,61.1,Tier_2_Regional,4,1.05,92.7,1.1,5609.01
SHP-13598,Hamburg,Singapore,15739.1,27,40ft_HighCube,Perishable_Reefer,19606.9,53.3,Tier_2_Regional,11,1.05,88.4,1.2,10250.51
SHP-13599,Nhava Sheva,Dubai,2063.8,7,40ft_HighCube,Electronics,14315.4,47.4,Tier_3_Spot,12,1.05,91.9,1.24,5827.76
SHP-13600,Hamburg,Singapore,15733.2,24,LCL_Consolidated,Electronics,4879.9,12.4,Tier_2_Regional,4,1.05,102.8,1.36,5049.69
SHP-13601,Hamburg,Singapore,15826.2,23,20ft_Standard,Perishable_Reefer,6499.8,19.9,Tier_2_Regional,1,0.9,76.2,1.25,5529.5
SHP-13602,Shanghai,Los Angeles,10418.4,16,40ft_Standard,Hazardous_Chemicals,25729.1,40.7,Tier_3_Spot,7,1.05,79.6,0.97,6973.01
SHP-13603,Tokyo,Los Angeles,8811.3,11,40ft_Standard,Electronics,16268.7,44.1,Tier_2_Regional,5,1.05,85.1,1.31,7205.77
SHP-13604,Nhava Sheva,New York,14248.0,27,40ft_Standard,Hazardous_Chemicals,24812.3,37.7,Tier_2_Regional,2,0.9,88.8,1.02,7231.23
SHP-13605,Singapore,Fremantle,3853.0,11,40ft_HighCube,Perishable_Reefer,15198.7,68.7,Tier_3_Spot,2,0.9,94.7,1.17,6361.39
SHP-13606,Singapore,Dubai,5835.9,11,LCL_Consolidated,Electronics,993.5,6.4,Tier_3_Spot,3,1.05,94.5,0.95,1715.34
SHP-13607,Hamburg,Singapore,15754.6,26,40ft_Standard,Hazardous_Chemicals,14973.1,40.7,Tier_3_Spot,10,1.25,103.6,1.41,13057.18
SHP-13608,Shanghai,Los Angeles,10450.6,14,40ft_HighCube,Electronics,26333.5,64.2,Tier_3_Spot,8,1.25,85.5,1.23,9557.02
SHP-13609,Nhava Sheva,New York,14172.0,25,20ft_Standard,Perishable_Reefer,17571.4,19.7,Tier_2_Regional,11,1.05,74.7,1.17,6336.56
SHP-13610,Singapore,Dubai,5896.0,13,40ft_Standard,Textiles,8876.9,65.7,Tier_1_Alliance,9,1.25,78.2,1.06,6379.55
SHP-13611,Nhava Sheva,Dubai,2199.5,4,20ft_Standard,Electronics,10281.0,20.4,Tier_2_Regional,4,1.05,98.7,1.17,3376.16
SHP-13612,Santos,Rotterdam,10265.2,20,40ft_Standard,Hazardous_Chemicals,21406.0,66.6,Tier_1_Alliance,11,1.05,74.6,1.03,9000.52
SHP-13613,Hamburg,Singapore,15702.6,26,LCL_Consolidated,General_Dry,619.2,11.7,Tier_3_Spot,10,1.25,94.6,1.01,3416.17
SHP-13614,Chennai,Colombo,732.6,6,20ft_Standard,Electronics,12339.7,23.8,Tier_1_Alliance,12,1.05,94.6,1.09,3383.03
SHP-13615,Chennai,Rotterdam,11484.9,23,LCL_Consolidated,General_Dry,3115.9,3.2,Tier_2_Regional,3,1.05,83.5,0.95,2242.43
SHP-13616,Nhava Sheva,Dubai,2016.3,4,20ft_Standard,Hazardous_Chemicals,6370.4,32.7,Tier_1_Alliance,3,1.05,92.1,1.32,5254.23
SHP-13617,Tokyo,Los Angeles,8783.1,14,40ft_Standard,Textiles,10030.8,40.5,Tier_1_Alliance,9,1.25,86.1,0.92,5525.01
SHP-13618,Busan,Long Beach,9440.4,16,40ft_HighCube,Electronics,10660.4,59.3,Tier_2_Regional,7,1.05,99.5,1.21,7606.16
SHP-13619,Santos,Rotterdam,10250.5,20,40ft_HighCube,Electronics,26765.8,65.1,Tier_1_Alliance,5,1.05,75.1,1.33,10154.59
SHP-13620,Shanghai,Los Angeles,10451.5,13,LCL_Consolidated,Electronics,1263.1,10.5,Tier_2_Regional,9,1.25,105.0,0.92,3028.38
SHP-13621,Shanghai,Rotterdam,19515.8,28,40ft_HighCube,Textiles,22756.4,63.6,Tier_3_Spot,8,1.25,107.1,1.24,10267.72
SHP-13622,Busan,Long Beach,9387.4,15,40ft_Standard,Automotive,8516.9,45.1,Tier_1_Alliance,8,1.25,92.7,1.24,8249.97
SHP-13623,Singapore,Fremantle,3928.3,8,LCL_Consolidated,Perishable_Reefer,571.4,5.7,Tier_2_Regional,11,1.05,75.6,1.08,1866.0
SHP-13624,Nhava Sheva,Dubai,2121.0,8,20ft_Standard,Hazardous_Chemicals,16893.9,29.7,Tier_1_Alliance,4,1.05,92.5,1.41,6511.87
SHP-13625,Shanghai,Rotterdam,19594.6,30,20ft_Standard,Electronics,9400.2,24.9,Tier_3_Spot,7,1.05,94.3,1.4,7011.39
SHP-13626,Hamburg,Singapore,15843.3,27,LCL_Consolidated,Electronics,1882.6,7.6,Tier_2_Regional,7,1.05,72.6,1.14,3640.26
SHP-13627,Nhava Sheva,New York,14259.4,25,20ft_Standard,General_Dry,8237.3,22.0,Tier_3_Spot,11,1.05,76.9,1.05,3740.9
SHP-13628,Santos,Rotterdam,10157.1,17,20ft_Standard,Electronics,9214.2,20.3,Tier_2_Regional,9,1.25,84.6,1.3,5846.86
SHP-13629,Santos,Rotterdam,10146.8,20,40ft_HighCube,Electronics,12834.6,53.6,Tier_2_Regional,4,1.05,88.9,1.12,6918.65
SHP-13630,Busan,Long Beach,9489.0,14,20ft_Standard,Perishable_Reefer,19101.2,31.6,Tier_3_Spot,6,1.05,99.8,1.05,5269.88
SHP-13631,Nhava Sheva,Dubai,2097.2,6,40ft_HighCube,Textiles,12784.8,47.4,Tier_3_Spot,3,1.05,106.0,1.39,5871.07
SHP-13632,Busan,Long Beach,9410.2,14,LCL_Consolidated,Perishable_Reefer,4305.7,2.6,Tier_3_Spot,11,1.05,89.7,1.06,2884.66
SHP-13633,Shanghai,Los Angeles,10570.4,16,40ft_Standard,Automotive,18126.9,59.3,Tier_2_Regional,7,1.05,83.8,0.97,5730.06
SHP-13634,Singapore,Fremantle,3879.5,9,20ft_Standard,Electronics,17758.8,27.0,Tier_1_Alliance,6,1.05,81.7,1.12,4213.69
SHP-13635,Chennai,Rotterdam,11512.1,21,40ft_HighCube,Automotive,11478.7,49.0,Tier_3_Spot,3,1.05,86.9,1.28,7164.62
SHP-13636,Chennai,Colombo,727.8,3,40ft_HighCube,General_Dry,27877.4,65.9,Tier_3_Spot,10,1.25,103.3,1.08,6173.8
SHP-13637,Nhava Sheva,Dubai,2066.7,8,40ft_HighCube,Perishable_Reefer,15621.3,67.4,Tier_1_Alliance,12,1.05,78.0,1.03,7153.68
SHP-13638,Tokyo,Los Angeles,8770.8,10,LCL_Consolidated,Electronics,1685.6,6.9,Tier_1_Alliance,2,0.9,91.0,1.15,2583.42
SHP-13639,Chennai,Colombo,587.8,3,40ft_Standard,Textiles,24234.8,66.9,Tier_2_Regional,4,1.05,95.7,1.25,5847.4
SHP-13640,Chennai,Rotterdam,11457.4,25,20ft_Standard,Perishable_Reefer,17480.1,29.5,Tier_1_Alliance,1,0.9,107.7,0.99,5223.43
SHP-13641,Busan,Long Beach,9460.7,13,20ft_Standard,Automotive,8253.8,16.6,Tier_2_Regional,11,1.05,82.8,1.11,3800.08
SHP-13642,Hamburg,Singapore,15710.8,24,20ft_Standard,Textiles,19524.5,16.6,Tier_3_Spot,8,1.25,104.8,1.17,5942.87
SHP-13643,Busan,Long Beach,9331.7,12,20ft_Standard,Automotive,19736.4,23.7,Tier_1_Alliance,12,1.05,105.5,1.15,5362.97
SHP-13644,Chennai,Colombo,706.6,5,40ft_Standard,Perishable_Reefer,21774.4,49.6,Tier_2_Regional,5,1.05,84.9,1.04,5693.66
SHP-13645,Singapore,Fremantle,3977.1,8,40ft_HighCube,Automotive,21040.9,70.0,Tier_1_Alliance,12,1.05,81.0,1.07,6646.0
SHP-13646,Busan,Long Beach,9444.4,12,20ft_Standard,Electronics,14236.7,25.3,Tier_2_Regional,6,1.05,79.4,1.32,5271.83
SHP-13647,Tokyo,Los Angeles,8823.7,11,40ft_Standard,Textiles,11394.7,65.3,Tier_1_Alliance,2,0.9,79.4,1.25,5973.78
SHP-13648,Nhava Sheva,New York,14162.3,29,40ft_HighCube,Hazardous_Chemicals,24138.4,59.4,Tier_3_Spot,3,1.05,85.6,0.89,7759.44
SHP-13649,Shanghai,Los Angeles,10560.1,16,20ft_Standard,Perishable_Reefer,8065.9,16.9,Tier_2_Regional,11,1.05,108.0,1.28,5985.1
SHP-13650,Singapore,Dubai,5861.1,13,LCL_Consolidated,Perishable_Reefer,983.1,13.2,Tier_1_Alliance,7,1.05,106.5,1.18,3425.76
SHP-13651,Nhava Sheva,Dubai,2147.0,6,40ft_Standard,Perishable_Reefer,23817.5,63.5,Tier_3_Spot,8,1.25,81.0,0.97,6693.38
SHP-13652,Singapore,Dubai,5810.7,13,40ft_HighCube,Perishable_Reefer,16207.8,65.7,Tier_1_Alliance,3,1.05,80.2,1.31,10013.87
SHP-13653,Shanghai,Rotterdam,19501.4,28,LCL_Consolidated,Perishable_Reefer,1223.6,8.6,Tier_1_Alliance,9,1.25,81.5,1.41,8275.21
SHP-13654,Tokyo,Los Angeles,8820.5,10,40ft_HighCube,Automotive,27130.6,56.9,Tier_2_Regional,12,1.05,84.0,1.19,7551.53
SHP-13655,Busan,Long Beach,9441.4,16,40ft_HighCube,Hazardous_Chemicals,21822.6,54.1,Tier_2_Regional,5,1.05,87.6,1.29,10544.67
SHP-13656,Shanghai,Los Angeles,10447.7,17,20ft_Standard,General_Dry,4305.9,21.7,Tier_2_Regional,5,1.05,103.4,1.41,4756.83
SHP-13657,Busan,Long Beach,9405.3,15,40ft_HighCube,Hazardous_Chemicals,18886.8,45.3,Tier_2_Regional,2,0.9,90.1,1.13,7458.11
SHP-13658,Chennai,Colombo,669.8,4,20ft_Standard,General_Dry,8422.7,23.1,Tier_3_Spot,1,0.9,98.9,1.21,2248.51
SHP-13659,Nhava Sheva,Dubai,2084.7,5,40ft_HighCube,General_Dry,12307.1,60.6,Tier_3_Spot,1,0.9,74.1,1.25,4505.27
SHP-13660,Santos,Rotterdam,10115.3,20,20ft_Standard,Textiles,7343.6,27.6,Tier_2_Regional,7,1.05,73.5,1.01,3373.67
SHP-13661,Hamburg,Singapore,15719.5,25,20ft_Standard,Textiles,13573.3,17.3,Tier_2_Regional,11,1.05,98.8,1.09,4677.86
SHP-13662,Singapore,Dubai,5870.0,11,40ft_Standard,Perishable_Reefer,13194.5,40.7,Tier_2_Regional,9,1.25,97.6,1.24,8699.29
SHP-13663,Nhava Sheva,Dubai,2173.8,8,LCL_Consolidated,Perishable_Reefer,4546.0,6.1,Tier_3_Spot,2,0.9,106.5,1.25,2025.16
SHP-13664,Hamburg,Singapore,15881.5,26,20ft_Standard,Hazardous_Chemicals,16368.9,17.0,Tier_2_Regional,6,1.05,85.1,1.1,6803.52
SHP-13665,Hamburg,Singapore,15716.2,26,LCL_Consolidated,Automotive,4511.7,13.8,Tier_3_Spot,10,1.25,80.6,1.38,5148.56
SHP-13666,Nhava Sheva,Dubai,2077.6,7,20ft_Standard,Hazardous_Chemicals,18886.9,20.6,Tier_3_Spot,12,1.05,86.9,1.35,4997.79
SHP-13667,Nhava Sheva,New York,14143.8,29,40ft_HighCube,Perishable_Reefer,13372.6,53.1,Tier_1_Alliance,6,1.05,105.5,1.16,10455.34
SHP-13668,Shanghai,Rotterdam,19479.0,30,20ft_Standard,Automotive,4467.4,17.6,Tier_1_Alliance,12,1.05,87.5,1.19,6168.25
SHP-13669,Busan,Long Beach,9478.4,16,LCL_Consolidated,Automotive,2990.5,8.3,Tier_2_Regional,10,1.25,99.1,1.15,3484.78
SHP-13670,Singapore,Fremantle,3998.1,8,20ft_Standard,Automotive,19734.9,16.1,Tier_2_Regional,3,1.05,89.8,0.91,2958.97
SHP-13671,Busan,Long Beach,9341.0,16,40ft_Standard,Electronics,22646.7,58.4,Tier_2_Regional,7,1.05,81.0,1.01,6204.67
SHP-13672,Nhava Sheva,New York,14126.8,27,LCL_Consolidated,Automotive,3947.7,3.3,Tier_3_Spot,7,1.05,79.3,0.94,2517.92
SHP-13673,Singapore,Fremantle,3818.1,11,LCL_Consolidated,Electronics,4982.9,9.8,Tier_2_Regional,9,1.25,85.1,1.07,2354.73
SHP-13674,Hamburg,Singapore,15700.9,24,40ft_Standard,Electronics,15438.1,46.1,Tier_1_Alliance,8,1.25,79.4,1.28,10797.44
SHP-13675,Chennai,Colombo,641.0,5,40ft_HighCube,Electronics,19375.1,69.8,Tier_3_Spot,1,0.9,100.8,1.36,6120.12
SHP-13676,Busan,Long Beach,9307.1,13,LCL_Consolidated,Electronics,1481.0,3.5,Tier_1_Alliance,9,1.25,78.3,1.12,3311.82
SHP-13677,Busan,Long Beach,9497.4,13,40ft_HighCube,Electronics,23043.3,69.4,Tier_3_Spot,7,1.05,74.9,1.18,7448.14
SHP-13678,Busan,Long Beach,9450.6,12,40ft_Standard,Automotive,20361.2,48.7,Tier_1_Alliance,11,1.05,97.3,1.19,7558.81
SHP-13679,Tokyo,Los Angeles,8833.2,13,40ft_Standard,Textiles,18119.3,41.4,Tier_1_Alliance,11,1.05,106.8,1.35,7572.86
SHP-13680,Busan,Long Beach,9320.6,13,20ft_Standard,Perishable_Reefer,17313.0,15.5,Tier_2_Regional,4,1.05,95.0,1.11,5217.95
SHP-13681,Hamburg,Singapore,15745.7,27,40ft_HighCube,Perishable_Reefer,19128.1,65.2,Tier_1_Alliance,3,1.05,86.9,1.34,12958.14
SHP-13682,Singapore,Fremantle,3903.1,9,20ft_Standard,Electronics,20589.2,23.8,Tier_1_Alliance,1,0.9,97.8,1.24,4241.78
SHP-13683,Singapore,Fremantle,3855.6,7,40ft_Standard,Perishable_Reefer,11936.7,55.3,Tier_2_Regional,4,1.05,96.0,0.94,5534.5
SHP-13684,Nhava Sheva,Dubai,2031.1,6,40ft_HighCube,Electronics,18067.8,66.3,Tier_3_Spot,7,1.05,88.3,0.93,4858.01
SHP-13685,Santos,Rotterdam,10168.5,18,20ft_Standard,Hazardous_Chemicals,12023.9,25.0,Tier_2_Regional,8,1.25,100.4,0.95,5951.14
SHP-13686,Hamburg,Singapore,15766.0,25,40ft_HighCube,Automotive,11300.5,56.0,Tier_3_Spot,12,1.05,93.6,1.15,7378.3
SHP-13687,Tokyo,Los Angeles,8800.6,11,20ft_Standard,Textiles,8904.1,20.0,Tier_1_Alliance,8,1.25,87.9,1.1,4676.37
SHP-13688,Singapore,Fremantle,3817.9,10,20ft_Standard,Perishable_Reefer,10928.3,30.1,Tier_2_Regional,3,1.05,90.3,1.42,5492.02
SHP-13689,Shanghai,Los Angeles,10540.6,16,20ft_Standard,Automotive,8900.2,19.8,Tier_3_Spot,10,1.25,96.0,0.89,3769.84
SHP-13690,Shanghai,Los Angeles,10512.5,17,40ft_HighCube,Automotive,13414.8,71.4,Tier_2_Regional,5,1.05,98.7,1.05,6811.07
SHP-13691,Chennai,Colombo,716.7,5,LCL_Consolidated,General_Dry,4466.3,13.0,Tier_3_Spot,9,1.25,102.4,1.07,1701.58
SHP-13692,Shanghai,Rotterdam,19403.3,27,20ft_Standard,Textiles,13698.1,28.0,Tier_2_Regional,12,1.05,88.0,0.98,4852.35
SHP-13693,Nhava Sheva,Dubai,2112.9,6,40ft_Standard,Perishable_Reefer,24626.3,53.5,Tier_1_Alliance,5,1.05,75.1,1.22,7933.78
SHP-13694,Chennai,Rotterdam,11483.0,21,40ft_HighCube,Textiles,17375.7,66.9,Tier_1_Alliance,8,1.25,91.3,1.42,11420.92
SHP-13695,Chennai,Colombo,577.2,3,20ft_Standard,Electronics,15815.2,24.9,Tier_3_Spot,9,1.25,75.6,0.92,2807.08
SHP-13696,Chennai,Rotterdam,11551.7,25,LCL_Consolidated,Perishable_Reefer,2428.7,4.6,Tier_2_Regional,3,1.05,106.0,0.99,3358.36
SHP-13697,Chennai,Colombo,594.7,4,40ft_Standard,Perishable_Reefer,15569.5,35.0,Tier_2_Regional,11,1.05,75.6,1.22,5767.76
SHP-13698,Chennai,Rotterdam,11469.5,23,LCL_Consolidated,Hazardous_Chemicals,3150.3,7.9,Tier_1_Alliance,1,0.9,83.4,1.09,3640.11
SHP-13699,Chennai,Colombo,590.2,3,20ft_Standard,Perishable_Reefer,16064.5,15.1,Tier_2_Regional,12,1.05,107.8,1.03,3461.46
SHP-13700,Hamburg,Singapore,15878.9,27,LCL_Consolidated,Textiles,3734.1,2.6,Tier_1_Alliance,6,1.05,90.6,1.15,3849.69
SHP-13701,Tokyo,Los Angeles,8724.9,11,40ft_HighCube,Electronics,12458.8,63.3,Tier_1_Alliance,3,1.05,87.2,1.36,9320.51
SHP-13702,Shanghai,Los Angeles,10463.2,16,20ft_Standard,Textiles,13143.9,24.3,Tier_1_Alliance,5,1.05,72.5,0.93,3588.17
SHP-13703,Singapore,Dubai,5877.2,11,LCL_Consolidated,Textiles,684.0,2.8,Tier_1_Alliance,10,1.25,96.2,1.4,3052.79
SHP-13704,Chennai,Rotterdam,11490.1,25,40ft_HighCube,Hazardous_Chemicals,17938.5,68.5,Tier_2_Regional,4,1.05,94.7,1.27,11173.11
SHP-13705,Singapore,Dubai,5848.8,12,40ft_Standard,Automotive,25449.5,52.7,Tier_3_Spot,5,1.05,75.8,0.94,4699.68
SHP-13706,Tokyo,Los Angeles,8763.6,14,LCL_Consolidated,Perishable_Reefer,2856.5,3.7,Tier_1_Alliance,4,1.05,106.5,1.07,3463.58
SHP-13707,Shanghai,Los Angeles,10586.5,17,40ft_HighCube,Textiles,13152.6,64.5,Tier_3_Spot,2,0.9,75.1,1.37,6292.42
SHP-13708,Santos,Rotterdam,10108.4,19,40ft_HighCube,Textiles,20400.8,50.1,Tier_1_Alliance,10,1.25,82.2,1.33,9878.28
SHP-13709,Shanghai,Rotterdam,19512.9,31,20ft_Standard,Textiles,7108.8,28.9,Tier_3_Spot,4,1.05,92.1,1.26,5586.32
SHP-13710,Santos,Rotterdam,10183.7,20,LCL_Consolidated,Perishable_Reefer,4971.9,6.6,Tier_1_Alliance,3,1.05,102.3,1.16,4180.11
SHP-13711,Shanghai,Rotterdam,19579.3,27,40ft_Standard,Hazardous_Chemicals,19658.0,53.1,Tier_1_Alliance,8,1.25,91.8,1.17,14318.69
SHP-13712,Singapore,Dubai,5858.0,10,20ft_Standard,Automotive,12189.6,22.3,Tier_1_Alliance,3,1.05,96.9,1.19,4406.89
SHP-13713,Nhava Sheva,Dubai,2126.7,7,20ft_Standard,Electronics,16538.0,19.4,Tier_2_Regional,3,1.05,103.6,1.13,3471.86
SHP-13714,Shanghai,Rotterdam,19586.7,31,20ft_Standard,Automotive,5110.0,19.0,Tier_2_Regional,2,0.9,74.8,1.13,4554.09
SHP-13715,Hamburg,Singapore,15711.3,26,LCL_Consolidated,Perishable_Reefer,2719.8,9.1,Tier_2_Regional,12,1.05,100.2,1.32,5496.34
SHP-13716,Tokyo,Los Angeles,8810.5,11,20ft_Standard,Electronics,19593.6,24.6,Tier_1_Alliance,8,1.25,83.5,1.12,6231.26
SHP-13717,Chennai,Rotterdam,11471.5,25,40ft_Standard,Electronics,23047.3,41.7,Tier_3_Spot,1,0.9,85.6,1.14,5711.96
SHP-13718,Chennai,Colombo,572.2,3,40ft_HighCube,Automotive,21923.0,50.4,Tier_2_Regional,6,1.05,84.3,1.36,6634.5
SHP-13719,Nhava Sheva,New York,14137.9,28,40ft_HighCube,Automotive,18579.2,53.0,Tier_2_Regional,6,1.05,75.4,1.28,8394.25
SHP-13720,Shanghai,Rotterdam,19445.8,29,40ft_Standard,Hazardous_Chemicals,20945.2,66.1,Tier_2_Regional,5,1.05,96.4,1.39,13693.81
SHP-13721,Tokyo,Los Angeles,8806.4,12,40ft_Standard,Textiles,19784.5,65.3,Tier_2_Regional,10,1.25,106.8,1.26,8480.87
SHP-13722,Tokyo,Los Angeles,8773.1,10,20ft_Standard,General_Dry,16244.6,23.6,Tier_2_Regional,4,1.05,100.3,1.17,4143.91
SHP-13723,Shanghai,Rotterdam,19414.9,30,LCL_Consolidated,Hazardous_Chemicals,2392.1,13.9,Tier_3_Spot,11,1.05,85.3,1.24,5814.7
SHP-13724,Tokyo,Los Angeles,8701.8,14,40ft_Standard,Automotive,11771.3,37.2,Tier_3_Spot,10,1.25,80.0,1.11,6024.2
SHP-13725,Busan,Long Beach,9312.1,15,40ft_HighCube,Automotive,10929.2,73.6,Tier_2_Regional,5,1.05,98.9,1.37,8586.03
SHP-13726,Hamburg,Singapore,15740.6,24,40ft_Standard,Automotive,10713.1,44.6,Tier_3_Spot,6,1.05,77.0,1.3,7242.14
SHP-13727,Chennai,Colombo,560.7,2,40ft_HighCube,Hazardous_Chemicals,18469.2,61.4,Tier_3_Spot,11,1.05,76.8,0.98,5988.45
SHP-13728,Tokyo,Los Angeles,8701.5,11,40ft_Standard,Hazardous_Chemicals,21301.7,64.1,Tier_3_Spot,8,1.25,75.2,0.94,7919.55
SHP-13729,Tokyo,Los Angeles,8849.5,13,40ft_Standard,Textiles,17202.5,55.2,Tier_3_Spot,10,1.25,105.7,1.4,8207.72
SHP-13730,Singapore,Dubai,5896.3,10,40ft_Standard,Textiles,8442.5,56.9,Tier_2_Regional,6,1.05,95.5,1.03,4734.86
SHP-13731,Tokyo,Los Angeles,8851.5,11,LCL_Consolidated,Automotive,3068.6,12.4,Tier_1_Alliance,2,0.9,100.7,0.96,2276.28
SHP-13732,Busan,Long Beach,9414.4,14,20ft_Standard,Textiles,19796.9,27.6,Tier_1_Alliance,3,1.05,90.4,1.26,5291.94
SHP-13733,Hamburg,Singapore,15737.1,24,40ft_HighCube,Textiles,26405.8,56.2,Tier_1_Alliance,6,1.05,85.3,0.91,6747.12
SHP-13734,Tokyo,Los Angeles,8822.6,12,40ft_Standard,General_Dry,21784.8,36.6,Tier_2_Regional,4,1.05,84.5,1.0,4876.01
SHP-13735,Nhava Sheva,Dubai,2180.9,5,40ft_Standard,Perishable_Reefer,11434.1,56.4,Tier_2_Regional,10,1.25,72.3,1.41,8846.14
SHP-13736,Singapore,Fremantle,3962.7,11,LCL_Consolidated,Hazardous_Chemicals,951.2,11.9,Tier_2_Regional,9,1.25,93.0,1.12,3001.75
SHP-13737,Shanghai,Los Angeles,10418.5,14,40ft_HighCube,General_Dry,17520.9,71.4,Tier_3_Spot,7,1.05,104.7,1.05,5970.04
SHP-13738,Singapore,Dubai,5992.1,10,40ft_HighCube,Perishable_Reefer,10909.7,66.1,Tier_2_Regional,9,1.25,78.3,0.89,7064.23
SHP-13739,Shanghai,Los Angeles,10570.2,17,LCL_Consolidated,Electronics,3190.9,9.8,Tier_3_Spot,5,1.05,86.2,1.38,3456.81
SHP-13740,Santos,Rotterdam,10142.7,18,20ft_Standard,Perishable_Reefer,7393.6,30.3,Tier_1_Alliance,5,1.05,85.9,0.94,4798.82
SHP-13741,Shanghai,Los Angeles,10548.8,14,20ft_Standard,Electronics,15618.0,22.3,Tier_1_Alliance,10,1.25,73.8,1.33,7139.02
SHP-13742,Singapore,Dubai,5956.6,12,40ft_HighCube,Automotive,21370.4,58.4,Tier_1_Alliance,4,1.05,81.1,1.23,7776.17
SHP-13743,Nhava Sheva,Dubai,2171.7,4,40ft_Standard,General_Dry,20839.9,57.1,Tier_1_Alliance,7,1.05,86.8,1.3,6287.73
SHP-13744,Hamburg,Singapore,15735.8,24,40ft_HighCube,Hazardous_Chemicals,15508.5,54.0,Tier_2_Regional,1,0.9,91.2,1.06,8133.99
SHP-13745,Singapore,Fremantle,3982.8,10,40ft_Standard,Electronics,14335.9,59.4,Tier_3_Spot,2,0.9,94.8,1.16,4808.17
SHP-13746,Tokyo,Los Angeles,8785.4,10,LCL_Consolidated,Textiles,3863.6,10.9,Tier_2_Regional,1,0.9,78.6,1.09,1920.48
SHP-13747,Chennai,Rotterdam,11459.2,25,20ft_Standard,Textiles,10959.6,26.0,Tier_1_Alliance,6,1.05,79.2,1.33,5400.59
SHP-13748,Singapore,Fremantle,3821.2,10,40ft_Standard,Hazardous_Chemicals,9306.6,35.8,Tier_2_Regional,7,1.05,94.6,1.17,6588.23
SHP-13749,Singapore,Dubai,5863.9,12,40ft_Standard,Electronics,15750.3,36.8,Tier_1_Alliance,3,1.05,104.8,1.03,5726.95
SHP-13750,Nhava Sheva,Dubai,2154.8,8,40ft_Standard,Hazardous_Chemicals,21365.6,62.1,Tier_2_Regional,1,0.9,88.6,1.31,7315.78
SHP-13751,Santos,Rotterdam,10285.0,20,40ft_Standard,Automotive,14747.5,40.4,Tier_3_Spot,11,1.05,95.7,1.41,7200.67
SHP-13752,Santos,Rotterdam,10286.0,17,LCL_Consolidated,Perishable_Reefer,924.3,8.5,Tier_2_Regional,4,1.05,105.5,1.23,4022.6
SHP-13753,Nhava Sheva,New York,14199.9,25,40ft_HighCube,Perishable_Reefer,23686.4,56.1,Tier_3_Spot,12,1.05,101.2,0.97,7895.21
SHP-13754,Tokyo,Los Angeles,8839.0,12,40ft_Standard,Electronics,22772.4,40.8,Tier_1_Alliance,11,1.05,104.4,0.92,5948.2
SHP-13755,Santos,Rotterdam,10136.2,21,40ft_HighCube,Electronics,25205.4,72.1,Tier_1_Alliance,9,1.25,72.1,1.4,12655.68
SHP-13756,Shanghai,Los Angeles,10483.4,16,40ft_Standard,Hazardous_Chemicals,23318.7,59.3,Tier_1_Alliance,8,1.25,98.5,1.41,15140.18
SHP-13757,Shanghai,Los Angeles,10455.7,17,20ft_Standard,Electronics,8316.2,16.0,Tier_3_Spot,12,1.05,99.0,1.08,4026.91
SHP-13758,Busan,Long Beach,9451.1,15,40ft_HighCube,Automotive,24653.5,69.4,Tier_2_Regional,4,1.05,92.2,1.15,7673.67
SHP-13759,Singapore,Dubai,5859.1,10,LCL_Consolidated,Textiles,2096.5,4.5,Tier_2_Regional,10,1.25,93.3,0.96,1985.39
SHP-13760,Busan,Long Beach,9412.4,14,20ft_Standard,Electronics,20736.1,24.4,Tier_1_Alliance,11,1.05,81.2,0.93,4368.28
SHP-13761,Tokyo,Los Angeles,8782.3,11,40ft_Standard,Automotive,8842.5,45.2,Tier_3_Spot,1,0.9,84.0,0.91,3643.27
SHP-13762,Singapore,Dubai,5987.5,13,LCL_Consolidated,Textiles,2005.6,2.3,Tier_1_Alliance,6,1.05,76.2,0.95,1593.42
SHP-13763,Nhava Sheva,Dubai,2093.3,5,20ft_Standard,General_Dry,3935.7,19.6,Tier_3_Spot,5,1.05,88.9,1.25,2574.75
SHP-13764,Singapore,Fremantle,3821.4,7,LCL_Consolidated,General_Dry,4728.4,12.2,Tier_2_Regional,1,0.9,73.1,1.26,1644.81
SHP-13765,Shanghai,Rotterdam,19478.9,31,40ft_HighCube,Automotive,15932.0,73.9,Tier_2_Regional,4,1.05,89.2,1.3,10064.38
SHP-13766,Singapore,Fremantle,3875.7,10,20ft_Standard,Perishable_Reefer,6944.2,21.8,Tier_1_Alliance,1,0.9,99.6,1.34,4444.02
SHP-13767,Chennai,Colombo,602.7,3,20ft_Standard,Automotive,12778.2,18.5,Tier_1_Alliance,9,1.25,93.4,1.15,3902.76
SHP-13768,Shanghai,Los Angeles,10471.1,14,40ft_HighCube,General_Dry,13887.0,52.7,Tier_2_Regional,6,1.05,76.2,0.89,4785.84
SHP-13769,Hamburg,Singapore,15821.5,25,LCL_Consolidated,Perishable_Reefer,1095.8,13.0,Tier_2_Regional,7,1.05,92.2,1.39,5690.51
SHP-13770,Chennai,Rotterdam,11443.4,21,LCL_Consolidated,Electronics,2614.5,2.8,Tier_2_Regional,6,1.05,77.4,1.33,3473.93
SHP-13771,Tokyo,Los Angeles,8713.4,12,40ft_Standard,Perishable_Reefer,23955.3,40.0,Tier_2_Regional,9,1.25,80.3,1.21,9566.33
SHP-13772,Chennai,Rotterdam,11441.8,25,40ft_HighCube,Electronics,16600.5,68.0,Tier_3_Spot,7,1.05,73.5,1.23,7694.55
SHP-13773,Shanghai,Rotterdam,19437.6,31,LCL_Consolidated,Electronics,3671.7,2.4,Tier_2_Regional,2,0.9,81.1,1.32,4247.4
SHP-13774,Chennai,Colombo,717.2,4,LCL_Consolidated,Hazardous_Chemicals,3773.8,4.4,Tier_2_Regional,11,1.05,88.2,1.13,1694.68
SHP-13775,Singapore,Dubai,5952.2,13,20ft_Standard,Automotive,11258.8,16.2,Tier_2_Regional,5,1.05,85.1,1.31,4067.23
SHP-13776,Shanghai,Rotterdam,19515.0,30,40ft_Standard,Automotive,9693.7,64.7,Tier_2_Regional,11,1.05,79.2,1.25,8441.72
SHP-13777,Chennai,Rotterdam,11468.6,22,LCL_Consolidated,Automotive,3112.5,13.1,Tier_3_Spot,9,1.25,103.1,0.89,2873.94
SHP-13778,Nhava Sheva,New York,14241.2,28,40ft_HighCube,Perishable_Reefer,21504.3,72.6,Tier_3_Spot,1,0.9,89.1,1.27,8964.8
SHP-13779,Shanghai,Los Angeles,10561.0,17,LCL_Consolidated,Textiles,4108.4,10.1,Tier_2_Regional,7,1.05,106.3,1.19,3121.12
SHP-13780,Nhava Sheva,New York,14177.4,29,LCL_Consolidated,Electronics,2345.8,5.7,Tier_1_Alliance,2,0.9,76.3,1.02,2888.68
SHP-13781,Shanghai,Rotterdam,19487.9,31,LCL_Consolidated,Perishable_Reefer,4734.0,6.6,Tier_1_Alliance,8,1.25,97.0,1.18,7410.95
SHP-13782,Nhava Sheva,New York,14210.6,26,20ft_Standard,Electronics,16646.5,26.2,Tier_2_Regional,9,1.25,90.3,1.37,7928.88
SHP-13783,Shanghai,Los Angeles,10451.7,17,20ft_Standard,Automotive,3465.0,24.5,Tier_2_Regional,2,0.9,97.9,1.07,3325.57
SHP-13784,Tokyo,Los Angeles,8855.7,12,40ft_Standard,Perishable_Reefer,12084.4,57.6,Tier_3_Spot,5,1.05,79.7,1.37,8426.63
SHP-13785,Nhava Sheva,Dubai,2024.8,6,40ft_HighCube,Automotive,27477.0,45.7,Tier_2_Regional,2,0.9,87.7,1.22,5452.28
SHP-13786,Singapore,Dubai,5851.1,9,40ft_HighCube,Textiles,10040.8,46.8,Tier_2_Regional,12,1.05,81.8,1.3,6081.74
SHP-13787,Shanghai,Rotterdam,19482.1,28,40ft_Standard,General_Dry,21078.5,45.0,Tier_1_Alliance,1,0.9,88.0,1.42,8432.78
SHP-13788,Chennai,Colombo,581.8,5,40ft_Standard,Electronics,18112.7,56.2,Tier_3_Spot,6,1.05,99.0,1.04,4700.44
SHP-13789,Chennai,Colombo,734.8,4,40ft_HighCube,Automotive,18737.6,70.5,Tier_3_Spot,10,1.25,77.4,1.35,7787.98
SHP-13790,Nhava Sheva,New York,14259.4,29,LCL_Consolidated,Textiles,4156.0,6.9,Tier_1_Alliance,6,1.05,107.7,1.12,3784.75
SHP-13791,Shanghai,Rotterdam,19501.7,30,40ft_Standard,Textiles,24376.2,64.1,Tier_2_Regional,12,1.05,83.6,1.41,9694.5
SHP-13792,Busan,Long Beach,9439.2,14,20ft_Standard,Perishable_Reefer,17518.5,23.3,Tier_3_Spot,9,1.25,83.7,1.27,6875.38
SHP-13793,Chennai,Rotterdam,11553.6,21,LCL_Consolidated,Hazardous_Chemicals,3652.9,5.1,Tier_1_Alliance,3,1.05,84.6,1.4,5352.72
SHP-13794,Chennai,Rotterdam,11409.3,21,40ft_Standard,General_Dry,20277.4,62.1,Tier_2_Regional,8,1.25,84.7,1.14,7571.47
SHP-13795,Chennai,Rotterdam,11487.6,22,LCL_Consolidated,Automotive,3807.4,7.6,Tier_3_Spot,8,1.25,87.5,1.28,3867.8
SHP-13796,Shanghai,Rotterdam,19401.9,29,40ft_Standard,Textiles,10831.1,58.1,Tier_2_Regional,1,0.9,96.8,0.99,5407.93
SHP-13797,Tokyo,Los Angeles,8825.8,13,LCL_Consolidated,Perishable_Reefer,1109.7,12.4,Tier_2_Regional,8,1.25,73.2,1.28,4132.85
SHP-13798,Singapore,Dubai,5849.3,9,LCL_Consolidated,Textiles,3085.5,5.8,Tier_1_Alliance,5,1.05,107.8,1.03,2142.7
SHP-13799,Chennai,Colombo,575.2,5,20ft_Standard,Hazardous_Chemicals,17524.2,32.8,Tier_2_Regional,9,1.25,77.7,1.23,5499.72
SHP-13800,Santos,Rotterdam,10140.8,21,20ft_Standard,Perishable_Reefer,19344.9,20.8,Tier_3_Spot,12,1.05,84.6,1.24,5745.82
SHP-13801,Shanghai,Los Angeles,10478.6,13,40ft_Standard,Hazardous_Chemicals,20628.3,62.9,Tier_1_Alliance,8,1.25,80.2,1.35,13927.89
SHP-13802,Shanghai,Los Angeles,10558.6,13,LCL_Consolidated,Perishable_Reefer,2459.4,13.6,Tier_2_Regional,5,1.05,95.6,1.06,3503.16
SHP-13803,Busan,Long Beach,9427.0,14,40ft_Standard,Textiles,10050.5,62.6,Tier_3_Spot,10,1.25,82.0,1.06,5990.03
SHP-13804,Busan,Long Beach,9333.3,16,LCL_Consolidated,General_Dry,2975.7,2.1,Tier_2_Regional,9,1.25,104.0,1.01,2622.07
SHP-13805,Tokyo,Los Angeles,8706.4,12,LCL_Consolidated,Electronics,1020.9,6.5,Tier_1_Alliance,8,1.25,102.9,1.29,4184.44
SHP-13806,Santos,Rotterdam,10212.0,19,40ft_HighCube,Hazardous_Chemicals,12400.9,48.4,Tier_2_Regional,2,0.9,73.1,0.89,5701.0
SHP-13807,Busan,Long Beach,9369.6,14,LCL_Consolidated,General_Dry,4838.1,3.9,Tier_2_Regional,6,1.05,73.3,1.1,2165.62
SHP-13808,Chennai,Colombo,727.9,4,40ft_HighCube,General_Dry,23903.9,55.7,Tier_1_Alliance,11,1.05,93.1,1.33,6925.21
SHP-13809,Busan,Long Beach,9409.2,15,40ft_Standard,Hazardous_Chemicals,15148.6,39.8,Tier_3_Spot,7,1.05,80.9,1.11,7139.69
SHP-13810,Chennai,Rotterdam,11476.6,22,40ft_HighCube,Textiles,11132.4,47.7,Tier_2_Regional,10,1.25,103.4,1.12,7455.56
SHP-13811,Shanghai,Rotterdam,19415.1,31,40ft_Standard,Perishable_Reefer,12508.4,45.7,Tier_3_Spot,2,0.9,102.1,0.97,6484.57
SHP-13812,Nhava Sheva,Dubai,2053.4,6,40ft_HighCube,Automotive,10358.1,47.1,Tier_3_Spot,8,1.25,87.2,0.97,4933.52
SHP-13813,Nhava Sheva,Dubai,2187.6,7,20ft_Standard,Perishable_Reefer,15298.4,16.4,Tier_2_Regional,3,1.05,105.8,1.31,4730.71
SHP-13814,Hamburg,Singapore,15854.0,24,40ft_Standard,Electronics,23243.4,60.3,Tier_1_Alliance,8,1.25,73.4,1.25,11451.85
SHP-13815,Nhava Sheva,New York,14296.0,25,20ft_Standard,Hazardous_Chemicals,15437.8,18.0,Tier_3_Spot,12,1.05,87.9,1.21,6584.08
SHP-13816,Tokyo,Los Angeles,8754.5,14,40ft_HighCube,Electronics,23825.0,74.4,Tier_2_Regional,9,1.25,96.0,1.38,11442.36
SHP-13817,Santos,Rotterdam,10245.5,17,40ft_Standard,Perishable_Reefer,9979.4,59.1,Tier_3_Spot,10,1.25,81.0,1.27,9530.6
SHP-13818,Tokyo,Los Angeles,8870.3,12,20ft_Standard,Hazardous_Chemicals,19363.4,24.1,Tier_3_Spot,9,1.25,76.3,0.89,5072.87
SHP-13819,Nhava Sheva,Dubai,2056.5,4,40ft_HighCube,General_Dry,25099.3,48.5,Tier_3_Spot,12,1.05,104.2,1.06,4798.88
SHP-13820,Busan,Long Beach,9344.3,16,LCL_Consolidated,Automotive,671.2,4.2,Tier_3_Spot,2,0.9,100.0,1.42,2666.49
SHP-13821,Nhava Sheva,New York,14182.2,28,40ft_HighCube,Perishable_Reefer,26014.8,74.8,Tier_1_Alliance,2,0.9,77.8,1.4,11906.86
SHP-13822,Singapore,Dubai,5981.1,12,LCL_Consolidated,Hazardous_Chemicals,2775.7,3.8,Tier_1_Alliance,11,1.05,98.1,1.07,3027.54
SHP-13823,Tokyo,Los Angeles,8872.8,13,40ft_Standard,General_Dry,22728.4,43.6,Tier_2_Regional,9,1.25,101.6,1.3,7991.25
SHP-13824,Singapore,Dubai,5917.0,11,20ft_Standard,Electronics,3081.0,25.4,Tier_2_Regional,1,0.9,80.8,0.92,2365.42
SHP-13825,Singapore,Dubai,5949.0,11,LCL_Consolidated,Textiles,2729.5,12.8,Tier_2_Regional,2,0.9,99.3,1.09,1905.28
SHP-13826,Chennai,Colombo,720.1,6,20ft_Standard,Electronics,8137.4,25.3,Tier_1_Alliance,6,1.05,102.6,1.04,3072.62
SHP-13827,Tokyo,Los Angeles,8814.0,13,40ft_HighCube,Textiles,17162.8,55.9,Tier_1_Alliance,9,1.25,85.9,1.35,9781.02
SHP-13828,Busan,Long Beach,9486.4,14,40ft_Standard,Electronics,23246.4,35.7,Tier_1_Alliance,3,1.05,107.8,1.36,8950.37
SHP-13829,Tokyo,Los Angeles,8883.5,13,40ft_HighCube,General_Dry,17438.0,72.7,Tier_1_Alliance,11,1.05,103.2,1.08,7022.9
SHP-13830,Shanghai,Rotterdam,19498.0,29,LCL_Consolidated,General_Dry,3856.4,10.3,Tier_3_Spot,9,1.25,79.2,1.01,3867.4
SHP-13831,Chennai,Rotterdam,11503.6,23,40ft_HighCube,Textiles,25127.2,65.9,Tier_2_Regional,8,1.25,90.5,1.07,8092.9
SHP-13832,Tokyo,Los Angeles,8885.6,10,40ft_Standard,General_Dry,19014.4,46.9,Tier_2_Regional,10,1.25,79.1,1.08,6336.04
SHP-13833,Singapore,Fremantle,3883.0,8,LCL_Consolidated,Perishable_Reefer,1234.5,4.9,Tier_3_Spot,9,1.25,80.5,1.32,2571.88
SHP-13834,Chennai,Colombo,618.1,4,20ft_Standard,Automotive,14034.4,25.9,Tier_1_Alliance,6,1.05,106.7,1.22,3828.03
SHP-13835,Chennai,Colombo,717.0,2,40ft_Standard,Electronics,8319.5,62.5,Tier_3_Spot,8,1.25,74.9,1.41,6778.56
SHP-13836,Hamburg,Singapore,15726.0,25,40ft_HighCube,General_Dry,23480.2,65.5,Tier_1_Alliance,10,1.25,82.3,1.13,9883.05
SHP-13837,Shanghai,Rotterdam,19533.4,29,20ft_Standard,Textiles,15537.3,26.2,Tier_2_Regional,1,0.9,98.7,0.98,4251.69
SHP-13838,Nhava Sheva,Dubai,2147.2,4,LCL_Consolidated,Textiles,2421.3,7.6,Tier_3_Spot,10,1.25,94.9,1.36,2016.4
SHP-13839,Hamburg,Singapore,15827.9,25,LCL_Consolidated,Perishable_Reefer,3356.4,11.0,Tier_3_Spot,12,1.05,105.4,0.92,3724.5
SHP-13840,Chennai,Rotterdam,11459.1,25,40ft_Standard,Automotive,12444.2,50.0,Tier_2_Regional,9,1.25,78.2,0.89,5824.89
SHP-13841,Nhava Sheva,New York,14228.5,28,LCL_Consolidated,Textiles,4036.3,11.0,Tier_2_Regional,11,1.05,80.0,1.35,3839.58
SHP-13842,Busan,Long Beach,9486.5,13,40ft_Standard,Hazardous_Chemicals,18646.5,65.1,Tier_1_Alliance,3,1.05,76.8,0.95,8043.37
SHP-13843,Chennai,Colombo,645.4,3,LCL_Consolidated,Perishable_Reefer,2129.5,10.1,Tier_2_Regional,1,0.9,77.9,0.94,1058.44
SHP-13844,Tokyo,Los Angeles,8805.1,12,40ft_Standard,General_Dry,24842.3,44.0,Tier_1_Alliance,5,1.05,87.6,0.9,5142.85
SHP-13845,Busan,Long Beach,9375.7,16,40ft_Standard,Automotive,20807.1,52.1,Tier_2_Regional,9,1.25,102.0,1.35,9429.5
SHP-13846,Shanghai,Los Angeles,10562.3,13,40ft_HighCube,Perishable_Reefer,26203.9,64.4,Tier_2_Regional,10,1.25,99.8,1.01,10149.54
SHP-13847,Santos,Rotterdam,10200.6,21,40ft_HighCube,Perishable_Reefer,11007.6,56.9,Tier_2_Regional,12,1.05,106.3,1.33,9940.85
SHP-13848,Santos,Rotterdam,10217.9,21,40ft_HighCube,Electronics,21613.9,46.7,Tier_1_Alliance,6,1.05,83.2,0.92,6454.37
SHP-13849,Hamburg,Singapore,15842.5,26,40ft_HighCube,Perishable_Reefer,27768.9,65.0,Tier_3_Spot,9,1.25,95.9,0.92,9523.67
SHP-13850,Singapore,Fremantle,3903.4,10,40ft_Standard,Textiles,21433.3,37.5,Tier_2_Regional,4,1.05,103.3,1.06,4734.56
SHP-13851,Busan,Long Beach,9358.1,14,40ft_Standard,Textiles,10065.8,52.9,Tier_1_Alliance,12,1.05,87.8,1.0,5434.66
SHP-13852,Santos,Rotterdam,10166.4,17,20ft_Standard,Automotive,11291.3,23.9,Tier_2_Regional,10,1.25,87.2,1.1,5085.42
SHP-13853,Nhava Sheva,Dubai,2101.0,8,LCL_Consolidated,Hazardous_Chemicals,3946.1,8.8,Tier_2_Regional,10,1.25,103.6,1.25,3132.74
SHP-13854,Singapore,Fremantle,3817.2,10,40ft_Standard,Electronics,8791.9,58.0,Tier_1_Alliance,2,0.9,72.8,0.9,3940.43
SHP-13855,Busan,Long Beach,9351.1,16,LCL_Consolidated,Textiles,3182.7,6.7,Tier_2_Regional,6,1.05,75.1,1.14,2384.1
SHP-13856,Singapore,Fremantle,3868.0,9,20ft_Standard,Automotive,10155.7,16.8,Tier_3_Spot,12,1.05,100.2,1.42,3827.29
SHP-13857,Chennai,Rotterdam,11532.8,21,20ft_Standard,Textiles,14360.9,21.4,Tier_2_Regional,12,1.05,89.4,0.98,3766.4
SHP-13858,Shanghai,Los Angeles,10531.8,16,40ft_HighCube,Textiles,20604.1,57.2,Tier_3_Spot,6,1.05,97.3,0.95,5300.03
SHP-13859,Singapore,Dubai,5963.2,10,20ft_Standard,Hazardous_Chemicals,11219.5,25.6,Tier_1_Alliance,3,1.05,98.7,0.91,4498.38
SHP-13860,Santos,Rotterdam,10143.4,19,40ft_Standard,Electronics,12176.2,48.8,Tier_2_Regional,6,1.05,96.3,1.25,7147.47
SHP-13861,Chennai,Colombo,638.9,4,40ft_Standard,Perishable_Reefer,17576.6,50.4,Tier_2_Regional,1,0.9,79.4,0.92,4104.64
SHP-13862,Singapore,Dubai,5941.8,13,LCL_Consolidated,Automotive,1655.4,7.6,Tier_1_Alliance,8,1.25,74.7,1.36,3127.01
SHP-13863,Santos,Rotterdam,10136.5,21,20ft_Standard,Perishable_Reefer,19926.7,32.8,Tier_1_Alliance,10,1.25,73.3,1.33,9038.9
SHP-13864,Hamburg,Singapore,15778.6,26,LCL_Consolidated,Textiles,2635.6,11.5,Tier_2_Regional,12,1.05,75.2,0.94,2782.57
SHP-13865,Shanghai,Los Angeles,10458.0,14,40ft_HighCube,Perishable_Reefer,19008.1,70.1,Tier_2_Regional,12,1.05,73.8,0.96,7521.09
SHP-13866,Nhava Sheva,Dubai,2077.4,8,40ft_HighCube,Textiles,25904.4,55.1,Tier_1_Alliance,8,1.25,98.2,1.36,9073.67
SHP-13867,Chennai,Colombo,591.4,2,LCL_Consolidated,Automotive,3857.5,9.9,Tier_1_Alliance,3,1.05,90.8,1.0,1523.39
SHP-13868,Singapore,Fremantle,3859.5,10,LCL_Consolidated,Hazardous_Chemicals,2368.4,10.1,Tier_3_Spot,2,0.9,78.6,1.08,1823.77
SHP-13869,Singapore,Dubai,5921.9,13,40ft_Standard,Textiles,20063.2,42.6,Tier_2_Regional,10,1.25,86.2,1.34,7439.98
SHP-13870,Chennai,Colombo,616.7,4,40ft_HighCube,Electronics,25614.8,46.2,Tier_3_Spot,6,1.05,74.3,1.21,5701.89
SHP-13871,Shanghai,Rotterdam,19478.6,30,40ft_Standard,General_Dry,19735.0,41.4,Tier_1_Alliance,3,1.05,97.6,0.94,6518.47
SHP-13872,Chennai,Rotterdam,11471.7,21,LCL_Consolidated,Hazardous_Chemicals,2504.0,7.5,Tier_1_Alliance,12,1.05,106.7,1.32,5402.98
SHP-13873,Santos,Rotterdam,10111.1,19,20ft_Standard,General_Dry,16336.1,21.6,Tier_1_Alliance,4,1.05,103.5,1.25,5118.42
SHP-13874,Chennai,Colombo,699.7,3,LCL_Consolidated,Hazardous_Chemicals,2672.3,9.5,Tier_1_Alliance,3,1.05,99.6,1.2,2336.25
SHP-13875,Singapore,Fremantle,3949.9,10,LCL_Consolidated,Perishable_Reefer,3636.4,6.0,Tier_2_Regional,5,1.05,90.6,1.2,2528.5
SHP-13876,Chennai,Rotterdam,11494.8,22,LCL_Consolidated,Automotive,4687.0,5.9,Tier_3_Spot,12,1.05,91.8,1.41,3691.13
SHP-13877,Chennai,Colombo,551.9,3,40ft_Standard,Electronics,22856.7,41.8,Tier_3_Spot,3,1.05,86.1,1.19,5107.48
SHP-13878,Chennai,Colombo,713.1,5,20ft_Standard,Electronics,7494.8,28.6,Tier_1_Alliance,9,1.25,82.3,1.07,3532.42
SHP-13879,Chennai,Colombo,566.7,3,20ft_Standard,Automotive,6110.1,26.3,Tier_2_Regional,6,1.05,74.3,1.2,2695.56
SHP-13880,Hamburg,Singapore,15850.6,26,LCL_Consolidated,Textiles,2012.0,9.2,Tier_2_Regional,3,1.05,79.9,1.08,3212.72
SHP-13881,Shanghai,Los Angeles,10538.2,15,LCL_Consolidated,Textiles,4413.3,12.8,Tier_1_Alliance,4,1.05,72.2,1.24,3260.52
SHP-13882,Shanghai,Los Angeles,10509.4,14,40ft_Standard,Electronics,25109.4,52.4,Tier_2_Regional,8,1.25,91.0,1.15,8602.71
SHP-13883,Shanghai,Rotterdam,19545.2,28,40ft_HighCube,Automotive,17378.9,60.0,Tier_3_Spot,3,1.05,86.8,1.24,8691.57
SHP-13884,Busan,Long Beach,9399.8,15,40ft_HighCube,Textiles,15777.3,59.1,Tier_2_Regional,3,1.05,104.3,1.01,5812.2
SHP-13885,Chennai,Rotterdam,11584.7,21,40ft_HighCube,Textiles,10887.0,61.9,Tier_3_Spot,9,1.25,89.3,1.1,7120.92
SHP-13886,Singapore,Dubai,5963.8,11,20ft_Standard,Textiles,9091.5,17.0,Tier_3_Spot,1,0.9,83.5,0.89,1896.53
SHP-13887,Chennai,Rotterdam,11512.4,25,LCL_Consolidated,Perishable_Reefer,2713.2,13.6,Tier_3_Spot,5,1.05,90.0,0.92,2981.52
SHP-13888,Nhava Sheva,Dubai,2089.3,8,LCL_Consolidated,Perishable_Reefer,4235.3,11.4,Tier_1_Alliance,5,1.05,86.0,1.06,2182.04
SHP-13889,Nhava Sheva,Dubai,2046.8,7,LCL_Consolidated,Hazardous_Chemicals,3083.3,13.7,Tier_3_Spot,4,1.05,106.3,1.19,2552.62
SHP-13890,Shanghai,Los Angeles,10431.2,16,40ft_Standard,Automotive,19090.4,37.4,Tier_1_Alliance,1,0.9,78.5,1.14,5839.11
SHP-13891,Nhava Sheva,Dubai,2109.9,7,40ft_Standard,Hazardous_Chemicals,8905.0,65.8,Tier_2_Regional,2,0.9,93.6,0.88,4584.79
SHP-13892,Santos,Rotterdam,10100.8,20,40ft_Standard,Perishable_Reefer,19237.6,62.7,Tier_1_Alliance,11,1.05,92.3,0.97,7838.51
SHP-13893,Nhava Sheva,New York,14153.9,29,LCL_Consolidated,Perishable_Reefer,4894.3,6.9,Tier_1_Alliance,1,0.9,92.6,1.29,4630.73
SHP-13894,Shanghai,Rotterdam,19516.1,31,20ft_Standard,Perishable_Reefer,11724.4,28.0,Tier_2_Regional,7,1.05,87.7,0.99,6317.09
SHP-13895,Chennai,Colombo,679.1,6,40ft_HighCube,Automotive,24512.3,60.7,Tier_2_Regional,10,1.25,96.6,1.07,6832.97
SHP-13896,Santos,Rotterdam,10274.4,20,20ft_Standard,Electronics,17396.2,26.0,Tier_1_Alliance,5,1.05,106.5,1.02,5144.48
SHP-13897,Busan,Long Beach,9420.2,15,20ft_Standard,Perishable_Reefer,18196.6,20.8,Tier_1_Alliance,6,1.05,89.2,1.14,6147.64
SHP-13898,Chennai,Colombo,605.5,5,40ft_Standard,General_Dry,12000.7,43.8,Tier_1_Alliance,8,1.25,88.0,1.09,5219.02
SHP-13899,Nhava Sheva,New York,14257.1,29,20ft_Standard,Automotive,17986.9,23.4,Tier_3_Spot,6,1.05,89.7,1.35,5941.36
SHP-13900,Tokyo,Los Angeles,8869.7,11,40ft_Standard,Textiles,22651.6,36.3,Tier_1_Alliance,1,0.9,105.1,1.05,5085.13
SHP-13901,Chennai,Rotterdam,11463.9,23,20ft_Standard,Perishable_Reefer,9836.1,24.9,Tier_1_Alliance,5,1.05,73.2,1.27,6595.84
SHP-13902,Nhava Sheva,New York,14214.3,27,40ft_HighCube,Electronics,17357.5,71.7,Tier_2_Regional,12,1.05,103.3,0.94,7122.96
SHP-13903,Shanghai,Los Angeles,10437.7,14,40ft_Standard,General_Dry,14052.2,41.5,Tier_2_Regional,4,1.05,103.6,1.08,5376.83
SHP-13904,Chennai,Colombo,612.8,6,20ft_Standard,Automotive,20955.6,17.8,Tier_2_Regional,3,1.05,98.3,0.94,2805.2
SHP-13905,Hamburg,Singapore,15883.2,27,LCL_Consolidated,Automotive,3937.6,5.9,Tier_2_Regional,8,1.25,90.2,1.34,5261.17
SHP-13906,Shanghai,Los Angeles,10555.7,16,40ft_Standard,Perishable_Reefer,12455.9,53.8,Tier_2_Regional,8,1.25,88.4,1.19,9757.21
SHP-13907,Tokyo,Los Angeles,8844.9,13,LCL_Consolidated,Perishable_Reefer,3061.5,9.9,Tier_1_Alliance,8,1.25,90.1,1.06,4027.16
SHP-13908,Shanghai,Rotterdam,19595.2,27,40ft_HighCube,Hazardous_Chemicals,21911.7,58.8,Tier_2_Regional,3,1.05,93.6,0.96,9804.45
SHP-13909,Singapore,Fremantle,3978.9,7,20ft_Standard,General_Dry,14018.8,27.8,Tier_2_Regional,12,1.05,106.2,1.1,3335.48
SHP-13910,Shanghai,Los Angeles,10489.7,14,40ft_HighCube,Hazardous_Chemicals,14276.8,55.3,Tier_2_Regional,5,1.05,96.1,1.28,10298.79
SHP-13911,Hamburg,Singapore,15800.0,23,LCL_Consolidated,Perishable_Reefer,1414.8,8.6,Tier_2_Regional,12,1.05,106.0,1.12,4687.59
SHP-13912,Singapore,Dubai,5960.3,11,20ft_Standard,Textiles,17157.4,30.3,Tier_3_Spot,8,1.25,96.1,1.41,5473.9
SHP-13913,Santos,Rotterdam,10200.2,17,LCL_Consolidated,Hazardous_Chemicals,1919.4,4.4,Tier_3_Spot,9,1.25,101.0,1.08,3985.19
SHP-13914,Busan,Long Beach,9378.4,16,LCL_Consolidated,Electronics,2847.1,12.4,Tier_2_Regional,6,1.05,73.2,1.12,2684.33
SHP-13915,Busan,Long Beach,9494.7,14,20ft_Standard,Electronics,10357.4,22.5,Tier_1_Alliance,3,1.05,74.3,0.95,3889.74
SHP-13916,Nhava Sheva,New York,14163.5,29,40ft_Standard,Automotive,22065.0,61.5,Tier_2_Regional,3,1.05,89.4,1.39,9190.18
SHP-13917,Shanghai,Rotterdam,19444.9,31,40ft_Standard,General_Dry,25613.4,58.2,Tier_2_Regional,3,1.05,83.2,1.0,6702.56
SHP-13918,Nhava Sheva,New York,14195.9,25,LCL_Consolidated,Textiles,3048.6,11.9,Tier_1_Alliance,9,1.25,85.4,1.0,3837.94
SHP-13919,Hamburg,Singapore,15811.9,27,40ft_Standard,Perishable_Reefer,24719.6,48.5,Tier_3_Spot,3,1.05,79.2,1.09,8262.71
SHP-13920,Shanghai,Rotterdam,19533.3,27,LCL_Consolidated,Perishable_Reefer,2171.3,13.2,Tier_2_Regional,10,1.25,84.8,1.3,7357.7
SHP-13921,Busan,Long Beach,9482.8,14,40ft_HighCube,General_Dry,15732.1,68.1,Tier_1_Alliance,11,1.05,96.1,1.12,7104.95
SHP-13922,Santos,Rotterdam,10126.2,17,40ft_HighCube,General_Dry,15907.8,70.6,Tier_1_Alliance,12,1.05,91.2,1.21,7767.88
SHP-13923,Tokyo,Los Angeles,8809.6,10,40ft_HighCube,Hazardous_Chemicals,18056.0,51.5,Tier_3_Spot,8,1.25,90.1,1.29,11194.45
SHP-13924,Chennai,Colombo,675.9,2,20ft_Standard,Electronics,19941.6,15.3,Tier_2_Regional,5,1.05,75.1,0.91,2462.48
SHP-13925,Chennai,Colombo,697.0,4,40ft_Standard,General_Dry,14821.6,51.7,Tier_2_Regional,2,0.9,87.4,1.25,4154.01
SHP-13926,Nhava Sheva,New York,14117.2,27,LCL_Consolidated,Perishable_Reefer,1539.3,5.4,Tier_1_Alliance,12,1.05,81.9,1.24,4877.37
SHP-13927,Shanghai,Rotterdam,19409.0,27,40ft_HighCube,Hazardous_Chemicals,15415.6,74.4,Tier_3_Spot,9,1.25,93.1,0.95,10879.2
SHP-13928,Chennai,Colombo,554.6,6,20ft_Standard,Textiles,8583.0,29.2,Tier_2_Regional,10,1.25,80.7,1.12,3002.96
SHP-13929,Shanghai,Rotterdam,19547.8,31,20ft_Standard,Textiles,17193.2,22.1,Tier_1_Alliance,9,1.25,79.8,1.04,6635.95
SHP-13930,Shanghai,Los Angeles,10574.2,15,40ft_HighCube,Hazardous_Chemicals,26493.5,48.0,Tier_3_Spot,1,0.9,90.9,1.0,6859.36
SHP-13931,Shanghai,Rotterdam,19412.9,29,40ft_Standard,Hazardous_Chemicals,19644.3,62.9,Tier_2_Regional,10,1.25,94.7,1.26,14525.17
SHP-13932,Hamburg,Singapore,15840.5,27,20ft_Standard,General_Dry,3627.6,21.4,Tier_3_Spot,10,1.25,104.7,1.26,5703.25
SHP-13933,Chennai,Rotterdam,11454.6,25,LCL_Consolidated,Perishable_Reefer,1245.7,5.8,Tier_3_Spot,5,1.05,72.4,1.19,3359.69
SHP-13934,Nhava Sheva,New York,14247.7,25,LCL_Consolidated,Electronics,2740.2,2.2,Tier_1_Alliance,10,1.25,90.0,0.94,3818.38
SHP-13935,Hamburg,Singapore,15893.9,27,20ft_Standard,Electronics,7136.8,26.3,Tier_1_Alliance,5,1.05,85.7,0.94,4876.22
SHP-13936,Shanghai,Los Angeles,10509.9,15,20ft_Standard,General_Dry,7542.9,19.7,Tier_2_Regional,7,1.05,85.9,0.96,3232.07
SHP-13937,Chennai,Colombo,596.3,3,40ft_HighCube,Electronics,11944.1,58.7,Tier_2_Regional,10,1.25,90.0,1.09,6336.9
SHP-13938,Shanghai,Los Angeles,10557.3,17,40ft_HighCube,Perishable_Reefer,21499.8,74.2,Tier_3_Spot,8,1.25,82.1,0.9,8238.89
SHP-13939,Chennai,Rotterdam,11526.2,25,LCL_Consolidated,General_Dry,4566.8,9.8,Tier_2_Regional,2,0.9,99.3,1.3,2910.7
SHP-13940,Nhava Sheva,New York,14286.6,25,40ft_HighCube,Electronics,26880.8,70.6,Tier_2_Regional,5,1.05,102.0,1.3,10245.08
SHP-13941,Chennai,Colombo,567.5,5,40ft_HighCube,General_Dry,14724.9,48.2,Tier_2_Regional,3,1.05,87.5,1.03,4348.57
SHP-13942,Shanghai,Rotterdam,19536.4,31,40ft_Standard,Automotive,21293.7,44.1,Tier_2_Regional,6,1.05,81.3,1.24,8507.22
SHP-13943,Singapore,Fremantle,3959.6,7,40ft_Standard,Textiles,18038.7,43.1,Tier_2_Regional,9,1.25,89.5,1.11,5646.5
SHP-13944,Chennai,Rotterdam,11520.6,25,40ft_Standard,Perishable_Reefer,18696.1,64.8,Tier_1_Alliance,12,1.05,77.9,1.37,11244.52
SHP-13945,Chennai,Colombo,684.0,2,LCL_Consolidated,Hazardous_Chemicals,3541.4,5.7,Tier_3_Spot,5,1.05,102.4,1.36,2297.73
SHP-13946,Chennai,Rotterdam,11559.4,24,20ft_Standard,Electronics,6443.1,17.8,Tier_2_Regional,6,1.05,84.3,0.93,3605.68
SHP-13947,Nhava Sheva,Dubai,2028.7,7,40ft_Standard,General_Dry,17600.5,65.0,Tier_1_Alliance,12,1.05,85.0,0.92,4461.28
SHP-13948,Chennai,Rotterdam,11515.1,23,40ft_HighCube,Electronics,16516.5,49.4,Tier_3_Spot,8,1.25,84.2,1.08,7728.03
SHP-13949,Tokyo,Los Angeles,8800.7,10,40ft_HighCube,Textiles,26607.9,66.6,Tier_3_Spot,8,1.25,77.6,0.92,6094.68
SHP-13950,Hamburg,Singapore,15737.6,25,20ft_Standard,Textiles,6318.0,26.1,Tier_3_Spot,8,1.25,91.1,0.94,4388.82
SHP-13951,Nhava Sheva,Dubai,2030.3,7,40ft_Standard,Perishable_Reefer,12389.2,63.1,Tier_1_Alliance,3,1.05,88.2,1.37,8494.23
SHP-13952,Hamburg,Singapore,15787.8,26,40ft_HighCube,Automotive,25478.5,63.0,Tier_3_Spot,5,1.05,99.4,1.17,8328.77
SHP-13953,Chennai,Colombo,678.0,5,40ft_HighCube,Automotive,12718.9,62.8,Tier_3_Spot,5,1.05,93.9,0.98,4514.53
SHP-13954,Nhava Sheva,New York,14140.3,28,40ft_HighCube,Textiles,12825.7,71.9,Tier_2_Regional,12,1.05,99.0,1.1,7057.7
SHP-13955,Tokyo,Los Angeles,8752.1,14,20ft_Standard,Textiles,7138.4,26.7,Tier_2_Regional,8,1.25,95.3,0.99,3925.3
SHP-13956,Shanghai,Los Angeles,10406.3,13,LCL_Consolidated,General_Dry,3700.6,4.5,Tier_3_Spot,2,0.9,89.4,1.2,2205.35
SHP-13957,Shanghai,Rotterdam,19448.7,27,40ft_Standard,Automotive,17612.2,41.1,Tier_3_Spot,2,0.9,95.6,1.31,7156.42
SHP-13958,Santos,Rotterdam,10288.3,17,20ft_Standard,General_Dry,10250.7,24.7,Tier_2_Regional,1,0.9,77.7,1.11,3284.9
SHP-13959,Tokyo,Los Angeles,8711.7,10,40ft_Standard,Automotive,23057.9,58.6,Tier_3_Spot,10,1.25,95.2,1.08,7141.98
SHP-13960,Nhava Sheva,Dubai,2014.4,6,40ft_HighCube,Textiles,20140.6,61.9,Tier_1_Alliance,2,0.9,84.9,1.01,4610.31
SHP-13961,Nhava Sheva,New York,14272.1,29,20ft_Standard,General_Dry,9796.4,22.7,Tier_3_Spot,9,1.25,87.1,0.98,4377.81
SHP-13962,Busan,Long Beach,9376.0,12,40ft_HighCube,Perishable_Reefer,27110.3,57.7,Tier_1_Alliance,11,1.05,78.3,0.96,8281.62
SHP-13963,Chennai,Colombo,660.4,6,40ft_Standard,Electronics,9885.8,60.0,Tier_2_Regional,12,1.05,77.3,1.4,6110.73
SHP-13964,Hamburg,Singapore,15892.3,23,40ft_Standard,Hazardous_Chemicals,25198.4,39.0,Tier_1_Alliance,1,0.9,91.1,0.9,7292.39
SHP-13965,Shanghai,Rotterdam,19573.3,31,LCL_Consolidated,Textiles,2276.1,10.5,Tier_1_Alliance,9,1.25,74.3,1.18,5303.91
SHP-13966,Singapore,Fremantle,3895.5,9,40ft_Standard,Perishable_Reefer,15121.9,64.8,Tier_3_Spot,1,0.9,107.3,1.0,5134.71
SHP-13967,Tokyo,Los Angeles,8718.6,13,40ft_Standard,General_Dry,8755.5,65.5,Tier_2_Regional,8,1.25,107.5,0.91,5433.9
SHP-13968,Santos,Rotterdam,10294.7,17,40ft_HighCube,Electronics,10322.0,64.2,Tier_3_Spot,10,1.25,104.2,0.96,7064.36
SHP-13969,Chennai,Rotterdam,11468.3,24,40ft_Standard,Perishable_Reefer,16682.8,55.2,Tier_1_Alliance,11,1.05,105.7,1.15,9490.77
SHP-13970,Tokyo,Los Angeles,8865.1,13,40ft_Standard,General_Dry,11028.3,42.3,Tier_1_Alliance,2,0.9,104.0,1.39,6197.59
SHP-13971,Shanghai,Los Angeles,10519.2,14,40ft_Standard,Electronics,16163.2,56.7,Tier_3_Spot,6,1.05,81.2,0.94,5217.91
SHP-13972,Singapore,Fremantle,3934.2,8,40ft_HighCube,Perishable_Reefer,15249.5,64.9,Tier_2_Regional,9,1.25,91.3,1.31,10424.16
SHP-13973,Shanghai,Rotterdam,19520.0,30,20ft_Standard,General_Dry,17651.8,30.0,Tier_2_Regional,10,1.25,78.3,1.41,8242.99
SHP-13974,Hamburg,Singapore,15743.3,26,40ft_Standard,Perishable_Reefer,14470.6,55.4,Tier_2_Regional,6,1.05,95.3,1.03,8183.88
SHP-13975,Shanghai,Rotterdam,19508.8,31,LCL_Consolidated,Hazardous_Chemicals,561.2,10.9,Tier_1_Alliance,12,1.05,88.7,0.9,4915.66
SHP-13976,Singapore,Fremantle,3810.8,8,20ft_Standard,Perishable_Reefer,4709.8,30.8,Tier_1_Alliance,4,1.05,99.6,1.42,5736.78
SHP-13977,Busan,Long Beach,9400.1,14,40ft_Standard,Electronics,9979.8,59.2,Tier_1_Alliance,11,1.05,87.1,1.11,6997.3
SHP-13978,Chennai,Rotterdam,11423.1,21,40ft_HighCube,Perishable_Reefer,11631.4,64.2,Tier_1_Alliance,4,1.05,107.6,1.38,12072.62
SHP-13979,Shanghai,Rotterdam,19437.1,30,40ft_Standard,Electronics,8982.1,53.1,Tier_2_Regional,2,0.9,107.6,1.28,7772.51
SHP-13980,Shanghai,Los Angeles,10552.1,16,40ft_Standard,Electronics,14824.5,44.4,Tier_1_Alliance,9,1.25,106.3,0.98,7656.9
SHP-13981,Chennai,Rotterdam,11412.8,21,LCL_Consolidated,General_Dry,4072.8,5.5,Tier_3_Spot,8,1.25,105.2,1.02,3019.26
SHP-13982,Shanghai,Rotterdam,19552.5,31,40ft_HighCube,General_Dry,11324.9,72.8,Tier_3_Spot,1,0.9,72.2,1.33,7323.39
SHP-13983,Shanghai,Rotterdam,19482.6,30,40ft_Standard,Textiles,10831.4,48.4,Tier_2_Regional,4,1.05,85.1,1.08,6541.77
SHP-13984,Chennai,Colombo,710.0,3,40ft_HighCube,Electronics,11969.7,65.2,Tier_2_Regional,1,0.9,77.4,0.98,4176.78
SHP-13985,Tokyo,Los Angeles,8856.7,13,LCL_Consolidated,General_Dry,2285.8,5.9,Tier_1_Alliance,7,1.05,72.8,1.04,2115.41
SHP-13986,Shanghai,Los Angeles,10593.4,15,LCL_Consolidated,Perishable_Reefer,1794.0,10.0,Tier_2_Regional,10,1.25,73.6,1.13,4031.62
SHP-13987,Chennai,Colombo,617.4,3,40ft_Standard,Textiles,23547.4,55.0,Tier_2_Regional,10,1.25,102.5,1.15,6102.31
SHP-13988,Santos,Rotterdam,10253.7,18,LCL_Consolidated,General_Dry,2871.2,13.3,Tier_2_Regional,9,1.25,94.5,1.37,4079.21
SHP-13989,Tokyo,Los Angeles,8819.0,10,LCL_Consolidated,Textiles,4378.4,3.2,Tier_3_Spot,2,0.9,83.4,1.4,2309.48
SHP-13990,Nhava Sheva,New York,14113.3,26,40ft_HighCube,General_Dry,15269.7,70.0,Tier_1_Alliance,5,1.05,107.8,1.36,9576.98
SHP-13991,Hamburg,Singapore,15787.9,23,40ft_Standard,Perishable_Reefer,24615.6,50.0,Tier_1_Alliance,12,1.05,81.5,1.19,10644.43
SHP-13992,Chennai,Rotterdam,11536.5,24,40ft_HighCube,Hazardous_Chemicals,21783.8,61.8,Tier_2_Regional,8,1.25,98.6,0.88,9215.87
SHP-13993,Singapore,Dubai,5801.5,9,20ft_Standard,Perishable_Reefer,18892.8,16.6,Tier_2_Regional,1,0.9,85.9,0.99,3560.18
SHP-13994,Chennai,Rotterdam,11422.7,22,LCL_Consolidated,Electronics,1497.5,3.1,Tier_3_Spot,9,1.25,94.7,1.23,3629.92
SHP-13995,Chennai,Colombo,582.5,3,40ft_HighCube,Perishable_Reefer,16852.3,74.6,Tier_3_Spot,7,1.05,81.3,0.9,5340.02
SHP-13996,Singapore,Fremantle,3812.8,9,40ft_HighCube,Electronics,23010.4,67.0,Tier_2_Regional,8,1.25,91.9,1.4,9974.85
SHP-13997,Singapore,Dubai,5815.0,12,40ft_HighCube,Electronics,23721.4,50.3,Tier_2_Regional,11,1.05,97.5,1.33,8040.69
SHP-13998,Nhava Sheva,New York,14150.7,28,40ft_HighCube,Hazardous_Chemicals,17123.6,58.5,Tier_3_Spot,5,1.05,104.7,1.17,10064.07
SHP-13999,Shanghai,Los Angeles,10445.8,13,LCL_Consolidated,Hazardous_Chemicals,3840.5,11.6,Tier_1_Alliance,7,1.05,105.1,1.02,4199.68
SHP-14000,Chennai,Rotterdam,11444.9,25,40ft_HighCube,General_Dry,22630.5,64.0,Tier_3_Spot,4,1.05,82.0,1.25,7048.83
SHP-14001,Hamburg,Singapore,15763.7,23,LCL_Consolidated,Hazardous_Chemicals,1657.0,4.3,Tier_2_Regional,4,1.05,75.5,1.11,4425.67
SHP-14002,Singapore,Dubai,5916.1,11,20ft_Standard,Perishable_Reefer,17024.3,26.6,Tier_1_Alliance,5,1.05,75.7,1.25,5805.6
SHP-14003,Nhava Sheva,Dubai,2095.2,4,40ft_Standard,Textiles,13230.8,48.6,Tier_3_Spot,4,1.05,94.8,1.29,4978.75
SHP-14004,Chennai,Rotterdam,11589.3,25,20ft_Standard,Textiles,12639.5,25.4,Tier_2_Regional,11,1.05,99.0,1.12,4330.76
SHP-14005,Hamburg,Singapore,15710.7,27,40ft_Standard,General_Dry,9916.6,56.6,Tier_2_Regional,11,1.05,102.9,1.03,5993.79
SHP-14006,Singapore,Dubai,5897.7,12,40ft_Standard,Electronics,20638.4,46.9,Tier_2_Regional,11,1.05,101.9,1.34,7243.8
SHP-14007,Chennai,Colombo,599.7,6,LCL_Consolidated,General_Dry,3491.8,8.0,Tier_1_Alliance,6,1.05,77.6,1.39,1552.97
SHP-14008,Nhava Sheva,Dubai,2015.3,7,40ft_HighCube,General_Dry,27702.8,69.7,Tier_2_Regional,4,1.05,89.1,0.92,4784.78
SHP-14009,Busan,Long Beach,9323.1,14,LCL_Consolidated,Automotive,3634.4,5.2,Tier_3_Spot,1,0.9,98.6,1.07,2156.06
SHP-14010,Singapore,Fremantle,3804.2,9,20ft_Standard,Automotive,11695.7,25.3,Tier_2_Regional,9,1.25,74.4,1.02,3517.01
SHP-14011,Busan,Long Beach,9330.7,15,20ft_Standard,Perishable_Reefer,16338.2,25.9,Tier_1_Alliance,11,1.05,104.1,1.04,5744.58
SHP-14012,Hamburg,Singapore,15888.0,23,20ft_Standard,Automotive,18513.0,15.6,Tier_2_Regional,12,1.05,98.0,1.38,6631.65
SHP-14013,Santos,Rotterdam,10265.8,20,40ft_Standard,Textiles,17230.4,63.5,Tier_2_Regional,10,1.25,72.9,1.41,9000.04
SHP-14014,Busan,Long Beach,9449.0,12,LCL_Consolidated,Automotive,900.6,3.5,Tier_1_Alliance,11,1.05,101.6,1.13,2951.61
SHP-14015,Singapore,Fremantle,3866.4,8,40ft_Standard,Electronics,12345.5,37.6,Tier_1_Alliance,6,1.05,86.0,1.15,5686.21
SHP-14016,Shanghai,Rotterdam,19400.5,28,40ft_HighCube,Perishable_Reefer,17643.1,66.4,Tier_1_Alliance,12,1.05,76.2,1.4,14215.53
SHP-14017,Nhava Sheva,New York,14137.9,26,LCL_Consolidated,Textiles,2725.5,3.7,Tier_3_Spot,6,1.05,95.4,1.01,2693.36
SHP-14018,Chennai,Colombo,722.6,3,20ft_Standard,Textiles,16003.7,15.2,Tier_2_Regional,5,1.05,78.7,1.12,2556.56
SHP-14019,Nhava Sheva,Dubai,2179.3,6,20ft_Standard,Hazardous_Chemicals,12147.3,16.2,Tier_3_Spot,12,1.05,94.2,0.96,3201.19
SHP-14020,Chennai,Rotterdam,11595.5,23,40ft_Standard,Textiles,12072.1,62.8,Tier_2_Regional,11,1.05,101.0,0.88,5000.78
SHP-14021,Singapore,Fremantle,3872.8,11,LCL_Consolidated,Perishable_Reefer,4103.3,10.5,Tier_3_Spot,4,1.05,86.2,1.24,2417.48
SHP-14022,Shanghai,Los Angeles,10497.7,16,40ft_HighCube,Perishable_Reefer,14005.5,67.4,Tier_1_Alliance,2,0.9,87.2,1.25,9034.5
SHP-14023,Nhava Sheva,New York,14125.5,26,20ft_Standard,Electronics,4866.0,26.9,Tier_2_Regional,11,1.05,74.7,1.23,5259.23
SHP-14024,Chennai,Rotterdam,11421.4,24,40ft_HighCube,Electronics,27019.7,66.0,Tier_2_Regional,3,1.05,103.3,1.1,8087.73
SHP-14025,Singapore,Fremantle,3855.8,11,40ft_HighCube,Textiles,25783.4,50.3,Tier_3_Spot,3,1.05,101.6,0.95,4655.53
SHP-14026,Nhava Sheva,Dubai,2171.2,4,LCL_Consolidated,Electronics,3886.7,12.6,Tier_3_Spot,8,1.25,74.1,1.29,2112.59
SHP-14027,Busan,Long Beach,9415.1,13,20ft_Standard,Electronics,3214.9,24.5,Tier_2_Regional,6,1.05,92.2,1.12,4059.41
SHP-14028,Tokyo,Los Angeles,8741.0,14,40ft_Standard,General_Dry,25097.5,38.6,Tier_1_Alliance,12,1.05,91.9,0.96,5414.73
SHP-14029,Santos,Rotterdam,10110.8,17,40ft_Standard,Perishable_Reefer,14702.8,55.0,Tier_1_Alliance,2,0.9,105.3,1.33,8967.66
SHP-14030,Singapore,Dubai,5854.0,13,40ft_Standard,Automotive,11552.2,55.4,Tier_1_Alliance,11,1.05,87.8,1.28,6993.21
SHP-14031,Nhava Sheva,Dubai,2108.7,4,40ft_Standard,Electronics,9101.6,43.0,Tier_2_Regional,5,1.05,86.2,1.05,4388.74
SHP-14032,Shanghai,Rotterdam,19462.6,27,LCL_Consolidated,Perishable_Reefer,569.8,13.0,Tier_1_Alliance,6,1.05,83.6,1.39,6979.87
SHP-14033,Tokyo,Los Angeles,8726.0,11,40ft_HighCube,Automotive,11820.1,48.9,Tier_3_Spot,9,1.25,73.0,1.18,7060.63
SHP-14034,Shanghai,Los Angeles,10512.9,14,40ft_HighCube,General_Dry,23124.9,61.6,Tier_1_Alliance,8,1.25,89.3,1.41,10991.45
SHP-14035,Shanghai,Los Angeles,10592.3,17,LCL_Consolidated,Textiles,1486.3,2.8,Tier_2_Regional,6,1.05,87.3,1.04,2358.59
SHP-14036,Shanghai,Rotterdam,19576.9,28,40ft_Standard,Textiles,16032.5,35.5,Tier_1_Alliance,7,1.05,87.0,1.36,9137.96
SHP-14037,Chennai,Rotterdam,11528.9,24,40ft_Standard,Electronics,9797.6,60.2,Tier_1_Alliance,2,0.9,97.9,1.26,7240.43
SHP-14038,Nhava Sheva,New York,14297.8,29,40ft_HighCube,Hazardous_Chemicals,13963.9,63.4,Tier_3_Spot,8,1.25,79.4,0.94,9209.92
SHP-14039,Nhava Sheva,Dubai,2051.1,4,40ft_Standard,Perishable_Reefer,19209.8,66.1,Tier_2_Regional,1,0.9,99.9,1.0,5282.86
SHP-14040,Singapore,Fremantle,3926.2,8,20ft_Standard,Perishable_Reefer,17593.5,25.5,Tier_1_Alliance,1,0.9,104.3,1.03,4113.4
SHP-14041,Shanghai,Rotterdam,19503.5,27,LCL_Consolidated,Electronics,2260.2,11.9,Tier_1_Alliance,8,1.25,107.1,1.04,5765.89
SHP-14042,Singapore,Dubai,5886.3,11,LCL_Consolidated,Electronics,2120.8,11.5,Tier_1_Alliance,6,1.05,74.2,1.11,2276.35
SHP-14043,Shanghai,Rotterdam,19566.9,31,20ft_Standard,Hazardous_Chemicals,19039.9,21.9,Tier_3_Spot,8,1.25,94.5,0.94,7564.33
SHP-14044,Chennai,Rotterdam,11562.9,22,20ft_Standard,Automotive,11580.3,29.6,Tier_2_Regional,10,1.25,72.8,1.01,4873.39
SHP-14045,Busan,Long Beach,9495.1,14,20ft_Standard,Automotive,13230.7,28.6,Tier_1_Alliance,7,1.05,91.4,1.31,5698.24
SHP-14046,Busan,Long Beach,9352.6,14,LCL_Consolidated,Hazardous_Chemicals,2510.1,14.0,Tier_3_Spot,12,1.05,97.9,1.3,4217.15
SHP-14047,Busan,Long Beach,9389.5,14,40ft_Standard,General_Dry,12685.4,64.6,Tier_2_Regional,11,1.05,85.0,0.93,4875.06
SHP-14048,Shanghai,Rotterdam,19584.6,29,LCL_Consolidated,Perishable_Reefer,543.3,11.4,Tier_2_Regional,1,0.9,76.2,1.09,4184.65
SHP-14049,Chennai,Colombo,709.8,6,40ft_Standard,General_Dry,9288.0,63.3,Tier_1_Alliance,11,1.05,74.8,1.35,5667.31
SHP-14050,Shanghai,Rotterdam,19547.5,31,20ft_Standard,Perishable_Reefer,11617.6,25.3,Tier_3_Spot,5,1.05,100.2,1.03,6231.57
SHP-14051,Hamburg,Singapore,15771.9,27,40ft_HighCube,General_Dry,10243.9,72.6,Tier_1_Alliance,1,0.9,72.8,1.27,7453.41
SHP-14052,Singapore,Dubai,5969.9,11,LCL_Consolidated,Perishable_Reefer,4063.7,5.5,Tier_3_Spot,9,1.25,101.2,1.07,3050.17
SHP-14053,Shanghai,Rotterdam,19481.3,29,40ft_Standard,Hazardous_Chemicals,15650.0,45.1,Tier_2_Regional,7,1.05,74.2,1.4,12193.91
SHP-14054,Tokyo,Los Angeles,8707.9,13,40ft_HighCube,Textiles,11605.2,60.7,Tier_1_Alliance,3,1.05,96.0,0.94,5624.4
SHP-14055,Hamburg,Singapore,15770.6,25,20ft_Standard,Automotive,5115.0,25.2,Tier_3_Spot,10,1.25,72.8,1.01,4798.85
SHP-14056,Shanghai,Rotterdam,19588.0,30,20ft_Standard,Perishable_Reefer,4280.8,22.8,Tier_2_Regional,5,1.05,89.3,1.31,7844.8
SHP-14057,Busan,Long Beach,9432.3,13,20ft_Standard,Textiles,15434.1,31.1,Tier_1_Alliance,3,1.05,97.2,0.95,4044.72
SHP-14058,Chennai,Colombo,630.4,2,40ft_Standard,Hazardous_Chemicals,25341.4,38.2,Tier_2_Regional,9,1.25,81.1,1.04,7144.94
SHP-14059,Hamburg,Singapore,15818.7,25,40ft_HighCube,Textiles,20924.9,68.5,Tier_3_Spot,5,1.05,96.6,0.93,5982.52
SHP-14060,Santos,Rotterdam,10208.4,18,20ft_Standard,General_Dry,18551.0,26.4,Tier_1_Alliance,5,1.05,105.9,1.25,5497.43
SHP-14061,Singapore,Dubai,5953.5,13,40ft_Standard,Automotive,21467.0,45.4,Tier_2_Regional,10,1.25,75.3,1.34,8007.61
SHP-14062,Singapore,Dubai,5994.3,13,40ft_HighCube,General_Dry,20339.8,54.6,Tier_1_Alliance,6,1.05,102.6,1.35,7827.61
SHP-14063,Singapore,Dubai,5979.4,10,40ft_Standard,Textiles,13205.5,58.7,Tier_3_Spot,9,1.25,89.8,0.89,4717.52
SHP-14064,Chennai,Colombo,700.4,5,LCL_Consolidated,Textiles,3531.1,7.7,Tier_3_Spot,5,1.05,102.7,1.13,1318.96
SHP-14065,Nhava Sheva,Dubai,2090.6,4,40ft_HighCube,Electronics,25416.4,55.9,Tier_2_Regional,10,1.25,75.6,1.17,7625.41
SHP-14066,Nhava Sheva,New York,14184.7,29,LCL_Consolidated,Hazardous_Chemicals,2458.5,7.5,Tier_2_Regional,7,1.05,97.0,1.1,4526.2
SHP-14067,Chennai,Rotterdam,11538.4,21,20ft_Standard,Automotive,19094.3,17.9,Tier_1_Alliance,5,1.05,76.5,1.19,5403.54
SHP-14068,Santos,Rotterdam,10222.2,17,LCL_Consolidated,Perishable_Reefer,2733.0,13.1,Tier_3_Spot,1,0.9,91.1,1.07,2743.08
SHP-14069,Chennai,Colombo,613.7,2,20ft_Standard,Textiles,18222.9,22.8,Tier_2_Regional,4,1.05,100.7,1.28,3518.51
SHP-14070,Santos,Rotterdam,10234.2,20,LCL_Consolidated,General_Dry,1863.5,5.3,Tier_3_Spot,8,1.25,89.2,1.14,2847.62
SHP-14071,Nhava Sheva,New York,14154.3,27,LCL_Consolidated,Perishable_Reefer,1106.5,6.4,Tier_1_Alliance,12,1.05,72.7,0.93,3492.15
SHP-14072,Shanghai,Rotterdam,19592.5,29,40ft_HighCube,General_Dry,24953.0,64.2,Tier_3_Spot,10,1.25,103.6,1.05,8524.02
SHP-14073,Shanghai,Rotterdam,19426.4,30,40ft_Standard,Perishable_Reefer,25096.0,43.5,Tier_2_Regional,12,1.05,91.8,1.07,9326.07
SHP-14074,Busan,Long Beach,9367.4,15,LCL_Consolidated,Textiles,1447.3,11.9,Tier_2_Regional,12,1.05,81.8,0.98,2129.58
SHP-14075,Busan,Long Beach,9480.9,14,20ft_Standard,Automotive,20136.3,29.0,Tier_2_Regional,11,1.05,88.2,1.13,4763.16
SHP-14076,Busan,Long Beach,9394.0,16,40ft_Standard,Perishable_Reefer,18292.1,56.5,Tier_2_Regional,9,1.25,89.9,1.39,11601.06
SHP-14077,Tokyo,Los Angeles,8816.2,12,40ft_Standard,Textiles,25685.3,61.1,Tier_3_Spot,1,0.9,80.5,1.38,6024.68
SHP-14078,Singapore,Fremantle,3908.1,8,LCL_Consolidated,Perishable_Reefer,4438.1,5.2,Tier_3_Spot,3,1.05,95.1,1.3,2577.6
SHP-14079,Singapore,Dubai,5839.3,11,20ft_Standard,General_Dry,13856.8,22.2,Tier_2_Regional,2,0.9,87.6,1.0,2574.29
SHP-14080,Chennai,Colombo,724.1,5,40ft_HighCube,Electronics,18837.5,58.0,Tier_2_Regional,5,1.05,92.3,0.91,4799.13
SHP-14081,Nhava Sheva,New York,14177.9,28,40ft_HighCube,General_Dry,18473.3,50.4,Tier_3_Spot,10,1.25,78.3,0.9,5946.05
SHP-14082,Hamburg,Singapore,15821.3,25,LCL_Consolidated,Automotive,2885.7,7.8,Tier_2_Regional,9,1.25,77.1,0.91,3508.56
SHP-14083,Santos,Rotterdam,10109.2,21,20ft_Standard,Electronics,16575.9,28.5,Tier_1_Alliance,12,1.05,92.9,0.96,4547.09
SHP-14084,Chennai,Colombo,609.9,3,LCL_Consolidated,Automotive,1290.2,11.4,Tier_3_Spot,10,1.25,82.1,1.18,1590.04
SHP-14085,Nhava Sheva,New York,14239.3,29,40ft_HighCube,Automotive,12120.8,65.0,Tier_3_Spot,3,1.05,92.6,1.04,6559.62
SHP-14086,Singapore,Dubai,5807.9,9,20ft_Standard,Automotive,12959.4,32.9,Tier_1_Alliance,2,0.9,81.5,1.37,4491.93
SHP-14087,Singapore,Fremantle,3869.8,7,40ft_Standard,General_Dry,22875.2,53.0,Tier_1_Alliance,12,1.05,107.3,1.42,7469.29
SHP-14088,Singapore,Fremantle,3990.4,10,LCL_Consolidated,Textiles,1642.1,4.6,Tier_3_Spot,5,1.05,101.8,1.18,1783.04
SHP-14089,Nhava Sheva,Dubai,2144.2,6,40ft_HighCube,Electronics,19016.4,56.9,Tier_3_Spot,8,1.25,97.9,1.01,6173.39
SHP-14090,Santos,Rotterdam,10210.0,19,20ft_Standard,Textiles,3175.1,32.7,Tier_1_Alliance,3,1.05,103.5,1.14,4445.67
SHP-14091,Shanghai,Los Angeles,10536.8,13,LCL_Consolidated,Automotive,4163.1,6.8,Tier_1_Alliance,6,1.05,73.7,1.33,3654.41
SHP-14092,Shanghai,Rotterdam,19439.6,30,LCL_Consolidated,Automotive,1155.6,12.3,Tier_3_Spot,11,1.05,94.8,1.24,4482.94
SHP-14093,Busan,Long Beach,9402.2,15,40ft_Standard,Perishable_Reefer,20936.5,59.4,Tier_3_Spot,8,1.25,93.2,1.01,8206.55
SHP-14094,Tokyo,Los Angeles,8875.9,14,40ft_HighCube,Automotive,24424.1,71.5,Tier_1_Alliance,7,1.05,87.9,1.15,8388.94
SHP-14095,Chennai,Colombo,601.4,6,LCL_Consolidated,Automotive,734.0,2.2,Tier_1_Alliance,7,1.05,97.4,1.34,1576.02
SHP-14096,Shanghai,Los Angeles,10519.4,17,LCL_Consolidated,Hazardous_Chemicals,4256.8,5.4,Tier_1_Alliance,12,1.05,83.4,1.0,3680.53
SHP-14097,Santos,Rotterdam,10202.8,18,20ft_Standard,Hazardous_Chemicals,7749.7,27.7,Tier_1_Alliance,1,0.9,88.6,0.94,4414.15
SHP-14098,Nhava Sheva,New York,14126.9,27,40ft_Standard,Textiles,16215.0,66.6,Tier_1_Alliance,3,1.05,87.2,1.12,7389.0
SHP-14099,Nhava Sheva,New York,14158.2,28,40ft_Standard,Hazardous_Chemicals,8539.4,53.6,Tier_2_Regional,6,1.05,79.5,0.91,6987.73
SHP-14100,Nhava Sheva,New York,14106.1,25,40ft_HighCube,Automotive,16648.8,58.7,Tier_2_Regional,4,1.05,106.4,0.93,6345.32
SHP-14101,Nhava Sheva,Dubai,2095.4,4,20ft_Standard,Textiles,11301.1,25.2,Tier_3_Spot,2,0.9,104.6,1.12,2419.46
SHP-14102,Hamburg,Singapore,15890.3,26,40ft_Standard,General_Dry,24987.0,57.6,Tier_1_Alliance,12,1.05,107.9,1.34,9542.83
SHP-14103,Chennai,Colombo,592.6,3,40ft_Standard,Automotive,22603.1,56.1,Tier_2_Regional,2,0.9,102.3,1.35,5601.6
SHP-14104,Nhava Sheva,New York,14232.1,27,40ft_Standard,Perishable_Reefer,9381.5,60.6,Tier_1_Alliance,9,1.25,94.2,0.97,9600.13
SHP-14105,Shanghai,Los Angeles,10589.9,15,20ft_Standard,General_Dry,4392.2,24.4,Tier_2_Regional,6,1.05,81.7,1.25,4080.39
SHP-14106,Hamburg,Singapore,15885.3,23,40ft_Standard,Textiles,23393.1,66.2,Tier_2_Regional,5,1.05,81.0,1.17,7490.61
SHP-14107,Chennai,Rotterdam,11566.9,24,20ft_Standard,General_Dry,15802.0,15.6,Tier_3_Spot,1,0.9,106.4,1.06,3335.25
SHP-14108,Nhava Sheva,New York,14278.8,26,20ft_Standard,Textiles,13299.1,20.9,Tier_1_Alliance,11,1.05,86.6,1.33,5984.98
SHP-14109,Shanghai,Los Angeles,10496.4,17,40ft_Standard,Textiles,22340.4,66.4,Tier_2_Regional,8,1.25,107.9,1.21,8565.92
SHP-14110,Hamburg,Singapore,15709.9,25,40ft_HighCube,Automotive,16768.4,54.8,Tier_2_Regional,6,1.05,72.3,1.03,6963.27
SHP-14111,Shanghai,Los Angeles,10461.9,15,20ft_Standard,Perishable_Reefer,18781.1,26.9,Tier_3_Spot,12,1.05,90.0,1.29,6303.14
SHP-14112,Busan,Long Beach,9452.0,14,40ft_HighCube,General_Dry,19328.0,60.5,Tier_3_Spot,8,1.25,75.9,0.94,5906.59
SHP-14113,Tokyo,Los Angeles,8811.6,10,LCL_Consolidated,General_Dry,4840.3,2.3,Tier_2_Regional,2,0.9,92.4,1.24,2181.65
SHP-14114,Shanghai,Rotterdam,19470.8,30,20ft_Standard,Automotive,10226.9,28.3,Tier_1_Alliance,7,1.05,102.6,1.06,6262.3
SHP-14115,Chennai,Rotterdam,11452.5,23,20ft_Standard,Hazardous_Chemicals,16438.8,26.2,Tier_2_Regional,5,1.05,99.6,1.28,7380.89
SHP-14116,Chennai,Colombo,708.2,2,20ft_Standard,Textiles,18264.9,16.2,Tier_2_Regional,2,0.9,80.2,1.24,2557.03
SHP-14117,Santos,Rotterdam,10183.0,18,LCL_Consolidated,Automotive,4449.9,13.4,Tier_2_Regional,8,1.25,73.5,0.96,2823.08
SHP-14118,Nhava Sheva,New York,14182.2,29,20ft_Standard,Hazardous_Chemicals,18733.8,31.7,Tier_1_Alliance,8,1.25,107.1,1.24,10764.55
SHP-14119,Nhava Sheva,New York,14187.8,25,20ft_Standard,Perishable_Reefer,4400.6,19.8,Tier_3_Spot,7,1.05,85.0,1.14,5215.76
SHP-14120,Santos,Rotterdam,10286.4,21,LCL_Consolidated,Perishable_Reefer,3817.4,10.2,Tier_2_Regional,6,1.05,81.1,1.35,4184.49
SHP-14121,Nhava Sheva,New York,14164.5,25,LCL_Consolidated,Perishable_Reefer,861.5,12.0,Tier_1_Alliance,8,1.25,84.5,1.4,6803.24
SHP-14122,Busan,Long Beach,9448.5,12,20ft_Standard,Perishable_Reefer,12964.7,18.2,Tier_2_Regional,5,1.05,107.1,1.08,5190.48
SHP-14123,Hamburg,Singapore,15720.5,26,LCL_Consolidated,Perishable_Reefer,2450.6,7.9,Tier_1_Alliance,12,1.05,75.3,1.27,5372.96
SHP-14124,Shanghai,Los Angeles,10510.6,14,40ft_HighCube,Automotive,14661.0,45.3,Tier_1_Alliance,11,1.05,93.3,0.96,6286.87
SHP-14125,Shanghai,Rotterdam,19431.7,28,40ft_HighCube,Automotive,19625.3,51.1,Tier_2_Regional,8,1.25,104.8,1.03,9227.61
SHP-14126,Busan,Long Beach,9310.9,16,20ft_Standard,Electronics,16866.5,21.2,Tier_3_Spot,10,1.25,101.1,1.32,6164.33
SHP-14127,Busan,Long Beach,9393.1,15,20ft_Standard,General_Dry,15081.1,18.0,Tier_1_Alliance,7,1.05,100.7,0.91,3630.27
SHP-14128,Nhava Sheva,Dubai,2083.0,4,20ft_Standard,Electronics,11836.0,26.8,Tier_2_Regional,2,0.9,102.6,1.35,3560.75
SHP-14129,Shanghai,Los Angeles,10543.5,16,40ft_Standard,Perishable_Reefer,12076.7,46.9,Tier_1_Alliance,6,1.05,94.3,1.36,10148.48
SHP-14130,Singapore,Fremantle,3821.1,7,LCL_Consolidated,Perishable_Reefer,3889.7,7.2,Tier_2_Regional,7,1.05,77.5,1.19,2284.4
SHP-14131,Shanghai,Rotterdam,19508.3,30,40ft_Standard,Perishable_Reefer,10389.6,46.5,Tier_1_Alliance,7,1.05,90.5,0.98,8725.89
SHP-14132,Shanghai,Los Angeles,10561.9,17,40ft_Standard,Electronics,23715.7,46.5,Tier_2_Regional,9,1.25,107.8,1.37,10384.98
SHP-14133,Hamburg,Singapore,15822.9,23,LCL_Consolidated,Automotive,4187.2,11.9,Tier_2_Regional,11,1.05,103.0,1.15,4143.78
SHP-14134,Nhava Sheva,New York,14263.4,29,40ft_Standard,Textiles,24056.6,59.1,Tier_2_Regional,1,0.9,95.0,1.12,5970.85
SHP-14135,Shanghai,Rotterdam,19508.0,31,40ft_HighCube,Electronics,23594.4,69.5,Tier_3_Spot,4,1.05,106.4,1.29,10267.64
SHP-14136,Singapore,Dubai,5886.1,10,40ft_HighCube,Textiles,17453.6,67.0,Tier_3_Spot,10,1.25,97.1,1.39,8481.04
SHP-14137,Chennai,Colombo,727.5,5,40ft_HighCube,Automotive,14409.6,56.6,Tier_3_Spot,1,0.9,82.2,1.13,4300.25
SHP-14138,Singapore,Fremantle,3995.5,9,40ft_Standard,General_Dry,16458.0,39.0,Tier_2_Regional,11,1.05,91.1,0.89,3737.87
SHP-14139,Chennai,Colombo,635.1,4,20ft_Standard,Electronics,15341.3,28.8,Tier_1_Alliance,6,1.05,105.2,1.31,4495.21
SHP-14140,Nhava Sheva,New York,14279.0,29,40ft_HighCube,Perishable_Reefer,15378.1,51.5,Tier_2_Regional,9,1.25,90.3,0.88,8470.49
SHP-14141,Singapore,Dubai,5836.0,11,20ft_Standard,Perishable_Reefer,12189.4,24.0,Tier_1_Alliance,1,0.9,88.0,1.07,4162.88
SHP-14142,Nhava Sheva,Dubai,2036.8,6,40ft_Standard,Automotive,9313.4,62.0,Tier_2_Regional,1,0.9,76.2,1.06,3964.4
SHP-14143,Singapore,Dubai,5893.6,9,LCL_Consolidated,Automotive,2632.9,11.1,Tier_3_Spot,6,1.05,72.5,1.08,1874.25
SHP-14144,Nhava Sheva,Dubai,2196.7,8,20ft_Standard,Automotive,7810.2,24.2,Tier_3_Spot,6,1.05,99.0,1.32,3325.5
SHP-14145,Nhava Sheva,New York,14125.4,25,LCL_Consolidated,Hazardous_Chemicals,4662.6,13.7,Tier_3_Spot,12,1.05,107.2,0.92,3775.37
SHP-14146,Hamburg,Singapore,15816.1,24,40ft_Standard,Electronics,15329.0,55.0,Tier_2_Regional,7,1.05,92.2,1.36,9211.93
SHP-14147,Singapore,Fremantle,3853.0,8,LCL_Consolidated,Automotive,689.2,13.2,Tier_1_Alliance,11,1.05,85.3,1.34,2427.19
SHP-14148,Singapore,Fremantle,3809.7,7,40ft_HighCube,Perishable_Reefer,17406.4,46.4,Tier_1_Alliance,2,0.9,77.4,1.33,7681.31
SHP-14149,Nhava Sheva,New York,14140.7,26,40ft_HighCube,Automotive,12464.3,54.7,Tier_1_Alliance,2,0.9,92.4,1.36,8383.96
SHP-14150,Hamburg,Singapore,15815.7,24,LCL_Consolidated,Hazardous_Chemicals,4855.6,6.2,Tier_1_Alliance,12,1.05,79.0,1.24,5820.31
SHP-14151,Busan,Long Beach,9493.7,16,40ft_HighCube,Hazardous_Chemicals,19934.6,48.6,Tier_2_Regional,1,0.9,99.1,1.2,8353.04
SHP-14152,Nhava Sheva,New York,14283.2,28,40ft_Standard,Textiles,17614.0,54.8,Tier_1_Alliance,10,1.25,89.2,1.1,8454.81
SHP-14153,Nhava Sheva,Dubai,2048.0,4,40ft_Standard,Electronics,13061.4,60.9,Tier_1_Alliance,4,1.05,80.7,1.0,5170.63
SHP-14154,Tokyo,Los Angeles,8805.0,11,20ft_Standard,Textiles,9958.5,28.8,Tier_3_Spot,6,1.05,73.0,1.27,3985.89
SHP-14155,Santos,Rotterdam,10130.7,17,40ft_HighCube,General_Dry,24007.8,52.6,Tier_1_Alliance,9,1.25,105.0,1.38,10702.96
SHP-14156,Hamburg,Singapore,15803.0,26,20ft_Standard,Perishable_Reefer,5751.0,15.8,Tier_3_Spot,3,1.05,88.7,1.14,5584.56
SHP-14157,Tokyo,Los Angeles,8821.2,13,40ft_Standard,Perishable_Reefer,8521.0,41.6,Tier_3_Spot,8,1.25,79.0,0.91,6027.24
SHP-14158,Tokyo,Los Angeles,8854.9,11,40ft_Standard,Electronics,18156.3,35.9,Tier_1_Alliance,10,1.25,100.7,1.19,8665.03
SHP-14159,Shanghai,Los Angeles,10458.9,16,20ft_Standard,Textiles,11400.8,16.8,Tier_3_Spot,12,1.05,105.2,0.95,3238.29
SHP-14160,Chennai,Rotterdam,11512.7,24,40ft_Standard,Perishable_Reefer,17493.2,66.5,Tier_2_Regional,3,1.05,90.2,1.23,9334.89
SHP-14161,Hamburg,Singapore,15808.9,27,LCL_Consolidated,General_Dry,2202.8,12.6,Tier_1_Alliance,7,1.05,102.7,1.15,4037.05
SHP-14162,Tokyo,Los Angeles,8712.7,11,LCL_Consolidated,Automotive,1902.1,12.4,Tier_1_Alliance,6,1.05,78.2,1.24,3088.82
SHP-14163,Hamburg,Singapore,15764.5,23,LCL_Consolidated,Automotive,3549.3,9.2,Tier_1_Alliance,3,1.05,94.7,0.93,3386.96
SHP-14164,Singapore,Fremantle,3921.9,10,LCL_Consolidated,General_Dry,1054.9,8.7,Tier_1_Alliance,9,1.25,79.6,1.18,2124.06
SHP-14165,Chennai,Rotterdam,11523.6,23,40ft_HighCube,Hazardous_Chemicals,27749.4,62.1,Tier_3_Spot,1,0.9,106.0,1.31,9830.25
SHP-14166,Singapore,Dubai,5979.5,13,40ft_Standard,Electronics,15496.6,60.5,Tier_2_Regional,9,1.25,85.6,1.25,8053.41
SHP-14167,Busan,Long Beach,9426.9,15,20ft_Standard,Electronics,6897.9,27.1,Tier_1_Alliance,9,1.25,96.8,1.11,5654.22
SHP-14168,Hamburg,Singapore,15849.5,26,40ft_HighCube,General_Dry,26594.2,63.8,Tier_2_Regional,10,1.25,89.2,1.25,10141.45
SHP-14169,Nhava Sheva,Dubai,2128.1,8,LCL_Consolidated,Textiles,538.8,10.4,Tier_3_Spot,8,1.25,90.9,1.38,1974.65
SHP-14170,Santos,Rotterdam,10255.2,18,LCL_Consolidated,General_Dry,2382.2,12.5,Tier_1_Alliance,9,1.25,91.0,0.89,2715.53
SHP-14171,Nhava Sheva,New York,14166.7,27,LCL_Consolidated,Automotive,942.9,9.6,Tier_3_Spot,8,1.25,79.2,0.92,2999.64
SHP-14172,Shanghai,Los Angeles,10594.6,13,LCL_Consolidated,Textiles,2244.6,3.7,Tier_2_Regional,8,1.25,93.4,1.03,2828.27
SHP-14173,Busan,Long Beach,9350.4,13,20ft_Standard,Perishable_Reefer,5862.9,19.1,Tier_3_Spot,1,0.9,84.7,1.35,4476.72
SHP-14174,Chennai,Colombo,631.7,3,20ft_Standard,Automotive,17848.4,31.6,Tier_2_Regional,8,1.25,90.8,1.27,4520.09
SHP-14175,Hamburg,Singapore,15750.6,23,20ft_Standard,Hazardous_Chemicals,11082.4,22.3,Tier_2_Regional,7,1.05,77.0,1.2,7074.9
SHP-14176,Busan,Long Beach,9397.2,14,LCL_Consolidated,Hazardous_Chemicals,1063.5,12.8,Tier_3_Spot,11,1.05,102.7,0.96,3057.19
SHP-14177,Shanghai,Rotterdam,19512.4,30,LCL_Consolidated,Perishable_Reefer,3245.6,8.9,Tier_1_Alliance,1,0.9,107.8,0.97,4514.63
SHP-14178,Busan,Long Beach,9384.0,16,40ft_HighCube,General_Dry,21991.7,48.1,Tier_2_Regional,5,1.05,75.8,1.16,6360.48
SHP-14179,Chennai,Colombo,693.5,3,LCL_Consolidated,Textiles,2865.3,13.9,Tier_3_Spot,10,1.25,76.9,0.99,1252.42
SHP-14180,Tokyo,Los Angeles,8833.3,14,LCL_Consolidated,Electronics,2111.7,12.6,Tier_1_Alliance,7,1.05,95.4,1.28,3645.04
SHP-14181,Shanghai,Los Angeles,10512.6,16,20ft_Standard,General_Dry,9487.2,21.7,Tier_1_Alliance,5,1.05,95.1,0.91,3483.35
SHP-14182,Singapore,Dubai,5840.2,9,40ft_HighCube,Automotive,17387.5,59.9,Tier_1_Alliance,11,1.05,85.2,1.23,7582.8
SHP-14183,Chennai,Rotterdam,11410.5,21,40ft_Standard,Perishable_Reefer,23511.9,62.4,Tier_2_Regional,11,1.05,101.8,1.2,9450.72
SHP-14184,Hamburg,Singapore,15715.1,27,20ft_Standard,Automotive,3114.4,25.8,Tier_1_Alliance,7,1.05,86.1,1.33,6274.83
SHP-14185,Singapore,Fremantle,3974.6,9,40ft_HighCube,Hazardous_Chemicals,14475.1,46.7,Tier_3_Spot,8,1.25,103.9,1.35,10286.35
SHP-14186,Hamburg,Singapore,15726.1,26,40ft_HighCube,Textiles,12812.9,70.5,Tier_3_Spot,11,1.05,83.3,1.32,8127.23
SHP-14187,Shanghai,Los Angeles,10468.0,17,LCL_Consolidated,Textiles,754.2,11.3,Tier_1_Alliance,4,1.05,77.7,1.1,2704.77
SHP-14188,Hamburg,Singapore,15774.7,26,20ft_Standard,General_Dry,11053.8,26.3,Tier_3_Spot,11,1.05,96.0,1.29,5182.72
SHP-14189,Nhava Sheva,New York,14272.9,28,20ft_Standard,Electronics,19431.4,15.0,Tier_3_Spot,3,1.05,84.9,1.39,6158.01
SHP-14190,Hamburg,Singapore,15753.9,24,LCL_Consolidated,Perishable_Reefer,1603.4,12.0,Tier_2_Regional,11,1.05,83.0,1.24,4966.37
SHP-14191,Shanghai,Rotterdam,19428.0,30,40ft_HighCube,General_Dry,27516.8,53.8,Tier_2_Regional,8,1.25,96.2,1.02,8678.23
SHP-14192,Nhava Sheva,New York,14299.2,25,40ft_Standard,Automotive,20620.1,63.1,Tier_2_Regional,4,1.05,97.8,1.41,9488.72
SHP-14193,Tokyo,Los Angeles,8807.5,13,40ft_HighCube,Hazardous_Chemicals,21507.7,62.4,Tier_3_Spot,6,1.05,92.3,1.28,9881.23
SHP-14194,Chennai,Rotterdam,11452.1,21,40ft_HighCube,Hazardous_Chemicals,27320.7,74.9,Tier_1_Alliance,12,1.05,100.2,1.38,14381.74
SHP-14195,Nhava Sheva,Dubai,2009.9,4,LCL_Consolidated,Hazardous_Chemicals,1539.5,12.9,Tier_3_Spot,4,1.05,94.6,1.42,2636.57
SHP-14196,Singapore,Fremantle,3991.9,10,40ft_HighCube,Hazardous_Chemicals,23941.7,52.0,Tier_3_Spot,12,1.05,107.1,1.2,8485.77
SHP-14197,Singapore,Dubai,5869.0,12,LCL_Consolidated,Perishable_Reefer,3396.0,5.4,Tier_3_Spot,12,1.05,73.9,1.42,2805.95
SHP-14198,Chennai,Colombo,738.6,3,40ft_HighCube,Textiles,23761.3,67.3,Tier_3_Spot,10,1.25,89.3,1.31,7157.1
SHP-14199,Busan,Long Beach,9461.1,13,40ft_HighCube,General_Dry,24311.6,57.7,Tier_3_Spot,11,1.05,104.3,1.24,6933.18
SHP-14200,Nhava Sheva,New York,14104.4,29,LCL_Consolidated,Automotive,1812.1,4.1,Tier_2_Regional,9,1.25,77.9,1.19,4014.36
SHP-14201,Nhava Sheva,New York,14175.9,27,40ft_Standard,General_Dry,17049.7,48.6,Tier_1_Alliance,9,1.25,84.6,1.21,8765.27
SHP-14202,Chennai,Rotterdam,11593.5,22,40ft_HighCube,Automotive,11285.9,55.6,Tier_3_Spot,6,1.05,88.9,1.19,6781.3
SHP-14203,Nhava Sheva,New York,14172.3,29,40ft_HighCube,Electronics,22213.8,55.9,Tier_2_Regional,7,1.05,84.6,0.94,6694.95
SHP-14204,Shanghai,Los Angeles,10598.8,14,40ft_HighCube,Electronics,14954.2,67.2,Tier_2_Regional,8,1.25,96.9,1.16,9293.21
SHP-14205,Chennai,Rotterdam,11482.9,22,20ft_Standard,Textiles,13636.6,26.0,Tier_1_Alliance,5,1.05,80.6,1.38,5739.08
SHP-14206,Tokyo,Los Angeles,8849.9,12,40ft_HighCube,Automotive,23363.7,51.5,Tier_1_Alliance,12,1.05,98.2,0.95,6535.38
SHP-14207,Tokyo,Los Angeles,8732.7,10,20ft_Standard,Electronics,8554.2,17.7,Tier_2_Regional,11,1.05,90.4,1.05,3648.83
SHP-14208,Singapore,Dubai,5953.6,13,40ft_Standard,Perishable_Reefer,25488.6,36.7,Tier_3_Spot,1,0.9,85.3,0.9,4484.96
SHP-14209,Chennai,Rotterdam,11524.3,21,LCL_Consolidated,Electronics,3509.3,4.2,Tier_2_Regional,7,1.05,78.5,1.02,2670.02
SHP-14210,Santos,Rotterdam,10274.7,18,40ft_Standard,Perishable_Reefer,16154.1,35.1,Tier_2_Regional,8,1.25,93.8,0.91,7110.56
SHP-14211,Busan,Long Beach,9398.2,15,40ft_Standard,Perishable_Reefer,24643.0,51.0,Tier_3_Spot,11,1.05,83.8,1.26,8396.81
SHP-14212,Santos,Rotterdam,10138.2,21,LCL_Consolidated,Electronics,3045.7,3.3,Tier_2_Regional,9,1.25,82.8,1.03,3070.68
SHP-14213,Nhava Sheva,New York,14273.3,29,40ft_Standard,Automotive,16142.7,58.0,Tier_2_Regional,10,1.25,77.5,0.97,7085.94
SHP-14214,Shanghai,Los Angeles,10548.5,13,20ft_Standard,Perishable_Reefer,4883.9,25.9,Tier_2_Regional,10,1.25,83.3,1.14,6063.7
SHP-14215,Singapore,Dubai,5889.3,13,LCL_Consolidated,General_Dry,3392.5,10.8,Tier_2_Regional,4,1.05,106.6,0.92,1853.37
SHP-14216,Santos,Rotterdam,10189.2,18,20ft_Standard,Textiles,14540.6,29.7,Tier_1_Alliance,6,1.05,104.3,1.36,5995.16
SHP-14217,Singapore,Fremantle,3966.4,7,LCL_Consolidated,Perishable_Reefer,3337.0,3.7,Tier_2_Regional,1,0.9,100.9,1.3,2334.53
SHP-14218,Shanghai,Los Angeles,10499.7,16,40ft_HighCube,Textiles,23880.0,56.1,Tier_3_Spot,9,1.25,96.1,1.29,8755.73
SHP-14219,Chennai,Colombo,561.3,2,40ft_HighCube,General_Dry,12254.3,55.1,Tier_3_Spot,9,1.25,104.3,0.91,4344.98
SHP-14220,Santos,Rotterdam,10257.1,18,20ft_Standard,Automotive,3050.3,31.2,Tier_3_Spot,8,1.25,102.0,1.09,4540.91
SHP-14221,Singapore,Fremantle,3841.6,11,LCL_Consolidated,Textiles,4580.9,10.2,Tier_3_Spot,12,1.05,103.4,1.4,2367.76
SHP-14222,Singapore,Dubai,5935.1,12,40ft_Standard,Electronics,24394.9,56.6,Tier_2_Regional,8,1.25,83.4,0.93,6287.75
SHP-14223,Busan,Long Beach,9476.4,13,40ft_HighCube,Electronics,18856.0,71.6,Tier_3_Spot,1,0.9,88.0,1.12,6120.77
SHP-14224,Nhava Sheva,Dubai,2146.6,6,40ft_HighCube,Hazardous_Chemicals,20956.7,70.1,Tier_3_Spot,2,0.9,93.4,1.18,6882.21
SHP-14225,Santos,Rotterdam,10154.0,21,LCL_Consolidated,Electronics,1682.2,4.4,Tier_3_Spot,5,1.05,72.2,1.19,2635.35
SHP-14226,Busan,Long Beach,9465.7,15,LCL_Consolidated,Textiles,4297.1,7.4,Tier_1_Alliance,4,1.05,96.0,1.1,2934.9
SHP-14227,Shanghai,Rotterdam,19401.1,30,20ft_Standard,Hazardous_Chemicals,4976.5,24.7,Tier_3_Spot,6,1.05,75.2,1.37,8063.17
SHP-14228,Chennai,Rotterdam,11587.5,21,LCL_Consolidated,Perishable_Reefer,4987.5,7.7,Tier_1_Alliance,10,1.25,75.8,1.03,4430.13
SHP-14229,Busan,Long Beach,9374.7,15,20ft_Standard,Automotive,17508.4,28.1,Tier_2_Regional,11,1.05,85.6,0.89,3603.1
SHP-14230,Nhava Sheva,New York,14244.0,25,40ft_HighCube,Electronics,27906.5,68.8,Tier_2_Regional,1,0.9,107.5,1.09,7329.77
SHP-14231,Shanghai,Rotterdam,19468.4,30,40ft_HighCube,Perishable_Reefer,17546.6,64.9,Tier_2_Regional,7,1.05,85.1,1.13,10573.78
SHP-14232,Nhava Sheva,Dubai,2145.0,8,LCL_Consolidated,Perishable_Reefer,876.2,2.7,Tier_2_Regional,1,0.9,87.6,1.06,1343.62
SHP-14233,Chennai,Rotterdam,11558.5,22,40ft_Standard,Electronics,19015.2,44.5,Tier_1_Alliance,7,1.05,99.4,0.98,6672.87
SHP-14234,Singapore,Dubai,5940.6,9,LCL_Consolidated,General_Dry,4778.5,6.0,Tier_2_Regional,8,1.25,79.9,1.33,2654.59
SHP-14235,Chennai,Rotterdam,11464.4,23,40ft_Standard,Automotive,8001.3,50.7,Tier_3_Spot,9,1.25,74.5,1.36,8044.31
SHP-14236,Hamburg,Singapore,15729.8,24,20ft_Standard,Automotive,9801.0,21.3,Tier_3_Spot,1,0.9,89.2,1.34,4919.29
SHP-14237,Chennai,Rotterdam,11486.4,21,LCL_Consolidated,Automotive,1491.1,12.2,Tier_1_Alliance,8,1.25,74.1,1.19,4021.31
SHP-14238,Singapore,Dubai,5823.7,12,LCL_Consolidated,Perishable_Reefer,2438.3,4.4,Tier_3_Spot,10,1.25,92.7,1.03,2714.94
SHP-14239,Chennai,Colombo,556.5,6,LCL_Consolidated,Textiles,2972.8,5.3,Tier_1_Alliance,7,1.05,101.8,1.35,1769.88
SHP-14240,Shanghai,Los Angeles,10521.0,17,40ft_Standard,General_Dry,20051.6,50.7,Tier_3_Spot,9,1.25,83.2,1.13,6530.03
SHP-14241,Singapore,Fremantle,3907.8,11,40ft_Standard,Hazardous_Chemicals,16194.8,54.9,Tier_1_Alliance,9,1.25,98.7,1.17,10043.65
SHP-14242,Hamburg,Singapore,15899.2,26,40ft_HighCube,Automotive,26898.6,52.3,Tier_1_Alliance,1,0.9,92.5,1.12,7675.04
SHP-14243,Shanghai,Rotterdam,19451.5,29,40ft_HighCube,General_Dry,24623.4,51.0,Tier_1_Alliance,4,1.05,85.8,1.34,10210.63
SHP-14244,Busan,Long Beach,9431.6,12,40ft_HighCube,Perishable_Reefer,23764.9,61.2,Tier_2_Regional,2,0.9,82.0,1.17,7825.97
SHP-14245,Tokyo,Los Angeles,8736.5,12,LCL_Consolidated,Hazardous_Chemicals,3391.5,12.0,Tier_3_Spot,2,0.9,95.1,1.12,2883.81
SHP-14246,Hamburg,Singapore,15858.4,23,40ft_HighCube,Textiles,13018.1,70.1,Tier_3_Spot,4,1.05,95.8,1.08,6700.93
SHP-14247,Singapore,Fremantle,3881.7,8,LCL_Consolidated,Automotive,4083.4,3.4,Tier_1_Alliance,11,1.05,101.9,0.91,1848.52
SHP-14248,Nhava Sheva,New York,14202.5,25,40ft_Standard,Perishable_Reefer,22459.9,35.8,Tier_3_Spot,8,1.25,93.4,1.04,8796.68
SHP-14249,Busan,Long Beach,9361.1,16,40ft_HighCube,General_Dry,22282.4,61.9,Tier_2_Regional,6,1.05,75.5,1.29,7317.83
SHP-14250,Singapore,Fremantle,3851.0,8,LCL_Consolidated,Automotive,4489.8,14.0,Tier_3_Spot,12,1.05,94.5,0.92,1690.2
SHP-14251,Santos,Rotterdam,10132.1,21,20ft_Standard,General_Dry,12009.6,32.9,Tier_3_Spot,11,1.05,73.8,1.11,3719.9
SHP-14252,Tokyo,Los Angeles,8714.5,12,40ft_HighCube,General_Dry,26136.6,58.2,Tier_2_Regional,12,1.05,86.0,0.94,5420.85
SHP-14253,Chennai,Colombo,687.0,6,40ft_HighCube,Electronics,17366.1,71.8,Tier_1_Alliance,1,0.9,92.1,0.9,4599.71
SHP-14254,Busan,Long Beach,9403.8,14,40ft_Standard,Hazardous_Chemicals,8209.7,54.9,Tier_3_Spot,8,1.25,89.4,1.25,9743.69
SHP-14255,Busan,Long Beach,9364.5,15,40ft_Standard,Hazardous_Chemicals,8602.7,36.9,Tier_1_Alliance,2,0.9,85.2,1.28,7836.14
SHP-14256,Tokyo,Los Angeles,8873.0,10,LCL_Consolidated,Hazardous_Chemicals,3012.7,7.2,Tier_3_Spot,3,1.05,96.7,1.21,3567.58
SHP-14257,Santos,Rotterdam,10286.0,20,40ft_HighCube,Textiles,20980.4,63.3,Tier_1_Alliance,6,1.05,103.1,1.38,9384.56
SHP-14258,Shanghai,Los Angeles,10599.1,13,20ft_Standard,General_Dry,5453.1,30.5,Tier_1_Alliance,7,1.05,80.4,1.02,3813.12
SHP-14259,Singapore,Fremantle,3967.0,8,LCL_Consolidated,Perishable_Reefer,3919.1,2.7,Tier_3_Spot,6,1.05,92.8,1.34,2502.41
SHP-14260,Shanghai,Los Angeles,10484.5,14,40ft_Standard,Automotive,21383.7,58.7,Tier_3_Spot,5,1.05,79.1,1.03,5781.01
SHP-14261,Tokyo,Los Angeles,8857.6,10,40ft_Standard,Automotive,8075.3,38.9,Tier_3_Spot,11,1.05,102.9,1.14,5347.05
SHP-14262,Singapore,Fremantle,3855.3,7,40ft_HighCube,General_Dry,21206.2,68.6,Tier_1_Alliance,6,1.05,107.4,1.32,7830.53
SHP-14263,Nhava Sheva,Dubai,2031.4,5,LCL_Consolidated,Hazardous_Chemicals,2769.1,4.6,Tier_1_Alliance,8,1.25,80.7,1.13,2451.52
SHP-14264,Shanghai,Los Angeles,10563.2,14,40ft_Standard,Electronics,12225.1,57.4,Tier_2_Regional,2,0.9,98.6,1.19,6118.08
SHP-14265,Busan,Long Beach,9396.5,16,LCL_Consolidated,Hazardous_Chemicals,1246.0,2.1,Tier_2_Regional,4,1.05,103.9,1.08,3400.93
SHP-14266,Chennai,Rotterdam,11484.1,23,40ft_HighCube,Hazardous_Chemicals,19417.6,76.0,Tier_3_Spot,5,1.05,100.1,0.97,8343.16
SHP-14267,Singapore,Dubai,5808.3,13,40ft_Standard,Automotive,11369.3,58.5,Tier_2_Regional,9,1.25,87.9,0.98,5720.94
SHP-14268,Nhava Sheva,Dubai,2173.5,7,20ft_Standard,Perishable_Reefer,14340.7,21.5,Tier_1_Alliance,9,1.25,106.3,1.27,6102.42
SHP-14269,Hamburg,Singapore,15703.9,23,40ft_HighCube,Hazardous_Chemicals,12393.6,66.0,Tier_3_Spot,7,1.05,77.2,0.99,8385.41
SHP-14270,Busan,Long Beach,9432.9,15,LCL_Consolidated,Hazardous_Chemicals,785.8,6.4,Tier_1_Alliance,3,1.05,94.9,1.12,3837.58
SHP-14271,Chennai,Rotterdam,11597.6,22,40ft_HighCube,General_Dry,26869.8,58.8,Tier_2_Regional,6,1.05,99.3,1.34,8372.13
SHP-14272,Tokyo,Los Angeles,8801.9,13,40ft_Standard,Textiles,9615.5,66.6,Tier_2_Regional,10,1.25,93.2,1.14,6902.36
SHP-14273,Tokyo,Los Angeles,8706.2,12,40ft_Standard,Automotive,17713.2,53.7,Tier_1_Alliance,12,1.05,107.9,1.31,8208.25
SHP-14274,Busan,Long Beach,9330.0,13,LCL_Consolidated,Hazardous_Chemicals,3595.7,6.4,Tier_2_Regional,4,1.05,99.3,1.14,3666.51
SHP-14275,Hamburg,Singapore,15754.0,25,40ft_HighCube,General_Dry,21272.7,73.7,Tier_1_Alliance,3,1.05,105.8,0.96,7307.24
SHP-14276,Tokyo,Los Angeles,8892.9,11,40ft_HighCube,Perishable_Reefer,22178.9,69.8,Tier_2_Regional,3,1.05,93.2,1.25,9952.39
SHP-14277,Hamburg,Singapore,15724.4,27,20ft_Standard,Perishable_Reefer,13062.0,30.9,Tier_1_Alliance,7,1.05,73.6,1.27,7987.38
SHP-14278,Singapore,Fremantle,3918.5,8,40ft_HighCube,Hazardous_Chemicals,10664.9,56.9,Tier_1_Alliance,9,1.25,79.2,1.27,10925.88
SHP-14279,Singapore,Fremantle,3828.2,10,40ft_Standard,Automotive,25998.7,47.1,Tier_3_Spot,5,1.05,97.0,1.14,5523.72
SHP-14280,Shanghai,Rotterdam,19540.2,27,20ft_Standard,Electronics,14716.7,26.4,Tier_2_Regional,6,1.05,85.6,1.06,5949.4
SHP-14281,Santos,Rotterdam,10251.1,18,40ft_HighCube,Textiles,22358.4,56.9,Tier_1_Alliance,5,1.05,74.6,1.0,6323.4
SHP-14282,Shanghai,Los Angeles,10509.4,17,20ft_Standard,Textiles,19012.5,28.7,Tier_3_Spot,9,1.25,105.7,1.29,6023.38
SHP-14283,Tokyo,Los Angeles,8713.7,10,LCL_Consolidated,General_Dry,3181.3,4.1,Tier_2_Regional,4,1.05,97.3,0.89,1932.85
SHP-14284,Hamburg,Singapore,15802.3,27,40ft_HighCube,Automotive,19100.6,53.1,Tier_3_Spot,5,1.05,79.5,1.33,8516.88
SHP-14285,Shanghai,Los Angeles,10555.9,14,40ft_Standard,Perishable_Reefer,20795.1,66.8,Tier_3_Spot,7,1.05,79.6,1.18,8285.7
SHP-14286,Nhava Sheva,Dubai,2155.2,4,20ft_Standard,Textiles,3986.8,20.5,Tier_3_Spot,9,1.25,104.1,1.26,3314.68
SHP-14287,Chennai,Rotterdam,11554.2,24,LCL_Consolidated,Hazardous_Chemicals,2806.8,11.4,Tier_2_Regional,3,1.05,76.2,0.95,3330.09
SHP-14288,Chennai,Rotterdam,11413.1,25,LCL_Consolidated,Hazardous_Chemicals,1247.6,3.1,Tier_2_Regional,12,1.05,104.1,0.94,3376.27
SHP-14289,Shanghai,Los Angeles,10592.9,15,LCL_Consolidated,Hazardous_Chemicals,533.2,2.7,Tier_2_Regional,11,1.05,79.7,0.95,2891.39
SHP-14290,Chennai,Colombo,655.6,5,20ft_Standard,Hazardous_Chemicals,15658.5,30.6,Tier_1_Alliance,8,1.25,102.8,1.16,6056.05
SHP-14291,Tokyo,Los Angeles,8718.4,10,40ft_HighCube,Automotive,10435.2,51.8,Tier_1_Alliance,5,1.05,76.2,1.07,6448.87
SHP-14292,Chennai,Colombo,583.5,5,20ft_Standard,Automotive,4852.6,25.3,Tier_3_Spot,4,1.05,75.5,0.9,1791.24
SHP-14293,Nhava Sheva,New York,14191.9,26,40ft_HighCube,General_Dry,17145.2,64.8,Tier_1_Alliance,3,1.05,79.0,1.23,8352.83
SHP-14294,Nhava Sheva,New York,14143.1,28,20ft_Standard,Electronics,18310.3,26.7,Tier_1_Alliance,9,1.25,104.0,0.93,6275.01
SHP-14295,Singapore,Fremantle,3862.3,7,40ft_HighCube,Perishable_Reefer,16975.3,71.8,Tier_3_Spot,4,1.05,101.4,0.9,5878.78
SHP-14296,Chennai,Colombo,649.1,5,40ft_Standard,General_Dry,21373.8,46.7,Tier_3_Spot,12,1.05,97.7,1.4,5363.95
SHP-14297,Chennai,Rotterdam,11486.8,22,40ft_HighCube,Electronics,27290.6,56.2,Tier_1_Alliance,2,0.9,106.4,1.26,8604.44
SHP-14298,Hamburg,Singapore,15726.4,23,20ft_Standard,Hazardous_Chemicals,7897.9,31.9,Tier_3_Spot,8,1.25,80.8,1.35,9026.43
SHP-14299,Shanghai,Rotterdam,19533.1,29,20ft_Standard,Electronics,14835.5,15.5,Tier_1_Alliance,7,1.05,88.0,0.91,5299.54
SHP-14300,Singapore,Fremantle,3967.0,8,40ft_HighCube,General_Dry,15569.2,64.8,Tier_2_Regional,4,1.05,84.2,1.22,5953.42
SHP-14301,Hamburg,Singapore,15783.0,24,40ft_Standard,Automotive,12001.3,47.3,Tier_1_Alliance,11,1.05,107.3,1.4,9687.03
SHP-14302,Shanghai,Rotterdam,19496.1,28,40ft_Standard,Automotive,18584.8,63.0,Tier_1_Alliance,1,0.9,97.3,0.89,6098.89
SHP-14303,Tokyo,Los Angeles,8759.7,13,40ft_Standard,Textiles,16786.6,36.4,Tier_2_Regional,12,1.05,83.2,1.16,5517.91
SHP-14304,Santos,Rotterdam,10124.3,20,40ft_HighCube,General_Dry,14052.7,52.9,Tier_1_Alliance,11,1.05,104.5,1.08,6557.93
SHP-14305,Shanghai,Rotterdam,19502.2,29,LCL_Consolidated,Textiles,3392.7,2.7,Tier_2_Regional,9,1.25,75.8,1.23,4780.01
SHP-14306,Singapore,Fremantle,3804.3,8,40ft_Standard,General_Dry,14755.4,46.1,Tier_1_Alliance,10,1.25,90.8,1.38,7573.12
SHP-14307,Chennai,Rotterdam,11481.2,21,20ft_Standard,Perishable_Reefer,3582.2,32.4,Tier_2_Regional,2,0.9,105.1,1.28,5497.49
SHP-14308,Shanghai,Los Angeles,10478.0,16,LCL_Consolidated,Textiles,4110.9,5.4,Tier_2_Regional,2,0.9,103.9,1.23,2631.37
SHP-14309,Santos,Rotterdam,10129.1,21,40ft_HighCube,Electronics,20873.7,58.4,Tier_3_Spot,7,1.05,91.4,1.28,7982.73
SHP-14310,Santos,Rotterdam,10211.6,20,40ft_Standard,General_Dry,23988.7,43.2,Tier_1_Alliance,9,1.25,107.2,0.92,6534.03
SHP-14311,Chennai,Rotterdam,11565.7,24,40ft_HighCube,Electronics,18782.0,68.3,Tier_2_Regional,2,0.9,81.1,1.3,7594.66
SHP-14312,Busan,Long Beach,9492.8,15,20ft_Standard,Textiles,19840.9,31.9,Tier_3_Spot,6,1.05,79.8,1.35,4931.52
SHP-14313,Shanghai,Rotterdam,19516.1,29,20ft_Standard,Automotive,3895.3,26.3,Tier_1_Alliance,1,0.9,107.3,1.27,6085.41
SHP-14314,Shanghai,Rotterdam,19461.0,28,40ft_HighCube,Perishable_Reefer,12434.2,58.9,Tier_2_Regional,3,1.05,93.4,0.99,8893.26
SHP-14315,Santos,Rotterdam,10118.6,21,20ft_Standard,Automotive,19927.4,19.7,Tier_3_Spot,1,0.9,95.2,0.94,3196.31
SHP-14316,Busan,Long Beach,9386.1,14,LCL_Consolidated,General_Dry,4262.2,7.0,Tier_1_Alliance,8,1.25,82.6,1.15,3223.44
SHP-14317,Hamburg,Singapore,15702.6,24,40ft_HighCube,Electronics,15814.0,73.4,Tier_2_Regional,11,1.05,95.7,0.98,7504.32
SHP-14318,Busan,Long Beach,9318.7,15,40ft_Standard,Electronics,8507.0,53.4,Tier_3_Spot,5,1.05,105.3,1.15,6110.77
SHP-14319,Singapore,Dubai,5935.8,9,LCL_Consolidated,Electronics,3263.3,6.2,Tier_2_Regional,9,1.25,81.7,0.97,2222.85
SHP-14320,Nhava Sheva,New York,14189.1,29,40ft_Standard,Electronics,21372.1,54.8,Tier_3_Spot,2,0.9,72.9,1.38,7307.23
SHP-14321,Tokyo,Los Angeles,8732.7,14,LCL_Consolidated,Textiles,4890.2,7.2,Tier_3_Spot,2,0.9,76.9,0.91,1538.03
SHP-14322,Hamburg,Singapore,15757.0,25,LCL_Consolidated,Perishable_Reefer,1668.7,8.7,Tier_2_Regional,6,1.05,85.8,1.06,4235.96
SHP-14323,Chennai,Rotterdam,11511.0,23,20ft_Standard,Textiles,4399.7,30.6,Tier_3_Spot,5,1.05,80.9,1.41,4645.78
SHP-14324,Singapore,Fremantle,3916.1,8,40ft_HighCube,Perishable_Reefer,25851.3,62.9,Tier_1_Alliance,3,1.05,90.5,0.94,7350.91
SHP-14325,Shanghai,Los Angeles,10504.2,15,20ft_Standard,Hazardous_Chemicals,12516.8,30.4,Tier_1_Alliance,6,1.05,96.6,0.96,5844.23
SHP-14326,Nhava Sheva,Dubai,2037.1,8,LCL_Consolidated,Hazardous_Chemicals,1030.2,11.2,Tier_3_Spot,2,0.9,103.0,1.18,1902.37
SHP-14327,Tokyo,Los Angeles,8707.1,12,40ft_Standard,Automotive,22567.8,59.7,Tier_1_Alliance,1,0.9,102.6,1.06,6031.57
SHP-14328,Chennai,Rotterdam,11594.2,24,40ft_Standard,General_Dry,20073.4,42.2,Tier_3_Spot,1,0.9,80.2,1.37,5793.83
SHP-14329,Singapore,Dubai,5803.7,12,LCL_Consolidated,Perishable_Reefer,3166.1,10.4,Tier_2_Regional,2,0.9,92.9,1.23,2600.93
SHP-14330,Busan,Long Beach,9303.5,12,LCL_Consolidated,General_Dry,2561.9,9.2,Tier_3_Spot,8,1.25,82.6,1.37,3306.42
SHP-14331,Singapore,Dubai,5869.7,11,20ft_Standard,Perishable_Reefer,19986.6,32.9,Tier_3_Spot,5,1.05,80.9,1.13,4794.45
SHP-14332,Hamburg,Singapore,15794.2,27,40ft_HighCube,Electronics,23890.7,73.7,Tier_1_Alliance,6,1.05,98.8,1.08,9544.86
SHP-14333,Chennai,Colombo,634.9,4,LCL_Consolidated,Automotive,3034.4,4.2,Tier_1_Alliance,7,1.05,80.2,1.27,1504.44
SHP-14334,Nhava Sheva,Dubai,2033.5,6,40ft_Standard,Perishable_Reefer,11431.8,62.6,Tier_1_Alliance,10,1.25,74.8,1.24,8860.39
SHP-14335,Chennai,Rotterdam,11465.3,24,40ft_HighCube,Textiles,26630.6,53.2,Tier_1_Alliance,11,1.05,80.4,0.98,6550.6
SHP-14336,Chennai,Colombo,629.4,3,40ft_Standard,Automotive,15991.2,60.9,Tier_3_Spot,9,1.25,75.1,1.22,5906.33
SHP-14337,Hamburg,Singapore,15706.7,25,20ft_Standard,Automotive,11474.2,15.1,Tier_1_Alliance,11,1.05,81.6,1.35,6518.48
SHP-14338,Hamburg,Singapore,15849.9,26,40ft_HighCube,Textiles,13870.4,52.7,Tier_3_Spot,1,0.9,74.4,1.4,6793.36
SHP-14339,Tokyo,Los Angeles,8899.1,11,40ft_HighCube,General_Dry,16200.2,65.9,Tier_1_Alliance,12,1.05,76.3,1.12,6748.28
SHP-14340,Tokyo,Los Angeles,8728.6,10,20ft_Standard,General_Dry,20978.5,23.3,Tier_3_Spot,3,1.05,72.9,0.99,3318.56
SHP-14341,Chennai,Colombo,657.7,3,40ft_HighCube,Hazardous_Chemicals,15050.3,74.9,Tier_1_Alliance,6,1.05,100.6,1.11,8520.87
SHP-14342,Singapore,Dubai,5890.4,10,20ft_Standard,Textiles,17011.9,24.2,Tier_1_Alliance,6,1.05,93.3,1.1,4077.96
SHP-14343,Nhava Sheva,Dubai,2094.7,4,20ft_Standard,Automotive,12408.3,25.9,Tier_3_Spot,4,1.05,91.8,0.9,2472.16
SHP-14344,Singapore,Dubai,5909.4,11,LCL_Consolidated,Automotive,4979.3,3.2,Tier_3_Spot,6,1.05,104.5,0.89,1706.08
SHP-14345,Tokyo,Los Angeles,8893.6,12,20ft_Standard,Automotive,14174.8,28.5,Tier_3_Spot,11,1.05,76.7,1.03,3649.83
SHP-14346,Hamburg,Singapore,15861.3,24,40ft_Standard,Perishable_Reefer,16411.2,43.4,Tier_1_Alliance,7,1.05,73.2,1.39,11459.08
SHP-14347,Tokyo,Los Angeles,8791.5,13,40ft_Standard,General_Dry,18151.5,57.1,Tier_2_Regional,9,1.25,75.1,1.12,6597.84
SHP-14348,Shanghai,Los Angeles,10552.6,17,40ft_Standard,Automotive,25921.3,44.8,Tier_3_Spot,1,0.9,95.4,0.88,4202.0
SHP-14349,Santos,Rotterdam,10204.9,18,40ft_HighCube,Automotive,21781.6,57.5,Tier_1_Alliance,8,1.25,86.8,1.19,9895.5
SHP-14350,Busan,Long Beach,9395.5,16,LCL_Consolidated,Automotive,1415.6,4.8,Tier_1_Alliance,12,1.05,89.1,0.95,2309.08
SHP-14351,Busan,Long Beach,9332.3,15,20ft_Standard,Automotive,9548.0,31.2,Tier_1_Alliance,11,1.05,92.9,1.08,4595.63
SHP-14352,Tokyo,Los Angeles,8807.0,10,40ft_Standard,General_Dry,15155.5,37.0,Tier_1_Alliance,1,0.9,95.5,1.01,4475.82
SHP-14353,Singapore,Dubai,5814.5,12,LCL_Consolidated,Perishable_Reefer,1195.4,7.9,Tier_1_Alliance,10,1.25,107.8,1.13,3638.68
SHP-14354,Hamburg,Singapore,15882.7,25,20ft_Standard,General_Dry,15507.0,19.5,Tier_2_Regional,2,0.9,87.0,1.17,4294.11
SHP-14355,Shanghai,Los Angeles,10506.2,14,LCL_Consolidated,Automotive,1496.3,9.8,Tier_3_Spot,6,1.05,104.6,1.19,3045.77
SHP-14356,Chennai,Rotterdam,11555.4,22,40ft_Standard,Perishable_Reefer,25189.9,38.1,Tier_3_Spot,7,1.05,92.6,1.01,6919.84
SHP-14357,Shanghai,Rotterdam,19449.0,30,40ft_Standard,Electronics,8769.3,40.4,Tier_1_Alliance,5,1.05,101.3,1.1,8209.86
SHP-14358,Santos,Rotterdam,10117.1,20,40ft_Standard,Electronics,22716.8,47.4,Tier_1_Alliance,9,1.25,73.1,1.25,9709.25
SHP-14359,Singapore,Dubai,5877.1,9,20ft_Standard,Hazardous_Chemicals,20705.2,30.3,Tier_3_Spot,9,1.25,103.9,0.88,5112.35
SHP-14360,Singapore,Dubai,5887.5,10,20ft_Standard,Automotive,16631.1,17.3,Tier_1_Alliance,9,1.25,88.1,1.15,5058.46
SHP-14361,Hamburg,Singapore,15737.2,26,LCL_Consolidated,Textiles,2658.4,4.7,Tier_1_Alliance,3,1.05,100.7,1.13,3787.67
SHP-14362,Hamburg,Singapore,15705.1,26,40ft_Standard,Automotive,20358.5,55.5,Tier_3_Spot,12,1.05,80.6,1.18,7267.65
SHP-14363,Singapore,Fremantle,3809.8,9,LCL_Consolidated,Hazardous_Chemicals,3641.2,9.1,Tier_1_Alliance,5,1.05,95.2,1.4,3651.98
SHP-14364,Hamburg,Singapore,15780.9,24,40ft_Standard,Perishable_Reefer,23017.4,46.9,Tier_3_Spot,2,0.9,104.6,1.15,7605.53
SHP-14365,Shanghai,Rotterdam,19444.3,30,LCL_Consolidated,Perishable_Reefer,2731.9,8.3,Tier_3_Spot,10,1.25,77.0,1.21,6176.58
SHP-14366,Shanghai,Rotterdam,19501.0,30,20ft_Standard,Automotive,19718.8,24.2,Tier_3_Spot,12,1.05,78.9,1.04,5216.93
SHP-14367,Tokyo,Los Angeles,8875.2,11,40ft_Standard,Automotive,8675.6,39.2,Tier_2_Regional,5,1.05,83.7,0.98,4760.53
SHP-14368,Hamburg,Singapore,15799.3,23,40ft_Standard,General_Dry,22616.2,40.5,Tier_2_Regional,6,1.05,100.4,1.2,7101.41
SHP-14369,Tokyo,Los Angeles,8882.6,13,20ft_Standard,Textiles,20325.6,22.9,Tier_1_Alliance,7,1.05,79.5,0.97,3903.34
SHP-14370,Singapore,Dubai,5800.5,13,20ft_Standard,Hazardous_Chemicals,11835.2,16.6,Tier_1_Alliance,3,1.05,87.7,1.36,6093.45
SHP-14371,Tokyo,Los Angeles,8887.6,14,LCL_Consolidated,Hazardous_Chemicals,4363.6,2.2,Tier_2_Regional,7,1.05,100.0,0.93,2908.15
SHP-14372,Singapore,Fremantle,3892.5,7,LCL_Consolidated,Textiles,2761.0,9.5,Tier_3_Spot,4,1.05,96.4,1.01,1502.39
SHP-14373,Singapore,Fremantle,3860.8,8,LCL_Consolidated,Hazardous_Chemicals,1809.2,6.3,Tier_3_Spot,1,0.9,74.4,1.39,2138.12
SHP-14374,Shanghai,Rotterdam,19489.7,29,40ft_HighCube,Perishable_Reefer,19385.7,51.6,Tier_2_Regional,3,1.05,92.0,1.41,12938.22
SHP-14375,Santos,Rotterdam,10281.3,20,20ft_Standard,Hazardous_Chemicals,4067.7,31.0,Tier_2_Regional,6,1.05,89.2,1.16,5736.17
SHP-14376,Santos,Rotterdam,10252.6,19,20ft_Standard,General_Dry,10285.1,29.0,Tier_3_Spot,12,1.05,87.5,1.08,3504.46
SHP-14377,Nhava Sheva,New York,14181.6,25,40ft_HighCube,Electronics,17929.1,57.6,Tier_1_Alliance,12,1.05,77.9,1.04,8070.71
SHP-14378,Shanghai,Rotterdam,19475.3,30,20ft_Standard,Automotive,8280.3,19.1,Tier_1_Alliance,12,1.05,104.3,1.32,7361.87
SHP-14379,Singapore,Fremantle,3995.0,9,LCL_Consolidated,Hazardous_Chemicals,1682.9,11.4,Tier_2_Regional,7,1.05,92.0,1.02,2294.97
SHP-14380,Shanghai,Los Angeles,10483.6,15,40ft_Standard,Electronics,17837.9,61.0,Tier_3_Spot,5,1.05,93.9,1.2,7050.69
SHP-14381,Hamburg,Singapore,15817.7,26,20ft_Standard,Automotive,17065.1,31.9,Tier_3_Spot,11,1.05,76.2,1.13,5197.27
SHP-14382,Shanghai,Rotterdam,19503.5,27,40ft_HighCube,General_Dry,21509.6,51.0,Tier_2_Regional,4,1.05,105.8,1.16,8045.24
SHP-14383,Singapore,Dubai,5866.7,10,LCL_Consolidated,General_Dry,4459.3,12.4,Tier_3_Spot,10,1.25,74.0,0.97,1924.51
SHP-14384,Santos,Rotterdam,10248.5,21,40ft_Standard,General_Dry,19638.2,44.3,Tier_3_Spot,4,1.05,106.0,0.92,4523.71
SHP-14385,Shanghai,Los Angeles,10417.0,14,40ft_HighCube,Textiles,15946.5,58.6,Tier_2_Regional,10,1.25,93.5,1.38,9488.21
SHP-14386,Chennai,Colombo,587.1,5,LCL_Consolidated,Automotive,1090.0,5.0,Tier_2_Regional,7,1.05,95.1,1.39,1561.11
SHP-14387,Shanghai,Rotterdam,19489.3,31,40ft_Standard,Perishable_Reefer,9326.6,56.8,Tier_3_Spot,2,0.9,106.7,0.91,6139.79
SHP-14388,Nhava Sheva,New York,14147.2,28,LCL_Consolidated,Perishable_Reefer,4985.5,9.3,Tier_2_Regional,10,1.25,95.6,1.23,5817.41
SHP-14389,Busan,Long Beach,9325.7,13,40ft_HighCube,Automotive,18629.9,59.5,Tier_2_Regional,10,1.25,87.2,1.05,7721.04
SHP-14390,Chennai,Colombo,666.5,2,40ft_Standard,General_Dry,13503.3,43.4,Tier_3_Spot,1,0.9,105.2,1.17,3640.37
SHP-14391,Singapore,Fremantle,3976.7,9,40ft_HighCube,Electronics,26663.8,61.4,Tier_3_Spot,7,1.05,102.3,1.12,6556.28
SHP-14392,Singapore,Fremantle,3855.8,7,40ft_Standard,Textiles,14963.9,43.6,Tier_2_Regional,9,1.25,90.8,1.33,6742.5
SHP-14393,Singapore,Fremantle,3998.0,10,20ft_Standard,Automotive,12327.9,19.2,Tier_2_Regional,2,0.9,107.5,1.04,2776.17
SHP-14394,Tokyo,Los Angeles,8838.5,12,20ft_Standard,Textiles,19184.9,20.1,Tier_3_Spot,1,0.9,96.7,1.31,3933.86
SHP-14395,Singapore,Dubai,5893.3,10,LCL_Consolidated,General_Dry,1119.7,5.6,Tier_2_Regional,6,1.05,98.1,1.14,1916.77
SHP-14396,Hamburg,Singapore,15712.7,27,40ft_HighCube,Hazardous_Chemicals,24889.9,50.1,Tier_2_Regional,8,1.25,82.0,0.91,9996.74
SHP-14397,Shanghai,Rotterdam,19596.0,31,40ft_Standard,Automotive,24768.4,47.2,Tier_1_Alliance,1,0.9,80.6,1.17,7785.71
SHP-14398,Tokyo,Los Angeles,8888.1,10,40ft_Standard,Hazardous_Chemicals,17417.5,54.1,Tier_2_Regional,12,1.05,76.1,1.37,9865.79
SHP-14399,Tokyo,Los Angeles,8830.4,12,LCL_Consolidated,Perishable_Reefer,501.9,10.6,Tier_2_Regional,6,1.05,73.1,0.98,2622.21
SHP-14400,Santos,Rotterdam,10234.5,18,40ft_Standard,Hazardous_Chemicals,25431.4,49.5,Tier_2_Regional,10,1.25,105.5,1.42,13668.07
SHP-14401,Chennai,Colombo,688.3,4,LCL_Consolidated,Electronics,3933.8,7.8,Tier_1_Alliance,8,1.25,74.4,1.1,1751.19
SHP-14402,Hamburg,Singapore,15781.3,26,LCL_Consolidated,General_Dry,4559.2,11.5,Tier_2_Regional,9,1.25,86.1,1.31,4771.49
SHP-14403,Nhava Sheva,New York,14148.4,26,40ft_Standard,Textiles,10336.9,56.9,Tier_2_Regional,10,1.25,90.6,1.04,6979.81
SHP-14404,Singapore,Fremantle,3850.6,10,40ft_HighCube,Hazardous_Chemicals,18757.2,45.9,Tier_3_Spot,6,1.05,80.1,1.04,6522.46
SHP-14405,Nhava Sheva,Dubai,2163.4,8,40ft_HighCube,Hazardous_Chemicals,12375.2,65.2,Tier_1_Alliance,7,1.05,78.1,1.37,9918.03
SHP-14406,Santos,Rotterdam,10106.3,17,40ft_Standard,Automotive,12491.6,43.1,Tier_3_Spot,9,1.25,77.9,0.88,5108.63
SHP-14407,Chennai,Rotterdam,11558.0,25,40ft_Standard,General_Dry,12429.7,47.3,Tier_2_Regional,1,0.9,82.4,1.07,4587.51
SHP-14408,Tokyo,Los Angeles,8785.3,13,20ft_Standard,General_Dry,13820.0,30.8,Tier_1_Alliance,4,1.05,75.2,1.37,5207.29
SHP-14409,Shanghai,Los Angeles,10561.2,13,40ft_HighCube,General_Dry,21470.8,55.1,Tier_2_Regional,12,1.05,81.6,1.31,7534.14
SHP-14410,Chennai,Colombo,634.6,5,20ft_Standard,Textiles,11646.7,29.7,Tier_1_Alliance,12,1.05,106.4,1.19,3448.19
SHP-14411,Nhava Sheva,Dubai,2160.9,5,40ft_Standard,Hazardous_Chemicals,24895.6,54.7,Tier_2_Regional,3,1.05,72.7,1.18,7459.04
SHP-14412,Singapore,Dubai,5959.3,12,LCL_Consolidated,Perishable_Reefer,2363.8,11.9,Tier_1_Alliance,11,1.05,106.0,1.36,3946.37
SHP-14413,Busan,Long Beach,9454.3,12,LCL_Consolidated,Hazardous_Chemicals,562.5,2.9,Tier_1_Alliance,5,1.05,74.3,1.23,3616.16
SHP-14414,Chennai,Colombo,727.5,3,LCL_Consolidated,Hazardous_Chemicals,1453.8,9.6,Tier_1_Alliance,7,1.05,85.3,1.36,2337.62
SHP-14415,Shanghai,Rotterdam,19456.3,27,40ft_Standard,Textiles,11966.9,59.3,Tier_1_Alliance,5,1.05,98.5,1.1,7869.15
SHP-14416,Santos,Rotterdam,10134.7,19,40ft_HighCube,Textiles,11370.3,63.7,Tier_1_Alliance,9,1.25,94.2,1.26,9408.2
SHP-14417,Tokyo,Los Angeles,8879.6,10,40ft_HighCube,Textiles,24892.4,75.4,Tier_1_Alliance,6,1.05,103.6,1.23,8491.81
SHP-14418,Shanghai,Los Angeles,10468.6,16,40ft_Standard,Automotive,23543.0,60.8,Tier_3_Spot,11,1.05,72.1,1.25,7013.84
SHP-14419,Tokyo,Los Angeles,8716.9,11,40ft_HighCube,Textiles,24311.6,71.3,Tier_2_Regional,4,1.05,98.6,1.02,6187.17
SHP-14420,Chennai,Rotterdam,11492.6,23,20ft_Standard,Automotive,8711.3,21.7,Tier_3_Spot,9,1.25,103.8,0.95,4342.97
SHP-14421,Singapore,Dubai,5810.4,11,40ft_HighCube,Hazardous_Chemicals,22823.5,47.4,Tier_2_Regional,1,0.9,86.5,0.89,5573.81
SHP-14422,Santos,Rotterdam,10228.9,17,20ft_Standard,Automotive,9278.0,25.7,Tier_3_Spot,4,1.05,95.0,0.96,3551.82
SHP-14423,Nhava Sheva,Dubai,2158.1,5,20ft_Standard,Hazardous_Chemicals,7911.7,20.6,Tier_3_Spot,10,1.25,100.2,1.03,4100.77
SHP-14424,Shanghai,Los Angeles,10509.4,15,40ft_HighCube,Textiles,11101.3,75.7,Tier_1_Alliance,12,1.05,99.2,0.94,6168.05
SHP-14425,Shanghai,Rotterdam,19586.8,27,LCL_Consolidated,Automotive,1593.2,12.6,Tier_2_Regional,6,1.05,96.6,1.19,4607.45
SHP-14426,Chennai,Rotterdam,11448.0,23,40ft_Standard,Electronics,19209.6,63.2,Tier_3_Spot,3,1.05,72.9,1.06,6265.73
SHP-14427,Shanghai,Rotterdam,19553.8,29,40ft_HighCube,Textiles,24741.2,72.5,Tier_2_Regional,5,1.05,93.9,1.08,8090.8
SHP-14428,Shanghai,Rotterdam,19546.6,30,40ft_Standard,Electronics,12373.1,53.6,Tier_3_Spot,5,1.05,79.5,0.9,5927.23
SHP-14429,Santos,Rotterdam,10170.2,21,40ft_HighCube,Perishable_Reefer,17918.0,73.6,Tier_3_Spot,9,1.25,105.8,0.89,8166.17
SHP-14430,Singapore,Fremantle,3868.0,8,40ft_Standard,Automotive,17331.8,35.4,Tier_2_Regional,2,0.9,92.2,1.18,4495.13
SHP-14431,Shanghai,Rotterdam,19526.2,31,40ft_HighCube,Perishable_Reefer,22452.9,45.5,Tier_3_Spot,8,1.25,99.1,1.06,10837.01
SHP-14432,Hamburg,Singapore,15731.5,25,LCL_Consolidated,Textiles,515.9,4.5,Tier_2_Regional,3,1.05,88.1,1.39,4008.9
SHP-14433,Santos,Rotterdam,10201.5,19,LCL_Consolidated,Hazardous_Chemicals,4076.0,8.6,Tier_1_Alliance,1,0.9,95.9,0.9,2945.79
SHP-14434,Shanghai,Rotterdam,19577.2,28,20ft_Standard,Hazardous_Chemicals,17276.7,25.5,Tier_2_Regional,1,0.9,103.9,1.41,8814.23
SHP-14435,Nhava Sheva,Dubai,2116.2,7,40ft_HighCube,Automotive,18640.2,60.3,Tier_2_Regional,10,1.25,78.0,0.96,5866.13
SHP-14436,Santos,Rotterdam,10258.9,19,20ft_Standard,Textiles,7239.5,16.8,Tier_2_Regional,8,1.25,74.9,1.17,4480.8
SHP-14437,Singapore,Fremantle,3949.8,7,20ft_Standard,General_Dry,4042.6,18.5,Tier_1_Alliance,7,1.05,89.6,0.98,2561.03
SHP-14438,Santos,Rotterdam,10294.1,17,LCL_Consolidated,Automotive,1637.0,3.5,Tier_3_Spot,7,1.05,75.0,1.22,2575.03
SHP-14439,Hamburg,Singapore,15783.0,26,40ft_HighCube,Perishable_Reefer,27838.2,60.2,Tier_1_Alliance,10,1.25,79.9,0.98,11605.31
SHP-14440,Shanghai,Rotterdam,19484.1,28,20ft_Standard,Automotive,4915.1,27.3,Tier_1_Alliance,4,1.05,72.4,0.88,4573.87
SHP-14441,Busan,Long Beach,9377.3,16,40ft_Standard,Electronics,13949.5,66.7,Tier_1_Alliance,1,0.9,74.1,1.4,7753.45
SHP-14442,Singapore,Dubai,5813.9,12,LCL_Consolidated,Textiles,1705.1,13.4,Tier_3_Spot,9,1.25,85.6,1.31,2684.76
SHP-14443,Shanghai,Los Angeles,10511.2,14,20ft_Standard,Perishable_Reefer,5525.3,17.4,Tier_2_Regional,5,1.05,85.8,1.28,5545.22
SHP-14444,Singapore,Dubai,5894.8,9,LCL_Consolidated,General_Dry,775.9,7.5,Tier_2_Regional,11,1.05,80.5,1.37,2109.06
SHP-14445,Tokyo,Los Angeles,8806.3,14,40ft_Standard,General_Dry,10200.5,38.8,Tier_2_Regional,1,0.9,88.5,1.32,5052.21
SHP-14446,Chennai,Rotterdam,11500.8,23,LCL_Consolidated,Automotive,3740.0,10.7,Tier_3_Spot,11,1.05,75.4,0.91,2232.65
SHP-14447,Shanghai,Rotterdam,19553.5,29,LCL_Consolidated,Textiles,2428.5,6.0,Tier_3_Spot,11,1.05,85.3,1.29,4159.56
SHP-14448,Chennai,Colombo,668.5,3,40ft_Standard,Perishable_Reefer,16301.0,58.3,Tier_3_Spot,11,1.05,93.2,1.27,6642.19
SHP-14449,Singapore,Dubai,5953.6,13,20ft_Standard,General_Dry,16697.1,27.9,Tier_3_Spot,10,1.25,102.2,1.0,3833.1
SHP-14450,Chennai,Colombo,655.9,6,LCL_Consolidated,Hazardous_Chemicals,1477.5,2.5,Tier_1_Alliance,1,0.9,82.4,1.33,1629.35
SHP-14451,Nhava Sheva,Dubai,2052.9,5,20ft_Standard,Hazardous_Chemicals,17720.9,18.1,Tier_3_Spot,8,1.25,102.6,0.88,3895.7
SHP-14452,Shanghai,Los Angeles,10478.5,16,40ft_HighCube,Hazardous_Chemicals,18040.1,51.3,Tier_2_Regional,12,1.05,99.9,1.11,9186.99
SHP-14453,Singapore,Dubai,5958.0,9,LCL_Consolidated,Electronics,1127.8,3.0,Tier_3_Spot,8,1.25,102.7,0.96,2153.64
SHP-14454,Santos,Rotterdam,10140.5,18,40ft_HighCube,Automotive,11615.2,69.8,Tier_1_Alliance,3,1.05,107.3,1.4,9919.92
SHP-14455,Santos,Rotterdam,10149.6,17,20ft_Standard,Textiles,12961.0,32.5,Tier_2_Regional,11,1.05,107.6,0.89,3540.78
SHP-14456,Busan,Long Beach,9403.1,15,20ft_Standard,General_Dry,16891.9,24.0,Tier_1_Alliance,5,1.05,83.0,1.36,5288.36
SHP-14457,Chennai,Rotterdam,11479.6,23,LCL_Consolidated,Perishable_Reefer,917.4,3.6,Tier_1_Alliance,2,0.9,97.3,1.16,3450.93
SHP-14458,Chennai,Rotterdam,11512.9,21,LCL_Consolidated,Perishable_Reefer,4883.8,13.0,Tier_2_Regional,3,1.05,75.1,0.96,3169.47
SHP-14459,Hamburg,Singapore,15796.8,26,20ft_Standard,General_Dry,11136.0,15.1,Tier_1_Alliance,7,1.05,91.2,1.16,5209.61
SHP-14460,Hamburg,Singapore,15754.8,25,20ft_Standard,Hazardous_Chemicals,18954.7,21.3,Tier_2_Regional,10,1.25,102.2,1.11,8750.51
SHP-14461,Singapore,Fremantle,3867.1,10,40ft_HighCube,Electronics,13103.1,59.2,Tier_2_Regional,7,1.05,91.4,1.33,7355.84
SHP-14462,Santos,Rotterdam,10238.9,20,40ft_Standard,Textiles,14730.7,47.4,Tier_3_Spot,7,1.05,73.2,1.27,5950.54
SHP-14463,Santos,Rotterdam,10230.2,20,20ft_Standard,General_Dry,15174.4,15.3,Tier_2_Regional,10,1.25,84.7,1.23,5113.76
SHP-14464,Chennai,Rotterdam,11535.8,21,40ft_HighCube,Textiles,21177.7,74.3,Tier_1_Alliance,12,1.05,96.0,1.28,9056.15
SHP-14465,Shanghai,Los Angeles,10444.7,15,LCL_Consolidated,Perishable_Reefer,2015.5,9.1,Tier_1_Alliance,2,0.9,97.3,1.08,3235.27
SHP-14466,Santos,Rotterdam,10221.7,19,40ft_Standard,Electronics,21924.1,37.9,Tier_3_Spot,3,1.05,105.3,1.41,7990.36
SHP-14467,Singapore,Fremantle,3936.7,7,LCL_Consolidated,Electronics,3808.0,8.1,Tier_3_Spot,6,1.05,97.9,1.27,2260.27
SHP-14468,Hamburg,Singapore,15710.7,24,20ft_Standard,Automotive,4043.7,31.9,Tier_3_Spot,11,1.05,90.8,1.02,4317.17
SHP-14469,Nhava Sheva,Dubai,2054.8,8,40ft_Standard,Perishable_Reefer,13791.2,51.9,Tier_1_Alliance,12,1.05,107.9,1.16,7272.16
SHP-14470,Chennai,Colombo,673.1,3,40ft_HighCube,Perishable_Reefer,15306.3,66.7,Tier_1_Alliance,2,0.9,97.3,1.13,6686.87
SHP-14471,Shanghai,Los Angeles,10418.9,17,LCL_Consolidated,Textiles,1586.4,9.4,Tier_2_Regional,5,1.05,90.0,0.95,2296.37
SHP-14472,Santos,Rotterdam,10140.2,20,40ft_Standard,Textiles,17404.9,35.8,Tier_2_Regional,12,1.05,106.2,0.97,5024.15
SHP-14473,Shanghai,Rotterdam,19420.8,28,20ft_Standard,Automotive,9272.1,24.5,Tier_2_Regional,3,1.05,85.6,1.12,5638.14
SHP-14474,Nhava Sheva,Dubai,2044.6,5,40ft_HighCube,Automotive,12351.4,68.8,Tier_1_Alliance,9,1.25,104.8,1.09,7584.7
SHP-14475,Hamburg,Singapore,15744.6,23,40ft_HighCube,General_Dry,17961.8,71.9,Tier_3_Spot,5,1.05,81.4,1.41,8684.17
SHP-14476,Hamburg,Singapore,15768.2,24,40ft_Standard,Hazardous_Chemicals,23206.5,47.8,Tier_2_Regional,6,1.05,105.8,0.94,8351.99
SHP-14477,Singapore,Fremantle,3835.6,10,40ft_HighCube,General_Dry,11877.6,56.5,Tier_2_Regional,11,1.05,77.2,1.18,5382.1
SHP-14478,Shanghai,Rotterdam,19452.1,30,20ft_Standard,Textiles,18012.2,15.1,Tier_3_Spot,1,0.9,84.8,1.36,5178.07
SHP-14479,Singapore,Dubai,5936.6,13,20ft_Standard,Perishable_Reefer,10551.1,24.6,Tier_2_Regional,9,1.25,82.7,1.0,4732.28
SHP-14480,Santos,Rotterdam,10149.9,18,LCL_Consolidated,Perishable_Reefer,2729.3,11.3,Tier_1_Alliance,4,1.05,84.6,1.03,3479.27
SHP-14481,Shanghai,Los Angeles,10527.4,14,40ft_HighCube,Hazardous_Chemicals,15164.9,74.6,Tier_1_Alliance,9,1.25,91.3,1.09,12318.09
SHP-14482,Chennai,Rotterdam,11532.7,23,40ft_Standard,Hazardous_Chemicals,16769.7,57.4,Tier_1_Alliance,6,1.05,83.2,0.94,8024.58
SHP-14483,Singapore,Dubai,5819.7,13,20ft_Standard,General_Dry,4796.7,27.1,Tier_3_Spot,8,1.25,103.1,1.19,3905.76
SHP-14484,Santos,Rotterdam,10236.1,17,40ft_Standard,Automotive,22748.5,42.5,Tier_3_Spot,6,1.05,90.7,1.03,5543.11
SHP-14485,Busan,Long Beach,9301.6,12,40ft_Standard,Perishable_Reefer,9322.7,63.4,Tier_2_Regional,8,1.25,97.1,1.37,11060.56
SHP-14486,Hamburg,Singapore,15829.4,25,40ft_Standard,Automotive,22995.2,38.1,Tier_1_Alliance,8,1.25,82.1,1.14,9486.6
SHP-14487,Singapore,Dubai,5802.8,13,20ft_Standard,Textiles,3518.3,29.4,Tier_1_Alliance,9,1.25,93.4,0.97,3644.82
SHP-14488,Singapore,Fremantle,3927.0,10,40ft_HighCube,General_Dry,21118.9,57.1,Tier_3_Spot,9,1.25,99.0,0.9,5146.35
SHP-14489,Busan,Long Beach,9413.0,15,LCL_Consolidated,Hazardous_Chemicals,1070.4,7.0,Tier_2_Regional,6,1.05,92.0,1.4,4344.64
SHP-14490,Tokyo,Los Angeles,8702.9,11,40ft_Standard,Automotive,13764.4,40.7,Tier_2_Regional,7,1.05,73.6,0.89,4439.7
SHP-14491,Chennai,Rotterdam,11473.0,25,20ft_Standard,Textiles,18534.1,28.8,Tier_1_Alliance,9,1.25,72.5,1.26,6490.42
SHP-14492,Chennai,Rotterdam,11400.1,22,LCL_Consolidated,Automotive,2957.7,6.8,Tier_1_Alliance,9,1.25,98.5,1.22,4386.05
SHP-14493,Busan,Long Beach,9431.1,13,20ft_Standard,Electronics,11177.5,16.1,Tier_1_Alliance,9,1.25,74.3,1.29,6086.46
SHP-14494,Singapore,Fremantle,3947.6,8,40ft_Standard,Textiles,16412.8,65.2,Tier_3_Spot,7,1.05,78.0,1.08,4710.51
SHP-14495,Nhava Sheva,New York,14169.7,25,20ft_Standard,Perishable_Reefer,18091.0,27.2,Tier_1_Alliance,3,1.05,88.4,0.95,6154.59
SHP-14496,Santos,Rotterdam,10133.3,21,40ft_HighCube,Electronics,20054.9,51.7,Tier_3_Spot,9,1.25,99.7,1.01,7378.73
SHP-14497,Singapore,Fremantle,3833.5,10,40ft_Standard,Automotive,21884.5,55.4,Tier_3_Spot,9,1.25,89.5,1.23,7032.37
SHP-14498,Singapore,Fremantle,3864.8,11,20ft_Standard,General_Dry,5534.3,28.9,Tier_3_Spot,4,1.05,105.8,1.07,2675.06
SHP-14499,Tokyo,Los Angeles,8800.8,13,40ft_Standard,Automotive,11979.2,47.8,Tier_3_Spot,4,1.05,95.3,1.32,6469.65
SHP-14500,Nhava Sheva,New York,14277.5,25,20ft_Standard,Hazardous_Chemicals,20280.5,25.0,Tier_2_Regional,6,1.05,79.5,1.26,7765.77
SHP-14501,Shanghai,Los Angeles,10517.4,13,40ft_HighCube,Textiles,20826.1,68.5,Tier_3_Spot,11,1.05,102.9,1.38,8034.52
SHP-14502,Singapore,Dubai,5812.9,12,40ft_HighCube,Textiles,12822.9,46.3,Tier_3_Spot,8,1.25,93.4,1.37,7367.21
SHP-14503,Singapore,Fremantle,3936.4,7,40ft_HighCube,Hazardous_Chemicals,26598.5,47.5,Tier_2_Regional,2,0.9,92.2,1.21,7596.77
SHP-14504,Nhava Sheva,New York,14194.6,26,40ft_HighCube,Hazardous_Chemicals,15415.3,67.9,Tier_3_Spot,5,1.05,93.1,0.9,7694.61
SHP-14505,Chennai,Rotterdam,11515.3,22,LCL_Consolidated,Electronics,4600.9,8.2,Tier_3_Spot,7,1.05,84.5,1.17,3154.33
SHP-14506,Chennai,Rotterdam,11596.0,24,40ft_Standard,General_Dry,18034.1,56.2,Tier_1_Alliance,6,1.05,88.4,0.89,5370.49
SHP-14507,Singapore,Fremantle,3980.7,9,40ft_Standard,Textiles,25898.0,49.3,Tier_3_Spot,11,1.05,77.3,1.37,5996.37
SHP-14508,Shanghai,Los Angeles,10466.0,15,LCL_Consolidated,Automotive,3659.9,8.6,Tier_1_Alliance,7,1.05,101.4,1.27,3839.79
SHP-14509,Chennai,Rotterdam,11420.8,25,20ft_Standard,Electronics,9843.2,17.7,Tier_1_Alliance,12,1.05,78.7,1.22,5260.41
SHP-14510,Santos,Rotterdam,10157.1,20,20ft_Standard,General_Dry,20515.7,21.2,Tier_1_Alliance,10,1.25,96.9,1.09,5460.76
SHP-14511,Santos,Rotterdam,10189.7,18,40ft_HighCube,Textiles,24059.8,46.6,Tier_2_Regional,6,1.05,101.1,1.14,6769.0
SHP-14512,Chennai,Colombo,729.5,4,LCL_Consolidated,Perishable_Reefer,2561.4,4.9,Tier_2_Regional,1,0.9,106.0,1.17,1605.72
SHP-14513,Shanghai,Rotterdam,19487.9,31,20ft_Standard,Automotive,18455.8,27.1,Tier_1_Alliance,1,0.9,97.8,1.33,6939.07
SHP-14514,Nhava Sheva,Dubai,2053.4,7,40ft_HighCube,Textiles,11449.0,45.4,Tier_3_Spot,5,1.05,104.0,0.95,3927.29
SHP-14515,Santos,Rotterdam,10130.8,18,20ft_Standard,Hazardous_Chemicals,11581.2,21.2,Tier_3_Spot,4,1.05,79.7,1.3,5940.65
SHP-14516,Hamburg,Singapore,15898.5,24,LCL_Consolidated,Perishable_Reefer,4809.0,6.3,Tier_2_Regional,6,1.05,84.5,1.06,4270.8
SHP-14517,Hamburg,Singapore,15811.5,26,40ft_HighCube,General_Dry,27216.8,68.6,Tier_3_Spot,5,1.05,107.5,1.15,7629.62
SHP-14518,Tokyo,Los Angeles,8733.6,13,40ft_HighCube,Automotive,12008.2,46.4,Tier_2_Regional,1,0.9,78.3,1.07,5023.49
SHP-14519,Hamburg,Singapore,15828.2,25,40ft_Standard,Electronics,16005.0,51.3,Tier_2_Regional,3,1.05,93.1,1.22,8159.03
SHP-14520,Tokyo,Los Angeles,8757.2,13,20ft_Standard,Hazardous_Chemicals,15409.8,20.6,Tier_1_Alliance,1,0.9,83.8,1.28,5892.38
SHP-14521,Nhava Sheva,Dubai,2153.0,7,20ft_Standard,Perishable_Reefer,19371.2,26.7,Tier_3_Spot,2,0.9,90.8,1.2,3795.24
SHP-14522,Santos,Rotterdam,10124.1,21,LCL_Consolidated,Hazardous_Chemicals,3275.8,5.9,Tier_3_Spot,5,1.05,77.9,1.19,3527.77
SHP-14523,Nhava Sheva,New York,14233.0,26,40ft_Standard,Hazardous_Chemicals,19088.0,54.7,Tier_1_Alliance,8,1.25,97.9,0.92,10353.41
SHP-14524,Chennai,Rotterdam,11572.2,24,LCL_Consolidated,Textiles,1825.3,11.8,Tier_2_Regional,7,1.05,73.9,1.02,2513.67
SHP-14525,Singapore,Fremantle,3994.4,11,40ft_HighCube,Automotive,17892.8,75.8,Tier_1_Alliance,4,1.05,96.6,1.19,7691.38
SHP-14526,Singapore,Dubai,5894.1,13,40ft_Standard,Textiles,21959.9,47.5,Tier_2_Regional,9,1.25,91.2,0.99,5641.35
SHP-14527,Tokyo,Los Angeles,8783.6,13,20ft_Standard,Textiles,14975.4,29.5,Tier_3_Spot,7,1.05,83.1,1.27,4314.51
SHP-14528,Tokyo,Los Angeles,8834.8,14,40ft_HighCube,Electronics,24209.5,57.8,Tier_1_Alliance,6,1.05,77.9,0.92,6555.34
SHP-14529,Busan,Long Beach,9389.4,16,20ft_Standard,Textiles,18471.7,18.5,Tier_1_Alliance,2,0.9,76.8,1.11,3677.07
SHP-14530,Shanghai,Rotterdam,19463.7,30,40ft_HighCube,General_Dry,26320.3,75.8,Tier_1_Alliance,9,1.25,99.1,1.04,10284.01
SHP-14531,Shanghai,Rotterdam,19524.2,31,LCL_Consolidated,Perishable_Reefer,1944.5,8.8,Tier_3_Spot,2,0.9,95.1,1.1,4201.48
SHP-14532,Nhava Sheva,New York,14145.4,28,40ft_Standard,Perishable_Reefer,9965.5,51.6,Tier_1_Alliance,12,1.05,80.7,1.19,9435.34
SHP-14533,Singapore,Dubai,5821.8,10,40ft_HighCube,Hazardous_Chemicals,22902.5,51.3,Tier_3_Spot,6,1.05,96.9,0.91,6462.99
SHP-14534,Busan,Long Beach,9336.2,14,40ft_HighCube,Perishable_Reefer,26507.1,68.7,Tier_1_Alliance,3,1.05,101.2,1.13,10414.03
SHP-14535,Nhava Sheva,Dubai,2066.6,6,40ft_Standard,Automotive,11620.9,50.9,Tier_2_Regional,1,0.9,77.5,0.93,3340.5
SHP-14536,Singapore,Dubai,5926.8,9,40ft_Standard,Automotive,9336.8,65.8,Tier_3_Spot,1,0.9,100.1,1.34,5597.23
SHP-14537,Hamburg,Singapore,15746.5,25,40ft_HighCube,Electronics,15037.0,57.9,Tier_1_Alliance,3,1.05,95.4,1.4,11166.1
SHP-14538,Busan,Long Beach,9375.1,13,40ft_Standard,Textiles,15165.4,37.4,Tier_2_Regional,7,1.05,95.0,1.2,5835.26
SHP-14539,Tokyo,Los Angeles,8832.8,13,20ft_Standard,Electronics,5713.5,21.5,Tier_2_Regional,12,1.05,103.5,1.03,3851.06
SHP-14540,Santos,Rotterdam,10291.3,18,40ft_HighCube,General_Dry,12352.7,51.1,Tier_2_Regional,7,1.05,105.2,1.08,5884.29
SHP-14541,Singapore,Dubai,5946.0,11,40ft_HighCube,Electronics,10923.2,72.4,Tier_2_Regional,3,1.05,101.6,1.42,8686.76
SHP-14542,Shanghai,Rotterdam,19457.5,30,40ft_Standard,Electronics,8639.6,45.2,Tier_2_Regional,12,1.05,105.6,1.31,8992.77
SHP-14543,Nhava Sheva,Dubai,2009.1,7,20ft_Standard,General_Dry,14030.5,15.1,Tier_1_Alliance,6,1.05,95.6,1.37,3734.54
SHP-14544,Shanghai,Los Angeles,10494.7,14,40ft_Standard,Hazardous_Chemicals,17118.5,36.1,Tier_1_Alliance,6,1.05,87.1,1.31,10257.91
SHP-14545,Santos,Rotterdam,10145.1,19,40ft_HighCube,Hazardous_Chemicals,14317.5,56.5,Tier_2_Regional,9,1.25,74.3,1.3,12084.29
SHP-14546,Tokyo,Los Angeles,8752.1,11,LCL_Consolidated,Hazardous_Chemicals,4055.9,9.0,Tier_3_Spot,1,0.9,73.6,1.07,2544.29
SHP-14547,Shanghai,Rotterdam,19497.7,28,40ft_Standard,Automotive,16295.3,66.2,Tier_1_Alliance,3,1.05,86.6,1.09,8620.34
SHP-14548,Singapore,Fremantle,3934.8,7,40ft_HighCube,Hazardous_Chemicals,25920.6,56.5,Tier_2_Regional,2,0.9,88.4,1.05,6735.93
SHP-14549,Shanghai,Rotterdam,19482.5,30,40ft_HighCube,Hazardous_Chemicals,20714.6,64.0,Tier_3_Spot,12,1.05,73.4,1.09,10208.64
SHP-14550,Tokyo,Los Angeles,8886.7,14,LCL_Consolidated,Textiles,3706.6,4.0,Tier_3_Spot,3,1.05,82.4,0.9,1812.25
SHP-14551,Nhava Sheva,Dubai,2003.6,7,40ft_Standard,Textiles,18334.8,62.8,Tier_1_Alliance,7,1.05,102.7,1.13,5775.36
SHP-14552,Nhava Sheva,New York,14247.8,26,LCL_Consolidated,Electronics,3162.8,11.1,Tier_2_Regional,2,0.9,102.4,1.41,4181.57
SHP-14553,Shanghai,Los Angeles,10566.7,14,LCL_Consolidated,General_Dry,4170.8,4.6,Tier_1_Alliance,9,1.25,86.8,1.34,4007.78
SHP-14554,Nhava Sheva,New York,14153.9,26,40ft_HighCube,Hazardous_Chemicals,12454.6,53.1,Tier_2_Regional,10,1.25,77.6,1.04,10350.09
SHP-14555,Chennai,Rotterdam,11429.7,22,20ft_Standard,General_Dry,4737.2,17.3,Tier_1_Alliance,9,1.25,105.8,0.97,4378.02
SHP-14556,Santos,Rotterdam,10234.4,19,40ft_Standard,Hazardous_Chemicals,19532.5,61.8,Tier_1_Alliance,10,1.25,75.5,1.38,13921.14
SHP-14557,Shanghai,Rotterdam,19446.1,28,40ft_HighCube,Perishable_Reefer,21451.9,60.0,Tier_1_Alliance,7,1.05,78.6,1.03,10561.87
SHP-14558,Busan,Long Beach,9439.3,14,LCL_Consolidated,Textiles,4099.3,5.4,Tier_2_Regional,9,1.25,99.1,1.37,3778.24
SHP-14559,Singapore,Fremantle,3973.6,10,40ft_HighCube,Electronics,11244.1,53.5,Tier_2_Regional,9,1.25,78.8,1.23,7582.03
SHP-14560,Chennai,Rotterdam,11519.5,24,40ft_Standard,Electronics,8985.5,50.5,Tier_2_Regional,4,1.05,104.8,1.27,7469.24
SHP-14561,Shanghai,Rotterdam,19484.6,28,LCL_Consolidated,General_Dry,3856.5,13.0,Tier_2_Regional,4,1.05,87.5,1.2,4344.01
SHP-14562,Singapore,Dubai,5864.3,13,LCL_Consolidated,Textiles,4392.3,4.3,Tier_2_Regional,12,1.05,98.7,1.25,2294.48
SHP-14563,Nhava Sheva,Dubai,2189.3,5,20ft_Standard,Hazardous_Chemicals,5991.2,17.9,Tier_2_Regional,3,1.05,107.7,1.39,4810.41
SHP-14564,Nhava Sheva,Dubai,2039.4,4,40ft_Standard,Automotive,11178.8,40.2,Tier_2_Regional,6,1.05,93.6,0.9,3764.79
SHP-14565,Shanghai,Los Angeles,10497.1,13,40ft_HighCube,General_Dry,22373.9,76.0,Tier_3_Spot,5,1.05,74.7,1.05,5958.63
SHP-14566,Shanghai,Los Angeles,10437.1,14,40ft_HighCube,Hazardous_Chemicals,17970.0,45.8,Tier_2_Regional,11,1.05,101.7,1.19,9671.58
SHP-14567,Singapore,Fremantle,3941.2,9,20ft_Standard,Hazardous_Chemicals,19359.8,27.5,Tier_2_Regional,10,1.25,96.9,0.99,5350.44
SHP-14568,Chennai,Colombo,605.7,4,40ft_Standard,Hazardous_Chemicals,22742.0,58.3,Tier_3_Spot,4,1.05,79.5,1.16,6724.45
SHP-14569,Tokyo,Los Angeles,8828.8,14,40ft_HighCube,Automotive,23164.6,70.0,Tier_1_Alliance,10,1.25,72.8,1.01,8405.97
SHP-14570,Chennai,Rotterdam,11515.9,23,40ft_HighCube,Automotive,16505.4,55.7,Tier_2_Regional,9,1.25,97.2,0.98,7425.84
SHP-14571,Chennai,Colombo,575.8,3,40ft_Standard,General_Dry,16677.0,52.9,Tier_1_Alliance,2,0.9,92.1,1.21,4565.11
SHP-14572,Singapore,Dubai,5900.6,11,LCL_Consolidated,Textiles,1783.1,10.6,Tier_2_Regional,6,1.05,78.1,1.21,2107.32
SHP-14573,Singapore,Dubai,5909.5,11,LCL_Consolidated,Hazardous_Chemicals,3002.0,11.3,Tier_1_Alliance,10,1.25,76.9,1.33,4335.62
SHP-14574,Chennai,Colombo,718.9,2,40ft_Standard,Hazardous_Chemicals,20194.8,46.8,Tier_1_Alliance,11,1.05,96.0,1.02,6602.26
SHP-14575,Santos,Rotterdam,10120.7,17,20ft_Standard,Hazardous_Chemicals,16299.6,18.2,Tier_2_Regional,5,1.05,107.2,0.96,5187.83
SHP-14576,Santos,Rotterdam,10181.6,20,20ft_Standard,Textiles,17893.3,32.1,Tier_3_Spot,12,1.05,83.3,1.1,3999.34
SHP-14577,Chennai,Colombo,557.1,3,LCL_Consolidated,Hazardous_Chemicals,4286.2,12.1,Tier_1_Alliance,6,1.05,99.4,1.41,3060.5
SHP-14578,Shanghai,Los Angeles,10404.7,15,40ft_HighCube,Textiles,14048.6,75.3,Tier_3_Spot,11,1.05,74.4,1.41,7731.77
SHP-14579,Singapore,Dubai,5973.7,10,LCL_Consolidated,General_Dry,1172.1,12.1,Tier_2_Regional,5,1.05,78.8,0.94,1633.9
SHP-14580,Singapore,Fremantle,3813.0,10,40ft_Standard,Textiles,19143.7,63.6,Tier_1_Alliance,6,1.05,80.7,1.4,7236.68
SHP-14581,Nhava Sheva,New York,14249.5,26,40ft_Standard,Hazardous_Chemicals,21277.3,59.7,Tier_1_Alliance,5,1.05,93.1,1.03,9821.56
SHP-14582,Tokyo,Los Angeles,8792.7,13,LCL_Consolidated,Textiles,3505.9,5.5,Tier_3_Spot,3,1.05,90.2,1.22,2461.94
SHP-14583,Nhava Sheva,Dubai,2007.4,4,LCL_Consolidated,Automotive,3805.4,10.8,Tier_1_Alliance,12,1.05,73.3,0.95,1452.79
SHP-14584,Singapore,Dubai,5904.7,9,40ft_HighCube,Perishable_Reefer,21523.1,74.2,Tier_3_Spot,2,0.9,76.0,1.16,6862.15
SHP-14585,Singapore,Dubai,5943.3,9,20ft_Standard,Hazardous_Chemicals,13515.1,29.9,Tier_2_Regional,11,1.05,106.9,1.27,6188.82
SHP-14586,Chennai,Colombo,583.9,3,20ft_Standard,Textiles,19515.3,18.1,Tier_2_Regional,1,0.9,82.2,1.2,2618.42
SHP-14587,Chennai,Rotterdam,11542.6,24,40ft_HighCube,General_Dry,11540.8,47.3,Tier_2_Regional,8,1.25,73.4,1.34,8444.0
SHP-14588,Santos,Rotterdam,10293.6,17,20ft_Standard,Hazardous_Chemicals,17145.2,18.9,Tier_2_Regional,6,1.05,98.2,1.16,6236.64
SHP-14589,Tokyo,Los Angeles,8763.3,13,LCL_Consolidated,General_Dry,2501.9,11.7,Tier_2_Regional,11,1.05,76.2,0.94,1888.63
SHP-14590,Tokyo,Los Angeles,8745.6,10,40ft_HighCube,Perishable_Reefer,20202.5,48.7,Tier_1_Alliance,12,1.05,76.7,1.13,8865.4
SHP-14591,Chennai,Rotterdam,11537.1,21,40ft_HighCube,Electronics,16989.1,48.2,Tier_3_Spot,6,1.05,76.4,0.92,5478.62
SHP-14592,Busan,Long Beach,9386.9,15,20ft_Standard,Hazardous_Chemicals,16525.3,26.1,Tier_1_Alliance,5,1.05,76.0,1.09,6164.05
SHP-14593,Santos,Rotterdam,10271.4,19,20ft_Standard,Textiles,20168.0,30.7,Tier_2_Regional,3,1.05,106.1,1.07,4392.5
SHP-14594,Nhava Sheva,New York,14269.9,25,LCL_Consolidated,Electronics,4535.1,4.2,Tier_2_Regional,1,0.9,87.8,1.05,2873.88
SHP-14595,Chennai,Rotterdam,11509.1,23,40ft_HighCube,Textiles,13182.4,73.7,Tier_3_Spot,9,1.25,90.6,1.27,8639.26
SHP-14596,Chennai,Rotterdam,11547.9,24,40ft_Standard,Hazardous_Chemicals,22626.2,48.0,Tier_1_Alliance,2,0.9,96.2,1.38,10422.47
SHP-14597,Singapore,Fremantle,3947.1,11,40ft_Standard,General_Dry,25695.8,65.2,Tier_3_Spot,12,1.05,102.1,1.3,6236.08
SHP-14598,Chennai,Rotterdam,11562.3,25,20ft_Standard,Electronics,18505.8,23.1,Tier_3_Spot,12,1.05,76.0,1.31,5407.17
SHP-14599,Shanghai,Los Angeles,10532.4,14,LCL_Consolidated,Hazardous_Chemicals,845.9,10.5,Tier_3_Spot,5,1.05,94.4,1.31,4261.37
SHP-14600,Singapore,Dubai,5927.2,11,40ft_HighCube,General_Dry,17293.1,53.1,Tier_1_Alliance,3,1.05,89.3,1.17,6472.91
SHP-14601,Busan,Long Beach,9386.7,16,LCL_Consolidated,Perishable_Reefer,2969.2,12.5,Tier_2_Regional,1,0.9,84.0,1.39,3642.19
SHP-14602,Shanghai,Los Angeles,10513.1,14,LCL_Consolidated,Electronics,1350.6,10.8,Tier_2_Regional,8,1.25,88.9,1.21,3933.54
SHP-14603,Nhava Sheva,Dubai,2132.6,7,LCL_Consolidated,Automotive,552.1,2.0,Tier_1_Alliance,12,1.05,104.1,1.02,1588.07
SHP-14604,Chennai,Rotterdam,11500.7,22,40ft_HighCube,General_Dry,22503.1,72.5,Tier_3_Spot,4,1.05,98.7,0.93,5490.49
SHP-14605,Shanghai,Rotterdam,19490.9,28,20ft_Standard,Automotive,15093.0,29.2,Tier_1_Alliance,7,1.05,75.0,1.26,7275.24
SHP-14606,Santos,Rotterdam,10132.8,17,LCL_Consolidated,Electronics,4151.9,5.9,Tier_3_Spot,2,0.9,96.5,1.09,2364.15
SHP-14607,Hamburg,Singapore,15711.6,27,LCL_Consolidated,Automotive,3991.5,13.7,Tier_2_Regional,1,0.9,92.0,0.88,2633.93
SHP-14608,Nhava Sheva,Dubai,2125.0,8,40ft_Standard,Textiles,20089.0,67.0,Tier_3_Spot,7,1.05,104.3,1.0,4519.33
SHP-14609,Hamburg,Singapore,15704.1,27,LCL_Consolidated,Electronics,1483.4,9.0,Tier_1_Alliance,11,1.05,106.9,0.9,3497.45
SHP-14610,Hamburg,Singapore,15840.4,26,LCL_Consolidated,General_Dry,2031.7,2.2,Tier_3_Spot,11,1.05,73.0,0.9,2296.3
SHP-14611,Chennai,Rotterdam,11535.8,21,40ft_Standard,General_Dry,19263.2,41.0,Tier_2_Regional,1,0.9,96.9,1.2,5333.15
SHP-14612,Tokyo,Los Angeles,8865.9,12,40ft_HighCube,Perishable_Reefer,15609.3,47.4,Tier_2_Regional,10,1.25,99.0,1.3,11158.59
SHP-14613,Shanghai,Los Angeles,10452.2,16,20ft_Standard,Perishable_Reefer,9692.4,27.6,Tier_1_Alliance,10,1.25,94.9,1.39,8847.67
SHP-14614,Singapore,Fremantle,3993.7,10,LCL_Consolidated,General_Dry,1029.4,9.6,Tier_3_Spot,2,0.9,98.7,1.37,1739.65
SHP-14615,Singapore,Fremantle,3975.5,8,LCL_Consolidated,Perishable_Reefer,1685.9,2.2,Tier_3_Spot,3,1.05,102.2,0.93,1743.26
SHP-14616,Chennai,Colombo,605.8,2,20ft_Standard,Perishable_Reefer,10900.0,21.7,Tier_2_Regional,12,1.05,107.9,1.31,4358.39
SHP-14617,Singapore,Dubai,5837.7,12,40ft_HighCube,Textiles,23280.6,48.3,Tier_1_Alliance,8,1.25,84.8,1.39,9365.61
SHP-14618,Shanghai,Los Angeles,10578.6,17,40ft_HighCube,General_Dry,19690.8,70.5,Tier_3_Spot,7,1.05,73.3,0.99,5456.16
SHP-14619,Singapore,Fremantle,3811.8,10,LCL_Consolidated,Hazardous_Chemicals,2432.1,12.2,Tier_3_Spot,7,1.05,89.0,1.08,2300.23
SHP-14620,Nhava Sheva,Dubai,2154.4,6,20ft_Standard,Hazardous_Chemicals,7656.8,27.6,Tier_1_Alliance,8,1.25,82.2,1.2,5444.78
SHP-14621,Shanghai,Los Angeles,10499.3,17,20ft_Standard,Electronics,11247.5,15.8,Tier_1_Alliance,12,1.05,72.9,1.15,4820.88
SHP-14622,Nhava Sheva,New York,14271.2,25,20ft_Standard,Electronics,5579.5,30.6,Tier_3_Spot,9,1.25,77.5,1.01,4931.62
SHP-14623,Nhava Sheva,New York,14262.5,28,20ft_Standard,Automotive,14061.3,25.4,Tier_3_Spot,6,1.05,89.6,1.16,4998.64
SHP-14624,Shanghai,Rotterdam,19422.8,30,LCL_Consolidated,General_Dry,583.1,12.6,Tier_3_Spot,5,1.05,83.2,1.36,4337.55
SHP-14625,Chennai,Rotterdam,11456.1,25,40ft_HighCube,Textiles,22709.7,72.5,Tier_3_Spot,12,1.05,74.7,1.4,8284.4
SHP-14626,Shanghai,Los Angeles,10425.0,14,LCL_Consolidated,Textiles,1095.1,3.3,Tier_2_Regional,6,1.05,81.7,1.23,2613.12
SHP-14627,Chennai,Rotterdam,11433.9,24,20ft_Standard,Textiles,12418.0,20.4,Tier_1_Alliance,7,1.05,84.8,1.06,4258.83
SHP-14628,Shanghai,Los Angeles,10580.6,17,40ft_HighCube,Perishable_Reefer,19128.6,57.4,Tier_3_Spot,5,1.05,103.4,1.22,9128.64
SHP-14629,Nhava Sheva,Dubai,2170.0,8,LCL_Consolidated,Hazardous_Chemicals,1355.9,9.3,Tier_2_Regional,2,0.9,91.2,0.98,1592.12
SHP-14630,Tokyo,Los Angeles,8758.8,13,LCL_Consolidated,General_Dry,1866.8,5.1,Tier_3_Spot,12,1.05,97.8,1.0,1904.77
SHP-14631,Santos,Rotterdam,10253.7,18,LCL_Consolidated,Textiles,666.5,13.6,Tier_3_Spot,1,0.9,90.4,1.12,2125.31
SHP-14632,Nhava Sheva,Dubai,2155.6,7,40ft_HighCube,Perishable_Reefer,23567.6,48.2,Tier_2_Regional,12,1.05,79.8,1.02,6372.69
SHP-14633,Busan,Long Beach,9414.5,12,40ft_Standard,Hazardous_Chemicals,10986.9,50.6,Tier_3_Spot,6,1.05,77.7,0.99,6403.12
SHP-14634,Hamburg,Singapore,15844.9,23,40ft_HighCube,General_Dry,12004.5,70.2,Tier_1_Alliance,8,1.25,86.5,0.88,7306.7
SHP-14635,Tokyo,Los Angeles,8886.3,13,20ft_Standard,General_Dry,9805.7,31.1,Tier_1_Alliance,6,1.05,90.2,1.22,4490.11
SHP-14636,Tokyo,Los Angeles,8835.5,12,40ft_Standard,Textiles,23255.6,46.5,Tier_2_Regional,3,1.05,99.2,1.0,5334.5
SHP-14637,Shanghai,Rotterdam,19450.1,27,40ft_HighCube,Textiles,21268.1,45.6,Tier_2_Regional,4,1.05,103.7,1.18,8162.26
SHP-14638,Nhava Sheva,Dubai,2105.4,5,40ft_HighCube,Perishable_Reefer,20848.1,45.7,Tier_2_Regional,2,0.9,108.0,1.04,5578.26
SHP-14639,Tokyo,Los Angeles,8778.3,10,40ft_Standard,Automotive,15279.7,45.6,Tier_3_Spot,4,1.05,78.6,1.18,5617.5
SHP-14640,Nhava Sheva,Dubai,2173.2,6,40ft_Standard,General_Dry,8299.8,63.5,Tier_2_Regional,2,0.9,94.2,1.31,4659.21
SHP-14641,Busan,Long Beach,9405.4,15,LCL_Consolidated,General_Dry,2115.1,8.2,Tier_1_Alliance,11,1.05,100.9,1.37,3443.39
SHP-14642,Nhava Sheva,Dubai,2186.0,6,40ft_HighCube,General_Dry,20911.2,49.6,Tier_1_Alliance,11,1.05,98.8,1.07,5549.72
SHP-14643,Nhava Sheva,New York,14201.6,26,LCL_Consolidated,Automotive,986.2,9.8,Tier_3_Spot,12,1.05,83.1,1.36,3858.28
SHP-14644,Chennai,Rotterdam,11491.6,23,40ft_Standard,Automotive,8824.8,41.4,Tier_1_Alliance,6,1.05,101.7,0.91,5480.17
SHP-14645,Busan,Long Beach,9460.5,15,LCL_Consolidated,Perishable_Reefer,4402.2,6.0,Tier_2_Regional,1,0.9,100.0,0.98,2701.14
SHP-14646,Busan,Long Beach,9363.7,15,20ft_Standard,Textiles,10064.3,23.1,Tier_1_Alliance,4,1.05,107.9,0.92,3570.97
SHP-14647,Shanghai,Los Angeles,10594.4,16,40ft_HighCube,General_Dry,23760.7,47.9,Tier_2_Regional,7,1.05,98.4,0.96,5586.0
SHP-14648,Shanghai,Rotterdam,19487.3,27,40ft_HighCube,Automotive,12812.8,66.7,Tier_3_Spot,11,1.05,80.7,1.04,7141.56
SHP-14649,Shanghai,Rotterdam,19415.0,31,40ft_Standard,Textiles,20261.4,58.8,Tier_2_Regional,8,1.25,79.3,1.29,10107.1
SHP-14650,Nhava Sheva,New York,14152.1,28,20ft_Standard,General_Dry,15054.6,28.8,Tier_2_Regional,10,1.25,85.6,0.89,4432.57
SHP-14651,Busan,Long Beach,9312.0,16,40ft_Standard,Hazardous_Chemicals,20178.9,60.3,Tier_2_Regional,11,1.05,83.9,1.2,9207.77
SHP-14652,Hamburg,Singapore,15865.8,26,40ft_Standard,Textiles,16529.6,50.3,Tier_3_Spot,6,1.05,81.4,0.95,5229.89
SHP-14653,Singapore,Dubai,5987.8,12,20ft_Standard,Hazardous_Chemicals,5060.6,18.5,Tier_2_Regional,5,1.05,95.7,0.88,3503.21
SHP-14654,Shanghai,Los Angeles,10506.3,14,LCL_Consolidated,Hazardous_Chemicals,3971.8,13.6,Tier_3_Spot,3,1.05,92.5,1.37,4704.84
SHP-14655,Hamburg,Singapore,15795.7,26,40ft_Standard,Perishable_Reefer,21709.6,45.9,Tier_2_Regional,5,1.05,72.5,1.3,10215.43
SHP-14656,Singapore,Fremantle,3926.8,11,40ft_Standard,Automotive,14502.5,46.5,Tier_2_Regional,4,1.05,86.4,1.04,4758.58
SHP-14657,Shanghai,Los Angeles,10436.2,13,40ft_HighCube,Perishable_Reefer,15970.5,72.4,Tier_1_Alliance,8,1.25,103.2,1.07,11360.9
SHP-14658,Busan,Long Beach,9439.7,16,20ft_Standard,General_Dry,16114.0,23.4,Tier_3_Spot,12,1.05,103.5,0.97,3387.43
SHP-14659,Chennai,Colombo,562.5,3,40ft_HighCube,Textiles,25590.7,61.1,Tier_1_Alliance,2,0.9,102.6,1.07,5045.47
SHP-14660,Busan,Long Beach,9403.5,14,40ft_HighCube,Electronics,12366.2,63.1,Tier_1_Alliance,12,1.05,95.8,1.37,9653.42
SHP-14661,Nhava Sheva,Dubai,2109.8,6,40ft_HighCube,Electronics,11092.4,64.1,Tier_2_Regional,5,1.05,101.5,1.17,6234.89
SHP-14662,Chennai,Rotterdam,11460.3,24,LCL_Consolidated,Textiles,4504.5,9.4,Tier_3_Spot,9,1.25,94.9,0.91,2658.58
SHP-14663,Busan,Long Beach,9390.3,13,40ft_HighCube,Textiles,18777.5,54.5,Tier_1_Alliance,8,1.25,75.7,1.07,7734.71
SHP-14664,Tokyo,Los Angeles,8791.2,13,20ft_Standard,Hazardous_Chemicals,5206.7,30.9,Tier_2_Regional,3,1.05,74.3,1.14,5186.0
SHP-14665,Hamburg,Singapore,15886.5,23,40ft_Standard,Textiles,21004.9,41.3,Tier_3_Spot,5,1.05,72.7,1.23,6668.59
SHP-14666,Nhava Sheva,Dubai,2181.2,8,20ft_Standard,Perishable_Reefer,10477.0,28.9,Tier_2_Regional,2,0.9,87.3,1.05,3092.35
SHP-14667,Santos,Rotterdam,10232.2,21,LCL_Consolidated,Perishable_Reefer,1275.3,10.8,Tier_2_Regional,9,1.25,77.0,1.05,3768.51
SHP-14668,Singapore,Fremantle,3994.7,8,40ft_Standard,Hazardous_Chemicals,15286.7,66.2,Tier_2_Regional,9,1.25,87.2,0.9,7079.0
SHP-14669,Santos,Rotterdam,10191.2,20,LCL_Consolidated,General_Dry,1704.5,10.0,Tier_3_Spot,6,1.05,88.6,0.96,2060.77
SHP-14670,Chennai,Colombo,657.4,3,40ft_Standard,Hazardous_Chemicals,18757.8,36.8,Tier_1_Alliance,1,0.9,100.3,0.98,5215.43
SHP-14671,Nhava Sheva,New York,14144.5,28,40ft_Standard,Hazardous_Chemicals,12848.9,66.9,Tier_2_Regional,8,1.25,102.0,1.32,13343.94
SHP-14672,Nhava Sheva,New York,14292.8,27,40ft_HighCube,Automotive,25434.9,74.4,Tier_1_Alliance,9,1.25,76.1,1.19,11413.63
SHP-14673,Nhava Sheva,New York,14188.9,29,20ft_Standard,Perishable_Reefer,10826.1,23.5,Tier_1_Alliance,7,1.05,107.1,1.21,7398.96
SHP-14674,Nhava Sheva,New York,14141.9,28,40ft_HighCube,Hazardous_Chemicals,19963.7,51.0,Tier_1_Alliance,5,1.05,77.8,1.05,10102.34
SHP-14675,Chennai,Rotterdam,11571.0,23,40ft_Standard,Electronics,24528.6,58.9,Tier_3_Spot,3,1.05,101.4,0.93,5819.11
SHP-14676,Nhava Sheva,New York,14132.1,27,LCL_Consolidated,Perishable_Reefer,3961.7,9.1,Tier_2_Regional,5,1.05,92.9,1.24,4843.7
SHP-14677,Shanghai,Rotterdam,19569.8,30,LCL_Consolidated,General_Dry,928.8,11.7,Tier_1_Alliance,1,0.9,85.0,1.17,3823.35
SHP-14678,Busan,Long Beach,9325.2,16,40ft_Standard,Electronics,9205.5,43.5,Tier_1_Alliance,4,1.05,83.9,1.08,6295.62
SHP-14679,Nhava Sheva,Dubai,2157.1,7,40ft_Standard,Perishable_Reefer,15804.5,48.4,Tier_3_Spot,5,1.05,107.4,1.05,5627.46
SHP-14680,Singapore,Dubai,5979.6,13,20ft_Standard,General_Dry,10268.5,32.2,Tier_3_Spot,3,1.05,100.2,1.34,4019.11
SHP-14681,Nhava Sheva,Dubai,2112.9,4,LCL_Consolidated,Textiles,1736.4,12.4,Tier_1_Alliance,10,1.25,82.6,1.21,2048.13
SHP-14682,Shanghai,Los Angeles,10551.3,13,40ft_Standard,Hazardous_Chemicals,12727.6,41.8,Tier_2_Regional,11,1.05,84.3,1.11,7826.3
SHP-14683,Santos,Rotterdam,10196.7,18,20ft_Standard,Automotive,16281.5,24.0,Tier_3_Spot,3,1.05,103.5,0.93,3635.86
SHP-14684,Chennai,Rotterdam,11443.1,22,40ft_Standard,Automotive,23845.7,64.3,Tier_3_Spot,2,0.9,85.3,0.88,4438.45
SHP-14685,Santos,Rotterdam,10290.1,19,40ft_HighCube,Hazardous_Chemicals,27716.7,47.4,Tier_2_Regional,9,1.25,107.6,0.91,9450.85
SHP-14686,Santos,Rotterdam,10295.4,21,20ft_Standard,Electronics,8586.5,32.4,Tier_1_Alliance,1,0.9,72.2,1.41,5225.12
SHP-14687,Santos,Rotterdam,10296.6,19,LCL_Consolidated,Automotive,856.6,10.4,Tier_1_Alliance,4,1.05,76.3,1.35,3504.54
SHP-14688,Singapore,Dubai,5842.2,10,LCL_Consolidated,General_Dry,2721.2,4.4,Tier_2_Regional,2,0.9,98.5,0.94,1358.49
SHP-14689,Shanghai,Rotterdam,19453.2,29,40ft_Standard,Automotive,21654.4,50.2,Tier_1_Alliance,12,1.05,106.9,1.2,9571.7
SHP-14690,Singapore,Fremantle,3959.9,7,20ft_Standard,Electronics,8270.2,23.8,Tier_2_Regional,7,1.05,83.4,1.26,3734.77
SHP-14691,Shanghai,Los Angeles,10403.6,15,40ft_HighCube,Automotive,13671.7,57.3,Tier_3_Spot,10,1.25,107.6,1.36,9522.31
SHP-14692,Nhava Sheva,New York,14184.1,29,20ft_Standard,General_Dry,9125.9,32.7,Tier_1_Alliance,11,1.05,79.8,1.28,5693.6
SHP-14693,Chennai,Rotterdam,11524.8,23,40ft_Standard,Automotive,14550.5,62.0,Tier_2_Regional,4,1.05,95.6,1.36,8223.01
SHP-14694,Chennai,Colombo,591.5,2,20ft_Standard,Automotive,3600.7,17.1,Tier_2_Regional,4,1.05,84.1,1.31,2696.93
SHP-14695,Chennai,Rotterdam,11471.8,22,40ft_HighCube,Perishable_Reefer,13110.2,54.6,Tier_3_Spot,9,1.25,91.7,1.34,11333.0
SHP-14696,Santos,Rotterdam,10293.2,21,20ft_Standard,Hazardous_Chemicals,11918.2,19.8,Tier_3_Spot,5,1.05,91.8,1.26,6011.91
SHP-14697,Shanghai,Rotterdam,19471.3,27,LCL_Consolidated,Automotive,1446.4,10.6,Tier_3_Spot,1,0.9,102.4,1.36,4335.14
SHP-14698,Santos,Rotterdam,10278.5,19,20ft_Standard,General_Dry,13183.4,21.7,Tier_3_Spot,10,1.25,75.5,0.88,3377.01
SHP-14699,Tokyo,Los Angeles,8828.8,14,20ft_Standard,Textiles,17657.8,22.2,Tier_2_Regional,8,1.25,96.7,1.22,5320.58
SHP-14700,Santos,Rotterdam,10296.8,18,20ft_Standard,Automotive,15176.1,30.3,Tier_2_Regional,7,1.05,91.1,1.27,5262.17
SHP-14701,Singapore,Dubai,5939.0,10,40ft_HighCube,Electronics,10252.2,75.9,Tier_3_Spot,9,1.25,96.4,1.17,7844.92
SHP-14702,Shanghai,Los Angeles,10465.3,17,40ft_HighCube,Perishable_Reefer,24233.8,63.9,Tier_3_Spot,9,1.25,73.6,1.14,10178.83
SHP-14703,Nhava Sheva,Dubai,2090.4,5,20ft_Standard,Electronics,9628.0,24.9,Tier_1_Alliance,9,1.25,86.7,1.23,4568.04
SHP-14704,Singapore,Dubai,5903.9,10,20ft_Standard,Perishable_Reefer,12369.0,32.1,Tier_2_Regional,2,0.9,100.9,1.02,3889.32
SHP-14705,Chennai,Rotterdam,11544.6,23,20ft_Standard,Hazardous_Chemicals,8749.6,28.4,Tier_1_Alliance,9,1.25,75.6,1.26,8503.75
SHP-14706,Busan,Long Beach,9377.3,15,20ft_Standard,General_Dry,20430.1,24.3,Tier_1_Alliance,6,1.05,83.0,1.23,5067.36
SHP-14707,Busan,Long Beach,9470.1,13,40ft_Standard,Textiles,17114.1,38.3,Tier_2_Regional,12,1.05,93.0,1.25,6171.44
SHP-14708,Shanghai,Los Angeles,10463.7,14,LCL_Consolidated,Electronics,4288.4,7.2,Tier_2_Regional,5,1.05,81.7,1.39,3718.19
SHP-14709,Santos,Rotterdam,10292.2,21,LCL_Consolidated,General_Dry,4601.4,2.7,Tier_1_Alliance,4,1.05,95.8,0.95,2437.33
SHP-14710,Shanghai,Los Angeles,10517.8,13,LCL_Consolidated,Perishable_Reefer,998.1,12.6,Tier_1_Alliance,5,1.05,90.5,1.01,3526.49
SHP-14711,Singapore,Dubai,5950.0,9,LCL_Consolidated,Textiles,4676.4,3.6,Tier_2_Regional,11,1.05,86.8,0.92,1654.45
SHP-14712,Nhava Sheva,New York,14177.6,28,40ft_HighCube,Automotive,26503.6,71.2,Tier_1_Alliance,1,0.9,72.1,0.91,6224.51
SHP-14713,Busan,Long Beach,9341.4,12,20ft_Standard,Perishable_Reefer,13434.7,21.9,Tier_2_Regional,6,1.05,94.5,1.09,5153.73
SHP-14714,Chennai,Colombo,731.1,3,40ft_Standard,Automotive,19648.4,66.5,Tier_3_Spot,4,1.05,86.0,1.05,4699.11
SHP-14715,Singapore,Dubai,5848.2,11,LCL_Consolidated,Electronics,4108.8,2.3,Tier_1_Alliance,8,1.25,81.5,1.21,2974.3
SHP-14716,Chennai,Rotterdam,11462.8,22,20ft_Standard,Hazardous_Chemicals,14047.2,15.1,Tier_3_Spot,12,1.05,106.9,0.97,5071.05
SHP-14717,Santos,Rotterdam,10113.7,21,40ft_Standard,Perishable_Reefer,13964.5,49.3,Tier_1_Alliance,3,1.05,75.1,1.26,9181.83
SHP-14718,Chennai,Colombo,587.0,4,20ft_Standard,General_Dry,13494.1,31.5,Tier_2_Regional,6,1.05,98.7,1.37,3632.39
SHP-14719,Singapore,Fremantle,3901.8,7,40ft_HighCube,Hazardous_Chemicals,11639.4,54.7,Tier_2_Regional,6,1.05,97.9,1.31,8892.2
SHP-14720,Shanghai,Los Angeles,10524.5,15,40ft_Standard,Textiles,10530.1,38.1,Tier_2_Regional,4,1.05,76.6,1.04,4927.79
SHP-14721,Singapore,Dubai,5955.4,12,40ft_Standard,Automotive,9075.0,40.2,Tier_3_Spot,3,1.05,94.2,1.23,5331.47
SHP-14722,Chennai,Colombo,747.8,5,40ft_HighCube,General_Dry,21661.5,67.3,Tier_3_Spot,3,1.05,73.2,1.22,5347.28
SHP-14723,Chennai,Colombo,653.1,2,40ft_Standard,General_Dry,14532.2,59.4,Tier_2_Regional,7,1.05,76.9,1.08,4225.57
SHP-14724,Chennai,Rotterdam,11443.7,22,40ft_HighCube,General_Dry,10281.9,48.6,Tier_1_Alliance,4,1.05,74.4,1.11,6409.64
SHP-14725,Singapore,Dubai,5837.0,11,40ft_Standard,Perishable_Reefer,16606.3,56.7,Tier_3_Spot,11,1.05,73.0,1.34,7594.58
SHP-14726,Shanghai,Rotterdam,19532.8,31,40ft_Standard,Textiles,24048.2,65.9,Tier_1_Alliance,1,0.9,105.9,0.95,6392.57
SHP-14727,Chennai,Rotterdam,11548.1,25,LCL_Consolidated,Perishable_Reefer,4707.6,7.7,Tier_3_Spot,10,1.25,98.5,1.16,4536.03
SHP-14728,Chennai,Colombo,689.2,4,LCL_Consolidated,Textiles,2462.2,11.4,Tier_3_Spot,2,0.9,74.3,1.07,984.26
SHP-14729,Chennai,Colombo,688.2,4,LCL_Consolidated,Perishable_Reefer,3652.6,10.5,Tier_1_Alliance,4,1.05,79.8,1.1,1823.52
SHP-14730,Chennai,Rotterdam,11589.1,24,20ft_Standard,General_Dry,18544.4,24.0,Tier_3_Spot,1,0.9,95.7,1.3,4133.59
SHP-14731,Santos,Rotterdam,10136.8,17,20ft_Standard,General_Dry,18918.5,29.2,Tier_1_Alliance,8,1.25,101.3,1.41,7364.32
SHP-14732,Busan,Long Beach,9356.4,13,40ft_HighCube,Automotive,14021.2,65.1,Tier_3_Spot,3,1.05,79.6,1.18,6620.02
SHP-14733,Singapore,Dubai,5846.5,9,LCL_Consolidated,General_Dry,4931.8,10.9,Tier_2_Regional,10,1.25,103.7,1.13,2729.15
SHP-14734,Santos,Rotterdam,10161.5,20,LCL_Consolidated,General_Dry,1015.1,9.2,Tier_2_Regional,9,1.25,101.1,1.19,3344.99
SHP-14735,Nhava Sheva,New York,14258.4,25,40ft_HighCube,Perishable_Reefer,26247.1,49.0,Tier_3_Spot,10,1.25,74.2,0.99,9260.33
SHP-14736,Nhava Sheva,New York,14164.4,27,LCL_Consolidated,General_Dry,2310.5,3.6,Tier_1_Alliance,7,1.05,103.3,1.27,3892.9
SHP-14737,Singapore,Dubai,5867.8,13,40ft_HighCube,Textiles,23333.8,71.4,Tier_2_Regional,8,1.25,74.5,1.03,6814.5
SHP-14738,Santos,Rotterdam,10210.3,19,20ft_Standard,Automotive,3415.1,26.6,Tier_3_Spot,8,1.25,94.6,0.92,3701.38
SHP-14739,Chennai,Colombo,655.7,4,40ft_HighCube,General_Dry,12810.7,60.1,Tier_1_Alliance,5,1.05,99.9,1.21,5949.81
SHP-14740,Shanghai,Los Angeles,10455.2,14,LCL_Consolidated,Automotive,2327.1,7.1,Tier_1_Alliance,1,0.9,82.3,1.17,2736.72
SHP-14741,Hamburg,Singapore,15857.2,26,20ft_Standard,General_Dry,12432.5,22.3,Tier_3_Spot,9,1.25,78.1,1.14,5277.78
SHP-14742,Chennai,Colombo,678.9,4,LCL_Consolidated,Perishable_Reefer,3146.5,7.3,Tier_2_Regional,9,1.25,98.7,1.08,2082.95
SHP-14743,Shanghai,Los Angeles,10492.6,14,40ft_Standard,Textiles,19521.5,55.5,Tier_3_Spot,9,1.25,75.8,1.1,6587.12
SHP-14744,Shanghai,Rotterdam,19571.0,27,40ft_Standard,Hazardous_Chemicals,19301.7,63.0,Tier_2_Regional,6,1.05,84.4,1.12,10734.09
SHP-14745,Chennai,Colombo,677.4,2,LCL_Consolidated,Automotive,774.6,12.7,Tier_3_Spot,11,1.05,74.0,1.05,1070.96
SHP-14746,Santos,Rotterdam,10174.7,18,20ft_Standard,General_Dry,11728.8,16.9,Tier_1_Alliance,5,1.05,75.8,1.13,4086.82
SHP-14747,Shanghai,Rotterdam,19517.6,27,40ft_Standard,Automotive,17976.0,47.2,Tier_3_Spot,12,1.05,76.6,0.91,5731.01
SHP-14748,Shanghai,Rotterdam,19468.4,28,40ft_HighCube,General_Dry,18444.6,64.7,Tier_2_Regional,6,1.05,87.5,0.96,6623.57
SHP-14749,Santos,Rotterdam,10180.7,18,40ft_HighCube,Electronics,15540.5,60.7,Tier_2_Regional,3,1.05,100.2,0.89,5864.57
SHP-14750,Shanghai,Los Angeles,10410.3,13,20ft_Standard,Perishable_Reefer,19281.3,22.3,Tier_2_Regional,8,1.25,77.8,1.06,6346.12
SHP-14751,Busan,Long Beach,9312.3,12,40ft_HighCube,Automotive,17548.7,64.3,Tier_2_Regional,8,1.25,106.2,1.12,8510.87
SHP-14752,Shanghai,Rotterdam,19406.7,31,40ft_Standard,Electronics,21225.7,46.0,Tier_1_Alliance,12,1.05,102.2,1.22,9969.21
SHP-14753,Shanghai,Los Angeles,10411.8,13,LCL_Consolidated,Textiles,687.5,12.7,Tier_2_Regional,7,1.05,104.8,0.94,2347.87
SHP-14754,Busan,Long Beach,9453.6,14,40ft_HighCube,Hazardous_Chemicals,16322.3,51.7,Tier_3_Spot,5,1.05,92.9,1.02,7521.95
SHP-14755,Nhava Sheva,New York,14281.1,25,20ft_Standard,Textiles,3597.4,25.3,Tier_1_Alliance,8,1.25,86.5,0.9,4517.49
SHP-14756,Chennai,Rotterdam,11589.5,24,40ft_Standard,Electronics,9738.6,46.6,Tier_1_Alliance,12,1.05,106.7,1.13,7274.84
SHP-14757,Nhava Sheva,New York,14220.5,28,40ft_Standard,Automotive,8494.3,51.7,Tier_2_Regional,6,1.05,80.4,1.39,8118.51
SHP-14758,Santos,Rotterdam,10259.3,19,40ft_Standard,Electronics,16914.7,36.5,Tier_1_Alliance,5,1.05,79.8,1.31,7936.74
SHP-14759,Chennai,Rotterdam,11586.4,24,40ft_Standard,Electronics,18104.4,43.1,Tier_1_Alliance,10,1.25,103.3,1.37,11056.88
SHP-14760,Singapore,Fremantle,3838.5,10,LCL_Consolidated,Hazardous_Chemicals,2933.3,6.8,Tier_1_Alliance,2,0.9,89.5,1.09,2171.78
SHP-14761,Busan,Long Beach,9428.2,16,LCL_Consolidated,Electronics,3933.4,8.2,Tier_3_Spot,2,0.9,75.7,1.32,2625.54
SHP-14762,Chennai,Rotterdam,11530.6,22,40ft_Standard,Electronics,12005.4,64.6,Tier_3_Spot,3,1.05,77.3,1.13,6467.55
SHP-14763,Shanghai,Rotterdam,19408.8,29,20ft_Standard,Perishable_Reefer,7358.8,18.4,Tier_3_Spot,5,1.05,91.8,1.21,6806.54
SHP-14764,Tokyo,Los Angeles,8750.1,10,40ft_HighCube,General_Dry,13047.7,48.2,Tier_3_Spot,12,1.05,98.8,1.06,5146.7
SHP-14765,Singapore,Dubai,5826.0,13,40ft_Standard,Electronics,18583.6,50.0,Tier_3_Spot,3,1.05,76.3,1.36,6663.59
SHP-14766,Santos,Rotterdam,10176.2,20,20ft_Standard,Hazardous_Chemicals,15049.1,16.3,Tier_2_Regional,3,1.05,106.7,1.34,7051.27
SHP-14767,Santos,Rotterdam,10251.6,19,40ft_HighCube,Hazardous_Chemicals,20566.0,46.4,Tier_1_Alliance,5,1.05,79.1,1.13,9858.97
SHP-14768,Chennai,Rotterdam,11433.4,24,LCL_Consolidated,General_Dry,547.7,5.9,Tier_2_Regional,3,1.05,80.6,1.12,2566.45
SHP-14769,Shanghai,Los Angeles,10596.1,15,LCL_Consolidated,Textiles,3972.3,13.8,Tier_2_Regional,7,1.05,72.3,1.17,2833.57
SHP-14770,Shanghai,Rotterdam,19574.5,27,20ft_Standard,Perishable_Reefer,16549.2,28.2,Tier_2_Regional,3,1.05,103.0,1.24,8468.44
SHP-14771,Chennai,Colombo,671.0,2,20ft_Standard,Perishable_Reefer,9062.1,18.2,Tier_3_Spot,10,1.25,97.6,1.25,4148.9
SHP-14772,Shanghai,Los Angeles,10559.3,17,20ft_Standard,Perishable_Reefer,8241.0,17.5,Tier_3_Spot,3,1.05,76.7,1.34,5494.76
SHP-14773,Shanghai,Los Angeles,10584.8,14,40ft_HighCube,General_Dry,17975.4,69.5,Tier_3_Spot,8,1.25,106.8,1.09,7413.19
SHP-14774,Chennai,Colombo,631.0,5,40ft_Standard,Electronics,12650.4,64.2,Tier_3_Spot,6,1.05,102.3,1.36,6013.45
SHP-14775,Tokyo,Los Angeles,8895.4,11,LCL_Consolidated,Perishable_Reefer,2748.4,8.7,Tier_1_Alliance,4,1.05,107.9,1.03,3571.52
SHP-14776,Tokyo,Los Angeles,8740.2,11,LCL_Consolidated,Automotive,2265.6,9.6,Tier_1_Alliance,6,1.05,102.0,1.19,3225.11
SHP-14777,Hamburg,Singapore,15782.9,26,LCL_Consolidated,Textiles,606.2,13.3,Tier_3_Spot,8,1.25,93.2,1.11,3898.21
SHP-14778,Nhava Sheva,Dubai,2010.2,4,40ft_Standard,Electronics,25977.8,35.4,Tier_2_Regional,4,1.05,96.9,1.24,5991.64
SHP-14779,Chennai,Rotterdam,11456.2,21,40ft_Standard,Automotive,12227.5,42.1,Tier_1_Alliance,2,0.9,81.5,1.25,6216.64
SHP-14780,Nhava Sheva,Dubai,2160.9,6,LCL_Consolidated,Electronics,4225.2,4.7,Tier_2_Regional,3,1.05,94.7,1.25,1938.93
SHP-14781,Busan,Long Beach,9440.7,16,40ft_HighCube,Automotive,14680.5,60.5,Tier_2_Regional,7,1.05,98.7,0.95,5850.9
SHP-14782,Nhava Sheva,Dubai,2145.8,5,LCL_Consolidated,Textiles,4424.7,8.1,Tier_3_Spot,3,1.05,99.1,0.9,1170.77
SHP-14783,Chennai,Colombo,584.8,6,20ft_Standard,Automotive,14010.9,16.9,Tier_2_Regional,11,1.05,87.0,0.92,2256.32
SHP-14784,Tokyo,Los Angeles,8705.1,14,20ft_Standard,Automotive,13103.5,16.1,Tier_3_Spot,1,0.9,94.5,1.0,3040.09
SHP-14785,Busan,Long Beach,9335.4,13,40ft_HighCube,Hazardous_Chemicals,24923.1,50.8,Tier_2_Regional,6,1.05,93.7,0.95,7863.88
SHP-14786,Chennai,Colombo,596.5,3,LCL_Consolidated,Electronics,4530.4,3.2,Tier_1_Alliance,6,1.05,107.9,1.01,1627.04
SHP-14787,Shanghai,Rotterdam,19410.0,27,LCL_Consolidated,Automotive,1344.2,12.5,Tier_3_Spot,10,1.25,105.6,1.12,4934.6
SHP-14788,Shanghai,Rotterdam,19419.3,30,40ft_HighCube,Textiles,17597.5,61.9,Tier_1_Alliance,3,1.05,99.9,1.04,8044.37
SHP-14789,Singapore,Fremantle,3956.7,7,40ft_Standard,Electronics,15654.2,61.0,Tier_3_Spot,1,0.9,106.2,1.39,5986.58
SHP-14790,Chennai,Colombo,614.7,3,LCL_Consolidated,Perishable_Reefer,1871.7,13.5,Tier_3_Spot,2,0.9,107.1,0.93,1337.29
SHP-14791,Nhava Sheva,New York,14142.4,26,20ft_Standard,Perishable_Reefer,6479.6,25.3,Tier_1_Alliance,10,1.25,97.6,1.17,8115.21
SHP-14792,Hamburg,Singapore,15765.9,25,20ft_Standard,Perishable_Reefer,10787.4,27.5,Tier_1_Alliance,9,1.25,84.2,1.37,10195.29
SHP-14793,Nhava Sheva,New York,14294.0,28,LCL_Consolidated,Textiles,2098.4,9.4,Tier_2_Regional,10,1.25,74.7,1.4,4557.1
SHP-14794,Hamburg,Singapore,15899.6,26,LCL_Consolidated,Perishable_Reefer,3832.9,3.7,Tier_1_Alliance,7,1.05,81.9,1.05,4508.63
SHP-14795,Busan,Long Beach,9414.7,14,20ft_Standard,Hazardous_Chemicals,11105.6,15.1,Tier_1_Alliance,5,1.05,79.1,1.25,6247.52
SHP-14796,Shanghai,Los Angeles,10459.4,13,LCL_Consolidated,Electronics,1388.9,8.0,Tier_2_Regional,8,1.25,99.5,1.26,4100.77
SHP-14797,Singapore,Dubai,5829.6,10,20ft_Standard,Electronics,8427.3,32.4,Tier_3_Spot,2,0.9,101.2,1.31,3708.11
SHP-14798,Chennai,Colombo,588.4,6,20ft_Standard,Textiles,18729.8,27.3,Tier_3_Spot,1,0.9,105.0,1.02,2246.37
SHP-14799,Nhava Sheva,Dubai,2020.8,6,20ft_Standard,General_Dry,6179.8,31.7,Tier_3_Spot,9,1.25,80.5,1.18,3179.8
SHP-14800,Chennai,Rotterdam,11501.2,22,40ft_Standard,Electronics,9820.2,44.5,Tier_2_Regional,4,1.05,98.5,1.05,6071.38
SHP-14801,Nhava Sheva,Dubai,2063.6,7,40ft_Standard,Textiles,13305.6,42.2,Tier_3_Spot,12,1.05,87.8,0.92,3373.5
SHP-14802,Santos,Rotterdam,10292.7,17,LCL_Consolidated,Electronics,3918.7,5.1,Tier_1_Alliance,11,1.05,75.1,1.07,2878.75
SHP-14803,Singapore,Dubai,5973.1,10,40ft_Standard,Textiles,17106.4,63.8,Tier_3_Spot,6,1.05,82.9,1.14,5217.42
SHP-14804,Hamburg,Singapore,15808.9,24,40ft_Standard,General_Dry,24614.8,39.3,Tier_2_Regional,11,1.05,93.3,1.27,7519.72
SHP-14805,Shanghai,Rotterdam,19554.5,27,40ft_Standard,Automotive,14238.3,38.8,Tier_2_Regional,9,1.25,87.0,1.4,10846.56
SHP-14806,Nhava Sheva,New York,14251.3,29,20ft_Standard,Perishable_Reefer,6167.9,31.9,Tier_3_Spot,10,1.25,93.8,0.94,5663.11
SHP-14807,Singapore,Dubai,5864.4,12,40ft_HighCube,General_Dry,13905.7,61.0,Tier_1_Alliance,7,1.05,76.0,1.0,5461.31
SHP-14808,Chennai,Colombo,688.5,5,20ft_Standard,Perishable_Reefer,10728.2,15.2,Tier_1_Alliance,5,1.05,80.7,1.12,3532.14
SHP-14809,Chennai,Rotterdam,11496.8,22,LCL_Consolidated,Perishable_Reefer,1071.7,10.4,Tier_1_Alliance,8,1.25,72.1,1.21,4881.91
SHP-14810,Shanghai,Rotterdam,19592.7,27,40ft_Standard,General_Dry,22209.8,61.1,Tier_2_Regional,10,1.25,82.9,0.88,6973.91
SHP-14811,Santos,Rotterdam,10177.6,20,40ft_Standard,Automotive,16033.5,39.5,Tier_2_Regional,1,0.9,81.8,1.18,5287.6
SHP-14812,Shanghai,Los Angeles,10522.6,13,20ft_Standard,Textiles,18999.6,24.9,Tier_2_Regional,11,1.05,88.3,1.28,5043.58
SHP-14813,Tokyo,Los Angeles,8777.0,12,LCL_Consolidated,Hazardous_Chemicals,4498.9,12.6,Tier_1_Alliance,10,1.25,101.5,1.22,5469.21
SHP-14814,Shanghai,Rotterdam,19449.4,27,LCL_Consolidated,Hazardous_Chemicals,4096.7,5.1,Tier_2_Regional,2,0.9,87.6,1.04,4428.52
SHP-14815,Nhava Sheva,Dubai,2108.3,6,20ft_Standard,Electronics,18714.8,17.3,Tier_3_Spot,7,1.05,89.2,1.03,2943.18
SHP-14816,Chennai,Colombo,633.6,6,20ft_Standard,Automotive,4602.2,17.3,Tier_2_Regional,11,1.05,99.1,1.21,2793.73
SHP-14817,Hamburg,Singapore,15739.3,23,40ft_Standard,Automotive,19633.9,40.1,Tier_2_Regional,9,1.25,78.7,0.94,6892.12
SHP-14818,Nhava Sheva,Dubai,2029.7,8,LCL_Consolidated,Perishable_Reefer,1472.8,11.9,Tier_3_Spot,5,1.05,79.3,1.07,1685.86
SHP-14819,Busan,Long Beach,9436.6,14,20ft_Standard,Automotive,18876.8,23.4,Tier_2_Regional,4,1.05,90.4,1.16,4697.84
SHP-14820,Hamburg,Singapore,15840.7,27,40ft_Standard,Electronics,20827.3,57.3,Tier_2_Regional,5,1.05,80.2,1.25,8643.73
SHP-14821,Nhava Sheva,Dubai,2084.2,5,LCL_Consolidated,General_Dry,2576.6,3.4,Tier_1_Alliance,7,1.05,85.4,0.99,1262.81
SHP-14822,Santos,Rotterdam,10168.5,19,40ft_HighCube,Electronics,14848.2,56.4,Tier_3_Spot,1,0.9,87.3,1.19,6027.56
SHP-14823,Singapore,Fremantle,3867.4,8,40ft_HighCube,Automotive,14238.5,69.9,Tier_2_Regional,10,1.25,92.7,1.13,7404.08
SHP-14824,Shanghai,Los Angeles,10504.1,15,40ft_HighCube,General_Dry,20447.0,66.7,Tier_2_Regional,10,1.25,82.8,1.0,7023.77
SHP-14825,Singapore,Dubai,5979.4,9,40ft_HighCube,Electronics,16412.0,54.6,Tier_1_Alliance,1,0.9,92.9,1.13,6224.86
SHP-14826,Hamburg,Singapore,15729.4,24,40ft_HighCube,Perishable_Reefer,10593.9,45.7,Tier_2_Regional,6,1.05,77.7,1.24,9643.81
SHP-14827,Chennai,Colombo,677.3,5,20ft_Standard,Electronics,7526.8,23.3,Tier_2_Regional,7,1.05,105.6,1.31,3550.13
SHP-14828,Nhava Sheva,Dubai,2010.0,7,LCL_Consolidated,Automotive,2698.3,2.9,Tier_3_Spot,11,1.05,72.0,0.9,1002.92
SHP-14829,Busan,Long Beach,9431.1,12,40ft_HighCube,General_Dry,13052.5,69.8,Tier_2_Regional,4,1.05,82.1,1.31,7228.93
SHP-14830,Nhava Sheva,New York,14172.5,25,40ft_HighCube,General_Dry,23327.7,60.5,Tier_3_Spot,9,1.25,77.5,0.96,6794.89
SHP-14831,Chennai,Rotterdam,11517.5,23,20ft_Standard,Textiles,14127.3,15.1,Tier_1_Alliance,10,1.25,96.8,0.9,4378.07
SHP-14832,Busan,Long Beach,9318.7,15,40ft_HighCube,Textiles,13176.7,62.7,Tier_2_Regional,12,1.05,84.5,1.08,6013.81
SHP-14833,Shanghai,Los Angeles,10448.1,17,40ft_Standard,Textiles,8502.5,54.6,Tier_3_Spot,8,1.25,84.4,1.26,7058.58
SHP-14834,Singapore,Dubai,5862.7,13,40ft_HighCube,Hazardous_Chemicals,24844.5,52.2,Tier_1_Alliance,4,1.05,101.6,1.01,8601.46
SHP-14835,Santos,Rotterdam,10211.6,19,LCL_Consolidated,Hazardous_Chemicals,3068.3,2.5,Tier_1_Alliance,12,1.05,82.5,0.99,3396.83
SHP-14836,Chennai,Rotterdam,11511.8,23,20ft_Standard,Electronics,5115.2,29.3,Tier_1_Alliance,7,1.05,95.8,1.31,5970.54
SHP-14837,Santos,Rotterdam,10271.5,19,20ft_Standard,Electronics,14498.8,25.2,Tier_2_Regional,5,1.05,105.4,0.94,4075.23
SHP-14838,Chennai,Colombo,686.6,3,40ft_Standard,Hazardous_Chemicals,20370.8,42.5,Tier_3_Spot,12,1.05,94.7,1.4,7649.67
SHP-14839,Busan,Long Beach,9466.9,15,20ft_Standard,Automotive,17720.6,30.0,Tier_3_Spot,2,0.9,94.5,1.17,3917.75
SHP-14840,Nhava Sheva,New York,14260.2,25,LCL_Consolidated,Textiles,3060.4,13.5,Tier_1_Alliance,2,0.9,91.0,1.08,3005.23
SHP-14841,Santos,Rotterdam,10233.2,17,20ft_Standard,Textiles,12792.5,32.1,Tier_1_Alliance,1,0.9,77.6,1.35,4711.42
SHP-14842,Tokyo,Los Angeles,8811.4,13,LCL_Consolidated,General_Dry,1132.0,12.1,Tier_3_Spot,6,1.05,88.2,1.36,2749.23
SHP-14843,Nhava Sheva,Dubai,2156.5,7,40ft_HighCube,Hazardous_Chemicals,11149.0,47.2,Tier_3_Spot,11,1.05,96.5,1.07,6247.95
SHP-14844,Chennai,Colombo,688.8,6,LCL_Consolidated,Electronics,4908.9,10.4,Tier_3_Spot,3,1.05,83.0,0.89,1191.93
SHP-14845,Shanghai,Los Angeles,10446.3,15,40ft_Standard,General_Dry,9265.7,55.3,Tier_1_Alliance,10,1.25,74.7,1.05,6704.29
SHP-14846,Singapore,Fremantle,3808.9,7,40ft_Standard,Automotive,14573.9,50.3,Tier_3_Spot,9,1.25,104.2,1.21,6428.53
SHP-14847,Singapore,Fremantle,3868.0,11,20ft_Standard,General_Dry,18302.7,23.7,Tier_2_Regional,4,1.05,79.7,1.16,3333.88
SHP-14848,Chennai,Colombo,626.8,4,40ft_Standard,Hazardous_Chemicals,20057.2,62.5,Tier_3_Spot,12,1.05,82.8,1.09,6251.03
SHP-14849,Tokyo,Los Angeles,8823.1,11,40ft_Standard,Automotive,17861.2,58.2,Tier_2_Regional,12,1.05,78.6,0.92,5128.72
SHP-14850,Santos,Rotterdam,10284.6,19,40ft_HighCube,Hazardous_Chemicals,19910.2,54.6,Tier_2_Regional,10,1.25,77.1,1.12,10673.11
SHP-14851,Chennai,Rotterdam,11473.3,25,LCL_Consolidated,General_Dry,3553.4,4.0,Tier_1_Alliance,12,1.05,95.5,1.13,3178.13
SHP-14852,Singapore,Fremantle,3922.5,8,40ft_HighCube,Hazardous_Chemicals,26143.9,63.5,Tier_3_Spot,9,1.25,80.7,0.92,7801.49
SHP-14853,Nhava Sheva,Dubai,2035.2,6,20ft_Standard,Textiles,7131.9,23.8,Tier_1_Alliance,9,1.25,99.4,0.91,2978.3
SHP-14854,Shanghai,Los Angeles,10581.8,17,LCL_Consolidated,Electronics,2037.1,12.0,Tier_3_Spot,6,1.05,107.8,1.36,3797.38
SHP-14855,Nhava Sheva,New York,14131.2,26,LCL_Consolidated,General_Dry,751.0,11.2,Tier_3_Spot,7,1.05,99.7,1.38,3805.03
SHP-14856,Busan,Long Beach,9342.3,12,40ft_Standard,Electronics,9862.6,47.4,Tier_2_Regional,7,1.05,102.1,1.22,6813.11
SHP-14857,Shanghai,Los Angeles,10423.6,14,LCL_Consolidated,Hazardous_Chemicals,1221.7,12.2,Tier_2_Regional,4,1.05,82.9,1.19,3990.7
SHP-14858,Busan,Long Beach,9369.5,13,40ft_HighCube,Perishable_Reefer,17159.7,47.0,Tier_2_Regional,3,1.05,93.5,1.27,9215.74
SHP-14859,Singapore,Fremantle,3806.6,11,40ft_HighCube,Hazardous_Chemicals,23512.7,60.5,Tier_1_Alliance,4,1.05,99.4,1.11,9243.19
SHP-14860,Nhava Sheva,Dubai,2151.1,8,40ft_Standard,Hazardous_Chemicals,24833.4,59.6,Tier_2_Regional,6,1.05,91.6,1.37,9144.81
SHP-14861,Chennai,Colombo,637.4,6,40ft_HighCube,Textiles,22185.7,60.1,Tier_2_Regional,1,0.9,83.6,1.18,4739.73
SHP-14862,Shanghai,Rotterdam,19588.2,27,LCL_Consolidated,Perishable_Reefer,3783.6,9.0,Tier_3_Spot,5,1.05,103.1,0.92,4199.33
SHP-14863,Shanghai,Rotterdam,19517.2,27,40ft_HighCube,Automotive,25723.1,71.1,Tier_1_Alliance,7,1.05,90.1,0.88,7781.04
SHP-14864,Shanghai,Los Angeles,10485.0,16,LCL_Consolidated,Automotive,708.7,10.8,Tier_2_Regional,1,0.9,100.3,1.04,2351.73
SHP-14865,Hamburg,Singapore,15781.4,23,LCL_Consolidated,Electronics,3668.6,11.8,Tier_3_Spot,3,1.05,90.2,0.9,2930.37
SHP-14866,Singapore,Dubai,5820.4,10,LCL_Consolidated,Hazardous_Chemicals,4365.2,9.6,Tier_1_Alliance,3,1.05,73.0,1.21,3288.92
SHP-14867,Shanghai,Los Angeles,10466.9,13,40ft_Standard,Electronics,8225.1,53.6,Tier_3_Spot,11,1.05,98.0,1.02,5490.0
SHP-14868,Hamburg,Singapore,15895.8,24,LCL_Consolidated,Perishable_Reefer,1958.8,10.6,Tier_1_Alliance,5,1.05,90.4,1.02,4598.64
SHP-14869,Chennai,Colombo,676.0,4,20ft_Standard,Electronics,13752.7,20.9,Tier_3_Spot,6,1.05,99.1,1.18,3104.68
SHP-14870,Nhava Sheva,Dubai,2146.0,8,40ft_HighCube,Electronics,27818.5,52.0,Tier_3_Spot,9,1.25,103.1,1.04,6876.84
SHP-14871,Singapore,Fremantle,3925.5,11,20ft_Standard,Perishable_Reefer,9254.1,32.0,Tier_3_Spot,11,1.05,95.3,1.26,4638.82
SHP-14872,Shanghai,Los Angeles,10426.7,16,40ft_HighCube,General_Dry,27845.7,62.7,Tier_1_Alliance,1,0.9,74.4,0.93,5224.94
SHP-14873,Santos,Rotterdam,10160.4,21,LCL_Consolidated,Electronics,1051.3,5.4,Tier_1_Alliance,10,1.25,87.2,0.99,3238.53
SHP-14874,Chennai,Rotterdam,11512.9,25,20ft_Standard,General_Dry,15050.1,20.1,Tier_2_Regional,6,1.05,93.8,1.09,4091.1
SHP-14875,Nhava Sheva,New York,14223.7,28,40ft_HighCube,General_Dry,25244.1,56.2,Tier_1_Alliance,8,1.25,85.2,1.16,9634.84
SHP-14876,Singapore,Dubai,5982.2,11,40ft_HighCube,Automotive,14905.9,47.8,Tier_3_Spot,12,1.05,82.8,0.89,4344.87
SHP-14877,Tokyo,Los Angeles,8881.0,10,40ft_Standard,Automotive,24671.9,48.0,Tier_3_Spot,5,1.05,92.5,1.33,7205.8
SHP-14878,Tokyo,Los Angeles,8788.6,12,40ft_HighCube,General_Dry,16718.8,48.7,Tier_3_Spot,2,0.9,93.8,1.19,5062.19
SHP-14879,Chennai,Colombo,623.9,5,LCL_Consolidated,General_Dry,4227.8,9.0,Tier_2_Regional,7,1.05,95.7,0.9,1157.11
SHP-14880,Santos,Rotterdam,10180.4,20,40ft_HighCube,General_Dry,23687.9,70.3,Tier_1_Alliance,3,1.05,101.4,1.02,7023.09
SHP-14881,Tokyo,Los Angeles,8741.0,14,40ft_HighCube,Hazardous_Chemicals,24935.9,61.7,Tier_3_Spot,3,1.05,89.4,1.28,10186.01
SHP-14882,Busan,Long Beach,9381.8,16,40ft_Standard,Electronics,18782.9,56.0,Tier_2_Regional,6,1.05,86.0,1.24,7338.39
SHP-14883,Singapore,Dubai,5919.6,12,20ft_Standard,Automotive,6205.8,22.6,Tier_3_Spot,1,0.9,72.4,1.26,2954.18
SHP-14884,Shanghai,Rotterdam,19562.9,28,20ft_Standard,Automotive,9577.9,25.6,Tier_2_Regional,7,1.05,93.0,1.06,5473.51
SHP-14885,Chennai,Colombo,591.1,4,40ft_HighCube,Electronics,16229.6,64.7,Tier_3_Spot,7,1.05,79.2,1.14,5464.02
SHP-14886,Singapore,Fremantle,3973.3,9,20ft_Standard,Electronics,12731.0,23.5,Tier_3_Spot,12,1.05,91.0,1.35,4050.97
SHP-14887,Nhava Sheva,New York,14212.2,25,20ft_Standard,General_Dry,7148.6,29.3,Tier_3_Spot,10,1.25,83.7,1.24,5491.43
SHP-14888,Shanghai,Los Angeles,10441.7,13,40ft_HighCube,Electronics,14958.7,64.5,Tier_1_Alliance,8,1.25,72.4,1.13,9498.01
SHP-14889,Nhava Sheva,New York,14128.9,29,LCL_Consolidated,Automotive,1580.0,10.9,Tier_2_Regional,8,1.25,99.3,1.21,4588.87
SHP-14890,Chennai,Rotterdam,11568.3,21,40ft_Standard,Textiles,11108.2,36.6,Tier_1_Alliance,9,1.25,105.8,0.98,6494.91
SHP-14891,Chennai,Rotterdam,11461.0,25,40ft_HighCube,Textiles,14306.0,54.9,Tier_3_Spot,10,1.25,89.7,1.3,8303.05
SHP-14892,Tokyo,Los Angeles,8719.6,12,40ft_HighCube,Perishable_Reefer,24456.2,46.1,Tier_1_Alliance,5,1.05,107.0,1.24,10407.54
SHP-14893,Shanghai,Rotterdam,19598.3,31,20ft_Standard,General_Dry,17071.3,26.4,Tier_3_Spot,9,1.25,82.6,0.95,5163.21
SHP-14894,Nhava Sheva,New York,14199.7,25,40ft_Standard,Textiles,12294.1,50.8,Tier_1_Alliance,5,1.05,79.5,0.9,5395.05
SHP-14895,Chennai,Rotterdam,11567.9,24,40ft_Standard,Hazardous_Chemicals,22523.2,37.9,Tier_3_Spot,4,1.05,80.0,1.38,9749.07
SHP-14896,Tokyo,Los Angeles,8723.0,13,40ft_Standard,Electronics,9470.6,63.1,Tier_1_Alliance,3,1.05,94.1,1.38,8596.83
SHP-14897,Chennai,Colombo,673.3,6,40ft_HighCube,Hazardous_Chemicals,13162.3,47.9,Tier_2_Regional,8,1.25,72.3,0.91,6209.2
SHP-14898,Shanghai,Los Angeles,10408.7,14,20ft_Standard,Electronics,3177.4,30.1,Tier_2_Regional,11,1.05,85.6,1.03,3973.1
SHP-14899,Santos,Rotterdam,10227.2,18,LCL_Consolidated,Electronics,1075.4,11.1,Tier_3_Spot,4,1.05,104.0,1.06,2798.28
SHP-14900,Santos,Rotterdam,10270.7,17,40ft_Standard,Hazardous_Chemicals,24632.3,47.1,Tier_2_Regional,12,1.05,107.2,1.36,10854.67
SHP-14901,Singapore,Fremantle,3865.2,11,40ft_Standard,Automotive,23153.3,51.9,Tier_1_Alliance,9,1.25,105.9,1.38,9406.99
SHP-14902,Singapore,Dubai,5871.2,13,40ft_HighCube,Textiles,17905.2,55.9,Tier_3_Spot,8,1.25,102.3,1.24,7316.66
SHP-14903,Chennai,Rotterdam,11457.8,23,40ft_HighCube,Electronics,11939.7,70.9,Tier_3_Spot,7,1.05,80.3,1.02,6336.84
SHP-14904,Chennai,Rotterdam,11588.3,24,40ft_HighCube,General_Dry,15419.0,54.5,Tier_2_Regional,12,1.05,100.8,1.14,6624.34
SHP-14905,Tokyo,Los Angeles,8713.6,12,40ft_HighCube,Electronics,12423.3,72.5,Tier_2_Regional,9,1.25,91.2,1.31,10036.45
SHP-14906,Singapore,Dubai,5875.8,9,40ft_Standard,General_Dry,12288.1,37.6,Tier_2_Regional,9,1.25,82.6,0.92,4507.78
SHP-14907,Singapore,Fremantle,3819.6,10,LCL_Consolidated,Hazardous_Chemicals,2871.2,9.4,Tier_2_Regional,8,1.25,89.5,1.36,3555.91
SHP-14908,Shanghai,Los Angeles,10549.7,16,20ft_Standard,Hazardous_Chemicals,18045.3,17.9,Tier_2_Regional,2,0.9,77.9,1.05,4695.34
SHP-14909,Chennai,Rotterdam,11543.3,25,40ft_Standard,Hazardous_Chemicals,11348.7,50.2,Tier_1_Alliance,3,1.05,80.3,1.35,10781.03
SHP-14910,Chennai,Colombo,732.8,2,LCL_Consolidated,Hazardous_Chemicals,3196.4,6.1,Tier_1_Alliance,8,1.25,73.8,1.24,2264.99
SHP-14911,Hamburg,Singapore,15747.2,24,LCL_Consolidated,Perishable_Reefer,1517.5,6.5,Tier_1_Alliance,2,0.9,107.7,1.17,4634.39
SHP-14912,Tokyo,Los Angeles,8737.8,13,40ft_HighCube,Hazardous_Chemicals,26719.3,72.7,Tier_3_Spot,3,1.05,106.9,1.39,11826.93
SHP-14913,Shanghai,Los Angeles,10589.5,17,40ft_HighCube,Hazardous_Chemicals,23090.7,62.3,Tier_1_Alliance,6,1.05,99.5,1.18,11455.39
SHP-14914,Busan,Long Beach,9415.7,12,20ft_Standard,General_Dry,14166.4,18.3,Tier_3_Spot,2,0.9,89.9,1.36,3685.42
SHP-14915,Tokyo,Los Angeles,8747.0,11,20ft_Standard,Perishable_Reefer,6414.6,26.8,Tier_2_Regional,10,1.25,98.8,1.36,7211.48
SHP-14916,Shanghai,Rotterdam,19467.9,29,40ft_Standard,Electronics,18149.1,49.5,Tier_2_Regional,2,0.9,99.7,1.12,7108.35
SHP-14917,Santos,Rotterdam,10102.5,17,40ft_Standard,Electronics,10669.7,59.8,Tier_2_Regional,11,1.05,107.0,1.33,7973.16
SHP-14918,Chennai,Rotterdam,11573.2,25,20ft_Standard,Textiles,20384.2,23.3,Tier_3_Spot,2,0.9,85.5,1.0,3314.78
SHP-14919,Singapore,Dubai,5929.6,9,LCL_Consolidated,Electronics,1645.2,8.0,Tier_2_Regional,10,1.25,98.5,1.38,3471.91
SHP-14920,Nhava Sheva,New York,14279.1,25,40ft_Standard,Hazardous_Chemicals,19149.6,52.3,Tier_2_Regional,10,1.25,87.5,1.2,11954.45
SHP-14921,Nhava Sheva,New York,14110.0,27,20ft_Standard,Automotive,18049.0,26.9,Tier_3_Spot,8,1.25,99.5,1.42,7664.52
SHP-14922,Singapore,Dubai,5930.3,11,40ft_Standard,General_Dry,14910.2,53.7,Tier_2_Regional,2,0.9,84.8,1.32,5178.25
SHP-14923,Tokyo,Los Angeles,8742.1,10,LCL_Consolidated,Perishable_Reefer,3093.2,3.3,Tier_3_Spot,7,1.05,84.9,1.37,3535.07
SHP-14924,Nhava Sheva,New York,14275.8,25,20ft_Standard,Hazardous_Chemicals,8341.7,15.4,Tier_2_Regional,3,1.05,88.8,1.09,5942.61
SHP-14925,Nhava Sheva,New York,14233.1,26,40ft_Standard,General_Dry,10477.1,62.0,Tier_2_Regional,6,1.05,75.3,1.41,7718.87
SHP-14926,Chennai,Rotterdam,11443.1,24,40ft_HighCube,Perishable_Reefer,14304.8,69.1,Tier_2_Regional,8,1.25,107.8,1.01,9817.26
SHP-14927,Singapore,Dubai,5971.5,12,20ft_Standard,Textiles,12842.1,29.4,Tier_3_Spot,6,1.05,90.1,1.35,4090.05
SHP-14928,Nhava Sheva,Dubai,2172.2,5,20ft_Standard,Electronics,17488.8,24.6,Tier_3_Spot,4,1.05,86.7,1.41,4105.91
SHP-14929,Chennai,Colombo,744.4,4,20ft_Standard,General_Dry,13723.6,24.4,Tier_1_Alliance,1,0.9,98.8,0.99,2354.37
SHP-14930,Busan,Long Beach,9317.3,13,LCL_Consolidated,Electronics,2483.0,6.4,Tier_1_Alliance,7,1.05,100.2,1.24,3568.23
SHP-14931,Tokyo,Los Angeles,8844.5,11,40ft_HighCube,Electronics,20363.7,55.1,Tier_1_Alliance,7,1.05,84.1,1.32,9086.56
SHP-14932,Busan,Long Beach,9434.5,15,LCL_Consolidated,Electronics,2446.2,3.1,Tier_1_Alliance,6,1.05,84.7,1.2,3196.75
SHP-14933,Chennai,Rotterdam,11441.3,23,40ft_Standard,Hazardous_Chemicals,24657.6,63.5,Tier_3_Spot,3,1.05,102.0,0.99,8024.33
SHP-14934,Shanghai,Los Angeles,10597.6,15,LCL_Consolidated,Perishable_Reefer,4401.2,10.9,Tier_2_Regional,3,1.05,78.0,1.37,4338.92
SHP-14935,Chennai,Colombo,628.0,5,40ft_HighCube,Textiles,20584.7,53.6,Tier_2_Regional,6,1.05,107.8,1.06,5066.51
SHP-14936,Shanghai,Los Angeles,10551.2,15,40ft_Standard,Textiles,14480.4,60.0,Tier_1_Alliance,5,1.05,106.9,0.96,5848.56
SHP-14937,Singapore,Dubai,5920.9,13,20ft_Standard,Perishable_Reefer,7129.4,16.5,Tier_2_Regional,11,1.05,105.4,0.9,3503.32
SHP-14938,Santos,Rotterdam,10137.8,21,LCL_Consolidated,Electronics,988.4,2.6,Tier_1_Alliance,6,1.05,85.7,1.07,2877.69
SHP-14939,Singapore,Fremantle,3920.6,8,20ft_Standard,General_Dry,14505.3,32.1,Tier_3_Spot,6,1.05,82.1,0.98,2642.86
SHP-14940,Chennai,Rotterdam,11418.7,21,40ft_HighCube,Electronics,18375.6,75.2,Tier_3_Spot,1,0.9,97.3,1.1,6363.21
SHP-14941,Tokyo,Los Angeles,8705.4,14,40ft_Standard,Hazardous_Chemicals,20928.9,46.8,Tier_3_Spot,6,1.05,107.5,1.23,8671.52
SHP-14942,Nhava Sheva,Dubai,2085.4,6,40ft_HighCube,Textiles,18070.0,68.7,Tier_3_Spot,8,1.25,92.7,1.3,7266.55
SHP-14943,Busan,Long Beach,9396.6,13,40ft_HighCube,Textiles,26595.6,64.6,Tier_2_Regional,11,1.05,107.4,1.27,7950.4
SHP-14944,Singapore,Dubai,5842.6,13,40ft_Standard,Perishable_Reefer,15264.6,43.2,Tier_2_Regional,8,1.25,103.9,1.17,8593.86
SHP-14945,Chennai,Rotterdam,11561.4,24,LCL_Consolidated,Perishable_Reefer,3933.3,4.8,Tier_1_Alliance,9,1.25,75.9,1.17,4868.87
SHP-14946,Tokyo,Los Angeles,8871.7,13,40ft_HighCube,Hazardous_Chemicals,11935.4,74.6,Tier_1_Alliance,10,1.25,104.5,1.25,13590.98
SHP-14947,Shanghai,Los Angeles,10560.7,16,LCL_Consolidated,General_Dry,3712.5,8.8,Tier_3_Spot,10,1.25,77.6,1.06,2645.34
SHP-14948,Nhava Sheva,Dubai,2087.8,4,20ft_Standard,General_Dry,5644.1,29.3,Tier_3_Spot,6,1.05,103.3,1.23,2904.73
SHP-14949,Nhava Sheva,Dubai,2063.6,8,LCL_Consolidated,Hazardous_Chemicals,750.1,4.4,Tier_2_Regional,3,1.05,73.5,1.27,1883.54
SHP-14950,Hamburg,Singapore,15715.3,23,20ft_Standard,Hazardous_Chemicals,17526.0,19.9,Tier_2_Regional,2,0.9,94.4,1.14,6229.36
SHP-14951,Busan,Long Beach,9412.9,14,20ft_Standard,Textiles,6803.9,23.9,Tier_1_Alliance,9,1.25,106.3,1.09,5018.44
SHP-14952,Busan,Long Beach,9344.4,16,40ft_HighCube,General_Dry,27285.1,59.1,Tier_1_Alliance,4,1.05,103.8,1.29,8634.37
SHP-14953,Busan,Long Beach,9396.9,16,LCL_Consolidated,General_Dry,1690.2,12.0,Tier_3_Spot,10,1.25,74.1,1.13,2691.58
SHP-14954,Busan,Long Beach,9346.8,13,20ft_Standard,Perishable_Reefer,17303.8,23.1,Tier_3_Spot,10,1.25,78.1,1.05,5575.18
SHP-14955,Chennai,Rotterdam,11416.9,21,LCL_Consolidated,Textiles,4604.5,11.8,Tier_3_Spot,8,1.25,82.5,0.88,2465.9
SHP-14956,Busan,Long Beach,9392.4,12,40ft_Standard,Electronics,19335.0,57.0,Tier_2_Regional,7,1.05,85.7,1.35,8081.3
SHP-14957,Tokyo,Los Angeles,8701.7,10,20ft_Standard,Automotive,17156.0,29.6,Tier_2_Regional,1,0.9,72.2,0.91,3046.02
SHP-14958,Chennai,Rotterdam,11420.0,22,40ft_Standard,Electronics,10100.9,57.5,Tier_3_Spot,9,1.25,101.8,1.35,9154.38
SHP-14959,Singapore,Fremantle,3808.4,7,20ft_Standard,General_Dry,16704.7,31.1,Tier_1_Alliance,2,0.9,98.4,1.19,3541.79
SHP-14960,Singapore,Dubai,5945.3,9,20ft_Standard,Perishable_Reefer,10854.7,24.3,Tier_2_Regional,8,1.25,102.4,0.9,4460.65
SHP-14961,Nhava Sheva,New York,14156.3,27,20ft_Standard,General_Dry,7128.7,18.2,Tier_2_Regional,3,1.05,98.8,1.08,4089.12
SHP-14962,Singapore,Fremantle,3876.2,8,40ft_HighCube,Automotive,16950.6,58.4,Tier_3_Spot,3,1.05,75.9,1.37,6705.48
SHP-14963,Chennai,Colombo,554.0,3,40ft_HighCube,Hazardous_Chemicals,24160.5,63.4,Tier_2_Regional,6,1.05,83.8,1.4,9667.49
SHP-14964,Busan,Long Beach,9355.1,13,20ft_Standard,Automotive,20359.4,17.6,Tier_3_Spot,6,1.05,102.0,1.02,3897.48
SHP-14965,Tokyo,Los Angeles,8710.1,13,40ft_HighCube,Automotive,10035.5,72.3,Tier_2_Regional,5,1.05,77.1,1.02,6002.13
SHP-14966,Shanghai,Los Angeles,10483.8,14,40ft_HighCube,Electronics,12076.6,59.4,Tier_1_Alliance,6,1.05,82.3,1.12,7704.13
SHP-14967,Nhava Sheva,New York,14268.8,26,40ft_Standard,General_Dry,8299.4,37.9,Tier_1_Alliance,4,1.05,94.2,1.22,6954.38
SHP-14968,Chennai,Rotterdam,11447.0,25,LCL_Consolidated,Perishable_Reefer,4242.7,11.4,Tier_2_Regional,8,1.25,82.1,1.16,4649.74
SHP-14969,Shanghai,Los Angeles,10435.6,16,20ft_Standard,Perishable_Reefer,14068.9,15.8,Tier_1_Alliance,5,1.05,94.0,1.0,5320.81
SHP-14970,Busan,Long Beach,9415.7,15,LCL_Consolidated,Perishable_Reefer,3909.4,7.2,Tier_2_Regional,10,1.25,85.6,1.22,4365.64
SHP-14971,Busan,Long Beach,9421.7,15,40ft_HighCube,Automotive,11261.3,75.4,Tier_3_Spot,1,0.9,81.3,1.27,6275.07
SHP-14972,Nhava Sheva,New York,14296.8,27,40ft_HighCube,Hazardous_Chemicals,21483.1,71.3,Tier_2_Regional,12,1.05,83.0,1.1,10313.57
SHP-14973,Chennai,Colombo,642.4,2,40ft_Standard,Textiles,16103.7,46.0,Tier_3_Spot,5,1.05,78.0,1.15,4027.49
SHP-14974,Singapore,Fremantle,3842.4,8,LCL_Consolidated,Electronics,4717.8,11.3,Tier_1_Alliance,8,1.25,99.6,1.11,2831.63
SHP-14975,Shanghai,Rotterdam,19451.4,31,40ft_HighCube,Electronics,25502.4,68.8,Tier_2_Regional,5,1.05,107.3,1.25,10636.57
SHP-14976,Shanghai,Rotterdam,19525.6,27,40ft_Standard,Textiles,20961.4,40.0,Tier_1_Alliance,2,0.9,102.6,1.01,6243.68
SHP-14977,Hamburg,Singapore,15765.3,27,40ft_HighCube,Hazardous_Chemicals,19974.3,62.1,Tier_1_Alliance,4,1.05,76.9,1.01,10332.1
SHP-14978,Shanghai,Rotterdam,19544.6,28,40ft_HighCube,Perishable_Reefer,19264.5,50.0,Tier_2_Regional,3,1.05,99.9,1.16,10691.72
SHP-14979,Busan,Long Beach,9453.0,14,LCL_Consolidated,Textiles,1864.7,12.8,Tier_2_Regional,3,1.05,95.9,1.41,3230.66
SHP-14980,Nhava Sheva,Dubai,2168.3,8,20ft_Standard,General_Dry,7189.7,26.4,Tier_1_Alliance,11,1.05,86.3,1.31,3401.9
SHP-14981,Nhava Sheva,New York,14280.0,28,LCL_Consolidated,General_Dry,4614.0,12.5,Tier_1_Alliance,2,0.9,105.3,1.07,3160.56
SHP-14982,Tokyo,Los Angeles,8721.6,13,40ft_Standard,Electronics,14365.8,54.5,Tier_1_Alliance,3,1.05,91.8,0.94,5916.37
SHP-14983,Tokyo,Los Angeles,8792.5,13,40ft_HighCube,General_Dry,23964.1,56.7,Tier_3_Spot,10,1.25,88.1,1.22,7734.73
SHP-14984,Chennai,Rotterdam,11473.8,24,40ft_Standard,General_Dry,9158.4,56.0,Tier_2_Regional,10,1.25,92.0,0.93,5712.54
SHP-14985,Chennai,Rotterdam,11528.9,23,40ft_HighCube,Electronics,10638.9,59.2,Tier_1_Alliance,4,1.05,77.0,0.89,6261.83
SHP-14986,Hamburg,Singapore,15767.2,27,40ft_HighCube,Electronics,21578.4,64.5,Tier_2_Regional,9,1.25,72.3,1.22,10779.14
SHP-14987,Shanghai,Los Angeles,10476.5,14,40ft_Standard,Perishable_Reefer,15509.3,42.2,Tier_2_Regional,11,1.05,75.6,1.05,6870.2
SHP-14988,Nhava Sheva,New York,14249.3,28,40ft_HighCube,Electronics,19052.9,71.5,Tier_3_Spot,8,1.25,107.7,1.03,8771.98
SHP-14989,Singapore,Dubai,5970.1,10,LCL_Consolidated,Textiles,1103.1,4.6,Tier_2_Regional,7,1.05,96.1,1.31,2390.82
SHP-14990,Busan,Long Beach,9376.3,12,40ft_HighCube,Electronics,23206.6,70.8,Tier_3_Spot,12,1.05,90.2,1.28,8201.64
SHP-14991,Hamburg,Singapore,15799.4,24,40ft_HighCube,Hazardous_Chemicals,16403.8,53.8,Tier_1_Alliance,8,1.25,81.3,1.18,13854.74
SHP-14992,Singapore,Fremantle,3858.6,9,40ft_Standard,Automotive,16717.8,61.4,Tier_3_Spot,11,1.05,83.0,1.32,6114.58
SHP-14993,Chennai,Colombo,732.5,6,40ft_Standard,Electronics,14117.6,57.1,Tier_2_Regional,1,0.9,98.2,1.39,5594.9
SHP-14994,Shanghai,Los Angeles,10424.4,13,20ft_Standard,Hazardous_Chemicals,13647.9,22.2,Tier_3_Spot,2,0.9,99.4,1.33,5683.65
SHP-14995,Chennai,Colombo,655.3,4,40ft_HighCube,Electronics,23300.4,65.1,Tier_3_Spot,12,1.05,84.5,1.26,6491.86
SHP-14996,Tokyo,Los Angeles,8776.1,11,LCL_Consolidated,Automotive,4323.1,4.6,Tier_1_Alliance,10,1.25,84.2,1.01,3043.06
SHP-14997,Busan,Long Beach,9467.0,12,40ft_Standard,Textiles,21288.2,65.2,Tier_2_Regional,10,1.25,84.0,1.24,8309.82
SHP-14998,Santos,Rotterdam,10173.8,18,LCL_Consolidated,Perishable_Reefer,3858.5,3.3,Tier_3_Spot,6,1.05,77.7,1.08,2966.1
SHP-14999,Busan,Long Beach,9468.1,12,20ft_Standard,Electronics,16285.6,17.1,Tier_1_Alliance,8,1.25,84.6,1.14,5869.88
SHP-15000,Santos,Rotterdam,10141.2,21,40ft_Standard,Perishable_Reefer,24049.0,61.6,Tier_1_Alliance,11,1.05,78.3,1.06,8644.21
SHP-15001,Shanghai,Rotterdam,19485.7,29,40ft_HighCube,Electronics,18918.5,62.0,Tier_3_Spot,2,0.9,88.5,0.92,5869.34
SHP-15002,Shanghai,Rotterdam,19590.2,31,40ft_Standard,Hazardous_Chemicals,20042.8,56.8,Tier_3_Spot,2,0.9,104.9,1.37,10563.08
SHP-15003,Singapore,Dubai,5907.7,10,40ft_HighCube,Perishable_Reefer,22988.5,60.0,Tier_1_Alliance,10,1.25,87.3,1.03,9728.8
SHP-15004,Santos,Rotterdam,10255.7,17,LCL_Consolidated,General_Dry,500.9,9.2,Tier_1_Alliance,3,1.05,105.6,1.11,2948.6
SHP-15005,Tokyo,Los Angeles,8832.2,13,40ft_HighCube,Electronics,22503.6,59.9,Tier_3_Spot,2,0.9,83.3,1.09,5639.86
SHP-15006,Chennai,Colombo,708.0,2,LCL_Consolidated,Textiles,662.6,6.6,Tier_2_Regional,10,1.25,93.3,1.25,1648.28
SHP-15007,Santos,Rotterdam,10125.7,21,40ft_HighCube,Textiles,19323.8,62.5,Tier_2_Regional,5,1.05,82.5,1.11,6514.85
SHP-15008,Singapore,Fremantle,3847.3,7,20ft_Standard,General_Dry,9867.4,26.5,Tier_2_Regional,9,1.25,83.4,1.4,4421.49
SHP-15009,Shanghai,Los Angeles,10477.4,14,20ft_Standard,Automotive,10077.2,27.5,Tier_1_Alliance,1,0.9,97.8,1.29,4877.45
SHP-15010,Hamburg,Singapore,15750.0,24,40ft_HighCube,Textiles,19897.6,71.9,Tier_1_Alliance,3,1.05,93.4,0.93,7095.34
SHP-15011,Shanghai,Rotterdam,19479.8,28,20ft_Standard,Perishable_Reefer,17612.9,29.4,Tier_3_Spot,9,1.25,106.4,0.92,7163.75
SHP-15012,Santos,Rotterdam,10158.2,19,40ft_HighCube,Hazardous_Chemicals,26627.4,51.2,Tier_2_Regional,1,0.9,88.7,1.04,7556.22
SHP-15013,Shanghai,Rotterdam,19563.0,30,LCL_Consolidated,Perishable_Reefer,1045.0,12.7,Tier_2_Regional,7,1.05,101.6,1.28,6178.34
SHP-15014,Shanghai,Rotterdam,19573.6,31,40ft_Standard,General_Dry,12400.7,59.2,Tier_2_Regional,6,1.05,80.0,1.3,8075.57
SHP-15015,Nhava Sheva,Dubai,2141.2,5,20ft_Standard,Hazardous_Chemicals,16222.7,23.3,Tier_2_Regional,9,1.25,101.3,1.1,5273.74
SHP-15016,Chennai,Rotterdam,11490.6,21,40ft_Standard,Hazardous_Chemicals,16216.7,66.6,Tier_1_Alliance,7,1.05,87.4,1.39,12233.1
SHP-15017,Singapore,Fremantle,3928.1,9,20ft_Standard,Automotive,15813.1,22.7,Tier_2_Regional,1,0.9,87.2,1.21,3354.56
SHP-15018,Shanghai,Rotterdam,19469.2,28,40ft_Standard,Perishable_Reefer,16936.1,62.7,Tier_2_Regional,11,1.05,97.5,0.91,8086.57
SHP-15019,Santos,Rotterdam,10154.4,19,40ft_Standard,Automotive,17367.0,51.5,Tier_2_Regional,4,1.05,83.5,1.31,7383.89
SHP-15020,Hamburg,Singapore,15710.0,23,20ft_Standard,Automotive,15355.2,15.1,Tier_3_Spot,9,1.25,89.6,1.09,5597.92
SHP-15021,Nhava Sheva,Dubai,2106.2,8,20ft_Standard,Automotive,15796.6,25.5,Tier_1_Alliance,11,1.05,77.2,0.92,2864.98
SHP-15022,Nhava Sheva,New York,14201.2,29,40ft_Standard,Automotive,25164.6,52.1,Tier_1_Alliance,10,1.25,76.6,1.1,9267.88
SHP-15023,Chennai,Rotterdam,11419.5,25,20ft_Standard,Perishable_Reefer,9516.7,22.6,Tier_3_Spot,1,0.9,75.7,0.9,3306.51
SHP-15024,Tokyo,Los Angeles,8786.2,13,40ft_HighCube,Textiles,12270.5,49.1,Tier_1_Alliance,10,1.25,100.2,1.06,7508.15
SHP-15025,Santos,Rotterdam,10203.7,18,40ft_Standard,Automotive,24325.6,66.6,Tier_1_Alliance,7,1.05,103.4,1.06,7426.06
SHP-15026,Busan,Long Beach,9316.1,15,40ft_Standard,General_Dry,9502.0,54.7,Tier_1_Alliance,8,1.25,104.4,1.19,7707.71
SHP-15027,Nhava Sheva,New York,14147.9,26,LCL_Consolidated,Textiles,4100.5,11.4,Tier_2_Regional,6,1.05,84.3,1.01,2914.51
SHP-15028,Chennai,Colombo,634.6,4,20ft_Standard,General_Dry,18806.6,20.8,Tier_3_Spot,7,1.05,94.5,1.06,2634.73
SHP-15029,Hamburg,Singapore,15742.9,23,LCL_Consolidated,Electronics,930.4,6.0,Tier_2_Regional,9,1.25,97.0,1.1,4430.15
SHP-15030,Tokyo,Los Angeles,8718.6,11,40ft_HighCube,General_Dry,24115.8,45.7,Tier_1_Alliance,4,1.05,82.2,0.89,5260.24
SHP-15031,Chennai,Colombo,612.2,6,LCL_Consolidated,Textiles,2484.4,7.4,Tier_3_Spot,11,1.05,98.8,1.11,1300.56
SHP-15032,Shanghai,Rotterdam,19460.9,29,40ft_Standard,General_Dry,23252.2,62.4,Tier_3_Spot,8,1.25,79.8,1.41,10499.55
SHP-15033,Santos,Rotterdam,10135.4,18,40ft_HighCube,Hazardous_Chemicals,19779.4,60.2,Tier_3_Spot,8,1.25,82.1,0.9,8345.25
SHP-15034,Shanghai,Rotterdam,19411.6,27,40ft_HighCube,General_Dry,15586.2,65.6,Tier_1_Alliance,6,1.05,73.9,1.26,9375.85
SHP-15035,Hamburg,Singapore,15764.6,26,LCL_Consolidated,Textiles,1486.1,7.9,Tier_3_Spot,5,1.05,82.6,1.36,3850.19
SHP-15036,Nhava Sheva,New York,14145.7,25,40ft_Standard,Hazardous_Chemicals,12290.4,60.7,Tier_3_Spot,12,1.05,105.2,1.3,10329.29
SHP-15037,Nhava Sheva,Dubai,2052.7,4,20ft_Standard,Perishable_Reefer,16977.6,29.9,Tier_2_Regional,3,1.05,94.0,1.27,4878.03
SHP-15038,Singapore,Fremantle,3988.9,10,LCL_Consolidated,Hazardous_Chemicals,3940.0,13.4,Tier_2_Regional,1,0.9,103.6,1.32,3015.85
SHP-15039,Santos,Rotterdam,10109.9,18,40ft_Standard,Electronics,15930.8,56.8,Tier_2_Regional,8,1.25,81.2,1.34,9432.64
SHP-15040,Chennai,Rotterdam,11572.5,25,40ft_HighCube,Electronics,18444.2,48.8,Tier_3_Spot,2,0.9,90.7,1.41,7458.15
SHP-15041,Chennai,Rotterdam,11580.4,22,40ft_HighCube,General_Dry,23243.3,55.4,Tier_3_Spot,9,1.25,78.6,1.28,8348.66
SHP-15042,Nhava Sheva,New York,14283.9,28,40ft_Standard,Textiles,24576.7,61.1,Tier_3_Spot,1,0.9,79.6,1.24,6124.64
SHP-15043,Hamburg,Singapore,15779.5,25,LCL_Consolidated,Textiles,934.0,13.4,Tier_2_Regional,5,1.05,89.1,1.31,3990.58
SHP-15044,Chennai,Colombo,693.2,6,LCL_Consolidated,Automotive,2804.0,5.7,Tier_3_Spot,9,1.25,94.5,1.27,1790.59
SHP-15045,Singapore,Fremantle,3946.5,9,LCL_Consolidated,Textiles,2646.9,3.2,Tier_3_Spot,10,1.25,75.1,1.38,2099.05
SHP-15046,Singapore,Fremantle,3968.5,10,20ft_Standard,Textiles,3974.9,21.8,Tier_3_Spot,12,1.05,104.7,0.98,2322.59
SHP-15047,Nhava Sheva,Dubai,2127.7,8,40ft_HighCube,General_Dry,19700.4,65.1,Tier_1_Alliance,12,1.05,100.1,1.37,7491.92
SHP-15048,Shanghai,Los Angeles,10552.4,17,LCL_Consolidated,Perishable_Reefer,4354.9,8.5,Tier_3_Spot,11,1.05,107.4,1.19,3914.16
SHP-15049,Singapore,Dubai,5829.2,9,40ft_Standard,Electronics,24907.8,45.6,Tier_2_Regional,11,1.05,80.2,0.91,4922.07
SHP-15050,Shanghai,Rotterdam,19583.2,29,20ft_Standard,General_Dry,16588.3,15.7,Tier_2_Regional,8,1.25,107.9,1.08,6297.83
SHP-15051,Nhava Sheva,New York,14299.7,26,40ft_Standard,Hazardous_Chemicals,23104.8,44.0,Tier_1_Alliance,6,1.05,89.1,0.91,8364.55
SHP-15052,Busan,Long Beach,9497.9,16,LCL_Consolidated,Textiles,4972.2,8.5,Tier_1_Alliance,11,1.05,96.5,0.97,2586.56
SHP-15053,Busan,Long Beach,9418.1,12,40ft_HighCube,Hazardous_Chemicals,19387.1,58.1,Tier_1_Alliance,8,1.25,86.3,0.96,10218.07
SHP-15054,Singapore,Fremantle,3889.7,10,LCL_Consolidated,Electronics,4774.3,13.3,Tier_1_Alliance,4,1.05,84.1,1.22,2479.34
SHP-15055,Hamburg,Singapore,15850.1,25,40ft_Standard,General_Dry,21338.7,64.9,Tier_2_Regional,9,1.25,94.6,1.25,9330.34
SHP-15056,Singapore,Dubai,5911.7,13,40ft_HighCube,Electronics,13208.5,75.5,Tier_1_Alliance,1,0.9,73.1,1.29,7252.63
SHP-15057,Singapore,Fremantle,3984.5,9,20ft_Standard,General_Dry,8034.0,32.6,Tier_1_Alliance,8,1.25,73.2,1.1,3821.93
SHP-15058,Singapore,Dubai,5836.7,10,LCL_Consolidated,Textiles,1479.8,4.5,Tier_1_Alliance,11,1.05,77.4,0.91,1567.66
SHP-15059,Santos,Rotterdam,10188.0,21,LCL_Consolidated,Perishable_Reefer,4302.7,11.1,Tier_1_Alliance,8,1.25,93.8,1.38,5955.51
SHP-15060,Busan,Long Beach,9445.4,14,40ft_Standard,Textiles,11197.8,36.1,Tier_3_Spot,2,0.9,89.8,1.15,4302.35
SHP-15061,Singapore,Dubai,5908.4,10,20ft_Standard,Textiles,19080.9,31.3,Tier_2_Regional,6,1.05,107.4,1.28,4691.84
SHP-15062,Chennai,Colombo,686.8,5,40ft_Standard,General_Dry,10587.9,57.0,Tier_1_Alliance,11,1.05,103.2,1.38,6027.3
SHP-15063,Singapore,Fremantle,3877.9,7,LCL_Consolidated,Textiles,4882.2,5.8,Tier_3_Spot,10,1.25,86.3,0.97,1623.24
SHP-15064,Nhava Sheva,New York,14155.3,28,20ft_Standard,Perishable_Reefer,19668.3,24.6,Tier_2_Regional,12,1.05,87.6,1.15,6709.13
SHP-15065,Shanghai,Los Angeles,10567.2,14,LCL_Consolidated,Automotive,3633.3,7.4,Tier_2_Regional,2,0.9,96.3,1.4,3185.0
SHP-15066,Nhava Sheva,New York,14135.6,29,40ft_Standard,Textiles,23691.7,60.2,Tier_3_Spot,8,1.25,85.7,1.28,8773.82
SHP-15067,Chennai,Rotterdam,11533.2,24,20ft_Standard,General_Dry,6082.7,22.9,Tier_1_Alliance,7,1.05,99.9,1.28,5099.13
SHP-15068,Singapore,Dubai,5867.4,12,40ft_HighCube,Electronics,22589.1,45.3,Tier_1_Alliance,10,1.25,91.6,1.15,8826.39
SHP-15069,Chennai,Rotterdam,11484.0,23,LCL_Consolidated,Hazardous_Chemicals,1883.8,9.2,Tier_3_Spot,11,1.05,99.5,1.17,4043.97
SHP-15070,Tokyo,Los Angeles,8829.1,12,LCL_Consolidated,Textiles,3210.0,4.3,Tier_2_Regional,3,1.05,72.3,1.27,2438.49
SHP-15071,Shanghai,Los Angeles,10433.4,17,LCL_Consolidated,Automotive,615.4,10.2,Tier_2_Regional,8,1.25,85.2,1.4,4115.35
SHP-15072,Busan,Long Beach,9458.5,16,40ft_HighCube,Hazardous_Chemicals,18714.0,66.5,Tier_2_Regional,7,1.05,103.9,1.0,8569.74
SHP-15073,Singapore,Fremantle,3828.7,10,40ft_HighCube,Electronics,26398.3,48.5,Tier_1_Alliance,3,1.05,77.4,1.07,6584.0
SHP-15074,Chennai,Colombo,624.1,4,20ft_Standard,Electronics,10588.1,20.5,Tier_1_Alliance,4,1.05,96.9,1.08,3168.49
SHP-15075,Chennai,Rotterdam,11514.4,23,40ft_HighCube,Textiles,21597.4,52.2,Tier_3_Spot,5,1.05,99.7,0.96,5471.66
SHP-15076,Hamburg,Singapore,15784.4,24,40ft_HighCube,Perishable_Reefer,17712.5,51.2,Tier_2_Regional,9,1.25,77.5,1.25,12302.06
SHP-15077,Tokyo,Los Angeles,8711.9,10,20ft_Standard,General_Dry,7591.2,24.5,Tier_1_Alliance,12,1.05,91.0,1.29,4625.3
SHP-15078,Singapore,Dubai,5822.6,12,40ft_Standard,Automotive,23082.9,54.6,Tier_3_Spot,10,1.25,80.8,1.35,8009.51
SHP-15079,Santos,Rotterdam,10144.8,21,40ft_Standard,Electronics,11522.4,41.3,Tier_3_Spot,8,1.25,101.5,1.18,7449.88
SHP-15080,Nhava Sheva,Dubai,2110.3,7,40ft_Standard,Hazardous_Chemicals,10209.7,49.3,Tier_3_Spot,9,1.25,103.3,1.11,7139.36
SHP-15081,Tokyo,Los Angeles,8720.5,13,40ft_HighCube,Electronics,12556.9,55.3,Tier_3_Spot,8,1.25,101.1,1.22,8389.45
SHP-15082,Busan,Long Beach,9426.4,13,LCL_Consolidated,Automotive,1547.8,9.6,Tier_2_Regional,3,1.05,76.1,1.21,2756.22
SHP-15083,Chennai,Rotterdam,11475.4,25,40ft_HighCube,Automotive,10548.7,51.1,Tier_2_Regional,4,1.05,105.4,0.98,5960.82
SHP-15084,Singapore,Fremantle,3944.9,7,LCL_Consolidated,Perishable_Reefer,4989.2,3.9,Tier_1_Alliance,11,1.05,94.7,0.98,2334.39
SHP-15085,Nhava Sheva,New York,14279.7,28,LCL_Consolidated,Perishable_Reefer,3834.5,7.3,Tier_2_Regional,9,1.25,102.7,1.4,6720.85
SHP-15086,Santos,Rotterdam,10242.4,21,LCL_Consolidated,General_Dry,4981.4,13.8,Tier_3_Spot,1,0.9,84.9,1.19,2342.8
SHP-15087,Singapore,Dubai,5981.5,13,40ft_Standard,Electronics,14507.9,57.1,Tier_1_Alliance,5,1.05,73.5,1.11,6368.76
SHP-15088,Singapore,Dubai,5828.1,9,20ft_Standard,Textiles,7349.0,20.0,Tier_1_Alliance,9,1.25,96.9,1.15,4351.98
SHP-15089,Hamburg,Singapore,15770.0,27,40ft_HighCube,Automotive,21054.0,70.5,Tier_1_Alliance,7,1.05,74.9,0.96,7620.71
SHP-15090,Singapore,Dubai,5804.3,10,40ft_HighCube,Perishable_Reefer,14759.4,57.5,Tier_1_Alliance,4,1.05,93.6,1.07,7942.19
SHP-15091,Shanghai,Los Angeles,10561.6,17,40ft_HighCube,General_Dry,18371.3,62.1,Tier_1_Alliance,11,1.05,97.4,1.34,8647.55
SHP-15092,Tokyo,Los Angeles,8829.7,12,20ft_Standard,General_Dry,14194.5,25.6,Tier_3_Spot,9,1.25,87.4,1.37,5238.98
SHP-15093,Busan,Long Beach,9413.7,14,40ft_HighCube,Textiles,26736.0,47.0,Tier_1_Alliance,5,1.05,94.2,1.05,6838.2
SHP-15094,Chennai,Colombo,699.5,4,LCL_Consolidated,Hazardous_Chemicals,1515.6,5.4,Tier_2_Regional,6,1.05,80.5,1.09,1497.96
SHP-15095,Singapore,Dubai,5923.7,12,20ft_Standard,Textiles,11771.8,28.0,Tier_1_Alliance,10,1.25,93.8,1.12,4655.81
SHP-15096,Shanghai,Los Angeles,10429.9,14,LCL_Consolidated,Hazardous_Chemicals,3787.1,3.0,Tier_2_Regional,6,1.05,105.6,1.01,3567.84
SHP-15097,Chennai,Rotterdam,11402.1,24,20ft_Standard,Electronics,16953.0,28.4,Tier_2_Regional,8,1.25,102.3,1.31,7232.85
SHP-15098,Singapore,Fremantle,3894.1,10,40ft_Standard,Automotive,8696.6,45.2,Tier_3_Spot,5,1.05,84.9,1.35,5434.09
SHP-15099,Hamburg,Singapore,15829.8,23,20ft_Standard,Perishable_Reefer,19036.0,16.3,Tier_3_Spot,1,0.9,89.9,1.35,6382.92
SHP-15100,Chennai,Rotterdam,11405.1,25,20ft_Standard,Hazardous_Chemicals,12535.4,31.7,Tier_2_Regional,10,1.25,79.9,1.2,7851.74
SHP-15101,Santos,Rotterdam,10131.4,18,40ft_HighCube,Hazardous_Chemicals,16406.6,58.5,Tier_2_Regional,3,1.05,79.6,0.95,7641.29
SHP-15102,Singapore,Dubai,5948.6,13,40ft_HighCube,Hazardous_Chemicals,13411.6,69.9,Tier_1_Alliance,10,1.25,92.7,1.23,12250.94
SHP-15103,Chennai,Colombo,630.4,6,40ft_Standard,Electronics,12292.4,37.5,Tier_1_Alliance,7,1.05,93.0,1.2,5444.69
SHP-15104,Chennai,Rotterdam,11496.3,23,LCL_Consolidated,Automotive,3687.7,2.2,Tier_2_Regional,7,1.05,101.6,0.99,2725.38
SHP-15105,Nhava Sheva,New York,14230.2,25,40ft_Standard,Automotive,13242.8,57.6,Tier_2_Regional,9,1.25,95.3,0.91,6780.55
SHP-15106,Nhava Sheva,Dubai,2196.3,7,40ft_Standard,Automotive,9246.5,45.0,Tier_1_Alliance,9,1.25,87.9,1.42,7650.79
SHP-15107,Tokyo,Los Angeles,8816.6,14,LCL_Consolidated,Electronics,3093.3,13.3,Tier_3_Spot,1,0.9,100.1,0.98,2111.91
SHP-15108,Singapore,Dubai,5811.3,10,20ft_Standard,Automotive,3852.0,21.9,Tier_2_Regional,1,0.9,92.1,0.98,2437.28
SHP-15109,Nhava Sheva,New York,14214.2,26,LCL_Consolidated,General_Dry,3657.6,8.6,Tier_2_Regional,12,1.05,108.0,1.19,3567.86
SHP-15110,Shanghai,Rotterdam,19452.7,31,20ft_Standard,Automotive,7902.1,15.3,Tier_2_Regional,4,1.05,91.6,1.39,6695.76
SHP-15111,Hamburg,Singapore,15770.6,25,LCL_Consolidated,General_Dry,3968.5,12.9,Tier_3_Spot,11,1.05,102.4,0.91,2872.88
SHP-15112,Shanghai,Rotterdam,19450.7,30,40ft_HighCube,Automotive,10664.8,57.4,Tier_2_Regional,3,1.05,80.1,1.34,9517.16
SHP-15113,Busan,Long Beach,9309.5,14,LCL_Consolidated,General_Dry,3419.3,5.7,Tier_3_Spot,11,1.05,86.1,0.94,1822.21
SHP-15114,Chennai,Rotterdam,11571.8,22,40ft_Standard,Hazardous_Chemicals,15506.9,55.1,Tier_1_Alliance,7,1.05,87.6,0.91,7734.24
SHP-15115,Shanghai,Rotterdam,19405.8,29,20ft_Standard,Automotive,14590.6,27.5,Tier_2_Regional,7,1.05,83.9,1.17,6185.58
SHP-15116,Singapore,Fremantle,3842.6,10,40ft_Standard,Automotive,24681.4,44.9,Tier_1_Alliance,5,1.05,80.1,0.96,5246.64
SHP-15117,Singapore,Fremantle,3968.7,7,40ft_Standard,Hazardous_Chemicals,9487.7,60.3,Tier_1_Alliance,10,1.25,98.3,1.38,11411.87
SHP-15118,Chennai,Rotterdam,11518.5,21,40ft_Standard,Perishable_Reefer,24317.3,43.7,Tier_2_Regional,2,0.9,104.7,1.3,8310.63
SHP-15119,Singapore,Dubai,5837.5,10,40ft_Standard,General_Dry,9336.9,55.2,Tier_1_Alliance,1,0.9,76.7,1.23,5032.36
SHP-15120,Santos,Rotterdam,10126.7,20,LCL_Consolidated,Electronics,4693.1,3.3,Tier_3_Spot,4,1.05,106.1,1.31,3351.78
SHP-15121,Chennai,Rotterdam,11522.4,25,40ft_Standard,General_Dry,14659.9,40.2,Tier_2_Regional,8,1.25,91.2,1.29,7722.93
SHP-15122,Chennai,Rotterdam,11441.5,24,40ft_Standard,Electronics,23877.0,51.5,Tier_3_Spot,5,1.05,94.8,1.31,7914.0
SHP-15123,Hamburg,Singapore,15764.0,27,LCL_Consolidated,Perishable_Reefer,653.3,9.9,Tier_3_Spot,6,1.05,105.1,0.9,3507.5
SHP-15124,Chennai,Rotterdam,11543.1,25,40ft_HighCube,Textiles,19800.6,55.2,Tier_1_Alliance,6,1.05,103.1,0.91,6138.45
SHP-15125,Nhava Sheva,New York,14270.6,27,40ft_Standard,Textiles,25774.6,58.9,Tier_3_Spot,6,1.05,88.3,0.94,5461.63
SHP-15126,Santos,Rotterdam,10109.9,20,LCL_Consolidated,Automotive,4101.0,9.4,Tier_3_Spot,12,1.05,105.1,1.31,3363.05
SHP-15127,Tokyo,Los Angeles,8896.0,10,40ft_HighCube,Textiles,27686.7,71.0,Tier_3_Spot,5,1.05,81.8,1.1,6356.8
SHP-15128,Singapore,Fremantle,3931.6,9,40ft_HighCube,General_Dry,11677.7,45.1,Tier_2_Regional,7,1.05,105.1,1.1,5033.43
SHP-15129,Shanghai,Los Angeles,10582.1,16,LCL_Consolidated,Automotive,2129.2,12.3,Tier_3_Spot,6,1.05,96.0,1.01,2565.57
SHP-15130,Santos,Rotterdam,10237.0,18,LCL_Consolidated,Perishable_Reefer,2451.0,9.3,Tier_2_Regional,6,1.05,94.3,0.9,2879.34
SHP-15131,Santos,Rotterdam,10145.7,19,40ft_Standard,Electronics,9841.1,48.7,Tier_3_Spot,3,1.05,85.7,1.41,7355.79
SHP-15132,Tokyo,Los Angeles,8869.3,14,20ft_Standard,Automotive,10057.4,20.6,Tier_3_Spot,3,1.05,91.8,1.01,3422.72
SHP-15133,Nhava Sheva,Dubai,2142.5,8,20ft_Standard,Textiles,16533.6,18.6,Tier_2_Regional,11,1.05,85.0,1.22,3219.48
SHP-15134,Nhava Sheva,New York,14235.5,26,40ft_HighCube,Perishable_Reefer,24674.1,74.3,Tier_1_Alliance,1,0.9,77.9,1.15,9627.35
SHP-15135,Chennai,Colombo,587.5,4,LCL_Consolidated,Automotive,2505.3,11.0,Tier_1_Alliance,4,1.05,99.7,1.36,2051.99
SHP-15136,Busan,Long Beach,9322.0,15,20ft_Standard,Automotive,20496.8,22.3,Tier_3_Spot,3,1.05,103.7,1.07,4256.21
SHP-15137,Tokyo,Los Angeles,8768.2,14,40ft_HighCube,Textiles,12162.2,64.7,Tier_1_Alliance,6,1.05,97.1,1.25,7728.07
SHP-15138,Singapore,Dubai,5803.0,12,40ft_HighCube,Perishable_Reefer,10497.0,59.0,Tier_2_Regional,10,1.25,89.2,1.19,9294.95
SHP-15139,Hamburg,Singapore,15720.9,26,40ft_HighCube,Perishable_Reefer,17907.2,63.3,Tier_2_Regional,1,0.9,85.9,1.15,8511.38
SHP-15140,Nhava Sheva,Dubai,2148.2,6,40ft_Standard,Hazardous_Chemicals,9553.9,36.2,Tier_1_Alliance,6,1.05,81.4,1.05,5914.61
SHP-15141,Singapore,Fremantle,3979.6,8,40ft_HighCube,General_Dry,26594.0,60.9,Tier_2_Regional,7,1.05,80.5,1.18,6149.07
SHP-15142,Chennai,Rotterdam,11413.3,24,20ft_Standard,Textiles,3863.2,30.0,Tier_2_Regional,11,1.05,85.7,1.21,4336.34
SHP-15143,Nhava Sheva,New York,14160.9,27,40ft_Standard,Electronics,20403.7,46.2,Tier_2_Regional,3,1.05,72.7,1.32,8366.16
SHP-15144,Hamburg,Singapore,15822.6,25,LCL_Consolidated,Textiles,2208.2,13.3,Tier_1_Alliance,2,0.9,84.6,1.14,3364.04
SHP-15145,Nhava Sheva,Dubai,2095.0,8,40ft_HighCube,General_Dry,21143.7,51.2,Tier_3_Spot,2,0.9,94.7,1.15,4360.8
SHP-15146,Chennai,Rotterdam,11523.7,24,20ft_Standard,Automotive,11674.6,16.8,Tier_2_Regional,5,1.05,104.5,0.93,3771.17
SHP-15147,Singapore,Fremantle,3871.7,9,40ft_HighCube,Hazardous_Chemicals,23946.4,61.8,Tier_3_Spot,4,1.05,85.8,0.9,6293.41
SHP-15148,Chennai,Colombo,585.0,5,LCL_Consolidated,Textiles,4302.1,8.2,Tier_1_Alliance,9,1.25,81.3,1.36,2027.28
SHP-15149,Tokyo,Los Angeles,8877.0,13,40ft_HighCube,Automotive,25436.7,67.1,Tier_1_Alliance,4,1.05,95.5,0.89,6487.5
SHP-15150,Singapore,Fremantle,3920.8,10,20ft_Standard,Hazardous_Chemicals,19866.7,20.0,Tier_3_Spot,6,1.05,72.1,0.89,3521.82
SHP-15151,Chennai,Rotterdam,11475.5,21,40ft_HighCube,Hazardous_Chemicals,23027.0,65.9,Tier_3_Spot,10,1.25,73.7,0.93,9034.6
SHP-15152,Tokyo,Los Angeles,8795.9,11,20ft_Standard,General_Dry,11873.7,29.8,Tier_1_Alliance,4,1.05,97.7,0.95,3733.06
SHP-15153,Chennai,Colombo,586.7,3,LCL_Consolidated,Electronics,3259.0,5.9,Tier_2_Regional,5,1.05,101.9,0.96,1295.78
SHP-15154,Santos,Rotterdam,10177.2,17,40ft_HighCube,Automotive,14686.6,52.2,Tier_1_Alliance,4,1.05,83.8,0.96,6239.47
SHP-15155,Hamburg,Singapore,15851.5,25,40ft_HighCube,Automotive,10943.6,69.6,Tier_1_Alliance,6,1.05,103.0,1.4,10946.83
SHP-15156,Singapore,Fremantle,3893.6,8,40ft_HighCube,Hazardous_Chemicals,13505.3,65.4,Tier_1_Alliance,10,1.25,93.1,1.04,9704.26
SHP-15157,Hamburg,Singapore,15711.8,26,20ft_Standard,Textiles,13981.1,26.2,Tier_1_Alliance,8,1.25,77.6,1.02,5905.3
SHP-15158,Chennai,Rotterdam,11540.1,21,40ft_HighCube,Textiles,14362.4,73.4,Tier_3_Spot,7,1.05,82.5,1.31,7433.46
SHP-15159,Singapore,Fremantle,3923.0,7,40ft_Standard,Perishable_Reefer,15558.0,57.9,Tier_2_Regional,11,1.05,107.2,0.96,5916.38
SHP-15160,Shanghai,Rotterdam,19584.8,28,LCL_Consolidated,General_Dry,2357.3,8.5,Tier_1_Alliance,11,1.05,92.7,0.98,3766.64
SHP-15161,Nhava Sheva,Dubai,2104.1,5,40ft_HighCube,Perishable_Reefer,26437.8,50.8,Tier_3_Spot,11,1.05,93.5,1.38,8441.09
SHP-15162,Singapore,Dubai,5873.5,13,40ft_Standard,Electronics,9148.3,50.4,Tier_2_Regional,8,1.25,83.6,1.2,7009.03
SHP-15163,Singapore,Fremantle,3889.0,9,LCL_Consolidated,Hazardous_Chemicals,959.6,8.2,Tier_2_Regional,9,1.25,96.2,1.21,3160.55
SHP-15164,Shanghai,Rotterdam,19599.0,28,40ft_Standard,Perishable_Reefer,15341.1,46.1,Tier_2_Regional,8,1.25,74.1,0.92,8941.69
SHP-15165,Chennai,Rotterdam,11415.7,22,20ft_Standard,Electronics,14592.2,31.8,Tier_1_Alliance,9,1.25,89.7,1.3,7754.09
SHP-15166,Santos,Rotterdam,10255.4,19,40ft_Standard,General_Dry,13170.4,51.4,Tier_2_Regional,6,1.05,82.4,1.3,6427.11
SHP-15167,Shanghai,Rotterdam,19550.9,30,40ft_HighCube,Automotive,19474.8,64.5,Tier_3_Spot,10,1.25,87.3,1.16,9950.4
SHP-15168,Nhava Sheva,Dubai,2112.4,5,40ft_HighCube,Electronics,25616.7,51.7,Tier_2_Regional,10,1.25,102.9,1.39,9383.82
SHP-15169,Busan,Long Beach,9349.8,14,40ft_Standard,General_Dry,9137.1,41.3,Tier_2_Regional,5,1.05,100.4,1.11,5138.08
SHP-15170,Chennai,Rotterdam,11588.1,24,40ft_Standard,Textiles,16463.9,65.8,Tier_2_Regional,8,1.25,100.1,1.1,7583.1
SHP-15171,Nhava Sheva,New York,14103.4,25,20ft_Standard,General_Dry,17746.5,17.9,Tier_1_Alliance,2,0.9,97.8,0.99,3861.51
SHP-15172,Shanghai,Rotterdam,19592.2,27,40ft_Standard,General_Dry,18733.6,42.2,Tier_2_Regional,4,1.05,77.5,1.07,6510.21
SHP-15173,Singapore,Dubai,5819.7,10,40ft_Standard,Perishable_Reefer,19302.4,48.2,Tier_1_Alliance,12,1.05,76.6,1.04,6956.84
SHP-15174,Shanghai,Rotterdam,19440.6,30,20ft_Standard,Hazardous_Chemicals,3654.3,20.8,Tier_3_Spot,10,1.25,86.1,1.17,8164.0
SHP-15175,Chennai,Colombo,648.7,6,20ft_Standard,General_Dry,5243.9,21.4,Tier_3_Spot,10,1.25,75.6,0.98,2214.86
SHP-15176,Tokyo,Los Angeles,8759.7,11,40ft_Standard,Textiles,15078.4,45.8,Tier_3_Spot,5,1.05,86.9,1.25,5664.99
SHP-15177,Nhava Sheva,Dubai,2038.5,7,40ft_Standard,General_Dry,23775.0,62.3,Tier_1_Alliance,8,1.25,75.0,1.13,6537.93
SHP-15178,Shanghai,Los Angeles,10440.1,17,20ft_Standard,Hazardous_Chemicals,9133.2,17.5,Tier_2_Regional,9,1.25,98.3,1.12,6614.34
SHP-15179,Shanghai,Los Angeles,10526.0,13,40ft_Standard,Electronics,15731.1,35.7,Tier_2_Regional,11,1.05,93.0,0.89,5005.24
SHP-15180,Singapore,Fremantle,3952.0,11,LCL_Consolidated,Automotive,4902.0,9.2,Tier_3_Spot,6,1.05,72.4,1.26,1926.77
SHP-15181,Hamburg,Singapore,15799.1,27,LCL_Consolidated,Automotive,3230.2,4.6,Tier_3_Spot,9,1.25,106.2,1.42,5368.08
SHP-15182,Santos,Rotterdam,10124.7,21,40ft_HighCube,Automotive,18282.2,57.1,Tier_3_Spot,3,1.05,80.4,1.24,7132.72
SHP-15183,Singapore,Fremantle,3939.2,7,20ft_Standard,Electronics,4638.8,21.1,Tier_2_Regional,8,1.25,102.5,1.06,3735.47
SHP-15184,Hamburg,Singapore,15881.2,26,40ft_Standard,Hazardous_Chemicals,11648.6,63.1,Tier_1_Alliance,1,0.9,76.7,1.3,10320.1
SHP-15185,Singapore,Fremantle,3920.9,10,LCL_Consolidated,Automotive,4141.8,13.2,Tier_2_Regional,6,1.05,101.3,1.33,2500.65
SHP-15186,Singapore,Dubai,5842.5,9,LCL_Consolidated,Electronics,767.2,10.1,Tier_1_Alliance,7,1.05,84.8,1.34,2840.1
SHP-15187,Nhava Sheva,New York,14160.9,29,40ft_HighCube,Perishable_Reefer,24167.1,74.0,Tier_1_Alliance,12,1.05,85.1,1.31,12955.33
SHP-15188,Busan,Long Beach,9340.2,12,40ft_HighCube,Hazardous_Chemicals,18914.9,65.6,Tier_2_Regional,4,1.05,96.5,1.42,11904.1
SHP-15189,Shanghai,Los Angeles,10492.2,17,LCL_Consolidated,General_Dry,4643.0,8.5,Tier_3_Spot,10,1.25,99.5,1.18,3370.27
SHP-15190,Singapore,Fremantle,3890.3,8,40ft_HighCube,Automotive,13668.6,73.0,Tier_2_Regional,4,1.05,75.6,1.19,6377.47
SHP-15191,Shanghai,Rotterdam,19433.4,27,40ft_Standard,Hazardous_Chemicals,23656.8,64.9,Tier_3_Spot,7,1.05,73.6,0.96,8682.14
SHP-15192,Chennai,Rotterdam,11551.3,25,20ft_Standard,Automotive,15278.3,15.9,Tier_1_Alliance,10,1.25,103.4,1.27,6984.69
SHP-15193,Busan,Long Beach,9465.7,16,20ft_Standard,Hazardous_Chemicals,17367.2,20.4,Tier_1_Alliance,2,0.9,82.5,1.07,5127.67
SHP-15194,Chennai,Rotterdam,11511.7,21,20ft_Standard,Textiles,15141.0,23.6,Tier_1_Alliance,5,1.05,97.7,1.4,6025.17
SHP-15195,Busan,Long Beach,9380.3,13,LCL_Consolidated,Hazardous_Chemicals,4500.6,4.1,Tier_1_Alliance,7,1.05,82.9,0.95,3207.83
SHP-15196,Busan,Long Beach,9353.4,13,40ft_Standard,Hazardous_Chemicals,11813.9,64.7,Tier_2_Regional,7,1.05,72.5,1.04,7528.43
SHP-15197,Singapore,Dubai,5805.2,9,LCL_Consolidated,Hazardous_Chemicals,3331.0,3.7,Tier_3_Spot,11,1.05,80.5,1.19,2598.97
SHP-15198,Busan,Long Beach,9464.5,15,40ft_HighCube,Textiles,18139.7,70.2,Tier_1_Alliance,7,1.05,90.1,0.98,6372.3
SHP-15199,Singapore,Fremantle,3819.6,11,20ft_Standard,Electronics,8519.9,32.6,Tier_1_Alliance,7,1.05,86.0,1.39,4899.48
SHP-15200,Shanghai,Los Angeles,10555.9,17,20ft_Standard,Automotive,3028.8,15.1,Tier_2_Regional,8,1.25,93.1,0.89,3632.9
SHP-15201,Hamburg,Singapore,15834.8,25,20ft_Standard,Textiles,14209.5,16.3,Tier_2_Regional,6,1.05,95.4,1.01,4331.46
SHP-15202,Chennai,Colombo,561.0,4,40ft_Standard,Electronics,18774.0,35.1,Tier_2_Regional,7,1.05,73.9,1.36,5621.03
SHP-15203,Nhava Sheva,Dubai,2093.5,7,40ft_HighCube,Automotive,13241.3,56.4,Tier_2_Regional,8,1.25,75.1,0.95,5440.97
SHP-15204,Santos,Rotterdam,10123.0,18,40ft_Standard,Electronics,8133.1,64.6,Tier_1_Alliance,3,1.05,84.1,1.09,7046.85
SHP-15205,Hamburg,Singapore,15754.3,25,20ft_Standard,Electronics,4259.1,16.8,Tier_1_Alliance,2,0.9,93.4,1.15,4846.19
SHP-15206,Singapore,Fremantle,3858.1,11,40ft_HighCube,Electronics,17420.5,58.4,Tier_1_Alliance,2,0.9,85.2,1.36,7201.96
SHP-15207,Chennai,Rotterdam,11518.6,25,20ft_Standard,Electronics,20337.2,32.0,Tier_3_Spot,12,1.05,92.5,1.01,4533.77
SHP-15208,Shanghai,Rotterdam,19564.2,29,40ft_Standard,Textiles,15777.9,37.8,Tier_2_Regional,7,1.05,83.0,1.36,8220.21
SHP-15209,Busan,Long Beach,9339.2,12,40ft_HighCube,Hazardous_Chemicals,13307.5,68.4,Tier_1_Alliance,3,1.05,79.7,1.36,11967.02
SHP-15210,Santos,Rotterdam,10143.3,19,40ft_HighCube,Textiles,24829.6,63.5,Tier_1_Alliance,10,1.25,92.5,1.26,10189.07
SHP-15211,Singapore,Fremantle,3969.8,9,LCL_Consolidated,Perishable_Reefer,2974.0,14.0,Tier_2_Regional,4,1.05,84.5,0.94,1982.5
SHP-15212,Singapore,Fremantle,3899.2,10,40ft_HighCube,General_Dry,15191.6,49.5,Tier_2_Regional,12,1.05,106.0,1.28,6111.16
SHP-15213,Nhava Sheva,New York,14164.7,25,40ft_Standard,Hazardous_Chemicals,25639.3,51.1,Tier_2_Regional,1,0.9,103.8,1.12,8474.94
SHP-15214,Shanghai,Rotterdam,19402.9,30,40ft_Standard,Electronics,19419.1,65.7,Tier_2_Regional,11,1.05,81.7,0.94,7123.73
SHP-15215,Nhava Sheva,New York,14273.1,27,40ft_Standard,Perishable_Reefer,19313.6,41.4,Tier_3_Spot,7,1.05,105.6,0.97,7027.04
SHP-15216,Shanghai,Los Angeles,10546.1,14,LCL_Consolidated,Hazardous_Chemicals,1909.8,5.4,Tier_3_Spot,7,1.05,89.5,1.16,3580.63
SHP-15217,Chennai,Colombo,672.2,5,LCL_Consolidated,Textiles,2254.4,9.6,Tier_2_Regional,3,1.05,85.9,1.16,1275.92
SHP-15218,Busan,Long Beach,9338.9,12,40ft_Standard,Electronics,10386.6,54.7,Tier_1_Alliance,9,1.25,98.5,1.39,10358.28
SHP-15219,Tokyo,Los Angeles,8889.8,10,LCL_Consolidated,General_Dry,3384.4,7.0,Tier_1_Alliance,8,1.25,76.3,1.19,3102.6
SHP-15220,Nhava Sheva,New York,14159.3,29,40ft_HighCube,Automotive,25427.9,55.9,Tier_1_Alliance,5,1.05,98.5,1.07,8472.58
SHP-15221,Nhava Sheva,New York,14294.9,25,40ft_Standard,Automotive,18496.9,45.4,Tier_2_Regional,12,1.05,77.4,0.9,5444.21
SHP-15222,Hamburg,Singapore,15803.1,24,40ft_Standard,Automotive,18193.6,57.7,Tier_2_Regional,2,0.9,83.0,0.93,5207.81
SHP-15223,Chennai,Rotterdam,11513.1,24,LCL_Consolidated,General_Dry,4710.3,9.4,Tier_3_Spot,10,1.25,103.7,0.97,2860.43
SHP-15224,Shanghai,Rotterdam,19590.6,30,20ft_Standard,Automotive,9029.8,30.9,Tier_3_Spot,7,1.05,92.5,0.98,4937.84
SHP-15225,Busan,Long Beach,9475.7,13,40ft_HighCube,Textiles,27202.7,67.8,Tier_3_Spot,12,1.05,106.6,1.28,7608.96
SHP-15226,Nhava Sheva,New York,14136.8,26,LCL_Consolidated,Electronics,4241.4,9.8,Tier_1_Alliance,4,1.05,103.4,1.22,4602.82
SHP-15227,Shanghai,Rotterdam,19527.7,29,20ft_Standard,Textiles,5507.3,26.3,Tier_3_Spot,1,0.9,88.7,0.96,3560.1
SHP-15228,Chennai,Rotterdam,11557.9,22,40ft_HighCube,Textiles,12701.7,52.0,Tier_3_Spot,9,1.25,94.2,1.07,6832.68
SHP-15229,Nhava Sheva,New York,14239.7,26,LCL_Consolidated,Textiles,4637.1,4.9,Tier_2_Regional,11,1.05,88.5,0.96,2780.69
SHP-15230,Tokyo,Los Angeles,8898.3,13,LCL_Consolidated,Automotive,1606.4,2.1,Tier_1_Alliance,9,1.25,97.7,0.98,2987.76
SHP-15231,Singapore,Fremantle,3954.1,10,40ft_HighCube,General_Dry,14603.2,53.1,Tier_2_Regional,9,1.25,85.6,1.13,6284.3
SHP-15232,Nhava Sheva,Dubai,2004.7,7,40ft_Standard,General_Dry,17501.1,44.9,Tier_2_Regional,11,1.05,107.0,1.18,4901.44
SHP-15233,Singapore,Dubai,5961.9,13,20ft_Standard,Automotive,15654.5,17.5,Tier_3_Spot,3,1.05,102.3,1.16,3752.41
SHP-15234,Nhava Sheva,New York,14141.7,25,40ft_HighCube,Electronics,13932.1,48.7,Tier_3_Spot,5,1.05,104.3,1.19,7685.17
SHP-15235,Tokyo,Los Angeles,8723.2,10,LCL_Consolidated,Automotive,1621.3,4.3,Tier_2_Regional,11,1.05,84.2,0.88,1987.96
SHP-15236,Chennai,Colombo,700.6,4,40ft_HighCube,General_Dry,15091.7,71.3,Tier_2_Regional,3,1.05,87.9,1.33,6091.57
SHP-15237,Singapore,Fremantle,3833.2,11,20ft_Standard,Electronics,12361.5,32.6,Tier_3_Spot,11,1.05,81.5,1.38,4311.01
SHP-15238,Hamburg,Singapore,15717.3,26,40ft_Standard,Textiles,22560.4,43.7,Tier_2_Regional,1,0.9,90.7,1.16,5997.1
SHP-15239,Shanghai,Rotterdam,19596.3,27,LCL_Consolidated,Electronics,1582.4,3.2,Tier_1_Alliance,8,1.25,72.5,1.37,6602.69
SHP-15240,Shanghai,Rotterdam,19496.6,29,20ft_Standard,General_Dry,11565.0,31.7,Tier_1_Alliance,3,1.05,86.9,1.27,6704.38
SHP-15241,Singapore,Fremantle,3853.6,9,40ft_Standard,Hazardous_Chemicals,11786.0,46.2,Tier_3_Spot,7,1.05,80.4,1.15,6236.0
SHP-15242,Nhava Sheva,New York,14298.7,25,LCL_Consolidated,Hazardous_Chemicals,3715.5,6.9,Tier_2_Regional,9,1.25,81.9,1.14,5443.8
SHP-15243,Nhava Sheva,Dubai,2034.1,8,20ft_Standard,General_Dry,18972.6,30.0,Tier_1_Alliance,11,1.05,75.6,1.06,3269.33
SHP-15244,Santos,Rotterdam,10272.4,17,20ft_Standard,Automotive,12461.7,31.5,Tier_2_Regional,1,0.9,75.4,1.09,3725.42
SHP-15245,Shanghai,Los Angeles,10438.3,15,40ft_Standard,Hazardous_Chemicals,22137.7,66.1,Tier_3_Spot,9,1.25,77.9,1.2,10773.27
SHP-15246,Nhava Sheva,New York,14256.9,25,20ft_Standard,Electronics,7362.0,22.7,Tier_3_Spot,2,0.9,86.4,1.32,4644.71
SHP-15247,Hamburg,Singapore,15709.8,26,20ft_Standard,Perishable_Reefer,13494.1,23.3,Tier_3_Spot,11,1.05,92.0,1.03,5523.76
SHP-15248,Chennai,Colombo,652.5,5,20ft_Standard,Automotive,18367.8,18.6,Tier_1_Alliance,9,1.25,80.3,1.15,4038.34
SHP-15249,Chennai,Colombo,699.4,4,20ft_Standard,General_Dry,17725.0,28.4,Tier_3_Spot,5,1.05,89.1,1.42,3554.1
SHP-15250,Santos,Rotterdam,10211.0,18,40ft_Standard,General_Dry,10047.3,37.5,Tier_1_Alliance,5,1.05,102.2,0.97,5045.0
SHP-15251,Santos,Rotterdam,10277.2,17,40ft_HighCube,Textiles,10376.4,68.6,Tier_1_Alliance,5,1.05,85.7,1.13,7052.26
SHP-15252,Santos,Rotterdam,10217.7,18,40ft_HighCube,Automotive,13979.2,63.0,Tier_2_Regional,1,0.9,99.4,1.38,7408.07
SHP-15253,Singapore,Fremantle,3890.3,11,40ft_Standard,Electronics,14474.6,37.0,Tier_2_Regional,2,0.9,94.3,0.93,3654.81
SHP-15254,Nhava Sheva,New York,14139.6,25,40ft_Standard,General_Dry,21969.0,62.5,Tier_2_Regional,2,0.9,89.2,1.09,5590.75
SHP-15255,Nhava Sheva,New York,14177.5,28,40ft_HighCube,Perishable_Reefer,24331.2,61.7,Tier_2_Regional,3,1.05,100.7,1.41,12434.36
SHP-15256,Singapore,Fremantle,3904.4,8,40ft_HighCube,Automotive,19214.0,61.6,Tier_1_Alliance,10,1.25,86.2,0.96,6877.07
SHP-15257,Singapore,Dubai,5850.9,11,20ft_Standard,Hazardous_Chemicals,10918.8,30.3,Tier_2_Regional,5,1.05,89.9,1.13,5023.16
SHP-15258,Nhava Sheva,New York,14258.2,29,LCL_Consolidated,Electronics,4842.8,3.8,Tier_3_Spot,12,1.05,107.0,0.92,2853.84
SHP-15259,Chennai,Rotterdam,11590.1,23,40ft_HighCube,General_Dry,23240.9,49.9,Tier_2_Regional,4,1.05,74.5,1.22,7109.11
SHP-15260,Nhava Sheva,New York,14187.8,28,LCL_Consolidated,Automotive,1592.5,7.3,Tier_2_Regional,2,0.9,97.1,1.31,3512.37
SHP-15261,Tokyo,Los Angeles,8815.2,12,40ft_HighCube,Textiles,26608.0,65.3,Tier_3_Spot,5,1.05,89.3,1.3,7367.05
SHP-15262,Shanghai,Rotterdam,19538.8,27,40ft_Standard,Perishable_Reefer,14988.9,46.1,Tier_2_Regional,12,1.05,82.0,1.25,10258.68
SHP-15263,Shanghai,Rotterdam,19479.0,30,LCL_Consolidated,General_Dry,2562.7,11.5,Tier_2_Regional,2,0.9,107.0,1.32,4150.56
SHP-15264,Shanghai,Los Angeles,10407.8,16,20ft_Standard,General_Dry,15397.8,15.3,Tier_3_Spot,6,1.05,94.5,1.29,4380.0
SHP-15265,Nhava Sheva,Dubai,2153.0,8,LCL_Consolidated,Perishable_Reefer,3153.6,4.2,Tier_3_Spot,7,1.05,78.6,1.27,1814.74
SHP-15266,Shanghai,Rotterdam,19427.4,30,LCL_Consolidated,General_Dry,627.2,10.5,Tier_2_Regional,4,1.05,78.8,1.35,4519.32
SHP-15267,Singapore,Fremantle,3959.6,11,40ft_HighCube,Automotive,25128.6,58.0,Tier_1_Alliance,9,1.25,87.5,1.29,9546.95
SHP-15268,Busan,Long Beach,9427.1,13,20ft_Standard,Hazardous_Chemicals,8044.7,17.6,Tier_1_Alliance,10,1.25,93.7,1.24,7540.42
SHP-15269,Chennai,Colombo,658.0,3,40ft_Standard,General_Dry,20418.8,37.1,Tier_3_Spot,4,1.05,79.9,1.19,4222.6
SHP-15270,Singapore,Fremantle,3965.3,7,20ft_Standard,Hazardous_Chemicals,3853.9,23.8,Tier_1_Alliance,7,1.05,84.4,1.05,4135.9
SHP-15271,Busan,Long Beach,9484.0,16,20ft_Standard,General_Dry,3762.9,21.1,Tier_2_Regional,6,1.05,98.5,0.96,3170.77
SHP-15272,Shanghai,Rotterdam,19490.0,30,20ft_Standard,Textiles,17703.5,25.8,Tier_3_Spot,10,1.25,83.7,0.91,5004.09
SHP-15273,Santos,Rotterdam,10283.4,21,20ft_Standard,Hazardous_Chemicals,6472.3,25.9,Tier_2_Regional,2,0.9,100.0,1.29,5610.09
SHP-15274,Nhava Sheva,New York,14203.3,26,LCL_Consolidated,Hazardous_Chemicals,3893.8,4.3,Tier_3_Spot,3,1.05,86.7,1.37,5084.39
SHP-15275,Hamburg,Singapore,15715.9,24,LCL_Consolidated,Perishable_Reefer,4850.3,12.6,Tier_3_Spot,8,1.25,105.0,1.13,5614.76
SHP-15276,Shanghai,Los Angeles,10519.5,17,40ft_HighCube,Textiles,22400.9,64.3,Tier_1_Alliance,6,1.05,102.8,1.26,8580.23
SHP-15277,Santos,Rotterdam,10222.8,21,20ft_Standard,Textiles,7766.1,27.4,Tier_3_Spot,5,1.05,83.8,0.97,3106.23
SHP-15278,Chennai,Colombo,700.4,5,20ft_Standard,Hazardous_Chemicals,17266.6,29.5,Tier_1_Alliance,8,1.25,84.2,1.06,5235.02
SHP-15279,Shanghai,Rotterdam,19486.0,29,40ft_HighCube,Automotive,19782.5,74.5,Tier_1_Alliance,12,1.05,103.5,1.41,12503.47
SHP-15280,Tokyo,Los Angeles,8831.9,13,LCL_Consolidated,Automotive,3720.3,12.4,Tier_3_Spot,2,0.9,80.1,1.19,2245.61
SHP-15281,Singapore,Fremantle,3840.2,10,20ft_Standard,Perishable_Reefer,18082.5,16.5,Tier_2_Regional,3,1.05,72.8,1.01,3696.72
SHP-15282,Singapore,Fremantle,3963.1,11,40ft_HighCube,Electronics,27728.0,68.2,Tier_3_Spot,9,1.25,95.9,1.38,9797.66
SHP-15283,Singapore,Dubai,5803.3,12,40ft_Standard,Hazardous_Chemicals,17593.1,57.0,Tier_2_Regional,4,1.05,100.6,1.33,9350.13
SHP-15284,Shanghai,Los Angeles,10443.1,14,LCL_Consolidated,Electronics,713.4,9.9,Tier_1_Alliance,1,0.9,80.7,1.05,2593.74
SHP-15285,Singapore,Dubai,5862.0,13,40ft_HighCube,Electronics,25031.8,75.3,Tier_1_Alliance,1,0.9,103.1,1.2,7618.6
SHP-15286,Singapore,Dubai,5991.7,12,LCL_Consolidated,General_Dry,2572.2,10.6,Tier_2_Regional,4,1.05,74.1,1.37,2250.09
SHP-15287,Singapore,Fremantle,3986.4,11,20ft_Standard,Textiles,13280.4,26.5,Tier_3_Spot,11,1.05,95.5,1.34,3807.94
SHP-15288,Tokyo,Los Angeles,8869.0,12,LCL_Consolidated,Perishable_Reefer,806.7,2.2,Tier_2_Regional,10,1.25,85.4,0.93,2838.9
SHP-15289,Chennai,Rotterdam,11443.1,23,LCL_Consolidated,Textiles,1933.3,10.3,Tier_1_Alliance,3,1.05,74.5,1.41,3734.67
SHP-15290,Busan,Long Beach,9425.2,12,40ft_Standard,Automotive,14236.1,59.3,Tier_1_Alliance,10,1.25,107.1,1.07,8192.42
SHP-15291,Chennai,Rotterdam,11404.8,21,40ft_HighCube,Hazardous_Chemicals,11326.6,58.2,Tier_2_Regional,7,1.05,96.5,0.9,7390.36
SHP-15292,Shanghai,Rotterdam,19545.4,28,LCL_Consolidated,Hazardous_Chemicals,1196.4,12.6,Tier_2_Regional,3,1.05,72.8,0.94,4474.24
SHP-15293,Shanghai,Rotterdam,19508.1,28,40ft_Standard,Automotive,8393.9,41.2,Tier_3_Spot,1,0.9,76.2,1.0,4994.62
SHP-15294,Chennai,Colombo,691.8,2,LCL_Consolidated,Electronics,3523.0,4.6,Tier_1_Alliance,12,1.05,82.1,1.41,1883.48
SHP-15295,Nhava Sheva,Dubai,2166.2,5,40ft_Standard,Textiles,24041.0,50.4,Tier_2_Regional,6,1.05,87.1,1.14,5082.56
SHP-15296,Singapore,Dubai,5987.1,12,40ft_HighCube,Electronics,14991.2,75.0,Tier_1_Alliance,5,1.05,90.2,0.96,6532.14
SHP-15297,Santos,Rotterdam,10295.4,21,20ft_Standard,Perishable_Reefer,9462.0,30.6,Tier_2_Regional,5,1.05,87.7,1.07,5189.51
SHP-15298,Shanghai,Rotterdam,19535.3,30,40ft_HighCube,Perishable_Reefer,16600.4,69.0,Tier_2_Regional,10,1.25,78.5,0.95,10542.31
SHP-15299,Singapore,Fremantle,3848.4,10,40ft_Standard,Textiles,20031.7,65.5,Tier_3_Spot,2,0.9,86.3,0.96,3726.08
SHP-15300,Santos,Rotterdam,10204.3,18,40ft_HighCube,General_Dry,19913.8,59.9,Tier_1_Alliance,7,1.05,80.7,1.42,8912.51
SHP-15301,Nhava Sheva,New York,14154.7,29,LCL_Consolidated,Textiles,2485.9,7.3,Tier_2_Regional,7,1.05,100.0,1.2,3478.12
SHP-15302,Santos,Rotterdam,10244.2,17,40ft_Standard,General_Dry,17663.9,62.3,Tier_3_Spot,3,1.05,89.9,1.35,6869.18
SHP-15303,Hamburg,Singapore,15893.7,26,LCL_Consolidated,Perishable_Reefer,3715.5,5.4,Tier_3_Spot,3,1.05,106.3,1.06,4231.26
SHP-15304,Busan,Long Beach,9306.1,14,LCL_Consolidated,Automotive,2315.5,3.7,Tier_2_Regional,2,0.9,86.6,1.02,1973.59
SHP-15305,Hamburg,Singapore,15766.1,27,LCL_Consolidated,Hazardous_Chemicals,2057.6,3.0,Tier_1_Alliance,2,0.9,82.6,0.92,3582.84
SHP-15306,Nhava Sheva,Dubai,2142.5,5,LCL_Consolidated,Automotive,2892.4,12.0,Tier_1_Alliance,7,1.05,95.8,1.11,1923.09
SHP-15307,Nhava Sheva,New York,14284.1,27,LCL_Consolidated,Perishable_Reefer,4025.0,3.2,Tier_1_Alliance,1,0.9,100.8,1.28,4622.46
SHP-15308,Singapore,Fremantle,3847.4,10,LCL_Consolidated,General_Dry,4980.9,11.8,Tier_1_Alliance,6,1.05,85.3,1.35,2381.71
SHP-15309,Shanghai,Los Angeles,10477.5,13,40ft_Standard,Hazardous_Chemicals,25222.5,47.0,Tier_2_Regional,3,1.05,96.8,1.38,10896.29
SHP-15310,Singapore,Fremantle,3872.3,10,LCL_Consolidated,Electronics,1016.4,8.5,Tier_2_Regional,3,1.05,72.2,1.32,1974.99
SHP-15311,Shanghai,Los Angeles,10559.6,16,20ft_Standard,General_Dry,14745.2,24.0,Tier_1_Alliance,1,0.9,77.2,1.28,4380.96
SHP-15312,Singapore,Fremantle,3903.8,7,40ft_HighCube,Perishable_Reefer,15670.8,71.5,Tier_3_Spot,6,1.05,88.1,1.14,7259.06
SHP-15313,Singapore,Dubai,5937.3,10,40ft_Standard,Automotive,12120.0,54.4,Tier_1_Alliance,4,1.05,76.6,1.24,6616.43
SHP-15314,Nhava Sheva,New York,14210.0,26,LCL_Consolidated,Perishable_Reefer,4153.0,13.9,Tier_3_Spot,10,1.25,90.6,1.07,4748.01
SHP-15315,Tokyo,Los Angeles,8828.2,14,40ft_HighCube,Perishable_Reefer,19287.1,68.4,Tier_3_Spot,4,1.05,77.0,1.41,10054.88
SHP-15316,Chennai,Colombo,728.5,6,40ft_HighCube,Hazardous_Chemicals,12550.2,48.3,Tier_2_Regional,11,1.05,78.8,0.91,5256.12
SHP-15317,Shanghai,Los Angeles,10451.9,15,LCL_Consolidated,Automotive,1744.8,8.8,Tier_3_Spot,10,1.25,98.1,1.21,3528.88
SHP-15318,Hamburg,Singapore,15779.8,23,40ft_HighCube,Perishable_Reefer,13571.9,46.7,Tier_3_Spot,7,1.05,77.3,1.34,9988.95
SHP-15319,Singapore,Dubai,5881.1,11,LCL_Consolidated,Electronics,1705.6,5.6,Tier_2_Regional,4,1.05,75.0,1.27,2291.88
SHP-15320,Santos,Rotterdam,10156.0,18,20ft_Standard,Automotive,11253.6,25.5,Tier_1_Alliance,11,1.05,92.4,0.9,3897.63
SHP-15321,Tokyo,Los Angeles,8718.4,10,40ft_Standard,Electronics,11270.0,59.1,Tier_1_Alliance,6,1.05,95.6,1.41,8811.48
SHP-15322,Santos,Rotterdam,10237.0,19,20ft_Standard,Electronics,12173.3,15.6,Tier_2_Regional,5,1.05,102.2,1.27,5171.39
SHP-15323,Santos,Rotterdam,10166.4,18,LCL_Consolidated,General_Dry,3948.8,12.3,Tier_1_Alliance,8,1.25,89.9,1.08,3434.31
SHP-15324,Singapore,Fremantle,3810.8,7,40ft_Standard,Electronics,25351.7,48.8,Tier_1_Alliance,8,1.25,80.7,1.29,8848.47
SHP-15325,Chennai,Colombo,651.9,4,40ft_Standard,Electronics,16418.7,43.2,Tier_2_Regional,9,1.25,83.1,1.03,5284.21
SHP-15326,Santos,Rotterdam,10143.8,17,40ft_Standard,Electronics,25718.8,52.4,Tier_1_Alliance,11,1.05,101.1,1.32,9316.31
SHP-15327,Nhava Sheva,Dubai,2089.3,7,LCL_Consolidated,Electronics,3861.5,8.6,Tier_1_Alliance,9,1.25,78.3,1.22,2303.08
SHP-15328,Busan,Long Beach,9355.5,14,LCL_Consolidated,Automotive,1123.7,4.5,Tier_1_Alliance,3,1.05,96.5,1.35,3503.46
SHP-15329,Shanghai,Los Angeles,10471.1,15,40ft_Standard,Textiles,11031.2,41.6,Tier_3_Spot,8,1.25,91.6,1.02,5514.71
SHP-15330,Shanghai,Los Angeles,10584.6,15,LCL_Consolidated,General_Dry,2356.5,12.8,Tier_3_Spot,8,1.25,89.9,1.21,3249.72
SHP-15331,Santos,Rotterdam,10246.1,18,40ft_HighCube,Hazardous_Chemicals,24726.1,54.3,Tier_3_Spot,8,1.25,83.7,1.21,11366.29
SHP-15332,Chennai,Colombo,563.9,3,20ft_Standard,Hazardous_Chemicals,20909.5,29.4,Tier_3_Spot,8,1.25,79.6,1.24,5409.12
SHP-15333,Shanghai,Los Angeles,10459.7,16,40ft_HighCube,Hazardous_Chemicals,23053.7,58.3,Tier_3_Spot,4,1.05,92.6,1.03,8354.64
SHP-15334,Hamburg,Singapore,15805.7,25,40ft_Standard,Textiles,22534.2,60.6,Tier_1_Alliance,1,0.9,78.9,1.07,6279.41
SHP-15335,Santos,Rotterdam,10169.0,20,40ft_Standard,Perishable_Reefer,20262.7,57.2,Tier_1_Alliance,8,1.25,84.6,1.33,12543.04
SHP-15336,Chennai,Colombo,676.8,6,40ft_Standard,Perishable_Reefer,11316.6,58.9,Tier_2_Regional,3,1.05,80.5,1.3,6706.03
SHP-15337,Shanghai,Los Angeles,10585.9,17,20ft_Standard,Perishable_Reefer,10824.6,22.5,Tier_1_Alliance,12,1.05,104.1,1.27,6852.79
SHP-15338,Singapore,Dubai,5913.8,12,20ft_Standard,Perishable_Reefer,14249.8,20.6,Tier_3_Spot,12,1.05,94.3,1.27,4930.36
SHP-15339,Santos,Rotterdam,10226.1,21,LCL_Consolidated,Textiles,4178.1,4.6,Tier_3_Spot,11,1.05,107.8,1.01,2401.53
SHP-15340,Hamburg,Singapore,15728.7,27,40ft_HighCube,General_Dry,11316.6,47.4,Tier_1_Alliance,2,0.9,103.8,1.41,8002.96
SHP-15341,Chennai,Colombo,551.1,2,20ft_Standard,General_Dry,18696.3,18.2,Tier_3_Spot,1,0.9,84.9,0.95,1887.48
SHP-15342,Shanghai,Los Angeles,10408.5,17,40ft_Standard,Automotive,14468.5,66.5,Tier_3_Spot,1,0.9,91.0,1.17,5498.6
SHP-15343,Singapore,Dubai,5884.9,9,LCL_Consolidated,General_Dry,4390.2,5.4,Tier_1_Alliance,9,1.25,78.5,1.32,2879.18
SHP-15344,Shanghai,Rotterdam,19579.4,31,20ft_Standard,General_Dry,6446.2,15.8,Tier_2_Regional,7,1.05,87.1,0.91,3922.45
SHP-15345,Hamburg,Singapore,15803.0,27,40ft_HighCube,Perishable_Reefer,17733.0,46.2,Tier_3_Spot,8,1.25,106.1,0.99,9459.33
SHP-15346,Hamburg,Singapore,15704.0,25,20ft_Standard,Electronics,8496.7,30.7,Tier_3_Spot,1,0.9,86.2,1.4,5415.37
SHP-15347,Nhava Sheva,Dubai,2025.3,7,20ft_Standard,Textiles,15101.6,17.8,Tier_3_Spot,5,1.05,104.9,1.24,3063.32
SHP-15348,Hamburg,Singapore,15821.7,25,40ft_HighCube,Perishable_Reefer,16868.7,57.9,Tier_2_Regional,8,1.25,86.3,1.22,12256.61
SHP-15349,Santos,Rotterdam,10246.4,19,LCL_Consolidated,Automotive,1751.2,10.6,Tier_1_Alliance,5,1.05,72.3,0.88,2307.49
SHP-15350,Chennai,Rotterdam,11567.4,21,40ft_Standard,Perishable_Reefer,11444.6,51.3,Tier_2_Regional,8,1.25,98.3,0.89,7465.24
SHP-15351,Chennai,Colombo,598.1,3,40ft_Standard,Electronics,13852.1,58.2,Tier_1_Alliance,11,1.05,96.7,1.25,6423.77
SHP-15352,Nhava Sheva,Dubai,2096.2,5,40ft_Standard,Electronics,12235.6,45.5,Tier_3_Spot,2,0.9,84.3,0.94,3338.21
SHP-15353,Chennai,Colombo,631.0,5,LCL_Consolidated,Perishable_Reefer,690.3,9.8,Tier_1_Alliance,1,0.9,72.7,1.07,1315.32
SHP-15354,Nhava Sheva,New York,14270.5,25,LCL_Consolidated,Electronics,3792.8,8.0,Tier_3_Spot,4,1.05,94.4,1.22,3765.83
SHP-15355,Nhava Sheva,Dubai,2191.4,8,20ft_Standard,Hazardous_Chemicals,5311.1,32.5,Tier_1_Alliance,11,1.05,96.3,1.4,5696.0
SHP-15356,Nhava Sheva,Dubai,2017.2,6,40ft_HighCube,Textiles,22169.3,46.5,Tier_2_Regional,1,0.9,90.1,1.08,4275.05
SHP-15357,Shanghai,Rotterdam,19492.2,27,40ft_Standard,General_Dry,24721.6,42.1,Tier_3_Spot,12,1.05,91.9,1.39,8350.23
SHP-15358,Chennai,Colombo,560.8,6,40ft_HighCube,Hazardous_Chemicals,16986.9,73.9,Tier_2_Regional,6,1.05,72.6,1.24,8178.57
SHP-15359,Santos,Rotterdam,10208.3,18,40ft_HighCube,Textiles,15370.0,48.4,Tier_3_Spot,5,1.05,78.4,1.0,5067.21
SHP-15360,Hamburg,Singapore,15848.0,25,LCL_Consolidated,General_Dry,2614.7,11.7,Tier_1_Alliance,8,1.25,81.0,1.33,5200.76
SHP-15361,Chennai,Colombo,682.2,2,20ft_Standard,Perishable_Reefer,6466.7,15.8,Tier_2_Regional,5,1.05,100.4,1.33,3794.37
SHP-15362,Chennai,Colombo,566.6,5,40ft_Standard,General_Dry,8685.2,40.0,Tier_3_Spot,7,1.05,77.9,1.23,3874.9
SHP-15363,Chennai,Colombo,612.7,6,20ft_Standard,Perishable_Reefer,3396.6,17.1,Tier_3_Spot,7,1.05,94.2,1.09,2667.06
SHP-15364,Singapore,Fremantle,3993.9,10,LCL_Consolidated,General_Dry,4189.4,12.3,Tier_1_Alliance,3,1.05,91.8,0.95,1750.57
SHP-15365,Nhava Sheva,New York,14241.2,28,40ft_HighCube,Automotive,15476.0,56.2,Tier_2_Regional,4,1.05,72.8,1.15,7398.91
SHP-15366,Nhava Sheva,Dubai,2197.7,7,40ft_Standard,General_Dry,18408.6,66.4,Tier_2_Regional,3,1.05,90.1,1.2,5462.94
SHP-15367,Singapore,Fremantle,3818.9,10,20ft_Standard,Textiles,8755.8,22.1,Tier_2_Regional,7,1.05,79.8,1.37,3503.36
SHP-15368,Santos,Rotterdam,10155.0,21,LCL_Consolidated,Hazardous_Chemicals,3578.4,4.1,Tier_3_Spot,7,1.05,101.1,1.29,4100.37
SHP-15369,Singapore,Fremantle,3932.9,9,40ft_HighCube,Automotive,10980.5,51.1,Tier_1_Alliance,6,1.05,91.2,1.24,6888.19
SHP-15370,Busan,Long Beach,9410.4,15,40ft_HighCube,Perishable_Reefer,27745.1,52.6,Tier_3_Spot,12,1.05,82.4,0.93,6739.22
SHP-15371,Chennai,Rotterdam,11501.4,23,40ft_Standard,Hazardous_Chemicals,24466.7,42.7,Tier_3_Spot,2,0.9,104.2,1.33,8564.78
SHP-15372,Shanghai,Los Angeles,10488.1,14,LCL_Consolidated,Perishable_Reefer,4025.3,5.5,Tier_3_Spot,8,1.25,93.0,1.25,4401.08
SHP-15373,Nhava Sheva,Dubai,2027.5,8,20ft_Standard,Automotive,9950.0,23.5,Tier_1_Alliance,8,1.25,88.3,0.93,3270.9
SHP-15374,Chennai,Rotterdam,11445.2,21,40ft_Standard,General_Dry,23691.0,49.0,Tier_2_Regional,8,1.25,83.2,1.13,7350.93
SHP-15375,Singapore,Dubai,5821.1,13,20ft_Standard,Automotive,14499.1,15.1,Tier_2_Regional,1,0.9,73.0,0.89,2367.58
SHP-15376,Nhava Sheva,New York,14145.5,25,40ft_Standard,Textiles,12973.2,52.5,Tier_1_Alliance,1,0.9,81.2,0.88,4732.94
SHP-15377,Nhava Sheva,New York,14245.3,26,40ft_Standard,General_Dry,19889.0,52.9,Tier_2_Regional,12,1.05,103.7,1.19,6932.05
SHP-15378,Chennai,Colombo,703.6,3,40ft_HighCube,Hazardous_Chemicals,21611.8,67.0,Tier_1_Alliance,5,1.05,83.6,0.92,7005.74
SHP-15379,Busan,Long Beach,9483.9,14,LCL_Consolidated,Automotive,4502.7,6.5,Tier_3_Spot,12,1.05,94.9,1.28,2999.79
SHP-15380,Nhava Sheva,Dubai,2041.3,7,40ft_HighCube,Automotive,15572.2,72.4,Tier_2_Regional,11,1.05,106.7,0.94,5139.46
SHP-15381,Tokyo,Los Angeles,8792.3,10,40ft_Standard,Textiles,18961.5,35.5,Tier_3_Spot,9,1.25,100.4,1.0,5503.66
SHP-15382,Tokyo,Los Angeles,8877.6,13,40ft_HighCube,Perishable_Reefer,20198.1,61.6,Tier_1_Alliance,10,1.25,85.6,1.36,13500.21
SHP-15383,Shanghai,Los Angeles,10475.4,16,20ft_Standard,Perishable_Reefer,18224.7,30.2,Tier_3_Spot,3,1.05,98.2,1.41,7206.67
SHP-15384,Chennai,Colombo,684.8,6,LCL_Consolidated,Textiles,2097.9,13.0,Tier_2_Regional,5,1.05,105.3,1.28,1771.54
SHP-15385,Shanghai,Rotterdam,19568.0,30,LCL_Consolidated,Textiles,3202.1,12.9,Tier_2_Regional,8,1.25,87.6,1.0,4302.21
SHP-15386,Santos,Rotterdam,10258.5,21,20ft_Standard,General_Dry,8725.9,28.2,Tier_2_Regional,7,1.05,90.9,0.98,3510.96
SHP-15387,Busan,Long Beach,9349.6,15,40ft_Standard,Electronics,12298.5,50.0,Tier_3_Spot,5,1.05,96.9,1.38,7260.5
SHP-15388,Busan,Long Beach,9335.1,15,LCL_Consolidated,Hazardous_Chemicals,734.9,5.0,Tier_2_Regional,9,1.25,104.6,1.08,4024.57
SHP-15389,Hamburg,Singapore,15700.6,25,40ft_Standard,General_Dry,25909.8,65.0,Tier_2_Regional,3,1.05,74.4,1.0,6177.96
SHP-15390,Santos,Rotterdam,10166.5,20,40ft_Standard,Textiles,17455.2,35.5,Tier_3_Spot,3,1.05,107.4,1.3,6228.97
SHP-15391,Shanghai,Los Angeles,10517.7,15,40ft_HighCube,Perishable_Reefer,21132.9,51.8,Tier_2_Regional,9,1.25,90.8,1.0,9202.48
SHP-15392,Santos,Rotterdam,10106.4,21,20ft_Standard,Textiles,13821.9,28.1,Tier_3_Spot,7,1.05,76.6,1.25,4263.63
SHP-15393,Santos,Rotterdam,10116.6,19,40ft_Standard,Hazardous_Chemicals,19243.8,53.0,Tier_2_Regional,8,1.25,83.2,1.34,12036.1
SHP-15394,Chennai,Rotterdam,11527.6,23,LCL_Consolidated,Perishable_Reefer,1003.1,7.3,Tier_1_Alliance,3,1.05,82.6,1.17,3978.3
SHP-15395,Shanghai,Rotterdam,19565.7,30,40ft_Standard,Hazardous_Chemicals,15604.9,61.6,Tier_1_Alliance,12,1.05,102.9,1.4,14727.65
SHP-15396,Singapore,Dubai,5820.9,10,LCL_Consolidated,Perishable_Reefer,1697.0,8.1,Tier_1_Alliance,7,1.05,77.9,1.24,2991.57
SHP-15397,Chennai,Rotterdam,11416.7,22,40ft_Standard,General_Dry,23741.8,47.7,Tier_2_Regional,8,1.25,74.2,1.25,7989.35
SHP-15398,Singapore,Fremantle,3815.3,10,20ft_Standard,Perishable_Reefer,3130.6,29.1,Tier_1_Alliance,12,1.05,94.0,1.31,4920.68
SHP-15399,Shanghai,Los Angeles,10543.3,13,LCL_Consolidated,General_Dry,4398.8,8.6,Tier_3_Spot,11,1.05,107.2,0.96,2323.35
SHP-15400,Nhava Sheva,New York,14148.5,29,LCL_Consolidated,General_Dry,657.3,13.0,Tier_2_Regional,7,1.05,75.9,1.38,3646.33
SHP-15401,Nhava Sheva,New York,14194.7,27,20ft_Standard,Perishable_Reefer,7621.7,16.6,Tier_3_Spot,7,1.05,102.1,1.07,5202.94
SHP-15402,Singapore,Dubai,5865.5,10,40ft_Standard,Electronics,14555.2,37.4,Tier_2_Regional,5,1.05,98.9,0.93,4681.58
SHP-15403,Santos,Rotterdam,10182.1,18,20ft_Standard,Textiles,9873.2,19.2,Tier_1_Alliance,7,1.05,97.7,1.15,4457.9
SHP-15404,Shanghai,Rotterdam,19403.8,30,40ft_HighCube,Hazardous_Chemicals,15860.4,72.9,Tier_1_Alliance,6,1.05,102.5,0.88,9977.17
SHP-15405,Singapore,Fremantle,3817.5,9,40ft_Standard,Perishable_Reefer,16298.6,60.8,Tier_2_Regional,11,1.05,87.7,1.11,6744.6
SHP-15406,Santos,Rotterdam,10255.9,20,LCL_Consolidated,Automotive,945.9,12.2,Tier_3_Spot,5,1.05,74.3,1.31,2880.9
SHP-15407,Shanghai,Los Angeles,10454.8,15,LCL_Consolidated,Hazardous_Chemicals,791.7,11.8,Tier_3_Spot,4,1.05,84.5,0.89,2817.73
SHP-15408,Chennai,Rotterdam,11533.7,22,40ft_HighCube,Textiles,25002.5,53.6,Tier_1_Alliance,7,1.05,105.8,1.2,8288.54
SHP-15409,Singapore,Fremantle,3942.2,10,40ft_HighCube,General_Dry,12606.1,59.1,Tier_1_Alliance,1,0.9,73.2,1.21,5290.88
SHP-15410,Singapore,Fremantle,3820.7,8,LCL_Consolidated,Hazardous_Chemicals,4846.9,5.2,Tier_1_Alliance,8,1.25,97.6,1.28,3875.1
SHP-15411,Tokyo,Los Angeles,8719.6,11,20ft_Standard,Hazardous_Chemicals,19736.7,16.7,Tier_1_Alliance,7,1.05,102.9,1.01,5818.25
SHP-15412,Santos,Rotterdam,10246.9,18,40ft_Standard,Perishable_Reefer,13721.0,66.9,Tier_1_Alliance,3,1.05,103.4,1.11,8968.3
SHP-15413,Chennai,Colombo,699.4,2,20ft_Standard,Textiles,6039.0,20.3,Tier_3_Spot,10,1.25,98.8,0.96,2409.88
SHP-15414,Busan,Long Beach,9482.0,13,20ft_Standard,General_Dry,6117.4,19.3,Tier_2_Regional,9,1.25,76.1,0.99,3547.18
SHP-15415,Santos,Rotterdam,10224.5,19,40ft_HighCube,General_Dry,18889.7,47.8,Tier_2_Regional,8,1.25,86.4,1.25,8201.75
SHP-15416,Singapore,Fremantle,3887.3,10,20ft_Standard,General_Dry,5531.6,32.1,Tier_2_Regional,3,1.05,80.5,1.39,3596.83
SHP-15417,Busan,Long Beach,9365.3,12,40ft_Standard,Textiles,14504.8,37.6,Tier_1_Alliance,6,1.05,80.9,1.11,5690.7
SHP-15418,Busan,Long Beach,9450.9,15,40ft_Standard,Textiles,25669.0,57.3,Tier_2_Regional,11,1.05,72.8,1.03,5583.35
SHP-15419,Busan,Long Beach,9305.6,14,20ft_Standard,Hazardous_Chemicals,14972.3,16.6,Tier_2_Regional,7,1.05,91.8,1.17,5751.71
SHP-15420,Singapore,Fremantle,3907.7,7,40ft_Standard,Hazardous_Chemicals,14951.0,40.2,Tier_2_Regional,2,0.9,86.4,1.08,5463.34
SHP-15421,Singapore,Fremantle,3897.6,8,LCL_Consolidated,Textiles,3397.4,10.4,Tier_2_Regional,11,1.05,95.0,1.12,1810.29
SHP-15422,Nhava Sheva,Dubai,2028.3,5,40ft_Standard,Electronics,12539.6,62.4,Tier_1_Alliance,4,1.05,88.3,1.35,7191.08
SHP-15423,Busan,Long Beach,9343.0,16,20ft_Standard,Electronics,7524.7,20.3,Tier_2_Regional,3,1.05,105.6,1.3,4999.02
SHP-15424,Tokyo,Los Angeles,8756.0,12,20ft_Standard,Hazardous_Chemicals,11380.7,27.5,Tier_2_Regional,8,1.25,87.3,1.0,5839.06
SHP-15425,Singapore,Dubai,5815.6,11,LCL_Consolidated,Automotive,3504.8,2.4,Tier_2_Regional,12,1.05,83.6,1.29,2335.68
SHP-15426,Nhava Sheva,Dubai,2035.3,5,40ft_Standard,Hazardous_Chemicals,23044.9,56.2,Tier_2_Regional,4,1.05,82.0,1.08,6915.35
SHP-15427,Singapore,Fremantle,3990.1,9,40ft_HighCube,General_Dry,21737.7,63.7,Tier_3_Spot,8,1.25,83.5,1.32,7515.06
SHP-15428,Chennai,Colombo,577.3,6,20ft_Standard,Textiles,15038.5,15.5,Tier_2_Regional,7,1.05,87.2,1.07,2459.32
SHP-15429,Busan,Long Beach,9300.1,15,40ft_Standard,Electronics,13413.6,56.1,Tier_1_Alliance,8,1.25,88.0,0.95,7070.79
SHP-15430,Singapore,Fremantle,3973.2,11,LCL_Consolidated,Electronics,2831.0,9.0,Tier_2_Regional,3,1.05,87.5,1.07,1851.77
SHP-15431,Tokyo,Los Angeles,8874.3,11,20ft_Standard,Hazardous_Chemicals,12891.8,28.1,Tier_2_Regional,9,1.25,102.8,1.15,7123.36
SHP-15432,Chennai,Rotterdam,11544.9,25,20ft_Standard,Automotive,12259.5,18.3,Tier_3_Spot,1,0.9,92.9,0.95,3066.31
SHP-15433,Shanghai,Los Angeles,10525.2,13,40ft_HighCube,Electronics,21433.8,66.0,Tier_1_Alliance,8,1.25,92.3,0.99,8962.7
SHP-15434,Busan,Long Beach,9331.4,16,40ft_Standard,Automotive,8202.2,45.1,Tier_3_Spot,1,0.9,72.6,1.24,4933.04
SHP-15435,Shanghai,Los Angeles,10433.9,17,40ft_Standard,Hazardous_Chemicals,18299.2,60.3,Tier_2_Regional,9,1.25,104.4,1.01,9605.87
SHP-15436,Singapore,Fremantle,3938.3,9,40ft_Standard,Electronics,22217.7,42.4,Tier_2_Regional,3,1.05,82.8,1.18,5893.76
SHP-15437,Santos,Rotterdam,10193.6,17,20ft_Standard,Electronics,16899.5,16.9,Tier_2_Regional,2,0.9,100.3,0.91,3353.97
SHP-15438,Hamburg,Singapore,15808.4,24,40ft_HighCube,Perishable_Reefer,19112.5,72.6,Tier_1_Alliance,9,1.25,100.7,1.08,12974.6
SHP-15439,Singapore,Fremantle,3832.3,7,40ft_HighCube,General_Dry,11516.7,50.8,Tier_2_Regional,11,1.05,103.0,1.1,5099.56
SHP-15440,Hamburg,Singapore,15892.5,23,LCL_Consolidated,Textiles,3100.3,13.0,Tier_2_Regional,2,0.9,100.1,0.94,2599.38
SHP-15441,Singapore,Fremantle,3979.6,8,LCL_Consolidated,Hazardous_Chemicals,3743.0,5.0,Tier_3_Spot,3,1.05,97.1,1.21,2562.08
SHP-15442,Santos,Rotterdam,10255.4,17,40ft_Standard,Hazardous_Chemicals,18364.5,51.2,Tier_3_Spot,9,1.25,96.8,1.03,8760.17
SHP-15443,Nhava Sheva,Dubai,2139.7,8,LCL_Consolidated,Automotive,2418.7,7.9,Tier_3_Spot,6,1.05,83.2,1.39,1741.45
SHP-15444,Santos,Rotterdam,10272.1,21,40ft_HighCube,Textiles,26616.2,63.4,Tier_3_Spot,6,1.05,100.9,0.92,5490.04
SHP-15445,Singapore,Fremantle,3860.4,10,20ft_Standard,General_Dry,20727.9,25.8,Tier_2_Regional,2,0.9,98.7,1.26,3431.93
SHP-15446,Chennai,Rotterdam,11446.4,22,40ft_Standard,Perishable_Reefer,24249.2,55.0,Tier_1_Alliance,2,0.9,94.5,1.13,8124.26
SHP-15447,Nhava Sheva,Dubai,2053.1,6,20ft_Standard,Hazardous_Chemicals,12595.4,28.0,Tier_2_Regional,9,1.25,95.2,1.11,5216.11
SHP-15448,Nhava Sheva,Dubai,2163.6,4,40ft_HighCube,Textiles,19755.5,46.8,Tier_1_Alliance,2,0.9,74.3,1.04,4426.6
SHP-15449,Nhava Sheva,New York,14122.5,29,40ft_HighCube,Automotive,20753.4,72.7,Tier_2_Regional,10,1.25,77.3,1.26,10535.05
SHP-15450,Shanghai,Rotterdam,19534.3,29,20ft_Standard,Perishable_Reefer,7190.0,26.8,Tier_1_Alliance,7,1.05,83.0,0.94,6294.97
SHP-15451,Nhava Sheva,Dubai,2017.6,7,40ft_HighCube,General_Dry,10011.0,47.9,Tier_3_Spot,9,1.25,74.1,0.94,4263.22
SHP-15452,Nhava Sheva,New York,14101.0,28,40ft_Standard,Automotive,11261.0,61.8,Tier_1_Alliance,4,1.05,77.7,1.07,7236.46
SHP-15453,Singapore,Dubai,5993.1,13,40ft_HighCube,General_Dry,19249.1,64.4,Tier_3_Spot,9,1.25,76.3,1.19,6868.45
SHP-15454,Tokyo,Los Angeles,8830.8,12,40ft_HighCube,General_Dry,20766.1,55.7,Tier_2_Regional,4,1.05,86.4,1.18,6575.42
SHP-15455,Chennai,Rotterdam,11578.5,22,40ft_HighCube,Hazardous_Chemicals,22846.7,61.5,Tier_3_Spot,10,1.25,79.4,1.41,13762.89
SHP-15456,Singapore,Dubai,5923.4,9,20ft_Standard,Automotive,3602.3,15.1,Tier_1_Alliance,10,1.25,83.7,1.21,4329.43
SHP-15457,Nhava Sheva,New York,14220.6,26,40ft_Standard,Electronics,15156.2,53.9,Tier_1_Alliance,3,1.05,86.0,1.09,7723.52
SHP-15458,Chennai,Rotterdam,11552.5,22,20ft_Standard,Perishable_Reefer,3052.5,25.2,Tier_2_Regional,10,1.25,92.4,1.23,6739.66
SHP-15459,Hamburg,Singapore,15755.6,27,20ft_Standard,General_Dry,11053.5,16.0,Tier_2_Regional,2,0.9,87.9,1.08,3723.25
SHP-15460,Nhava Sheva,New York,14103.5,27,40ft_Standard,General_Dry,14884.8,41.9,Tier_3_Spot,8,1.25,82.4,1.03,6125.43
SHP-15461,Busan,Long Beach,9371.5,16,40ft_Standard,Automotive,9531.7,46.7,Tier_1_Alliance,12,1.05,87.6,1.28,7290.77
SHP-15462,Shanghai,Rotterdam,19451.2,31,40ft_Standard,Hazardous_Chemicals,25198.3,38.4,Tier_2_Regional,3,1.05,99.7,1.1,10322.64
SHP-15463,Tokyo,Los Angeles,8802.8,10,20ft_Standard,Perishable_Reefer,19604.8,26.3,Tier_3_Spot,9,1.25,103.4,1.42,8124.48
SHP-15464,Busan,Long Beach,9425.4,13,40ft_Standard,General_Dry,18768.0,36.3,Tier_1_Alliance,4,1.05,72.8,1.22,6226.6
SHP-15465,Tokyo,Los Angeles,8724.1,13,40ft_Standard,Electronics,11110.4,45.7,Tier_3_Spot,9,1.25,91.6,0.93,5586.05
SHP-15466,Busan,Long Beach,9443.3,16,20ft_Standard,Electronics,10917.8,22.5,Tier_3_Spot,6,1.05,102.6,1.17,4429.84
SHP-15467,Chennai,Colombo,749.5,4,40ft_HighCube,Electronics,17002.6,58.5,Tier_2_Regional,12,1.05,100.7,0.89,4696.37
SHP-15468,Singapore,Dubai,5974.0,10,40ft_HighCube,Automotive,25870.5,54.8,Tier_2_Regional,2,0.9,78.6,1.02,5063.48
SHP-15469,Shanghai,Rotterdam,19509.0,30,40ft_HighCube,General_Dry,17037.0,52.9,Tier_3_Spot,10,1.25,72.6,1.34,9808.47
SHP-15470,Santos,Rotterdam,10240.7,17,20ft_Standard,Hazardous_Chemicals,19755.2,20.4,Tier_2_Regional,10,1.25,87.2,1.23,8007.6
SHP-15471,Shanghai,Rotterdam,19428.9,27,LCL_Consolidated,Hazardous_Chemicals,2982.5,11.9,Tier_1_Alliance,8,1.25,101.4,1.39,9586.6
SHP-15472,Busan,Long Beach,9343.4,16,20ft_Standard,Perishable_Reefer,10026.7,22.2,Tier_2_Regional,6,1.05,97.3,1.34,6134.48
SHP-15473,Santos,Rotterdam,10159.5,17,40ft_Standard,General_Dry,16654.7,54.0,Tier_2_Regional,1,0.9,86.6,1.37,6037.49
SHP-15474,Tokyo,Los Angeles,8713.1,11,40ft_HighCube,Hazardous_Chemicals,24322.7,58.6,Tier_1_Alliance,4,1.05,87.7,1.06,9668.45
SHP-15475,Santos,Rotterdam,10259.5,20,20ft_Standard,General_Dry,5503.0,17.6,Tier_3_Spot,2,0.9,99.5,1.11,3007.25
SHP-15476,Shanghai,Los Angeles,10441.3,17,40ft_Standard,Hazardous_Chemicals,24265.9,35.0,Tier_1_Alliance,8,1.25,107.9,1.4,14119.34
SHP-15477,Shanghai,Los Angeles,10571.8,15,40ft_HighCube,Automotive,25081.7,51.3,Tier_1_Alliance,7,1.05,75.5,1.06,7360.13
SHP-15478,Singapore,Dubai,5987.6,12,20ft_Standard,General_Dry,20771.3,32.5,Tier_3_Spot,9,1.25,76.6,0.99,3719.56
SHP-15479,Shanghai,Los Angeles,10528.7,13,20ft_Standard,Electronics,18520.3,27.3,Tier_2_Regional,1,0.9,81.9,1.42,5384.99
SHP-15480,Busan,Long Beach,9379.8,14,20ft_Standard,Perishable_Reefer,12801.8,28.9,Tier_1_Alliance,12,1.05,100.7,1.0,5529.63
SHP-15481,Nhava Sheva,New York,14252.0,27,LCL_Consolidated,Hazardous_Chemicals,2781.9,5.9,Tier_3_Spot,7,1.05,78.4,1.33,4835.84
SHP-15482,Busan,Long Beach,9411.1,15,40ft_HighCube,Electronics,11917.0,60.8,Tier_3_Spot,9,1.25,105.6,1.34,9561.07
SHP-15483,Nhava Sheva,Dubai,2075.7,8,40ft_Standard,General_Dry,10702.0,57.5,Tier_2_Regional,10,1.25,86.9,1.08,5164.82
SHP-15484,Tokyo,Los Angeles,8793.4,10,LCL_Consolidated,Perishable_Reefer,3422.6,4.5,Tier_1_Alliance,1,0.9,79.5,0.95,2307.28
SHP-15485,Nhava Sheva,New York,14186.8,29,20ft_Standard,Perishable_Reefer,4721.7,17.8,Tier_1_Alliance,2,0.9,101.9,1.32,6371.91
SHP-15486,Shanghai,Rotterdam,19467.2,29,20ft_Standard,Electronics,4807.7,16.9,Tier_2_Regional,9,1.25,78.9,1.36,7829.87
SHP-15487,Nhava Sheva,Dubai,2058.1,4,LCL_Consolidated,Automotive,825.7,12.8,Tier_3_Spot,5,1.05,107.8,1.26,1931.06
SHP-15488,Santos,Rotterdam,10173.1,20,LCL_Consolidated,Textiles,4675.7,11.1,Tier_2_Regional,7,1.05,77.4,0.99,2302.24
SHP-15489,Chennai,Colombo,716.7,2,LCL_Consolidated,General_Dry,1113.5,4.7,Tier_3_Spot,6,1.05,96.8,1.14,1125.85
SHP-15490,Singapore,Dubai,5824.4,12,40ft_HighCube,Perishable_Reefer,27630.8,70.1,Tier_2_Regional,12,1.05,106.0,0.99,7798.6
SHP-15491,Chennai,Rotterdam,11409.5,22,40ft_Standard,Hazardous_Chemicals,10323.2,66.0,Tier_1_Alliance,8,1.25,75.3,1.42,14119.37
SHP-15492,Singapore,Dubai,5845.6,10,40ft_Standard,Textiles,14400.7,37.7,Tier_3_Spot,10,1.25,94.4,1.12,5489.65
SHP-15493,Busan,Long Beach,9332.0,12,20ft_Standard,General_Dry,5402.7,32.8,Tier_2_Regional,3,1.05,87.9,1.34,4576.95
SHP-15494,Singapore,Fremantle,3986.2,11,40ft_Standard,Textiles,15590.1,50.1,Tier_1_Alliance,11,1.05,81.2,0.91,4356.63
SHP-15495,Busan,Long Beach,9439.7,12,20ft_Standard,Perishable_Reefer,18535.6,19.4,Tier_3_Spot,1,0.9,74.8,1.21,4503.19
SHP-15496,Nhava Sheva,New York,14106.2,27,LCL_Consolidated,General_Dry,4193.2,4.2,Tier_1_Alliance,1,0.9,83.2,1.06,2701.76
SHP-15497,Hamburg,Singapore,15879.7,27,LCL_Consolidated,Textiles,900.3,4.4,Tier_2_Regional,10,1.25,84.9,1.13,3843.58
SHP-15498,Santos,Rotterdam,10136.3,20,40ft_Standard,Automotive,21280.8,35.3,Tier_1_Alliance,6,1.05,100.4,0.98,5957.63
SHP-15499,Singapore,Dubai,5905.8,13,20ft_Standard,Perishable_Reefer,13774.2,28.1,Tier_2_Regional,7,1.05,84.8,1.14,4856.96
SHP-15500,Hamburg,Singapore,15762.9,24,40ft_HighCube,Automotive,19974.3,48.1,Tier_1_Alliance,7,1.05,80.5,0.92,6912.36
SHP-15501,Santos,Rotterdam,10254.2,19,40ft_Standard,Hazardous_Chemicals,12709.4,57.5,Tier_2_Regional,2,0.9,106.2,1.1,7224.22
SHP-15502,Busan,Long Beach,9401.9,15,20ft_Standard,Automotive,5610.0,18.8,Tier_1_Alliance,12,1.05,81.6,1.03,3813.52
SHP-15503,Singapore,Fremantle,3959.7,9,LCL_Consolidated,Textiles,2911.4,8.3,Tier_2_Regional,11,1.05,86.2,1.21,1797.35
SHP-15504,Busan,Long Beach,9362.1,14,20ft_Standard,Textiles,6188.2,26.3,Tier_2_Regional,8,1.25,77.1,1.28,4895.13
SHP-15505,Nhava Sheva,New York,14151.3,28,20ft_Standard,Perishable_Reefer,6949.5,29.2,Tier_1_Alliance,2,0.9,81.7,1.37,6809.11
SHP-15506,Shanghai,Los Angeles,10488.1,15,LCL_Consolidated,General_Dry,1452.0,9.2,Tier_1_Alliance,6,1.05,81.5,1.28,3106.82
SHP-15507,Santos,Rotterdam,10284.1,19,20ft_Standard,Electronics,6110.2,32.3,Tier_2_Regional,7,1.05,100.6,1.12,4511.99
SHP-15508,Santos,Rotterdam,10143.5,21,LCL_Consolidated,Automotive,1585.4,9.3,Tier_1_Alliance,12,1.05,79.7,1.1,2903.18
SHP-15509,Hamburg,Singapore,15732.2,26,40ft_HighCube,Electronics,12083.5,63.6,Tier_3_Spot,11,1.05,100.2,1.19,8139.52
SHP-15510,Nhava Sheva,Dubai,2109.8,5,20ft_Standard,Automotive,6793.8,31.5,Tier_3_Spot,6,1.05,72.5,1.01,2452.73
SHP-15511,Tokyo,Los Angeles,8760.7,12,40ft_HighCube,General_Dry,10662.5,60.8,Tier_2_Regional,6,1.05,75.4,0.93,4831.64
SHP-15512,Hamburg,Singapore,15726.6,27,40ft_HighCube,Perishable_Reefer,17325.6,47.2,Tier_3_Spot,12,1.05,99.1,1.38,10900.04
SHP-15513,Santos,Rotterdam,10192.4,18,40ft_HighCube,Electronics,24907.6,74.7,Tier_3_Spot,5,1.05,81.7,1.08,7197.18
SHP-15514,Shanghai,Rotterdam,19416.7,29,LCL_Consolidated,Hazardous_Chemicals,3425.9,2.8,Tier_1_Alliance,5,1.05,85.9,0.99,5321.72
SHP-15515,Tokyo,Los Angeles,8752.3,12,40ft_HighCube,Hazardous_Chemicals,11606.7,65.3,Tier_1_Alliance,3,1.05,74.6,1.21,10121.09
SHP-15516,Santos,Rotterdam,10260.0,21,40ft_HighCube,Automotive,13680.5,49.0,Tier_1_Alliance,1,0.9,106.5,1.35,7747.55
SHP-15517,Nhava Sheva,Dubai,2011.2,8,40ft_Standard,General_Dry,20625.2,55.9,Tier_3_Spot,3,1.05,77.5,0.9,3621.88
SHP-15518,Busan,Long Beach,9490.9,14,20ft_Standard,Perishable_Reefer,10335.6,29.1,Tier_2_Regional,8,1.25,73.6,1.31,6995.48
SHP-15519,Santos,Rotterdam,10180.8,21,40ft_Standard,Textiles,10860.3,40.3,Tier_3_Spot,12,1.05,86.7,1.04,4613.95
SHP-15520,Santos,Rotterdam,10286.1,17,LCL_Consolidated,Perishable_Reefer,1974.8,12.2,Tier_1_Alliance,10,1.25,95.7,0.98,4149.36
SHP-15521,Santos,Rotterdam,10265.8,19,20ft_Standard,Textiles,5540.2,18.9,Tier_1_Alliance,6,1.05,105.0,0.91,3405.57
SHP-15522,Shanghai,Los Angeles,10467.6,15,40ft_Standard,Perishable_Reefer,12652.1,48.7,Tier_3_Spot,4,1.05,88.7,1.11,7033.25
SHP-15523,Santos,Rotterdam,10165.7,20,40ft_HighCube,Hazardous_Chemicals,13789.5,47.7,Tier_1_Alliance,9,1.25,78.3,0.94,9322.05
SHP-15524,Singapore,Fremantle,3945.4,9,LCL_Consolidated,Electronics,4503.8,6.2,Tier_1_Alliance,6,1.05,107.3,0.97,2060.17
SHP-15525,Hamburg,Singapore,15862.1,27,40ft_HighCube,Hazardous_Chemicals,10014.4,57.0,Tier_2_Regional,10,1.25,82.3,1.08,11165.54
SHP-15526,Shanghai,Rotterdam,19593.4,28,LCL_Consolidated,General_Dry,1215.4,13.8,Tier_2_Regional,9,1.25,82.1,1.19,4927.13
SHP-15527,Nhava Sheva,Dubai,2192.2,8,40ft_Standard,Textiles,19416.8,52.9,Tier_3_Spot,12,1.05,97.6,1.35,5626.27
SHP-15528,Tokyo,Los Angeles,8815.7,10,20ft_Standard,General_Dry,14383.7,21.1,Tier_2_Regional,12,1.05,78.5,1.07,3530.52
SHP-15529,Singapore,Dubai,5946.9,9,40ft_HighCube,Electronics,13803.6,75.9,Tier_3_Spot,2,0.9,106.1,1.35,6832.8
SHP-15530,Nhava Sheva,New York,14186.4,26,LCL_Consolidated,General_Dry,3370.9,8.0,Tier_2_Regional,5,1.05,97.4,1.36,3971.71
SHP-15531,Chennai,Rotterdam,11575.0,23,20ft_Standard,Electronics,14169.7,29.5,Tier_3_Spot,1,0.9,103.9,1.12,4129.28
SHP-15532,Singapore,Fremantle,3999.2,11,LCL_Consolidated,Perishable_Reefer,3024.3,12.1,Tier_3_Spot,1,0.9,105.5,1.15,2252.18
SHP-15533,Singapore,Fremantle,3820.1,9,20ft_Standard,Textiles,18557.1,18.1,Tier_2_Regional,5,1.05,92.0,1.12,3324.7
SHP-15534,Singapore,Dubai,5926.6,11,20ft_Standard,Hazardous_Chemicals,20421.0,19.7,Tier_2_Regional,11,1.05,90.4,1.29,6062.76
SHP-15535,Tokyo,Los Angeles,8792.6,14,40ft_HighCube,General_Dry,22566.3,57.4,Tier_2_Regional,10,1.25,101.9,0.95,6629.08
SHP-15536,Nhava Sheva,New York,14287.0,26,LCL_Consolidated,Textiles,652.4,2.8,Tier_3_Spot,9,1.25,90.8,1.24,3681.45
SHP-15537,Singapore,Dubai,5939.8,12,40ft_Standard,Electronics,22052.6,57.1,Tier_1_Alliance,10,1.25,83.2,1.3,9520.64
SHP-15538,Singapore,Fremantle,3820.0,7,40ft_HighCube,Textiles,13347.5,74.6,Tier_3_Spot,9,1.25,82.9,1.13,6343.81
SHP-15539,Hamburg,Singapore,15798.1,26,40ft_HighCube,General_Dry,16050.3,69.1,Tier_2_Regional,5,1.05,105.0,1.28,8537.62
SHP-15540,Chennai,Colombo,661.2,5,40ft_Standard,Textiles,9823.9,44.5,Tier_2_Regional,7,1.05,74.5,1.41,5051.81
SHP-15541,Nhava Sheva,New York,14118.9,28,40ft_HighCube,Automotive,27830.3,49.3,Tier_2_Regional,2,0.9,104.6,0.94,5820.28
SHP-15542,Tokyo,Los Angeles,8798.8,13,40ft_Standard,Hazardous_Chemicals,19485.8,43.7,Tier_2_Regional,12,1.05,79.3,1.06,7494.93
SHP-15543,Chennai,Rotterdam,11424.5,21,20ft_Standard,Electronics,19630.4,31.8,Tier_3_Spot,9,1.25,79.3,0.94,4851.65
SHP-15544,Singapore,Dubai,5914.3,9,40ft_HighCube,General_Dry,11527.1,68.0,Tier_1_Alliance,1,0.9,101.0,1.23,6021.67
SHP-15545,Singapore,Dubai,5893.5,13,20ft_Standard,Hazardous_Chemicals,11551.3,22.9,Tier_3_Spot,10,1.25,103.3,1.03,5087.49
SHP-15546,Shanghai,Los Angeles,10437.8,17,20ft_Standard,Electronics,4219.3,19.6,Tier_3_Spot,12,1.05,91.4,1.02,3644.57
SHP-15547,Chennai,Colombo,699.9,6,20ft_Standard,Textiles,3777.6,18.2,Tier_2_Regional,9,1.25,95.2,1.08,2664.52
SHP-15548,Singapore,Dubai,5946.5,12,40ft_HighCube,Electronics,14941.2,66.0,Tier_2_Regional,11,1.05,88.6,1.39,8255.27
SHP-15549,Hamburg,Singapore,15824.9,23,40ft_HighCube,Textiles,17172.7,58.5,Tier_2_Regional,11,1.05,76.7,1.35,8647.06
SHP-15550,Chennai,Colombo,705.0,3,LCL_Consolidated,Electronics,4026.6,11.3,Tier_1_Alliance,12,1.05,76.2,1.38,1902.33
SHP-15551,Santos,Rotterdam,10187.5,17,LCL_Consolidated,Textiles,1436.4,13.7,Tier_1_Alliance,12,1.05,82.0,1.0,2587.47
SHP-15552,Chennai,Colombo,739.2,2,40ft_Standard,Automotive,8366.5,41.4,Tier_3_Spot,9,1.25,97.9,1.05,4594.0
SHP-15553,Busan,Long Beach,9471.4,16,20ft_Standard,Electronics,8456.9,15.0,Tier_3_Spot,3,1.05,88.2,0.99,3391.77
SHP-15554,Busan,Long Beach,9326.4,15,40ft_HighCube,Automotive,11958.3,72.1,Tier_2_Regional,5,1.05,101.1,1.13,7096.51
SHP-15555,Chennai,Rotterdam,11452.8,24,40ft_HighCube,General_Dry,14219.9,60.2,Tier_2_Regional,10,1.25,78.0,1.36,9053.99
SHP-15556,Chennai,Rotterdam,11567.3,24,20ft_Standard,Automotive,7484.3,24.3,Tier_1_Alliance,1,0.9,106.5,0.89,3427.19
SHP-15557,Santos,Rotterdam,10227.3,21,LCL_Consolidated,Automotive,2395.6,7.8,Tier_1_Alliance,9,1.25,77.0,1.02,3244.24
SHP-15558,Shanghai,Rotterdam,19526.3,28,20ft_Standard,Automotive,5686.2,32.1,Tier_1_Alliance,2,0.9,76.6,1.18,5520.85
SHP-15559,Hamburg,Singapore,15824.7,24,40ft_HighCube,Automotive,23924.6,73.1,Tier_1_Alliance,12,1.05,104.3,1.0,8508.38
SHP-15560,Chennai,Colombo,578.7,4,40ft_HighCube,Electronics,11285.3,68.8,Tier_2_Regional,7,1.05,102.6,1.16,6035.04
SHP-15561,Tokyo,Los Angeles,8805.0,10,40ft_HighCube,Automotive,21667.4,53.4,Tier_3_Spot,11,1.05,78.0,1.24,6974.57
SHP-15562,Nhava Sheva,Dubai,2137.2,5,40ft_Standard,Electronics,24909.9,44.6,Tier_3_Spot,7,1.05,76.3,1.2,5417.91
SHP-15563,Chennai,Colombo,566.2,6,20ft_Standard,Automotive,6542.5,31.9,Tier_2_Regional,2,0.9,80.6,1.0,2129.75
SHP-15564,Busan,Long Beach,9363.6,13,20ft_Standard,Hazardous_Chemicals,14916.2,29.9,Tier_2_Regional,5,1.05,88.1,0.96,5067.68
SHP-15565,Chennai,Rotterdam,11542.9,23,LCL_Consolidated,Hazardous_Chemicals,1243.8,4.1,Tier_2_Regional,6,1.05,94.1,1.34,4644.25
SHP-15566,Nhava Sheva,Dubai,2006.4,7,40ft_HighCube,Automotive,21659.5,61.3,Tier_2_Regional,8,1.25,102.2,1.34,8761.76
SHP-15567,Shanghai,Los Angeles,10546.8,13,LCL_Consolidated,Textiles,4238.3,11.4,Tier_1_Alliance,4,1.05,72.1,1.39,3627.23
SHP-15568,Chennai,Colombo,598.6,5,LCL_Consolidated,Perishable_Reefer,4794.3,6.3,Tier_2_Regional,9,1.25,87.9,1.14,2094.81
SHP-15569,Nhava Sheva,New York,14245.4,27,LCL_Consolidated,Electronics,1546.8,13.9,Tier_1_Alliance,9,1.25,79.6,1.29,5355.0
SHP-15570,Singapore,Fremantle,3993.3,8,40ft_Standard,Automotive,24744.5,58.9,Tier_3_Spot,5,1.05,100.1,0.91,4604.62
SHP-15571,Hamburg,Singapore,15818.8,25,LCL_Consolidated,Perishable_Reefer,4783.8,4.0,Tier_1_Alliance,12,1.05,103.9,0.94,4330.99
SHP-15572,Busan,Long Beach,9435.3,12,LCL_Consolidated,Automotive,2303.7,5.4,Tier_3_Spot,1,0.9,103.7,1.31,2604.39
SHP-15573,Shanghai,Rotterdam,19431.7,29,40ft_Standard,Perishable_Reefer,15680.5,62.8,Tier_2_Regional,12,1.05,80.8,1.41,12134.11
SHP-15574,Shanghai,Los Angeles,10410.9,16,20ft_Standard,General_Dry,11031.7,26.5,Tier_1_Alliance,6,1.05,97.0,1.13,4494.24
SHP-15575,Singapore,Dubai,5896.0,11,20ft_Standard,General_Dry,11159.3,20.5,Tier_2_Regional,5,1.05,81.4,1.21,3352.58
SHP-15576,Singapore,Fremantle,3958.0,11,20ft_Standard,Textiles,20085.5,27.6,Tier_2_Regional,8,1.25,94.6,1.16,4440.21
SHP-15577,Busan,Long Beach,9442.3,12,40ft_Standard,General_Dry,25587.4,66.5,Tier_1_Alliance,10,1.25,102.6,1.0,7572.22
SHP-15578,Santos,Rotterdam,10246.1,17,40ft_Standard,Electronics,10171.9,52.1,Tier_2_Regional,2,0.9,100.1,1.26,6174.34
SHP-15579,Santos,Rotterdam,10103.7,18,40ft_Standard,General_Dry,17171.9,62.4,Tier_1_Alliance,1,0.9,78.9,1.08,5367.28
SHP-15580,Nhava Sheva,Dubai,2021.1,5,LCL_Consolidated,Textiles,992.0,13.2,Tier_1_Alliance,10,1.25,85.3,1.25,2227.69
SHP-15581,Singapore,Dubai,5910.2,13,20ft_Standard,Automotive,11975.5,21.6,Tier_3_Spot,10,1.25,88.6,0.95,3500.73
SHP-15582,Shanghai,Los Angeles,10528.4,14,LCL_Consolidated,Automotive,3298.7,3.7,Tier_1_Alliance,9,1.25,80.5,1.31,4227.4
SHP-15583,Santos,Rotterdam,10215.0,21,LCL_Consolidated,Electronics,923.6,2.5,Tier_3_Spot,3,1.05,73.1,1.39,2996.12
SHP-15584,Chennai,Colombo,662.4,3,20ft_Standard,Electronics,4144.5,22.0,Tier_3_Spot,2,0.9,104.9,1.29,2652.61
SHP-15585,Tokyo,Los Angeles,8778.6,10,LCL_Consolidated,Textiles,3643.3,13.4,Tier_2_Regional,12,1.05,86.7,1.35,3033.49
SHP-15586,Singapore,Dubai,5854.5,11,20ft_Standard,General_Dry,9319.1,15.8,Tier_3_Spot,6,1.05,81.5,0.97,2416.78
SHP-15587,Shanghai,Los Angeles,10464.6,16,40ft_Standard,General_Dry,9844.6,51.1,Tier_3_Spot,1,0.9,90.9,0.95,3651.1
SHP-15588,Tokyo,Los Angeles,8760.3,11,20ft_Standard,Electronics,14531.7,23.6,Tier_1_Alliance,3,1.05,89.5,1.37,6037.87
SHP-15589,Shanghai,Rotterdam,19431.6,29,40ft_Standard,Perishable_Reefer,25480.7,63.5,Tier_3_Spot,3,1.05,80.7,1.35,11614.21
SHP-15590,Busan,Long Beach,9353.3,14,20ft_Standard,Textiles,9906.7,30.5,Tier_2_Regional,9,1.25,77.7,1.13,4612.47
SHP-15591,Shanghai,Rotterdam,19558.9,30,40ft_Standard,Perishable_Reefer,16390.9,55.9,Tier_2_Regional,9,1.25,97.2,1.1,11373.31
SHP-15592,Shanghai,Rotterdam,19437.7,29,LCL_Consolidated,Textiles,3372.9,7.3,Tier_2_Regional,1,0.9,94.1,1.31,3957.22
SHP-15593,Nhava Sheva,Dubai,2051.9,8,LCL_Consolidated,Textiles,2767.8,3.1,Tier_3_Spot,12,1.05,82.5,1.41,1553.27
SHP-15594,Shanghai,Los Angeles,10522.8,17,20ft_Standard,Perishable_Reefer,16533.8,22.0,Tier_2_Regional,1,0.9,83.7,1.29,5509.74
SHP-15595,Singapore,Fremantle,3800.4,11,20ft_Standard,General_Dry,3420.0,23.7,Tier_1_Alliance,12,1.05,89.0,1.01,2628.54
SHP-15596,Nhava Sheva,New York,14298.4,29,40ft_Standard,Textiles,11660.5,55.5,Tier_2_Regional,2,0.9,93.1,1.14,5575.63
SHP-15597,Busan,Long Beach,9309.5,13,40ft_Standard,Hazardous_Chemicals,21196.3,37.8,Tier_1_Alliance,4,1.05,80.3,1.24,9626.64
SHP-15598,Shanghai,Los Angeles,10494.9,15,40ft_HighCube,Hazardous_Chemicals,21876.6,55.9,Tier_2_Regional,5,1.05,99.7,1.37,11723.64
SHP-15599,Shanghai,Los Angeles,10488.7,16,40ft_Standard,Hazardous_Chemicals,22347.1,61.1,Tier_2_Regional,12,1.05,96.7,1.38,11279.47
SHP-15600,Nhava Sheva,New York,14191.1,25,LCL_Consolidated,Perishable_Reefer,2243.7,8.8,Tier_3_Spot,10,1.25,98.8,0.95,4099.13
SHP-15601,Chennai,Rotterdam,11536.2,24,20ft_Standard,Electronics,10723.3,32.5,Tier_2_Regional,3,1.05,78.9,1.08,4622.76
SHP-15602,Tokyo,Los Angeles,8726.2,14,40ft_Standard,General_Dry,16862.1,62.5,Tier_3_Spot,8,1.25,92.3,1.2,6962.09
SHP-15603,Shanghai,Los Angeles,10500.1,13,40ft_Standard,General_Dry,24169.1,42.0,Tier_1_Alliance,12,1.05,100.4,0.94,5607.41
SHP-15604,Hamburg,Singapore,15795.7,23,40ft_Standard,Perishable_Reefer,11068.5,45.4,Tier_1_Alliance,12,1.05,75.7,0.99,7973.14
SHP-15605,Shanghai,Rotterdam,19483.9,31,40ft_HighCube,Hazardous_Chemicals,18771.0,50.7,Tier_1_Alliance,9,1.25,78.6,1.37,17254.87
SHP-15606,Singapore,Dubai,5805.6,9,40ft_Standard,Hazardous_Chemicals,10387.6,36.4,Tier_3_Spot,4,1.05,78.7,1.18,6370.7
SHP-15607,Nhava Sheva,New York,14208.2,29,20ft_Standard,Electronics,11666.5,26.1,Tier_2_Regional,11,1.05,87.1,1.37,6352.34
SHP-15608,Santos,Rotterdam,10193.3,18,20ft_Standard,Electronics,11823.5,25.7,Tier_1_Alliance,5,1.05,73.8,1.21,5299.25
SHP-15609,Chennai,Colombo,620.1,3,LCL_Consolidated,Perishable_Reefer,2907.7,11.6,Tier_3_Spot,9,1.25,76.0,1.28,2061.43
SHP-15610,Nhava Sheva,New York,14242.6,28,LCL_Consolidated,Automotive,4361.6,13.6,Tier_3_Spot,9,1.25,82.5,1.06,3802.51
SHP-15611,Singapore,Fremantle,3830.7,11,40ft_HighCube,Automotive,17677.8,52.7,Tier_3_Spot,9,1.25,84.1,1.37,8047.38
SHP-15612,Singapore,Dubai,5807.8,12,40ft_HighCube,Textiles,21408.9,73.3,Tier_2_Regional,4,1.05,97.0,0.91,5247.74
SHP-15613,Nhava Sheva,New York,14109.4,28,40ft_HighCube,Electronics,18150.3,70.2,Tier_3_Spot,10,1.25,94.2,0.97,8019.63
SHP-15614,Shanghai,Rotterdam,19494.5,29,20ft_Standard,Electronics,9053.9,19.5,Tier_1_Alliance,12,1.05,101.2,1.24,7208.51
SHP-15615,Shanghai,Los Angeles,10591.8,14,40ft_HighCube,Hazardous_Chemicals,22194.1,62.7,Tier_2_Regional,6,1.05,105.5,1.22,10675.23
SHP-15616,Nhava Sheva,Dubai,2136.2,7,40ft_HighCube,Automotive,15945.2,69.2,Tier_1_Alliance,8,1.25,106.8,0.96,6868.61
SHP-15617,Singapore,Fremantle,3875.0,10,40ft_Standard,Automotive,25276.6,45.2,Tier_1_Alliance,2,0.9,86.7,1.17,5496.54
SHP-15618,Hamburg,Singapore,15785.2,26,LCL_Consolidated,Automotive,558.6,10.3,Tier_2_Regional,1,0.9,88.5,1.13,3149.82
SHP-15619,Shanghai,Los Angeles,10434.0,13,LCL_Consolidated,Perishable_Reefer,2897.6,4.6,Tier_2_Regional,2,0.9,82.3,1.24,3154.23
SHP-15620,Shanghai,Rotterdam,19460.7,27,40ft_Standard,Automotive,24431.5,54.6,Tier_1_Alliance,7,1.05,84.0,1.24,9871.94
SHP-15621,Shanghai,Rotterdam,19549.5,29,40ft_HighCube,General_Dry,14883.2,50.6,Tier_3_Spot,3,1.05,91.4,1.33,8154.04
SHP-15622,Busan,Long Beach,9380.3,13,40ft_Standard,Automotive,25559.9,63.9,Tier_1_Alliance,2,0.9,95.9,1.3,7589.01
SHP-15623,Tokyo,Los Angeles,8826.9,11,LCL_Consolidated,Automotive,4665.3,10.8,Tier_1_Alliance,6,1.05,91.4,1.09,3011.68
SHP-15624,Chennai,Rotterdam,11494.9,23,40ft_Standard,Hazardous_Chemicals,20564.1,50.6,Tier_3_Spot,10,1.25,78.9,1.12,9761.2
SHP-15625,Hamburg,Singapore,15885.9,23,20ft_Standard,Automotive,17830.6,20.9,Tier_3_Spot,4,1.05,105.3,0.92,4303.12
SHP-15626,Singapore,Dubai,5889.4,13,LCL_Consolidated,General_Dry,2398.3,2.6,Tier_1_Alliance,9,1.25,97.6,1.21,2746.12
SHP-15627,Shanghai,Rotterdam,19599.4,31,40ft_HighCube,Electronics,20628.0,65.7,Tier_2_Regional,9,1.25,105.6,1.33,13174.26
SHP-15628,Hamburg,Singapore,15842.3,27,20ft_Standard,Automotive,8940.5,16.9,Tier_2_Regional,9,1.25,106.5,1.36,7345.63
SHP-15629,Tokyo,Los Angeles,8789.1,12,LCL_Consolidated,Electronics,875.7,9.7,Tier_1_Alliance,9,1.25,99.5,1.04,3424.0
SHP-15630,Chennai,Colombo,607.0,5,LCL_Consolidated,General_Dry,678.5,11.2,Tier_2_Regional,6,1.05,98.6,1.18,1353.3
SHP-15631,Tokyo,Los Angeles,8834.0,12,40ft_HighCube,Perishable_Reefer,23550.2,67.3,Tier_2_Regional,3,1.05,102.7,1.26,10232.02
SHP-15632,Singapore,Dubai,5816.5,9,40ft_HighCube,Perishable_Reefer,12706.0,59.1,Tier_2_Regional,2,0.9,105.5,1.07,6323.21
SHP-15633,Hamburg,Singapore,15732.4,26,20ft_Standard,Automotive,17800.0,17.3,Tier_1_Alliance,10,1.25,77.4,0.9,5472.42
SHP-15634,Shanghai,Rotterdam,19451.0,28,20ft_Standard,Perishable_Reefer,16710.5,20.0,Tier_3_Spot,12,1.05,105.3,0.9,5573.81
SHP-15635,Santos,Rotterdam,10180.4,19,40ft_Standard,Electronics,16727.4,45.5,Tier_1_Alliance,9,1.25,79.6,1.16,8690.86
SHP-15636,Busan,Long Beach,9460.4,13,20ft_Standard,Hazardous_Chemicals,7481.9,17.8,Tier_3_Spot,5,1.05,90.4,1.38,6067.89
SHP-15637,Santos,Rotterdam,10132.9,18,20ft_Standard,Perishable_Reefer,10825.9,18.7,Tier_2_Regional,8,1.25,94.0,1.37,7513.11
SHP-15638,Nhava Sheva,New York,14107.0,25,20ft_Standard,Electronics,19790.0,15.0,Tier_3_Spot,1,0.9,79.4,0.97,3619.61
SHP-15639,Hamburg,Singapore,15779.8,23,LCL_Consolidated,Automotive,2786.6,8.1,Tier_1_Alliance,7,1.05,100.7,1.05,3937.81
SHP-15640,Singapore,Fremantle,3983.8,11,20ft_Standard,Perishable_Reefer,20161.1,27.5,Tier_1_Alliance,7,1.05,84.4,0.96,4446.14
SHP-15641,Busan,Long Beach,9421.8,14,40ft_Standard,Hazardous_Chemicals,21643.7,39.9,Tier_1_Alliance,10,1.25,76.2,1.4,13018.57
SHP-15642,Shanghai,Rotterdam,19440.6,29,40ft_Standard,Perishable_Reefer,25261.2,49.8,Tier_1_Alliance,7,1.05,98.8,1.37,13419.33
SHP-15643,Hamburg,Singapore,15733.4,24,40ft_Standard,Electronics,8447.8,61.2,Tier_3_Spot,1,0.9,99.5,1.14,6180.02
SHP-15644,Santos,Rotterdam,10108.9,20,LCL_Consolidated,Hazardous_Chemicals,2283.1,8.5,Tier_2_Regional,5,1.05,107.7,1.37,4870.37
SHP-15645,Singapore,Dubai,5914.9,12,40ft_HighCube,General_Dry,19856.8,71.5,Tier_2_Regional,4,1.05,75.4,0.95,4993.62
SHP-15646,Nhava Sheva,Dubai,2044.5,6,40ft_Standard,Hazardous_Chemicals,16976.0,40.5,Tier_3_Spot,8,1.25,82.3,1.22,7649.76
SHP-15647,Santos,Rotterdam,10144.3,19,20ft_Standard,Hazardous_Chemicals,9835.8,25.1,Tier_1_Alliance,12,1.05,86.7,1.09,6084.27
SHP-15648,Santos,Rotterdam,10215.5,18,40ft_Standard,Automotive,16170.0,62.9,Tier_3_Spot,4,1.05,106.3,0.95,5448.52
SHP-15649,Tokyo,Los Angeles,8778.6,11,40ft_HighCube,Textiles,26899.6,69.1,Tier_3_Spot,7,1.05,79.8,1.07,6128.07
SHP-15650,Shanghai,Rotterdam,19531.1,27,20ft_Standard,Electronics,14838.8,27.1,Tier_1_Alliance,10,1.25,101.1,1.02,7616.52
SHP-15651,Santos,Rotterdam,10218.4,21,40ft_HighCube,Electronics,13443.8,72.9,Tier_2_Regional,10,1.25,85.2,1.39,10947.16
SHP-15652,Nhava Sheva,New York,14254.7,28,40ft_HighCube,Hazardous_Chemicals,23146.9,46.8,Tier_3_Spot,10,1.25,103.0,1.4,14219.67
SHP-15653,Shanghai,Rotterdam,19535.6,31,20ft_Standard,Hazardous_Chemicals,5660.7,31.7,Tier_2_Regional,1,0.9,76.9,1.23,6928.59
SHP-15654,Nhava Sheva,Dubai,2100.9,7,20ft_Standard,Textiles,4311.0,30.1,Tier_2_Regional,11,1.05,87.5,1.34,3185.59
SHP-15655,Shanghai,Los Angeles,10413.3,13,20ft_Standard,General_Dry,10330.5,23.7,Tier_2_Regional,8,1.25,84.7,0.92,3754.18
SHP-15656,Chennai,Rotterdam,11505.3,25,LCL_Consolidated,Hazardous_Chemicals,1288.8,10.1,Tier_2_Regional,6,1.05,97.5,1.39,5109.79
SHP-15657,Tokyo,Los Angeles,8776.8,11,40ft_Standard,Electronics,8992.8,58.9,Tier_3_Spot,6,1.05,101.0,1.03,5480.41
SHP-15658,Nhava Sheva,New York,14192.0,25,40ft_HighCube,Perishable_Reefer,13866.6,67.7,Tier_2_Regional,10,1.25,79.8,1.35,13323.88
SHP-15659,Santos,Rotterdam,10182.3,21,20ft_Standard,Perishable_Reefer,17997.7,19.5,Tier_1_Alliance,9,1.25,95.3,0.96,6300.24
SHP-15660,Nhava Sheva,Dubai,2066.9,8,40ft_Standard,Automotive,24296.8,56.3,Tier_3_Spot,11,1.05,103.9,0.92,4397.39
SHP-15661,Shanghai,Rotterdam,19527.1,27,40ft_HighCube,Perishable_Reefer,10417.7,54.5,Tier_2_Regional,4,1.05,97.1,1.25,11017.98
SHP-15662,Chennai,Colombo,628.1,5,40ft_Standard,Electronics,14171.5,52.5,Tier_2_Regional,8,1.25,102.3,1.05,5755.14
SHP-15663,Tokyo,Los Angeles,8746.8,13,40ft_Standard,Electronics,9050.9,62.9,Tier_2_Regional,4,1.05,82.9,0.99,5449.36
SHP-15664,Nhava Sheva,Dubai,2180.3,5,40ft_Standard,General_Dry,12681.3,65.4,Tier_1_Alliance,5,1.05,87.3,1.08,5035.03
SHP-15665,Chennai,Rotterdam,11449.8,21,40ft_HighCube,Textiles,26185.2,47.6,Tier_2_Regional,6,1.05,97.0,0.91,5501.26
SHP-15666,Singapore,Fremantle,3899.0,7,20ft_Standard,Textiles,7972.5,19.9,Tier_1_Alliance,4,1.05,73.3,1.29,3511.71
SHP-15667,Singapore,Fremantle,3907.9,11,40ft_Standard,Hazardous_Chemicals,19945.0,61.8,Tier_1_Alliance,12,1.05,72.7,1.27,9227.11
SHP-15668,Chennai,Colombo,725.4,5,40ft_HighCube,Textiles,17061.3,55.1,Tier_3_Spot,11,1.05,82.9,0.97,3971.23
SHP-15669,Shanghai,Los Angeles,10569.9,16,LCL_Consolidated,Automotive,2604.0,6.4,Tier_2_Regional,7,1.05,102.3,1.36,3676.32
SHP-15670,Singapore,Dubai,5993.8,13,40ft_Standard,Perishable_Reefer,14143.0,37.8,Tier_2_Regional,4,1.05,77.3,1.07,6141.32
SHP-15671,Busan,Long Beach,9381.6,15,40ft_HighCube,Automotive,12477.1,50.8,Tier_2_Regional,3,1.05,75.2,1.09,6135.2
SHP-15672,Singapore,Fremantle,3992.2,9,40ft_Standard,Electronics,22256.5,66.2,Tier_3_Spot,10,1.25,91.7,0.92,5731.48
SHP-15673,Singapore,Dubai,5836.3,9,40ft_Standard,Textiles,16217.7,51.0,Tier_2_Regional,10,1.25,79.9,0.98,5477.47
SHP-15674,Chennai,Rotterdam,11458.0,22,LCL_Consolidated,Textiles,2187.6,11.1,Tier_1_Alliance,2,0.9,105.1,1.06,2619.27
SHP-15675,Shanghai,Rotterdam,19440.8,30,40ft_Standard,Textiles,24431.8,66.4,Tier_2_Regional,11,1.05,87.5,0.91,6336.05
SHP-15676,Busan,Long Beach,9490.9,14,40ft_HighCube,Automotive,18172.7,69.9,Tier_1_Alliance,6,1.05,82.8,1.32,9216.19
SHP-15677,Hamburg,Singapore,15871.3,27,20ft_Standard,Hazardous_Chemicals,14462.0,25.0,Tier_3_Spot,8,1.25,79.9,0.9,6280.31
SHP-15678,Nhava Sheva,Dubai,2142.5,8,40ft_HighCube,Automotive,26555.0,65.7,Tier_1_Alliance,11,1.05,97.0,1.23,7763.67
SHP-15679,Santos,Rotterdam,10272.8,21,40ft_Standard,Perishable_Reefer,16414.3,38.7,Tier_3_Spot,1,0.9,88.6,0.89,4714.27
SHP-15680,Hamburg,Singapore,15715.7,25,40ft_HighCube,Hazardous_Chemicals,10780.6,73.9,Tier_1_Alliance,10,1.25,94.5,0.95,11581.46
SHP-15681,Tokyo,Los Angeles,8780.3,14,LCL_Consolidated,General_Dry,2175.0,8.3,Tier_1_Alliance,1,0.9,74.3,0.92,1698.25
SHP-15682,Tokyo,Los Angeles,8787.7,11,LCL_Consolidated,General_Dry,3781.5,12.6,Tier_1_Alliance,9,1.25,79.7,0.94,2614.36
SHP-15683,Hamburg,Singapore,15733.7,25,40ft_Standard,General_Dry,8874.2,55.4,Tier_2_Regional,2,0.9,100.0,1.1,5388.42
SHP-15684,Chennai,Colombo,633.5,2,40ft_HighCube,Hazardous_Chemicals,16006.6,49.7,Tier_1_Alliance,7,1.05,103.5,1.31,9163.53
SHP-15685,Busan,Long Beach,9487.7,12,40ft_HighCube,Textiles,11504.1,67.8,Tier_2_Regional,12,1.05,76.7,1.01,5517.07
SHP-15686,Chennai,Colombo,691.3,2,LCL_Consolidated,Electronics,2030.4,7.4,Tier_1_Alliance,10,1.25,101.9,0.95,1765.45
SHP-15687,Shanghai,Los Angeles,10448.0,13,40ft_Standard,Hazardous_Chemicals,19037.0,59.4,Tier_3_Spot,11,1.05,74.2,1.1,7874.34
SHP-15688,Singapore,Dubai,5991.0,10,20ft_Standard,Perishable_Reefer,16952.5,16.4,Tier_1_Alliance,1,0.9,95.3,1.03,4028.42
SHP-15689,Hamburg,Singapore,15741.9,23,20ft_Standard,Automotive,9953.1,31.0,Tier_3_Spot,8,1.25,103.4,1.23,6650.48
SHP-15690,Singapore,Fremantle,3907.5,11,40ft_Standard,Hazardous_Chemicals,20286.4,44.6,Tier_1_Alliance,5,1.05,85.0,0.98,6786.72
SHP-15691,Tokyo,Los Angeles,8721.3,10,40ft_Standard,Hazardous_Chemicals,24237.4,35.1,Tier_2_Regional,10,1.25,92.9,0.98,8314.44
SHP-15692,Nhava Sheva,New York,14147.2,25,40ft_HighCube,Hazardous_Chemicals,10113.4,72.9,Tier_3_Spot,7,1.05,81.1,1.36,11268.05
SHP-15693,Nhava Sheva,New York,14230.0,28,40ft_Standard,Textiles,12860.3,48.1,Tier_3_Spot,12,1.05,76.0,0.93,4694.35
SHP-15694,Shanghai,Rotterdam,19580.9,28,40ft_HighCube,Automotive,10150.0,59.5,Tier_3_Spot,3,1.05,100.1,1.32,9169.2
SHP-15695,Chennai,Colombo,702.9,4,40ft_HighCube,Textiles,14986.3,61.6,Tier_3_Spot,1,0.9,78.4,0.97,3496.42
SHP-15696,Busan,Long Beach,9396.7,15,20ft_Standard,Electronics,12972.1,16.0,Tier_1_Alliance,7,1.05,103.5,0.95,4137.25
SHP-15697,Shanghai,Los Angeles,10489.7,14,40ft_HighCube,Hazardous_Chemicals,16315.8,74.1,Tier_2_Regional,12,1.05,101.0,0.9,7858.65
SHP-15698,Chennai,Colombo,647.8,3,20ft_Standard,Textiles,18313.2,32.4,Tier_1_Alliance,4,1.05,72.5,0.99,2884.49
SHP-15699,Singapore,Dubai,5859.1,12,20ft_Standard,General_Dry,15064.3,19.6,Tier_3_Spot,6,1.05,88.0,1.27,3629.94
SHP-15700,Shanghai,Rotterdam,19599.5,28,40ft_Standard,Perishable_Reefer,14077.0,57.0,Tier_1_Alliance,10,1.25,102.7,0.95,10818.34
SHP-15701,Singapore,Dubai,5997.1,12,40ft_Standard,Electronics,24160.9,62.2,Tier_1_Alliance,4,1.05,84.1,0.98,6257.62
SHP-15702,Shanghai,Los Angeles,10489.5,16,40ft_HighCube,Textiles,21514.5,45.2,Tier_2_Regional,4,1.05,90.6,1.15,6582.0
SHP-15703,Nhava Sheva,New York,14143.9,28,20ft_Standard,Hazardous_Chemicals,18871.2,30.8,Tier_3_Spot,12,1.05,89.7,1.06,6327.92
SHP-15704,Shanghai,Los Angeles,10436.5,13,40ft_Standard,Textiles,8603.9,44.8,Tier_1_Alliance,11,1.05,77.4,1.24,6470.84
SHP-15705,Singapore,Dubai,5826.6,9,40ft_Standard,Electronics,22895.7,50.3,Tier_3_Spot,4,1.05,91.9,1.08,5535.89
SHP-15706,Nhava Sheva,Dubai,2071.8,4,20ft_Standard,Electronics,8649.7,28.1,Tier_1_Alliance,4,1.05,91.5,1.1,3543.79
SHP-15707,Hamburg,Singapore,15813.2,24,LCL_Consolidated,Hazardous_Chemicals,2188.6,9.5,Tier_3_Spot,5,1.05,94.2,1.21,5013.94
SHP-15708,Chennai,Colombo,658.4,4,20ft_Standard,Electronics,14578.9,20.6,Tier_3_Spot,6,1.05,98.1,1.01,2656.25
SHP-15709,Shanghai,Los Angeles,10519.3,16,LCL_Consolidated,Electronics,4340.6,9.0,Tier_2_Regional,3,1.05,91.5,0.93,2681.12
SHP-15710,Santos,Rotterdam,10208.7,20,20ft_Standard,Perishable_Reefer,10201.0,19.4,Tier_2_Regional,5,1.05,78.7,1.16,5168.57
SHP-15711,Chennai,Rotterdam,11520.6,21,40ft_HighCube,Hazardous_Chemicals,12023.3,60.8,Tier_3_Spot,5,1.05,93.8,1.13,8738.71
SHP-15712,Chennai,Rotterdam,11551.2,23,20ft_Standard,General_Dry,19776.6,19.7,Tier_3_Spot,1,0.9,106.0,1.11,3658.61
SHP-15713,Santos,Rotterdam,10154.1,20,LCL_Consolidated,Hazardous_Chemicals,4897.5,13.1,Tier_1_Alliance,7,1.05,89.4,1.23,4854.28
SHP-15714,Santos,Rotterdam,10243.8,21,20ft_Standard,Perishable_Reefer,17461.3,21.3,Tier_2_Regional,4,1.05,90.5,1.02,5115.23
SHP-15715,Shanghai,Rotterdam,19482.6,31,40ft_Standard,Electronics,20000.8,45.4,Tier_2_Regional,6,1.05,75.9,1.25,8863.97
SHP-15716,Shanghai,Los Angeles,10431.0,14,20ft_Standard,Automotive,11764.9,15.7,Tier_2_Regional,10,1.25,87.4,1.1,4901.56
SHP-15717,Busan,Long Beach,9463.8,15,20ft_Standard,Electronics,13162.1,24.9,Tier_2_Regional,4,1.05,80.3,1.38,5428.62
SHP-15718,Singapore,Dubai,5819.5,12,LCL_Consolidated,Automotive,3116.5,10.9,Tier_2_Regional,4,1.05,90.3,0.96,1954.26
SHP-15719,Santos,Rotterdam,10133.0,21,20ft_Standard,Hazardous_Chemicals,13717.4,31.7,Tier_3_Spot,4,1.05,99.1,1.23,6311.88
SHP-15720,Santos,Rotterdam,10131.9,17,40ft_Standard,General_Dry,9444.8,47.5,Tier_3_Spot,11,1.05,90.5,1.12,5039.25
SHP-15721,Singapore,Dubai,5977.2,11,LCL_Consolidated,Automotive,4251.9,13.0,Tier_2_Regional,4,1.05,76.7,1.13,2324.86
SHP-15722,Tokyo,Los Angeles,8717.3,10,LCL_Consolidated,Automotive,1629.6,3.4,Tier_2_Regional,9,1.25,107.5,1.09,3024.39
SHP-15723,Singapore,Fremantle,3899.6,7,LCL_Consolidated,Textiles,3710.8,6.1,Tier_1_Alliance,12,1.05,92.6,1.24,2124.23
SHP-15724,Singapore,Dubai,5990.5,9,40ft_HighCube,Hazardous_Chemicals,20398.0,63.1,Tier_1_Alliance,10,1.25,93.0,1.27,12940.93
SHP-15725,Busan,Long Beach,9420.3,14,20ft_Standard,General_Dry,8195.8,22.0,Tier_2_Regional,5,1.05,76.7,1.36,4242.67
SHP-15726,Singapore,Dubai,5805.7,11,20ft_Standard,Electronics,12429.4,20.9,Tier_1_Alliance,9,1.25,92.4,1.3,5750.99
SHP-15727,Nhava Sheva,Dubai,2129.9,4,20ft_Standard,General_Dry,7246.2,23.2,Tier_3_Spot,5,1.05,80.1,0.93,1976.66
SHP-15728,Singapore,Fremantle,3996.2,7,20ft_Standard,Hazardous_Chemicals,18629.4,31.7,Tier_3_Spot,5,1.05,86.5,1.33,5674.59
SHP-15729,Nhava Sheva,New York,14277.8,26,40ft_HighCube,Hazardous_Chemicals,21785.9,62.8,Tier_3_Spot,11,1.05,88.5,0.98,8527.37
SHP-15730,Nhava Sheva,Dubai,2020.0,6,20ft_Standard,Automotive,3141.8,22.8,Tier_1_Alliance,8,1.25,102.3,1.03,3416.31
SHP-15731,Santos,Rotterdam,10254.8,21,40ft_HighCube,Textiles,20777.9,75.1,Tier_2_Regional,6,1.05,82.0,0.9,5539.78
SHP-15732,Hamburg,Singapore,15754.2,27,40ft_Standard,Electronics,18232.8,51.0,Tier_2_Regional,9,1.25,90.1,1.14,9228.98
SHP-15733,Singapore,Fremantle,3932.6,11,LCL_Consolidated,Hazardous_Chemicals,3622.8,5.4,Tier_3_Spot,3,1.05,74.9,1.01,1883.41
SHP-15734,Singapore,Fremantle,3875.9,9,40ft_Standard,Perishable_Reefer,20708.9,39.7,Tier_1_Alliance,3,1.05,80.1,0.96,5985.08
SHP-15735,Singapore,Dubai,5942.4,10,LCL_Consolidated,General_Dry,1606.0,13.4,Tier_1_Alliance,9,1.25,100.6,1.17,2943.23
SHP-15736,Chennai,Rotterdam,11541.5,24,20ft_Standard,Perishable_Reefer,18073.5,24.1,Tier_1_Alliance,8,1.25,98.4,1.37,9746.68
SHP-15737,Tokyo,Los Angeles,8798.6,10,20ft_Standard,Automotive,7589.5,17.1,Tier_2_Regional,7,1.05,92.6,1.03,3586.47
SHP-15738,Nhava Sheva,Dubai,2196.8,8,40ft_HighCube,Perishable_Reefer,10794.6,58.5,Tier_3_Spot,7,1.05,90.1,1.18,6611.51
SHP-15739,Hamburg,Singapore,15790.9,26,40ft_HighCube,Electronics,12468.4,64.2,Tier_3_Spot,6,1.05,100.8,1.21,8335.75
SHP-15740,Chennai,Rotterdam,11445.4,24,20ft_Standard,Automotive,13136.6,17.3,Tier_3_Spot,12,1.05,72.8,1.3,4667.46
SHP-15741,Busan,Long Beach,9448.0,12,40ft_HighCube,Textiles,25821.4,69.6,Tier_2_Regional,5,1.05,107.4,1.35,8539.61
SHP-15742,Busan,Long Beach,9337.9,15,40ft_Standard,Perishable_Reefer,17440.7,56.6,Tier_3_Spot,8,1.25,74.9,0.92,6986.94
SHP-15743,Hamburg,Singapore,15764.4,27,20ft_Standard,Perishable_Reefer,20208.5,29.1,Tier_2_Regional,12,1.05,77.3,1.02,6146.93
SHP-15744,Hamburg,Singapore,15767.6,25,LCL_Consolidated,Hazardous_Chemicals,2254.2,10.3,Tier_2_Regional,12,1.05,99.1,1.09,4805.05
SHP-15745,Busan,Long Beach,9410.4,12,40ft_Standard,Automotive,22333.0,60.9,Tier_1_Alliance,3,1.05,79.6,0.91,5907.38
SHP-15746,Singapore,Dubai,5993.6,10,20ft_Standard,General_Dry,11857.6,28.5,Tier_1_Alliance,10,1.25,91.8,0.98,3994.6
SHP-15747,Chennai,Rotterdam,11460.4,25,LCL_Consolidated,Automotive,3817.3,8.0,Tier_3_Spot,1,0.9,105.0,0.93,2169.07
SHP-15748,Nhava Sheva,Dubai,2040.2,7,40ft_Standard,Textiles,19336.4,57.7,Tier_2_Regional,6,1.05,93.5,0.92,4112.07
SHP-15749,Singapore,Fremantle,3826.0,11,40ft_Standard,Automotive,23983.9,37.2,Tier_1_Alliance,4,1.05,88.0,1.28,6695.1
SHP-15750,Shanghai,Rotterdam,19576.7,29,20ft_Standard,Textiles,19000.4,15.9,Tier_3_Spot,12,1.05,105.7,1.26,5961.72
SHP-15751,Singapore,Fremantle,3927.7,7,40ft_Standard,Automotive,17694.0,41.3,Tier_1_Alliance,7,1.05,92.9,1.28,6536.11
SHP-15752,Singapore,Fremantle,3847.9,8,LCL_Consolidated,Automotive,894.0,8.6,Tier_1_Alliance,12,1.05,72.7,1.25,2043.67
SHP-15753,Nhava Sheva,Dubai,2112.4,5,LCL_Consolidated,Textiles,3862.3,12.0,Tier_2_Regional,4,1.05,106.0,1.1,1683.2
SHP-15754,Singapore,Dubai,5943.9,9,40ft_HighCube,Perishable_Reefer,17452.9,63.8,Tier_3_Spot,6,1.05,104.0,1.11,7534.62
SHP-15755,Santos,Rotterdam,10244.0,21,20ft_Standard,Automotive,14613.8,15.2,Tier_1_Alliance,12,1.05,106.4,1.21,5271.98
SHP-15756,Santos,Rotterdam,10279.6,21,40ft_Standard,Electronics,9142.9,54.9,Tier_1_Alliance,12,1.05,90.2,1.26,7933.6
SHP-15757,Shanghai,Rotterdam,19542.8,31,40ft_Standard,Textiles,10649.4,37.1,Tier_3_Spot,1,0.9,107.8,1.18,5771.4
SHP-15758,Tokyo,Los Angeles,8837.7,10,LCL_Consolidated,Electronics,1165.6,11.6,Tier_1_Alliance,11,1.05,104.2,1.34,3821.62
SHP-15759,Chennai,Colombo,610.0,5,40ft_Standard,General_Dry,19247.9,59.4,Tier_1_Alliance,5,1.05,76.5,1.15,5216.37
SHP-15760,Tokyo,Los Angeles,8740.7,12,40ft_HighCube,Electronics,14466.8,54.0,Tier_2_Regional,5,1.05,93.5,1.04,6373.41
SHP-15761,Chennai,Colombo,650.2,6,40ft_HighCube,Perishable_Reefer,18989.5,49.8,Tier_3_Spot,10,1.25,76.7,1.24,8005.23
SHP-15762,Nhava Sheva,Dubai,2016.3,8,20ft_Standard,Hazardous_Chemicals,19429.9,25.7,Tier_2_Regional,2,0.9,72.4,1.23,4055.02
SHP-15763,Busan,Long Beach,9418.6,16,40ft_Standard,Electronics,24204.9,35.9,Tier_2_Regional,12,1.05,103.1,1.41,8287.68
SHP-15764,Singapore,Dubai,5828.9,9,40ft_HighCube,Automotive,17020.8,48.3,Tier_3_Spot,7,1.05,99.5,1.11,5743.38
SHP-15765,Tokyo,Los Angeles,8758.7,10,LCL_Consolidated,Perishable_Reefer,4252.7,13.1,Tier_2_Regional,10,1.25,86.9,1.25,4488.96
SHP-15766,Hamburg,Singapore,15826.7,26,40ft_Standard,Automotive,10256.1,62.8,Tier_2_Regional,5,1.05,78.1,1.2,7576.74
SHP-15767,Shanghai,Rotterdam,19558.6,31,20ft_Standard,General_Dry,15393.2,31.0,Tier_1_Alliance,2,0.9,73.7,0.9,4086.81
SHP-15768,Busan,Long Beach,9489.6,14,40ft_Standard,Electronics,14964.3,38.1,Tier_1_Alliance,8,1.25,86.9,0.97,6924.19
SHP-15769,Shanghai,Rotterdam,19579.2,29,40ft_Standard,Automotive,8470.6,36.3,Tier_3_Spot,10,1.25,104.7,1.39,9941.02
SHP-15770,Shanghai,Rotterdam,19454.9,31,20ft_Standard,Hazardous_Chemicals,12107.8,26.6,Tier_1_Alliance,10,1.25,98.7,1.24,11446.46
SHP-15771,Nhava Sheva,New York,14194.9,25,40ft_HighCube,Electronics,23674.6,59.9,Tier_1_Alliance,1,0.9,104.0,1.33,9430.75
SHP-15772,Tokyo,Los Angeles,8808.6,13,40ft_HighCube,Electronics,14038.3,50.1,Tier_2_Regional,12,1.05,90.8,1.02,6159.98
SHP-15773,Nhava Sheva,New York,14146.6,26,40ft_HighCube,Automotive,10981.0,50.4,Tier_3_Spot,2,0.9,74.1,1.14,5646.54
SHP-15774,Chennai,Colombo,553.0,3,40ft_Standard,Electronics,17768.8,41.3,Tier_2_Regional,1,0.9,87.7,1.13,4235.1
SHP-15775,Santos,Rotterdam,10116.5,19,LCL_Consolidated,General_Dry,4724.5,12.5,Tier_3_Spot,9,1.25,79.3,1.15,2961.07
SHP-15776,Hamburg,Singapore,15870.6,25,20ft_Standard,Perishable_Reefer,8608.9,21.2,Tier_1_Alliance,5,1.05,79.9,1.27,7545.81
SHP-15777,Singapore,Fremantle,3982.0,11,40ft_Standard,Hazardous_Chemicals,19957.7,49.5,Tier_2_Regional,5,1.05,95.4,1.22,7962.3
SHP-15778,Busan,Long Beach,9346.5,13,20ft_Standard,Hazardous_Chemicals,6905.8,30.8,Tier_1_Alliance,11,1.05,95.9,1.38,7576.85
SHP-15779,Shanghai,Rotterdam,19509.5,27,20ft_Standard,Hazardous_Chemicals,12243.3,21.3,Tier_3_Spot,6,1.05,72.1,1.35,8296.43
SHP-15780,Shanghai,Los Angeles,10520.5,15,20ft_Standard,Textiles,13737.6,25.7,Tier_3_Spot,10,1.25,74.3,1.19,4750.86
SHP-15781,Singapore,Dubai,5954.7,12,40ft_Standard,Electronics,9209.8,61.1,Tier_1_Alliance,10,1.25,103.4,1.26,8810.73
SHP-15782,Hamburg,Singapore,15848.2,25,40ft_HighCube,Perishable_Reefer,16138.3,65.4,Tier_3_Spot,3,1.05,104.1,0.89,7429.54
SHP-15783,Tokyo,Los Angeles,8703.6,11,40ft_HighCube,Perishable_Reefer,22155.5,72.1,Tier_3_Spot,3,1.05,88.2,1.08,8155.18
SHP-15784,Nhava Sheva,Dubai,2171.7,6,LCL_Consolidated,Hazardous_Chemicals,2957.7,10.2,Tier_1_Alliance,10,1.25,75.6,1.11,2590.98
SHP-15785,Santos,Rotterdam,10133.4,17,40ft_HighCube,General_Dry,18161.7,73.0,Tier_3_Spot,4,1.05,81.9,0.88,4887.0
SHP-15786,Chennai,Colombo,707.6,5,20ft_Standard,General_Dry,3561.1,28.1,Tier_3_Spot,12,1.05,79.9,0.94,1810.05
SHP-15787,Chennai,Colombo,711.0,4,LCL_Consolidated,Electronics,929.0,6.3,Tier_1_Alliance,11,1.05,99.4,1.34,1977.09
SHP-15788,Chennai,Colombo,722.7,4,40ft_Standard,General_Dry,25677.1,39.2,Tier_2_Regional,9,1.25,85.5,1.31,6216.47
SHP-15789,Santos,Rotterdam,10131.7,17,20ft_Standard,General_Dry,8630.2,18.6,Tier_1_Alliance,12,1.05,84.0,1.17,4211.2
SHP-15790,Tokyo,Los Angeles,8745.6,10,20ft_Standard,Electronics,13091.5,32.2,Tier_1_Alliance,5,1.05,72.5,1.24,5275.74
SHP-15791,Singapore,Fremantle,3898.2,10,40ft_HighCube,Electronics,16235.4,64.5,Tier_1_Alliance,11,1.05,73.4,1.33,7996.64
SHP-15792,Hamburg,Singapore,15762.2,23,40ft_HighCube,Automotive,25689.7,67.0,Tier_1_Alliance,5,1.05,74.6,1.27,10287.51
SHP-15793,Busan,Long Beach,9355.7,14,LCL_Consolidated,Perishable_Reefer,3161.6,4.2,Tier_3_Spot,11,1.05,94.4,1.21,3347.0
SHP-15794,Busan,Long Beach,9470.2,16,40ft_Standard,General_Dry,14636.6,37.6,Tier_2_Regional,6,1.05,98.7,1.13,5416.2
SHP-15795,Singapore,Dubai,5962.6,10,40ft_Standard,General_Dry,11944.1,55.0,Tier_2_Regional,9,1.25,76.0,1.37,7167.54
SHP-15796,Tokyo,Los Angeles,8883.6,11,LCL_Consolidated,Automotive,1817.2,4.6,Tier_2_Regional,11,1.05,89.7,1.39,3255.75
SHP-15797,Nhava Sheva,New York,14294.9,25,40ft_Standard,Automotive,12091.3,35.6,Tier_1_Alliance,9,1.25,75.8,1.25,9138.72
SHP-15798,Chennai,Rotterdam,11444.4,21,20ft_Standard,General_Dry,8394.0,23.8,Tier_3_Spot,6,1.05,107.1,1.13,3965.46
SHP-15799,Hamburg,Singapore,15733.6,26,40ft_Standard,Hazardous_Chemicals,13501.8,58.6,Tier_3_Spot,5,1.05,80.4,0.91,7112.65
SHP-15800,Nhava Sheva,Dubai,2060.2,6,LCL_Consolidated,Hazardous_Chemicals,594.7,8.2,Tier_2_Regional,4,1.05,92.0,1.17,2112.03
SHP-15801,Tokyo,Los Angeles,8811.7,13,20ft_Standard,Electronics,14753.0,25.5,Tier_2_Regional,6,1.05,96.6,1.17,4777.18
SHP-15802,Chennai,Rotterdam,11498.1,22,LCL_Consolidated,General_Dry,2213.8,6.2,Tier_2_Regional,5,1.05,77.1,1.04,2366.83
SHP-15803,Tokyo,Los Angeles,8863.4,11,LCL_Consolidated,Electronics,1441.8,12.4,Tier_1_Alliance,4,1.05,90.9,1.29,3639.62
SHP-15804,Shanghai,Los Angeles,10496.3,15,40ft_HighCube,Electronics,18584.5,66.5,Tier_1_Alliance,1,0.9,77.8,1.07,6779.28
SHP-15805,Tokyo,Los Angeles,8764.7,11,40ft_HighCube,Hazardous_Chemicals,26684.9,50.1,Tier_3_Spot,12,1.05,98.2,0.95,7428.32
SHP-15806,Tokyo,Los Angeles,8719.9,12,40ft_HighCube,Textiles,23135.8,70.4,Tier_3_Spot,12,1.05,96.5,0.93,5209.02
SHP-15807,Nhava Sheva,Dubai,2131.9,8,40ft_Standard,Perishable_Reefer,16785.3,59.8,Tier_1_Alliance,5,1.05,104.5,0.9,5925.53
SHP-15808,Singapore,Fremantle,3851.8,9,LCL_Consolidated,General_Dry,4403.7,12.9,Tier_3_Spot,2,0.9,98.0,1.33,1979.32
SHP-15809,Shanghai,Los Angeles,10459.2,13,LCL_Consolidated,Electronics,3750.2,13.6,Tier_1_Alliance,2,0.9,80.4,1.07,2764.68
SHP-15810,Chennai,Colombo,587.8,3,LCL_Consolidated,General_Dry,4381.0,5.9,Tier_1_Alliance,6,1.05,99.2,1.29,1772.22
SHP-15811,Hamburg,Singapore,15738.2,27,20ft_Standard,Hazardous_Chemicals,18385.3,26.6,Tier_1_Alliance,8,1.25,107.2,1.24,11055.15
SHP-15812,Tokyo,Los Angeles,8711.3,13,40ft_HighCube,Automotive,12592.4,65.5,Tier_1_Alliance,4,1.05,94.3,1.11,7378.66
SHP-15813,Shanghai,Rotterdam,19427.3,29,20ft_Standard,Textiles,4914.0,15.0,Tier_2_Regional,3,1.05,99.6,1.12,4928.62
SHP-15814,Shanghai,Rotterdam,19531.5,29,40ft_HighCube,Perishable_Reefer,25418.0,63.0,Tier_2_Regional,10,1.25,77.4,1.08,12179.85
SHP-15815,Chennai,Colombo,635.9,3,40ft_Standard,Perishable_Reefer,22363.5,48.3,Tier_3_Spot,4,1.05,85.5,1.39,7209.24
SHP-15816,Chennai,Colombo,572.4,2,40ft_HighCube,Perishable_Reefer,10954.7,46.9,Tier_1_Alliance,1,0.9,93.9,1.06,5455.8
SHP-15817,Nhava Sheva,Dubai,2161.2,6,40ft_Standard,Automotive,11905.2,42.7,Tier_2_Regional,1,0.9,78.4,1.07,3761.23
SHP-15818,Shanghai,Rotterdam,19588.5,30,40ft_HighCube,Perishable_Reefer,22293.7,63.7,Tier_2_Regional,7,1.05,86.2,1.0,9480.53
SHP-15819,Shanghai,Los Angeles,10419.9,13,40ft_Standard,Hazardous_Chemicals,11005.8,61.7,Tier_1_Alliance,10,1.25,88.4,1.03,10072.95
SHP-15820,Chennai,Rotterdam,11523.5,25,40ft_Standard,Hazardous_Chemicals,20440.4,57.0,Tier_3_Spot,5,1.05,89.1,1.31,9886.14
SHP-15821,Nhava Sheva,Dubai,2072.8,8,40ft_HighCube,Perishable_Reefer,24405.6,68.0,Tier_1_Alliance,5,1.05,77.4,1.31,9718.18
SHP-15822,Shanghai,Los Angeles,10566.2,16,20ft_Standard,Automotive,13856.5,26.6,Tier_3_Spot,3,1.05,105.5,1.28,5027.03
SHP-15823,Chennai,Rotterdam,11418.0,24,20ft_Standard,Automotive,10422.9,22.9,Tier_1_Alliance,3,1.05,100.5,0.94,4282.72
SHP-15824,Busan,Long Beach,9428.6,15,40ft_HighCube,Automotive,24604.1,54.3,Tier_2_Regional,8,1.25,89.2,0.98,7344.87
SHP-15825,Singapore,Dubai,5868.3,10,LCL_Consolidated,Textiles,3149.6,13.4,Tier_2_Regional,10,1.25,75.6,1.12,2307.41
SHP-15826,Chennai,Colombo,629.8,4,40ft_Standard,Automotive,19853.3,36.6,Tier_2_Regional,7,1.05,79.9,0.9,3676.09
SHP-15827,Chennai,Colombo,667.9,3,40ft_Standard,Textiles,19511.8,61.4,Tier_1_Alliance,9,1.25,92.9,0.92,5274.41
SHP-15828,Tokyo,Los Angeles,8798.1,11,40ft_HighCube,Perishable_Reefer,21198.0,47.3,Tier_1_Alliance,9,1.25,106.2,1.18,11634.91
SHP-15829,Nhava Sheva,New York,14248.4,26,LCL_Consolidated,Textiles,2866.8,7.3,Tier_3_Spot,6,1.05,98.6,0.94,2639.66
SHP-15830,Chennai,Rotterdam,11470.7,25,LCL_Consolidated,Electronics,1850.4,12.8,Tier_2_Regional,9,1.25,84.4,1.42,4778.38
SHP-15831,Chennai,Rotterdam,11524.0,24,40ft_HighCube,Perishable_Reefer,23734.1,63.4,Tier_3_Spot,10,1.25,80.4,1.23,11246.84
SHP-15832,Santos,Rotterdam,10119.8,20,40ft_Standard,Textiles,25460.4,65.2,Tier_3_Spot,9,1.25,88.0,1.36,8776.81
SHP-15833,Shanghai,Los Angeles,10513.9,17,LCL_Consolidated,Electronics,4129.8,7.1,Tier_3_Spot,12,1.05,89.6,1.33,3436.67
SHP-15834,Nhava Sheva,Dubai,2124.7,7,40ft_Standard,Hazardous_Chemicals,16552.0,47.9,Tier_1_Alliance,1,0.9,100.5,1.12,6410.3
SHP-15835,Shanghai,Rotterdam,19402.2,27,40ft_HighCube,General_Dry,13523.5,60.8,Tier_3_Spot,9,1.25,92.7,0.93,6974.91
SHP-15836,Chennai,Colombo,613.5,3,40ft_Standard,General_Dry,16444.5,35.4,Tier_3_Spot,8,1.25,89.4,1.23,4937.18
SHP-15837,Singapore,Fremantle,3931.3,11,LCL_Consolidated,General_Dry,1283.8,7.0,Tier_3_Spot,2,0.9,86.9,1.02,1235.41
SHP-15838,Shanghai,Los Angeles,10510.5,13,40ft_Standard,Automotive,10605.5,64.0,Tier_1_Alliance,3,1.05,96.5,1.04,6573.21
SHP-15839,Hamburg,Singapore,15786.6,26,40ft_HighCube,General_Dry,22580.5,56.1,Tier_2_Regional,7,1.05,86.3,1.42,9155.17
SHP-15840,Hamburg,Singapore,15771.0,26,20ft_Standard,Hazardous_Chemicals,12800.8,24.5,Tier_1_Alliance,4,1.05,99.1,0.97,6762.2
SHP-15841,Santos,Rotterdam,10246.0,19,20ft_Standard,Automotive,15813.5,18.4,Tier_3_Spot,7,1.05,104.0,0.92,3468.09
SHP-15842,Hamburg,Singapore,15853.2,27,40ft_HighCube,Perishable_Reefer,27558.7,54.2,Tier_2_Regional,8,1.25,79.5,1.05,10999.35
SHP-15843,Tokyo,Los Angeles,8891.0,10,LCL_Consolidated,General_Dry,4156.3,5.9,Tier_3_Spot,8,1.25,77.6,1.29,2845.5
SHP-15844,Shanghai,Los Angeles,10486.7,16,40ft_HighCube,Electronics,27108.2,59.2,Tier_3_Spot,10,1.25,101.6,1.37,10889.05
SHP-15845,Nhava Sheva,New York,14200.2,25,LCL_Consolidated,Perishable_Reefer,695.9,4.8,Tier_3_Spot,12,1.05,76.1,1.39,4446.32
SHP-15846,Chennai,Rotterdam,11584.9,24,LCL_Consolidated,Perishable_Reefer,2223.9,10.0,Tier_2_Regional,1,0.9,78.4,0.89,2590.11
SHP-15847,Santos,Rotterdam,10283.9,20,40ft_HighCube,Electronics,19209.3,49.2,Tier_1_Alliance,6,1.05,83.5,0.96,6662.26
SHP-15848,Singapore,Fremantle,3862.2,8,40ft_HighCube,Hazardous_Chemicals,22672.5,50.8,Tier_3_Spot,11,1.05,75.9,1.28,8332.98
SHP-15849,Chennai,Rotterdam,11433.9,23,20ft_Standard,Automotive,4906.4,30.9,Tier_2_Regional,10,1.25,100.3,1.06,5056.29
SHP-15850,Shanghai,Rotterdam,19431.9,29,20ft_Standard,Perishable_Reefer,8751.0,27.9,Tier_2_Regional,9,1.25,79.9,1.04,7620.43
SHP-15851,Singapore,Fremantle,3988.0,7,40ft_Standard,Perishable_Reefer,17202.2,54.7,Tier_1_Alliance,8,1.25,85.3,1.41,11017.0
SHP-15852,Shanghai,Los Angeles,10411.9,14,20ft_Standard,Hazardous_Chemicals,6536.7,15.2,Tier_3_Spot,2,0.9,82.8,1.32,4877.42
SHP-15853,Tokyo,Los Angeles,8800.1,12,40ft_HighCube,Perishable_Reefer,20794.8,63.1,Tier_1_Alliance,1,0.9,86.9,1.19,8564.27
SHP-15854,Busan,Long Beach,9409.4,16,40ft_Standard,Electronics,9286.3,43.3,Tier_2_Regional,10,1.25,74.1,0.93,5659.89
SHP-15855,Nhava Sheva,New York,14144.7,28,40ft_HighCube,Perishable_Reefer,27214.1,46.7,Tier_3_Spot,7,1.05,97.6,1.37,10950.67
SHP-15856,Chennai,Colombo,652.9,6,20ft_Standard,Electronics,4809.0,26.6,Tier_3_Spot,8,1.25,100.7,1.14,3196.3
SHP-15857,Chennai,Rotterdam,11467.3,25,LCL_Consolidated,Hazardous_Chemicals,3735.2,8.1,Tier_1_Alliance,10,1.25,84.3,1.27,5878.21
SHP-15858,Singapore,Dubai,5992.2,13,LCL_Consolidated,Textiles,1534.5,10.9,Tier_1_Alliance,8,1.25,98.4,1.3,3228.08
SHP-15859,Nhava Sheva,Dubai,2046.4,8,20ft_Standard,General_Dry,19285.8,19.6,Tier_2_Regional,4,1.05,77.9,1.37,3553.32
SHP-15860,Busan,Long Beach,9383.6,16,40ft_HighCube,Textiles,12217.1,45.2,Tier_2_Regional,5,1.05,99.6,1.39,7452.17
SHP-15861,Shanghai,Los Angeles,10586.4,13,LCL_Consolidated,Hazardous_Chemicals,2188.2,10.4,Tier_3_Spot,12,1.05,78.8,1.0,3148.22
SHP-15862,Tokyo,Los Angeles,8797.2,10,40ft_Standard,Hazardous_Chemicals,24150.4,37.0,Tier_1_Alliance,5,1.05,87.8,1.03,8146.29
SHP-15863,Chennai,Colombo,613.0,5,40ft_Standard,Electronics,13700.6,57.7,Tier_3_Spot,5,1.05,75.9,1.36,5571.57
SHP-15864,Nhava Sheva,New York,14191.3,26,20ft_Standard,Electronics,7070.3,17.1,Tier_2_Regional,10,1.25,88.5,1.4,7104.55
SHP-15865,Singapore,Dubai,5996.2,12,20ft_Standard,Perishable_Reefer,3873.2,20.9,Tier_2_Regional,12,1.05,79.4,0.9,3112.5
SHP-15866,Shanghai,Rotterdam,19582.0,31,40ft_HighCube,General_Dry,12808.9,51.5,Tier_2_Regional,1,0.9,86.1,1.33,7375.2
SHP-15867,Chennai,Colombo,712.0,4,20ft_Standard,Electronics,9909.9,27.9,Tier_1_Alliance,1,0.9,104.9,1.34,3610.93
SHP-15868,Nhava Sheva,New York,14260.8,27,20ft_Standard,Automotive,16566.2,17.4,Tier_3_Spot,10,1.25,90.2,0.9,4496.73
SHP-15869,Shanghai,Los Angeles,10428.9,14,40ft_Standard,Perishable_Reefer,12554.7,45.3,Tier_1_Alliance,12,1.05,73.5,1.23,8712.32
SHP-15870,Tokyo,Los Angeles,8781.9,10,LCL_Consolidated,Electronics,1844.3,2.4,Tier_3_Spot,3,1.05,90.1,0.98,2075.57
SHP-15871,Singapore,Dubai,5867.0,10,40ft_HighCube,General_Dry,17949.2,66.2,Tier_3_Spot,3,1.05,91.3,1.06,5287.94
SHP-15872,Tokyo,Los Angeles,8776.7,14,40ft_Standard,General_Dry,24274.9,36.3,Tier_2_Regional,3,1.05,89.0,1.11,5518.31
SHP-15873,Busan,Long Beach,9443.4,16,LCL_Consolidated,Perishable_Reefer,3734.9,13.7,Tier_2_Regional,12,1.05,75.4,1.17,3464.5
SHP-15874,Chennai,Rotterdam,11598.4,24,40ft_HighCube,Hazardous_Chemicals,25891.2,48.3,Tier_1_Alliance,12,1.05,101.6,1.29,12541.05
SHP-15875,Nhava Sheva,Dubai,2015.8,4,40ft_HighCube,Perishable_Reefer,18494.9,62.2,Tier_2_Regional,6,1.05,94.1,1.29,8311.94
SHP-15876,Nhava Sheva,Dubai,2053.6,4,40ft_Standard,Automotive,19374.0,56.9,Tier_1_Alliance,9,1.25,74.4,1.03,6177.4
SHP-15877,Nhava Sheva,Dubai,2110.2,6,40ft_Standard,Hazardous_Chemicals,19160.0,45.2,Tier_2_Regional,6,1.05,82.4,1.07,6312.54
SHP-15878,Tokyo,Los Angeles,8764.7,12,40ft_HighCube,Automotive,25404.5,74.5,Tier_3_Spot,11,1.05,99.8,1.34,8484.59
SHP-15879,Hamburg,Singapore,15814.7,25,40ft_Standard,Automotive,16551.0,51.9,Tier_3_Spot,10,1.25,92.8,1.04,7520.0
SHP-15880,Santos,Rotterdam,10266.5,19,40ft_HighCube,General_Dry,10698.0,69.4,Tier_2_Regional,10,1.25,99.2,0.9,6015.71
SHP-15881,Santos,Rotterdam,10173.2,19,20ft_Standard,Hazardous_Chemicals,14587.7,16.9,Tier_3_Spot,10,1.25,90.9,1.21,6949.21
SHP-15882,Shanghai,Los Angeles,10583.0,16,LCL_Consolidated,Perishable_Reefer,729.9,13.5,Tier_1_Alliance,9,1.25,103.6,1.06,4712.11
SHP-15883,Chennai,Rotterdam,11432.6,25,40ft_Standard,Electronics,25162.5,60.5,Tier_1_Alliance,8,1.25,88.2,1.07,9229.53
SHP-15884,Singapore,Fremantle,3898.6,8,40ft_HighCube,Electronics,15536.4,66.9,Tier_3_Spot,3,1.05,105.7,1.26,6888.19
SHP-15885,Singapore,Fremantle,3926.4,8,40ft_Standard,Hazardous_Chemicals,24582.3,39.5,Tier_1_Alliance,6,1.05,90.7,1.18,8453.52
SHP-15886,Singapore,Dubai,5954.1,9,40ft_HighCube,General_Dry,13110.4,53.5,Tier_2_Regional,3,1.05,75.5,1.24,5879.24
SHP-15887,Nhava Sheva,New York,14117.7,27,40ft_HighCube,Textiles,15580.7,73.5,Tier_2_Regional,6,1.05,72.6,1.25,7880.49
SHP-15888,Hamburg,Singapore,15839.6,23,20ft_Standard,Perishable_Reefer,4685.0,15.1,Tier_3_Spot,2,0.9,80.9,1.14,4521.83
SHP-15889,Santos,Rotterdam,10216.1,20,40ft_Standard,General_Dry,19414.9,45.7,Tier_3_Spot,2,0.9,97.4,1.22,5096.87
SHP-15890,Hamburg,Singapore,15702.1,24,LCL_Consolidated,Electronics,1884.5,4.9,Tier_1_Alliance,3,1.05,105.9,1.31,5019.05
SHP-15891,Chennai,Rotterdam,11456.8,21,20ft_Standard,Electronics,11009.3,21.2,Tier_1_Alliance,7,1.05,106.7,1.42,6796.97
SHP-15892,Nhava Sheva,Dubai,2180.0,6,40ft_Standard,Perishable_Reefer,12930.1,46.7,Tier_1_Alliance,1,0.9,75.1,1.2,5759.34
SHP-15893,Singapore,Dubai,5847.8,10,LCL_Consolidated,Automotive,2425.4,7.3,Tier_2_Regional,7,1.05,82.6,1.36,2432.26
SHP-15894,Tokyo,Los Angeles,8854.3,11,LCL_Consolidated,Electronics,3936.4,3.8,Tier_1_Alliance,10,1.25,82.2,1.28,3940.13
SHP-15895,Hamburg,Singapore,15801.5,25,40ft_Standard,General_Dry,24175.1,56.1,Tier_3_Spot,1,0.9,96.8,1.13,5734.11
SHP-15896,Chennai,Rotterdam,11413.4,23,LCL_Consolidated,General_Dry,2613.3,13.6,Tier_3_Spot,11,1.05,97.4,1.14,2724.28
SHP-15897,Nhava Sheva,Dubai,2178.0,5,40ft_HighCube,Perishable_Reefer,19686.9,52.2,Tier_2_Regional,5,1.05,106.9,1.3,8451.62
SHP-15898,Singapore,Dubai,5831.5,9,40ft_Standard,Electronics,21929.1,55.2,Tier_1_Alliance,10,1.25,86.8,1.19,8692.87
SHP-15899,Santos,Rotterdam,10244.5,20,LCL_Consolidated,Electronics,1621.1,3.9,Tier_1_Alliance,10,1.25,97.7,0.97,3349.27
SHP-15900,Shanghai,Los Angeles,10529.9,14,40ft_Standard,Electronics,25067.2,64.6,Tier_2_Regional,2,0.9,90.6,1.25,7071.24
SHP-15901,Santos,Rotterdam,10157.7,17,40ft_HighCube,Perishable_Reefer,24635.1,49.6,Tier_3_Spot,8,1.25,81.1,1.08,9140.11
SHP-15902,Shanghai,Rotterdam,19544.3,30,40ft_HighCube,Textiles,13022.5,47.6,Tier_3_Spot,7,1.05,98.5,0.93,5811.9
SHP-15903,Singapore,Dubai,5993.3,13,20ft_Standard,Electronics,13086.9,15.8,Tier_2_Regional,6,1.05,103.1,0.97,3426.78
SHP-15904,Singapore,Fremantle,3888.5,10,LCL_Consolidated,General_Dry,3796.9,2.7,Tier_2_Regional,3,1.05,81.6,1.04,1400.97
SHP-15905,Busan,Long Beach,9435.5,14,LCL_Consolidated,Electronics,816.5,6.7,Tier_2_Regional,5,1.05,86.5,1.01,2399.72
SHP-15906,Busan,Long Beach,9305.4,13,40ft_HighCube,Perishable_Reefer,26077.0,75.1,Tier_2_Regional,1,0.9,106.6,1.07,7818.19
SHP-15907,Busan,Long Beach,9343.6,13,LCL_Consolidated,Automotive,2579.9,7.7,Tier_1_Alliance,7,1.05,100.6,1.21,3206.43
SHP-15908,Nhava Sheva,Dubai,2098.6,7,40ft_Standard,Hazardous_Chemicals,11172.4,43.2,Tier_3_Spot,8,1.25,90.4,1.3,8083.43
SHP-15909,Nhava Sheva,New York,14135.2,29,LCL_Consolidated,Textiles,3966.7,13.6,Tier_2_Regional,2,0.9,76.8,1.28,3112.31
SHP-15910,Shanghai,Los Angeles,10485.3,13,40ft_Standard,Hazardous_Chemicals,18498.0,62.7,Tier_3_Spot,9,1.25,88.6,1.21,10702.21
SHP-15911,Singapore,Fremantle,3968.8,11,20ft_Standard,Automotive,15474.4,15.7,Tier_2_Regional,12,1.05,91.9,0.98,2975.64
SHP-15912,Chennai,Colombo,619.4,2,20ft_Standard,Hazardous_Chemicals,13062.5,23.5,Tier_1_Alliance,4,1.05,77.2,1.31,4829.3
SHP-15913,Hamburg,Singapore,15800.7,25,20ft_Standard,General_Dry,18314.4,20.0,Tier_2_Regional,2,0.9,105.9,1.09,4249.91
SHP-15914,Hamburg,Singapore,15823.1,27,LCL_Consolidated,Hazardous_Chemicals,4684.6,2.3,Tier_1_Alliance,5,1.05,76.0,1.31,5924.37
SHP-15915,Tokyo,Los Angeles,8705.3,13,LCL_Consolidated,Hazardous_Chemicals,3948.2,2.1,Tier_2_Regional,7,1.05,106.0,1.08,3386.45
SHP-15916,Shanghai,Los Angeles,10583.9,14,40ft_Standard,Electronics,10259.1,66.8,Tier_2_Regional,7,1.05,85.4,1.01,6085.44
SHP-15917,Tokyo,Los Angeles,8714.4,13,40ft_HighCube,Perishable_Reefer,12476.8,51.3,Tier_3_Spot,5,1.05,103.1,1.08,7149.8
SHP-15918,Nhava Sheva,New York,14132.5,25,40ft_HighCube,Hazardous_Chemicals,24396.0,70.2,Tier_3_Spot,4,1.05,97.5,1.07,9766.14
SHP-15919,Singapore,Fremantle,3985.6,8,40ft_HighCube,General_Dry,25295.3,46.8,Tier_2_Regional,6,1.05,100.4,1.28,6422.76
SHP-15920,Chennai,Rotterdam,11546.5,24,LCL_Consolidated,General_Dry,3002.7,2.5,Tier_2_Regional,6,1.05,92.5,1.23,3002.19
SHP-15921,Nhava Sheva,Dubai,2115.8,8,20ft_Standard,Hazardous_Chemicals,14268.1,19.4,Tier_3_Spot,3,1.05,106.1,1.33,4869.31
SHP-15922,Chennai,Rotterdam,11433.7,21,LCL_Consolidated,Automotive,2257.2,13.7,Tier_3_Spot,1,0.9,77.8,1.17,2547.14
SHP-15923,Santos,Rotterdam,10288.1,18,20ft_Standard,Hazardous_Chemicals,12106.0,22.1,Tier_3_Spot,6,1.05,104.0,1.34,6657.23
SHP-15924,Singapore,Fremantle,3932.4,7,LCL_Consolidated,Automotive,4796.0,13.2,Tier_1_Alliance,6,1.05,107.7,1.24,2702.48
SHP-15925,Tokyo,Los Angeles,8839.7,13,20ft_Standard,Textiles,8686.8,25.0,Tier_1_Alliance,4,1.05,106.1,1.09,4150.03
SHP-15926,Santos,Rotterdam,10269.7,19,40ft_HighCube,Automotive,15089.3,66.7,Tier_1_Alliance,4,1.05,73.9,1.04,7093.72
SHP-15927,Shanghai,Los Angeles,10486.0,16,40ft_HighCube,Hazardous_Chemicals,17816.4,75.0,Tier_2_Regional,2,0.9,75.9,1.06,7778.17
SHP-15928,Shanghai,Rotterdam,19479.8,27,LCL_Consolidated,General_Dry,4910.4,5.7,Tier_3_Spot,1,0.9,85.3,1.16,3262.95
SHP-15929,Hamburg,Singapore,15783.5,23,LCL_Consolidated,Automotive,3542.3,9.5,Tier_1_Alliance,2,0.9,103.2,1.03,3399.85
SHP-15930,Santos,Rotterdam,10194.2,17,LCL_Consolidated,Hazardous_Chemicals,3737.4,3.8,Tier_3_Spot,10,1.25,89.9,1.26,4561.03
SHP-15931,Shanghai,Los Angeles,10589.0,16,40ft_Standard,General_Dry,22828.1,63.7,Tier_1_Alliance,7,1.05,94.5,1.35,8422.35
SHP-15932,Singapore,Dubai,5879.1,11,40ft_Standard,General_Dry,13258.8,46.9,Tier_2_Regional,7,1.05,83.3,1.19,5180.39
SHP-15933,Busan,Long Beach,9409.2,14,40ft_Standard,Automotive,18116.7,61.5,Tier_2_Regional,4,1.05,96.8,0.89,5131.51
SHP-15934,Hamburg,Singapore,15876.5,25,20ft_Standard,Hazardous_Chemicals,11392.6,25.4,Tier_2_Regional,6,1.05,106.1,1.32,8479.67
SHP-15935,Busan,Long Beach,9459.7,15,40ft_Standard,Automotive,14161.8,48.6,Tier_1_Alliance,8,1.25,92.8,1.2,8571.57
SHP-15936,Chennai,Colombo,678.6,6,20ft_Standard,Hazardous_Chemicals,4509.5,26.7,Tier_2_Regional,3,1.05,107.6,1.22,4131.09
SHP-15937,Shanghai,Los Angeles,10556.6,16,40ft_Standard,Automotive,15097.3,55.2,Tier_1_Alliance,10,1.25,82.2,1.21,8900.11
SHP-15938,Nhava Sheva,Dubai,2194.4,8,LCL_Consolidated,Perishable_Reefer,2587.2,10.3,Tier_3_Spot,6,1.05,93.0,1.1,1971.59
SHP-15939,Chennai,Colombo,571.9,2,LCL_Consolidated,Hazardous_Chemicals,1697.9,9.0,Tier_1_Alliance,2,0.9,107.5,1.19,2126.94
SHP-15940,Santos,Rotterdam,10223.5,19,20ft_Standard,General_Dry,8689.2,32.1,Tier_2_Regional,5,1.05,101.6,0.91,3290.54
SHP-15941,Chennai,Rotterdam,11430.5,21,20ft_Standard,Perishable_Reefer,10799.5,22.5,Tier_1_Alliance,7,1.05,105.2,0.97,5459.91
SHP-15942,Chennai,Colombo,707.6,6,40ft_Standard,Electronics,22573.5,40.7,Tier_1_Alliance,4,1.05,107.1,0.99,5193.61
SHP-15943,Singapore,Fremantle,3882.6,11,40ft_Standard,Hazardous_Chemicals,15567.4,51.0,Tier_1_Alliance,2,0.9,99.2,1.36,8128.67
SHP-15944,Chennai,Rotterdam,11486.1,25,LCL_Consolidated,Electronics,2564.0,13.9,Tier_2_Regional,7,1.05,93.1,1.22,3652.36
SHP-15945,Busan,Long Beach,9442.7,12,20ft_Standard,Electronics,17879.0,24.8,Tier_3_Spot,11,1.05,99.6,1.28,5236.78
SHP-15946,Singapore,Dubai,5937.2,11,20ft_Standard,Perishable_Reefer,9959.2,23.8,Tier_2_Regional,2,0.9,84.6,0.88,2920.53
SHP-15947,Santos,Rotterdam,10239.0,20,40ft_HighCube,Electronics,15969.3,51.2,Tier_3_Spot,1,0.9,81.4,1.08,5457.84
SHP-15948,Busan,Long Beach,9430.7,15,40ft_HighCube,Automotive,12700.7,71.7,Tier_1_Alliance,12,1.05,107.2,0.89,6179.31
SHP-15949,Hamburg,Singapore,15885.4,25,LCL_Consolidated,Textiles,1876.1,3.4,Tier_2_Regional,5,1.05,76.9,0.91,2503.41
SHP-15950,Tokyo,Los Angeles,8831.7,10,40ft_Standard,Hazardous_Chemicals,8023.0,47.1,Tier_1_Alliance,12,1.05,105.5,1.13,8535.39
SHP-15951,Shanghai,Los Angeles,10413.5,16,20ft_Standard,Hazardous_Chemicals,10723.0,24.4,Tier_3_Spot,8,1.25,95.1,0.89,5163.28
SHP-15952,Santos,Rotterdam,10260.7,21,20ft_Standard,Perishable_Reefer,9980.3,17.2,Tier_3_Spot,7,1.05,89.4,0.96,4043.8
SHP-15953,Chennai,Rotterdam,11453.0,23,40ft_Standard,Perishable_Reefer,18869.7,52.3,Tier_2_Regional,12,1.05,98.7,1.22,9051.62
SHP-15954,Nhava Sheva,New York,14181.3,28,40ft_HighCube,Automotive,11831.8,52.0,Tier_3_Spot,7,1.05,97.3,0.97,5933.3
SHP-15955,Shanghai,Los Angeles,10591.9,13,LCL_Consolidated,General_Dry,624.1,3.2,Tier_3_Spot,1,0.9,97.5,1.08,1991.92
SHP-15956,Singapore,Fremantle,3985.3,8,40ft_HighCube,Perishable_Reefer,13495.2,54.1,Tier_3_Spot,9,1.25,74.6,1.02,6984.39
SHP-15957,Chennai,Rotterdam,11551.4,25,40ft_Standard,Hazardous_Chemicals,15990.6,35.5,Tier_3_Spot,12,1.05,88.9,1.25,8510.84
SHP-15958,Singapore,Dubai,5985.1,11,40ft_HighCube,Hazardous_Chemicals,22071.4,59.5,Tier_1_Alliance,6,1.05,85.6,1.34,11313.93
SHP-15959,Nhava Sheva,New York,14266.2,29,LCL_Consolidated,Electronics,1501.3,13.9,Tier_1_Alliance,4,1.05,93.0,0.98,3682.85
SHP-15960,Shanghai,Rotterdam,19402.0,31,LCL_Consolidated,Perishable_Reefer,679.4,4.3,Tier_1_Alliance,2,0.9,86.1,1.34,5531.84
SHP-15961,Tokyo,Los Angeles,8841.3,14,LCL_Consolidated,Electronics,3510.1,10.1,Tier_2_Regional,12,1.05,84.0,0.92,2365.08
SHP-15962,Nhava Sheva,New York,14224.0,29,40ft_Standard,Textiles,18848.6,43.7,Tier_1_Alliance,11,1.05,90.4,1.09,6842.37
SHP-15963,Chennai,Colombo,717.5,6,20ft_Standard,Automotive,3176.6,17.3,Tier_1_Alliance,1,0.9,75.2,1.18,2150.18
SHP-15964,Singapore,Fremantle,3812.3,9,40ft_Standard,Perishable_Reefer,9999.0,59.5,Tier_1_Alliance,8,1.25,103.6,1.07,8376.04
SHP-15965,Hamburg,Singapore,15798.3,24,40ft_Standard,Hazardous_Chemicals,10819.0,47.5,Tier_1_Alliance,6,1.05,98.2,1.26,11335.51
SHP-15966,Tokyo,Los Angeles,8762.4,10,20ft_Standard,Textiles,9370.9,30.8,Tier_3_Spot,10,1.25,94.6,0.98,3882.09
SHP-15967,Shanghai,Los Angeles,10452.9,14,40ft_HighCube,Hazardous_Chemicals,10492.8,68.0,Tier_2_Regional,7,1.05,105.3,1.37,11493.61
SHP-15968,Shanghai,Rotterdam,19514.7,28,40ft_Standard,Electronics,23762.5,50.7,Tier_1_Alliance,7,1.05,97.2,1.03,8635.07
SHP-15969,Tokyo,Los Angeles,8777.3,14,40ft_Standard,Textiles,11024.3,60.7,Tier_3_Spot,6,1.05,96.8,0.94,4474.53
SHP-15970,Nhava Sheva,Dubai,2035.3,4,20ft_Standard,Textiles,6068.3,21.3,Tier_2_Regional,12,1.05,74.2,1.07,2375.07
SHP-15971,Tokyo,Los Angeles,8735.0,14,20ft_Standard,Automotive,5049.6,32.2,Tier_2_Regional,9,1.25,72.1,1.15,4683.49
SHP-15972,Nhava Sheva,New York,14139.9,26,40ft_HighCube,Perishable_Reefer,12692.0,53.2,Tier_1_Alliance,1,0.9,104.0,1.25,9606.58
SHP-15973,Shanghai,Rotterdam,19492.9,28,LCL_Consolidated,Hazardous_Chemicals,3948.9,9.0,Tier_3_Spot,6,1.05,89.2,1.15,5382.93
SHP-15974,Shanghai,Los Angeles,10557.9,16,40ft_Standard,Automotive,20595.0,57.7,Tier_1_Alliance,12,1.05,92.7,1.28,8512.43
SHP-15975,Tokyo,Los Angeles,8851.3,10,20ft_Standard,Textiles,5581.1,16.5,Tier_2_Regional,4,1.05,89.3,0.98,2974.1
SHP-15976,Hamburg,Singapore,15844.8,26,LCL_Consolidated,General_Dry,4600.6,7.7,Tier_2_Regional,8,1.25,73.9,0.96,3407.37
SHP-15977,Singapore,Dubai,5815.9,10,LCL_Consolidated,Electronics,574.5,4.5,Tier_1_Alliance,9,1.25,79.4,0.98,2277.52
SHP-15978,Singapore,Fremantle,3817.3,8,20ft_Standard,Automotive,12646.5,30.0,Tier_1_Alliance,5,1.05,102.4,1.3,4738.84
SHP-15979,Nhava Sheva,Dubai,2197.9,4,40ft_Standard,Electronics,16671.7,42.4,Tier_1_Alliance,4,1.05,93.2,0.96,4913.99
SHP-15980,Tokyo,Los Angeles,8803.9,11,LCL_Consolidated,Perishable_Reefer,1446.7,13.3,Tier_1_Alliance,12,1.05,73.5,0.96,2859.74
SHP-15981,Nhava Sheva,Dubai,2101.5,7,20ft_Standard,Textiles,3123.8,28.3,Tier_3_Spot,8,1.25,101.3,1.28,3583.0
SHP-15982,Singapore,Fremantle,3885.4,8,LCL_Consolidated,Perishable_Reefer,655.0,12.6,Tier_3_Spot,9,1.25,100.2,0.96,2433.79
SHP-15983,Nhava Sheva,Dubai,2168.4,8,20ft_Standard,Electronics,8807.6,20.6,Tier_3_Spot,2,0.9,80.1,1.35,2876.87
SHP-15984,Chennai,Colombo,675.4,4,40ft_HighCube,Automotive,21594.3,70.1,Tier_3_Spot,2,0.9,100.6,1.07,4757.41
SHP-15985,Singapore,Dubai,5989.1,10,40ft_Standard,Hazardous_Chemicals,8746.1,46.9,Tier_2_Regional,9,1.25,95.5,1.4,10384.93
SHP-15986,Shanghai,Rotterdam,19582.9,27,40ft_Standard,Textiles,15987.1,66.9,Tier_1_Alliance,9,1.25,95.9,1.03,9089.11
SHP-15987,Shanghai,Rotterdam,19448.7,29,LCL_Consolidated,Hazardous_Chemicals,4207.7,10.4,Tier_3_Spot,9,1.25,98.8,1.25,7323.6
SHP-15988,Shanghai,Rotterdam,19450.2,30,LCL_Consolidated,Hazardous_Chemicals,4756.9,11.1,Tier_1_Alliance,9,1.25,76.3,1.12,7372.69
SHP-15989,Hamburg,Singapore,15807.4,25,40ft_Standard,Electronics,16488.3,37.6,Tier_2_Regional,12,1.05,76.0,1.34,8387.82
SHP-15990,Santos,Rotterdam,10287.2,20,40ft_Standard,General_Dry,17363.8,62.8,Tier_3_Spot,8,1.25,81.2,1.42,8464.68
SHP-15991,Hamburg,Singapore,15816.1,24,20ft_Standard,Perishable_Reefer,15463.5,29.5,Tier_3_Spot,12,1.05,84.4,1.24,6955.71
SHP-15992,Hamburg,Singapore,15757.5,23,20ft_Standard,Perishable_Reefer,14381.7,31.3,Tier_1_Alliance,6,1.05,76.2,1.25,8011.06
SHP-15993,Singapore,Dubai,5966.4,10,40ft_Standard,Textiles,14847.1,65.6,Tier_1_Alliance,2,0.9,102.6,1.39,6628.39
SHP-15994,Chennai,Rotterdam,11422.9,23,40ft_HighCube,Electronics,12905.4,71.6,Tier_2_Regional,8,1.25,76.3,1.0,7948.91
SHP-15995,Hamburg,Singapore,15843.0,25,LCL_Consolidated,Electronics,3110.1,11.2,Tier_3_Spot,8,1.25,84.7,1.06,4125.46
SHP-15996,Santos,Rotterdam,10212.8,18,40ft_Standard,Textiles,25346.4,45.5,Tier_2_Regional,10,1.25,105.4,1.27,8515.11
SHP-15997,Shanghai,Rotterdam,19583.1,27,40ft_Standard,Electronics,9245.3,57.9,Tier_1_Alliance,7,1.05,98.7,1.08,8479.83
SHP-15998,Singapore,Dubai,5839.3,10,40ft_Standard,Hazardous_Chemicals,18205.3,46.2,Tier_2_Regional,2,0.9,87.1,1.15,6514.76
SHP-15999,Tokyo,Los Angeles,8858.4,13,LCL_Consolidated,Perishable_Reefer,3920.4,5.7,Tier_1_Alliance,10,1.25,107.9,1.34,5380.89
