Shipment_ID,Origin,Destination,Transport_Mode,Cargo_Type,Weight_KG,Volume_CBM,Distance_KM,Container_Type,Fuel_Price,Season,Carrier,Transit_Days,Actual_Freight_Price_INR
SHP00001,Bengaluru,Los Angeles,Sea,Textiles,6940,18.22,3137,LCL,102.31,Off_Peak,Carrier_C,5,53590
SHP00002,Bengaluru,Dubai,Road,Furniture,929,3.44,6730,40FT_HC,99.11,Normal,Carrier_E,15,94499
SHP00003,Mumbai,Hamburg,Air,Pharmaceuticals,2170,7.79,8699,AIR_CARGO,83.66,Normal,Carrier_B,17,209743
SHP00004,Kolkata,London,Sea,Furniture,1444,4.2,8016,40FT,110.36,Peak,Carrier_D,16,106793
SHP00005,Chennai,Singapore,Sea,Furniture,8398,15.78,3295,LCL,93.43,Normal,Carrier_C,12,52618
SHP00006,Chennai,Colombo,Sea,Textiles,3440,6.78,972,AIR_CARGO,80.08,Normal,Carrier_A,4,26526
SHP00007,Kolkata,New York,Sea,Chemicals,4462,12.75,3404,20FT,83.52,Normal,Carrier_D,10,45089
SHP00008,Hyderabad,Rotterdam,Road,Machinery,3407,4.11,11816,40FT_HC,96.59,Normal,Carrier_B,22,148842
SHP00009,Mumbai,Singapore,Sea,Textiles,3191,3.09,2621,LCL,88.54,Peak,Carrier_A,4,43499
SHP00010,Mumbai,Dubai,Air,Food Products,1426,2.18,5840,40FT,109.05,Peak,Carrier_B,12,263674
SHP00011,Mumbai,Colombo,Sea,Textiles,1870,5.54,7841,20FT,94.79,Normal,Carrier_C,13,69156
SHP00012,Chennai,New York,Road,Food Products,2619,0.5,10614,40FT_HC,111.61,Peak,Carrier_D,20,194421
SHP00013,Bengaluru,Dubai,Air,Furniture,1640,2.93,9243,LCL,79.07,Normal,Carrier_E,19,190168
SHP00014,Ahmedabad,Rotterdam,Sea,Pharmaceuticals,1455,5.54,10953,AIR_CARGO,101.74,Normal,Carrier_C,22,97429
SHP00015,Hyderabad,Jebel Ali,Sea,Textiles,2187,8.07,7450,40FT_HC,110.43,Normal,Carrier_C,16,89983
SHP00016,Pune,Hamburg,Sea,Food Products,1687,0.5,10451,LCL,86.72,Normal,Carrier_E,22,71311
SHP00017,Mumbai,Jebel Ali,Sea,Textiles,2582,7.64,3534,40FT_HC,80.43,Off_Peak,Carrier_E,6,40924
SHP00018,Chennai,New York,Sea,Pharmaceuticals,1875,8.44,5451,LCL,93.27,Normal,Carrier_A,10,55572
SHP00019,Chennai,Jebel Ali,Sea,Furniture,1602,6.24,10203,AIR_CARGO,113.45,Off_Peak,Carrier_B,16,101043
SHP00020,Pune,New York,Sea,Textiles,1368,1.61,4244,40FT_HC,100.34,Normal,Carrier_C,9,63347
SHP00021,Bengaluru,London,Sea,Automotive Parts,2510,0.5,10519,LCL,100.76,Normal,Carrier_A,23,94027
SHP00022,Pune,London,Sea,Food Products,4453,11.44,4676,20FT,101.86,Normal,Carrier_A,13,70988
SHP00023,Kolkata,Shanghai,Sea,Pharmaceuticals,3817,15.4,4679,40FT,76.59,Normal,Carrier_C,11,41699
SHP00024,Kolkata,Shanghai,Sea,Food Products,927,5.5,4054,LCL,92.83,Normal,Carrier_B,12,46521
SHP00025,Ahmedabad,Jebel Ali,Sea,Food Products,4372,13.43,6790,LCL,78.1,Normal,Carrier_E,15,55319
SHP00026,Pune,Los Angeles,Air,Electronics,3799,9.72,1984,LCL,87.63,Normal,Carrier_C,6,110454
SHP00027,Ahmedabad,Jebel Ali,Sea,Pharmaceuticals,4451,14.18,921,40FT_HC,107.86,Normal,Carrier_B,2,60819
SHP00028,Mumbai,Jebel Ali,Sea,Textiles,5056,13.25,10820,40FT,101.25,Peak,Carrier_E,17,123405
SHP00029,Ahmedabad,Los Angeles,Sea,Food Products,1558,0.5,11183,40FT_HC,114.82,Normal,Carrier_D,25,129552
SHP00030,Mumbai,Hamburg,Sea,Chemicals,2057,8.46,1376,LCL,81.89,Normal,Carrier_C,4,31099
SHP00031,Hyderabad,Colombo,Sea,Electronics,8005,15.61,6822,LCL,90.88,Normal,Carrier_C,17,71096
SHP00032,Ahmedabad,Los Angeles,Sea,Automotive Parts,7702,18.61,6706,40FT,107.39,Peak,Carrier_B,12,105306
SHP00033,Bengaluru,New York,Sea,Food Products,2379,8.62,4783,20FT,83.63,Normal,Carrier_A,16,44472
SHP00034,Mumbai,Colombo,Road,Furniture,3700,5.81,7042,40FT_HC,81.15,Off_Peak,Carrier_A,14,71088
SHP00035,Bengaluru,Rotterdam,Road,Food Products,3916,5.38,5768,20FT,92.1,Peak,Carrier_B,11,94757
SHP00036,Chennai,Hamburg,Air,Electronics,7836,20.57,6131,LCL,90.35,Off_Peak,Carrier_C,13,230126
SHP00037,Mumbai,Rotterdam,Sea,Textiles,3129,3.0,9186,LCL,114.21,Normal,Carrier_C,19,98791
SHP00038,Chennai,Shanghai,Sea,Chemicals,1137,1.94,6549,AIR_CARGO,93.25,Off_Peak,Carrier_C,14,50303
SHP00039,Delhi,Singapore,Air,Furniture,1835,8.88,4222,AIR_CARGO,109.44,Normal,Carrier_D,9,199789
SHP00040,Bengaluru,London,Sea,Automotive Parts,19165,52.14,7187,20FT,110.52,Off_Peak,Carrier_A,11,112151
SHP00041,Delhi,Rotterdam,Sea,Furniture,1103,0.5,7869,AIR_CARGO,81.31,Normal,Carrier_D,15,53011
SHP00042,Mumbai,Dubai,Sea,Food Products,2583,5.28,8117,40FT,103.61,Peak,Carrier_C,19,91262
SHP00043,Chennai,Jebel Ali,Sea,Textiles,11247,31.86,7611,20FT,86.1,Peak,Carrier_A,14,82814
SHP00044,Mumbai,New York,Road,Pharmaceuticals,1487,1.95,8143,AIR_CARGO,78.79,Normal,Carrier_C,13,73089
SHP00045,Delhi,Rotterdam,Sea,Chemicals,425,4.18,4066,AIR_CARGO,109.99,Peak,Carrier_C,7,65855
SHP00046,Pune,Rotterdam,Air,Pharmaceuticals,479,4.61,5631,40FT,86.7,Normal,Carrier_B,12,146740
SHP00047,Pune,Singapore,Sea,Chemicals,1492,1.11,8190,40FT,88.81,Off_Peak,Carrier_A,15,60695
SHP00048,Mumbai,Shanghai,Sea,Automotive Parts,795,3.61,9175,20FT,87.96,Normal,Carrier_C,18,64567
SHP00049,Hyderabad,Jebel Ali,Sea,Machinery,4906,13.64,5493,40FT_HC,83.01,Normal,Carrier_E,10,53740
SHP00050,Kolkata,Jebel Ali,Sea,Chemicals,2976,10.73,4701,40FT,92.38,Normal,Carrier_E,13,61529
SHP00051,Delhi,Singapore,Road,Machinery,625,0.5,8733,AIR_CARGO,92.13,Normal,Carrier_C,19,88876
SHP00052,Mumbai,Los Angeles,Air,Pharmaceuticals,886,7.28,3055,20FT,91.35,Peak,Carrier_B,12,126371
SHP00053,Chennai,Singapore,Road,Chemicals,5598,16.08,609,40FT_HC,111.65,Normal,Carrier_C,2,63998
SHP00054,Mumbai,Dubai,Road,Automotive Parts,2834,2.23,5918,20FT,88.59,Off_Peak,Carrier_E,12,64560
SHP00055,Pune,Colombo,Sea,Electronics,6348,14.6,2494,AIR_CARGO,76.22,Normal,Carrier_A,9,32117
SHP00056,Chennai,Dubai,Road,Automotive Parts,5174,15.67,4850,40FT_HC,82.14,Normal,Carrier_B,12,63248
SHP00057,Kolkata,Singapore,Sea,Automotive Parts,1183,0.5,3849,40FT_HC,103.86,Normal,Carrier_C,7,60142
SHP00058,Mumbai,London,Sea,Electronics,4435,6.86,9439,40FT,98.63,Normal,Carrier_E,20,95810
SHP00059,Ahmedabad,Los Angeles,Sea,Electronics,3604,8.66,4311,LCL,113.07,Normal,Carrier_A,11,67369
SHP00060,Pune,London,Sea,Textiles,698,0.5,7868,AIR_CARGO,102.78,Normal,Carrier_E,13,73789
SHP00061,Ahmedabad,Dubai,Sea,Chemicals,1031,3.46,8250,LCL,82.77,Peak,Carrier_B,16,65328
SHP00062,Kolkata,Jebel Ali,Sea,Pharmaceuticals,12192,32.32,5749,AIR_CARGO,79.83,Normal,Carrier_D,13,69880
SHP00063,Delhi,Dubai,Air,Textiles,1368,4.35,1432,20FT,95.83,Peak,Carrier_C,7,94058
SHP00064,Chennai,Hamburg,Sea,Electronics,3267,7.74,8554,LCL,101.61,Normal,Carrier_A,19,86496
SHP00065,Ahmedabad,Shanghai,Sea,Machinery,2209,8.57,1364,40FT_HC,81.63,Normal,Carrier_B,3,27785
SHP00066,Hyderabad,New York,Sea,Pharmaceuticals,2817,6.29,1641,40FT,99.07,Normal,Carrier_B,4,43007
SHP00067,Delhi,Hamburg,Sea,Machinery,2306,2.51,2754,AIR_CARGO,109.6,Normal,Carrier_D,9,61954
SHP00068,Chennai,Singapore,Air,Automotive Parts,4682,15.77,3724,40FT,104.1,Normal,Carrier_D,4,232992
SHP00069,Pune,Rotterdam,Sea,Food Products,4603,1.28,10234,AIR_CARGO,101.57,Normal,Carrier_C,19,100063
SHP00070,Pune,London,Road,Automotive Parts,2699,6.68,8262,40FT_HC,106.57,Off_Peak,Carrier_C,20,114858
SHP00071,Pune,Colombo,Air,Automotive Parts,1389,1.85,4953,40FT_HC,79.16,Peak,Carrier_B,12,150274
SHP00072,Kolkata,Hamburg,Sea,Food Products,1727,0.5,11754,40FT_HC,83.15,Normal,Carrier_C,22,76201
SHP00073,Ahmedabad,Los Angeles,Sea,Chemicals,898,3.33,3301,40FT_HC,76.52,Normal,Carrier_C,6,31434
SHP00074,Pune,London,Air,Electronics,2012,6.63,7513,40FT_HC,80.8,Off_Peak,Carrier_D,17,173033
SHP00075,Bengaluru,Hamburg,Air,Machinery,793,0.5,10243,40FT,111.53,Normal,Carrier_B,21,346152
SHP00076,Pune,Jebel Ali,Air,Automotive Parts,2882,1.28,9723,20FT,83.89,Normal,Carrier_E,19,235376
SHP00077,Mumbai,New York,Air,Food Products,3030,1.99,1539,LCL,101.48,Peak,Carrier_E,6,148079
SHP00078,Kolkata,Dubai,Sea,Textiles,4805,18.69,8519,40FT,102.66,Normal,Carrier_A,18,97060
SHP00079,Chennai,Dubai,Sea,Automotive Parts,1131,10.39,3465,LCL,100.81,Normal,Carrier_D,8,52991
SHP00080,Chennai,Hamburg,Sea,Machinery,1182,2.93,4591,20FT,97.16,Normal,Carrier_A,8,52728
SHP00081,Chennai,Singapore,Road,Electronics,6735,10.55,6123,AIR_CARGO,94.45,Normal,Carrier_B,11,102965
SHP00082,Chennai,Los Angeles,Sea,Automotive Parts,1027,1.86,9594,20FT,91.8,Peak,Carrier_E,21,87786
SHP00083,Mumbai,Singapore,Sea,Automotive Parts,9484,13.78,2411,20FT,111.68,Normal,Carrier_E,8,75736
SHP00084,Delhi,London,Sea,Chemicals,1371,4.52,1748,AIR_CARGO,75.38,Peak,Carrier_E,6,31174
SHP00085,Hyderabad,Shanghai,Sea,Furniture,1378,0.5,2265,LCL,77.14,Off_Peak,Carrier_A,5,28003
SHP00086,Bengaluru,New York,Sea,Food Products,4324,5.45,3010,40FT_HC,94.7,Off_Peak,Carrier_C,9,51120
SHP00087,Mumbai,New York,Air,Textiles,3573,12.42,1184,AIR_CARGO,88.22,Normal,Carrier_A,3,104240
SHP00088,Chennai,Dubai,Sea,Textiles,7267,16.69,11153,AIR_CARGO,91.33,Normal,Carrier_E,25,93538
SHP00089,Mumbai,New York,Road,Pharmaceuticals,731,5.2,4169,20FT,114.91,Off_Peak,Carrier_D,8,78388
SHP00090,Kolkata,Singapore,Sea,Electronics,3537,13.25,2535,AIR_CARGO,106.01,Peak,Carrier_D,6,63719
SHP00091,Hyderabad,Los Angeles,Sea,Pharmaceuticals,2426,5.42,7835,40FT,110.1,Normal,Carrier_A,16,88084
SHP00092,Chennai,Los Angeles,Air,Machinery,1242,2.94,9550,40FT_HC,89.74,Off_Peak,Carrier_A,21,211092
SHP00093,Bengaluru,Dubai,Air,Electronics,8493,24.45,9162,20FT,84.58,Normal,Carrier_B,19,295218
SHP00094,Chennai,Hamburg,Sea,Automotive Parts,2913,4.78,8765,LCL,105.72,Peak,Carrier_A,18,105042
SHP00095,Hyderabad,Los Angeles,Air,Furniture,2400,10.33,1081,LCL,107.3,Normal,Carrier_A,3,111991
SHP00096,Bengaluru,Singapore,Sea,Automotive Parts,3358,0.5,9495,LCL,97.0,Off_Peak,Carrier_E,20,81734
SHP00097,Hyderabad,Rotterdam,Sea,Textiles,813,0.52,6272,LCL,110.84,Peak,Carrier_C,13,86372
SHP00098,Bengaluru,Hamburg,Sea,Machinery,1110,3.39,7964,LCL,113.69,Normal,Carrier_E,15,87401
SHP00099,Delhi,Shanghai,Sea,Food Products,2014,0.5,11499,20FT,93.84,Normal,Carrier_C,23,90258
SHP00100,Ahmedabad,Colombo,Sea,Machinery,3071,8.79,9823,40FT,83.91,Normal,Carrier_E,20,69113
SHP00101,Delhi,Jebel Ali,Sea,Automotive Parts,5725,14.32,9992,40FT,95.68,Normal,Carrier_E,25,97622
SHP00102,Mumbai,New York,Sea,Food Products,1406,0.5,2587,LCL,114.58,Normal,Carrier_B,5,52231
SHP00103,Mumbai,New York,Sea,Machinery,1212,0.5,5979,40FT,86.72,Normal,Carrier_C,11,54820
SHP00104,Pune,Rotterdam,Sea,Furniture,3463,4.76,11417,40FT_HC,99.7,Normal,Carrier_E,23,108590
SHP00105,Bengaluru,Hamburg,Road,Furniture,2289,0.5,7201,40FT,102.76,Normal,Carrier_E,13,106003
SHP00106,Pune,Dubai,Sea,Machinery,717,8.15,1680,AIR_CARGO,83.56,Normal,Carrier_C,3,31063
SHP00107,Pune,Singapore,Sea,Food Products,1376,2.43,8916,LCL,98.54,Peak,Carrier_B,15,93122
SHP00108,Chennai,Rotterdam,Air,Automotive Parts,2221,0.5,994,AIR_CARGO,87.58,Peak,Carrier_C,2,90429
SHP00109,Ahmedabad,Jebel Ali,Sea,Machinery,2262,4.9,9036,AIR_CARGO,109.17,Normal,Carrier_B,17,107576
SHP00110,Kolkata,Los Angeles,Sea,Food Products,2650,7.27,10617,LCL,103.59,Normal,Carrier_B,19,97550
SHP00111,Kolkata,Dubai,Sea,Chemicals,1074,0.5,5390,20FT,108.05,Normal,Carrier_D,11,77561
SHP00112,Chennai,Colombo,Sea,Furniture,2296,4.01,5257,40FT,82.99,Normal,Carrier_B,7,53699
SHP00113,Chennai,Dubai,Road,Chemicals,4627,16.23,3998,40FT_HC,76.38,Normal,Carrier_D,10,51033
SHP00114,Delhi,Rotterdam,Air,Automotive Parts,383,0.5,10585,20FT,109.02,Normal,Carrier_A,20,319481
SHP00115,Kolkata,Shanghai,Sea,Food Products,2081,2.63,6800,40FT_HC,90.47,Normal,Carrier_B,14,71165
SHP00116,Bengaluru,Rotterdam,Road,Chemicals,849,0.5,7161,LCL,82.19,Normal,Carrier_C,16,65958
SHP00117,Hyderabad,Rotterdam,Air,Food Products,2448,13.12,8110,40FT,78.68,Normal,Carrier_D,17,193205
SHP00118,Pune,Rotterdam,Sea,Machinery,940,4.87,3953,20FT,95.66,Normal,Carrier_A,8,49923
SHP00119,Mumbai,Dubai,Road,Automotive Parts,2728,6.3,5477,LCL,81.01,Peak,Carrier_A,13,72314
SHP00120,Pune,Rotterdam,Sea,Chemicals,7197,14.26,9028,20FT,97.67,Normal,Carrier_B,22,92836
SHP00121,Pune,Hamburg,Air,Pharmaceuticals,1323,0.5,11833,AIR_CARGO,104.09,Normal,Carrier_C,21,336379
SHP00122,Hyderabad,Dubai,Road,Machinery,1453,2.38,895,40FT,96.4,Normal,Carrier_B,5,34330
SHP00123,Delhi,Los Angeles,Sea,Furniture,1842,6.37,990,40FT,111.15,Normal,Carrier_E,2,41421
SHP00124,Kolkata,Hamburg,Sea,Pharmaceuticals,3075,3.07,5423,LCL,81.22,Normal,Carrier_A,14,48658
SHP00125,Pune,Jebel Ali,Sea,Pharmaceuticals,1289,1.22,8086,LCL,94.76,Normal,Carrier_E,15,73501
SHP00126,Ahmedabad,Los Angeles,Sea,Electronics,1953,8.08,4943,LCL,81.53,Off_Peak,Carrier_E,9,37985
SHP00127,Chennai,Colombo,Air,Electronics,1618,10.29,11996,40FT,110.04,Normal,Carrier_D,26,404692
SHP00128,Ahmedabad,New York,Road,Automotive Parts,1846,6.57,2747,AIR_CARGO,112.29,Normal,Carrier_E,8,61912
SHP00129,Ahmedabad,Dubai,Sea,Chemicals,3099,4.73,591,40FT,91.0,Peak,Carrier_A,2,41739
SHP00130,Kolkata,New York,Sea,Chemicals,3577,7.9,2686,LCL,87.23,Normal,Carrier_A,7,39339
SHP00131,Bengaluru,Dubai,Sea,Chemicals,957,3.93,10699,40FT_HC,86.17,Off_Peak,Carrier_C,20,71694
SHP00132,Delhi,Los Angeles,Sea,Food Products,3091,6.19,2169,AIR_CARGO,109.39,Normal,Carrier_B,3,55831
SHP00133,Pune,Colombo,Sea,Machinery,19318,48.84,6008,40FT,102.3,Normal,Carrier_C,13,101566
SHP00134,Pune,Singapore,Sea,Chemicals,6821,13.32,5322,40FT_HC,110.22,Normal,Carrier_C,11,86230
SHP00135,Pune,Singapore,Road,Machinery,1647,10.37,8156,AIR_CARGO,79.7,Peak,Carrier_B,15,91559
SHP00136,Chennai,Hamburg,Sea,Automotive Parts,2724,6.14,1128,40FT,94.04,Normal,Carrier_A,7,45120
SHP00137,Hyderabad,Rotterdam,Sea,Pharmaceuticals,2446,3.3,8076,LCL,102.05,Normal,Carrier_D,15,83161
SHP00138,Bengaluru,Rotterdam,Air,Chemicals,3370,10.39,4580,40FT,110.88,Normal,Carrier_E,11,236510
SHP00139,Hyderabad,Singapore,Sea,Automotive Parts,1900,0.61,11149,AIR_CARGO,90.28,Normal,Carrier_D,24,92054
SHP00140,Mumbai,Los Angeles,Road,Chemicals,2099,5.59,10262,LCL,87.52,Normal,Carrier_E,20,101029
SHP00141,Delhi,Colombo,Road,Electronics,1555,9.31,5094,20FT,111.52,Normal,Carrier_B,10,92911
SHP00142,Bengaluru,Hamburg,Sea,Textiles,5095,7.26,11918,40FT_HC,76.9,Normal,Carrier_B,24,76110
SHP00143,Bengaluru,Los Angeles,Sea,Automotive Parts,3060,12.05,1097,LCL,94.18,Normal,Carrier_C,5,34141
SHP00144,Pune,Rotterdam,Sea,Chemicals,3075,2.16,9569,LCL,93.35,Normal,Carrier_B,21,81150
SHP00145,Hyderabad,Hamburg,Sea,Furniture,5519,16.42,5489,AIR_CARGO,80.84,Peak,Carrier_E,16,61828
SHP00146,Chennai,New York,Sea,Textiles,5573,9.48,5483,AIR_CARGO,90.8,Normal,Carrier_D,11,72998
SHP00147,Mumbai,London,Sea,Automotive Parts,4929,16.5,2457,40FT_HC,103.9,Normal,Carrier_D,7,63187
SHP00148,Pune,Jebel Ali,Sea,Furniture,5465,10.71,6421,AIR_CARGO,89.67,Peak,Carrier_D,11,77403
SHP00149,Pune,Hamburg,Sea,Furniture,6903,15.01,1474,LCL,87.39,Peak,Carrier_D,6,53830
SHP00150,Pune,Rotterdam,Sea,Food Products,1334,0.5,7591,40FT_HC,106.28,Peak,Carrier_C,16,96080
SHP00151,Hyderabad,Los Angeles,Road,Furniture,2059,0.5,3278,40FT_HC,114.55,Normal,Carrier_D,8,87513
SHP00152,Bengaluru,New York,Sea,Chemicals,3963,4.87,8836,40FT,106.17,Normal,Carrier_E,17,94326
SHP00153,Delhi,Jebel Ali,Sea,Food Products,1406,0.5,7485,LCL,108.85,Normal,Carrier_C,15,77989
SHP00154,Bengaluru,Jebel Ali,Sea,Electronics,1974,0.5,9084,LCL,112.58,Normal,Carrier_C,19,95446
SHP00155,Kolkata,Hamburg,Road,Chemicals,2837,7.93,9122,AIR_CARGO,107.07,Normal,Carrier_C,17,125313
SHP00156,Delhi,Jebel Ali,Sea,Pharmaceuticals,2153,11.23,2762,LCL,114.21,Normal,Carrier_B,6,59191
SHP00157,Pune,New York,Air,Furniture,2610,13.4,508,AIR_CARGO,104.89,Normal,Carrier_C,3,98959
SHP00158,Delhi,Colombo,Air,Electronics,1187,0.5,4706,LCL,101.46,Peak,Carrier_E,7,188135
SHP00159,Bengaluru,Los Angeles,Sea,Textiles,2439,5.37,11069,40FT,102.73,Normal,Carrier_D,20,112278
SHP00160,Chennai,Hamburg,Air,Automotive Parts,2728,11.15,7146,LCL,111.0,Normal,Carrier_B,14,293099
SHP00161,Pune,Jebel Ali,Sea,Furniture,7142,11.76,8866,40FT,102.32,Normal,Carrier_D,21,107263
SHP00162,Delhi,Colombo,Sea,Machinery,2099,9.81,10615,LCL,105.45,Normal,Carrier_A,20,97599
SHP00163,Kolkata,Los Angeles,Sea,Electronics,1638,8.78,10920,LCL,83.64,Normal,Carrier_B,22,76939
SHP00164,Hyderabad,Dubai,Sea,Machinery,3974,1.68,6584,20FT,111.51,Normal,Carrier_E,12,84045
SHP00165,Chennai,Colombo,Sea,Furniture,317,0.5,6721,LCL,92.89,Normal,Carrier_B,13,60767
SHP00166,Chennai,Dubai,Air,Machinery,2034,3.24,10286,40FT,81.44,Peak,Carrier_C,18,240499
SHP00167,Chennai,Dubai,Sea,Furniture,1790,8.01,9786,40FT_HC,106.99,Normal,Carrier_B,21,101082
SHP00168,Delhi,Colombo,Sea,Automotive Parts,2962,0.97,8537,40FT,89.26,Off_Peak,Carrier_C,15,61487
SHP00169,Chennai,Jebel Ali,Sea,Textiles,5620,5.23,7451,LCL,82.36,Normal,Carrier_D,17,60089
SHP00170,Bengaluru,Dubai,Sea,Automotive Parts,6853,16.57,7598,AIR_CARGO,85.25,Off_Peak,Carrier_B,17,65698
SHP00171,Chennai,Jebel Ali,Air,Chemicals,2935,9.52,4673,20FT,76.4,Peak,Carrier_B,10,143690
SHP00172,Kolkata,Jebel Ali,Sea,Electronics,912,0.5,10171,AIR_CARGO,78.62,Normal,Carrier_E,22,58586
SHP00173,Pune,Los Angeles,Sea,Machinery,1790,1.87,7604,20FT,98.7,Normal,Carrier_A,22,77359
SHP00174,Pune,Shanghai,Sea,Automotive Parts,1922,7.08,3071,20FT,109.65,Normal,Carrier_B,9,60661
SHP00175,Mumbai,New York,Sea,Furniture,3174,4.08,3258,AIR_CARGO,92.94,Peak,Carrier_D,6,57934
SHP00176,Kolkata,Jebel Ali,Sea,Automotive Parts,2593,2.99,10408,LCL,100.04,Normal,Carrier_C,24,90599
SHP00177,Delhi,Los Angeles,Air,Automotive Parts,1598,4.91,7696,40FT,107.39,Normal,Carrier_D,16,281995
SHP00178,Chennai,London,Sea,Electronics,1108,4.19,5085,AIR_CARGO,89.27,Normal,Carrier_E,15,52002
SHP00179,Chennai,Dubai,Road,Textiles,1422,2.49,2652,40FT_HC,101.17,Off_Peak,Carrier_B,6,55171
SHP00180,Bengaluru,Hamburg,Sea,Pharmaceuticals,1388,9.24,7517,20FT,89.02,Normal,Carrier_A,18,65845
SHP00181,Hyderabad,Jebel Ali,Sea,Automotive Parts,7173,20.08,2620,40FT,100.71,Peak,Carrier_A,7,68596
SHP00182,Chennai,Colombo,Sea,Electronics,1516,2.21,5907,40FT_HC,83.7,Peak,Carrier_B,18,62415
SHP00183,Ahmedabad,Dubai,Road,Machinery,2600,1.03,8291,40FT,114.11,Normal,Carrier_A,17,139168
SHP00184,Kolkata,Dubai,Road,Furniture,4692,15.14,7002,LCL,78.05,Normal,Carrier_D,21,79878
SHP00185,Delhi,London,Sea,Chemicals,2838,10.86,11104,40FT_HC,95.21,Peak,Carrier_C,23,104912
SHP00186,Pune,Hamburg,Air,Pharmaceuticals,1234,2.54,957,AIR_CARGO,86.45,Normal,Carrier_B,5,73060
SHP00187,Mumbai,Los Angeles,Air,Food Products,4743,12.4,3718,40FT,99.03,Normal,Carrier_C,12,201957
SHP00188,Chennai,London,Sea,Pharmaceuticals,3147,10.3,1156,AIR_CARGO,92.13,Normal,Carrier_A,3,38366
SHP00189,Mumbai,New York,Sea,Furniture,604,7.85,2738,AIR_CARGO,87.27,Off_Peak,Carrier_E,9,33405
SHP00190,Chennai,Dubai,Sea,Pharmaceuticals,5618,16.93,1926,40FT,85.0,Normal,Carrier_C,5,42011
SHP00191,Delhi,Jebel Ali,Sea,Furniture,4410,12.28,8926,40FT,82.3,Peak,Carrier_E,19,75506
SHP00192,Hyderabad,Jebel Ali,Road,Electronics,3115,11.14,4748,20FT,106.32,Off_Peak,Carrier_D,11,86892
SHP00193,Kolkata,London,Road,Food Products,7235,21.83,11138,20FT,83.89,Normal,Carrier_E,23,117880
SHP00194,Pune,New York,Sea,Automotive Parts,4345,11.43,769,40FT_HC,105.94,Normal,Carrier_C,4,48305
SHP00195,Delhi,Singapore,Sea,Automotive Parts,5204,16.06,8009,40FT_HC,94.4,Normal,Carrier_C,15,75580
SHP00196,Mumbai,Rotterdam,Sea,Pharmaceuticals,4904,8.97,11661,40FT_HC,77.89,Normal,Carrier_B,23,77666
SHP00197,Chennai,Colombo,Air,Electronics,4089,13.88,2522,20FT,81.62,Peak,Carrier_E,2,136569
SHP00198,Mumbai,Colombo,Road,Food Products,781,0.5,5588,AIR_CARGO,110.72,Normal,Carrier_D,14,100781
SHP00199,Kolkata,Singapore,Road,Automotive Parts,844,0.5,8572,LCL,99.11,Peak,Carrier_B,21,122606
SHP00200,Ahmedabad,Dubai,Air,Machinery,4346,9.83,7781,LCL,82.37,Normal,Carrier_B,17,214615
SHP00201,Pune,Los Angeles,Sea,Textiles,5567,7.89,7009,40FT,103.15,Normal,Carrier_D,12,88876
SHP00202,Delhi,Hamburg,Sea,Textiles,1581,1.38,4258,20FT,107.93,Normal,Carrier_B,11,62787
SHP00203,Mumbai,Singapore,Sea,Automotive Parts,1212,4.4,8874,40FT,88.23,Normal,Carrier_D,17,69385
SHP00204,Mumbai,New York,Road,Food Products,2965,8.17,8012,LCL,97.26,Normal,Carrier_A,17,107024
SHP00205,Kolkata,Jebel Ali,Sea,Chemicals,973,4.87,2372,40FT,86.74,Normal,Carrier_B,8,39295
SHP00206,Ahmedabad,Rotterdam,Sea,Automotive Parts,2240,7.95,11587,20FT,78.2,Normal,Carrier_C,24,71802
SHP00207,Chennai,Dubai,Sea,Chemicals,1985,6.22,6890,20FT,90.98,Normal,Carrier_A,17,61815
SHP00208,Ahmedabad,Rotterdam,Air,Chemicals,2161,1.74,6543,20FT,105.06,Normal,Carrier_B,14,237548
SHP00209,Mumbai,Hamburg,Sea,Furniture,8509,23.95,10255,LCL,93.35,Peak,Carrier_D,21,109856
SHP00210,Kolkata,Jebel Ali,Sea,Furniture,1656,3.5,7865,20FT,91.21,Normal,Carrier_A,18,66421
SHP00211,Chennai,New York,Sea,Food Products,2588,7.12,1357,40FT_HC,89.64,Normal,Carrier_A,4,38984
SHP00212,Ahmedabad,Colombo,Air,Chemicals,1065,2.95,6326,40FT_HC,93.36,Normal,Carrier_C,12,177613
SHP00213,Pune,Hamburg,Air,Machinery,4607,17.27,9477,20FT,87.73,Off_Peak,Carrier_B,20,248282
SHP00214,Ahmedabad,Singapore,Sea,Food Products,2225,0.52,8550,40FT_HC,99.49,Normal,Carrier_B,15,85888
SHP00215,Pune,Colombo,Air,Automotive Parts,5377,11.43,11664,20FT,77.54,Peak,Carrier_D,23,311444
SHP00216,Ahmedabad,Colombo,Sea,Pharmaceuticals,506,3.33,787,LCL,107.3,Off_Peak,Carrier_A,1,29220
SHP00217,Hyderabad,New York,Sea,Machinery,2407,5.82,3504,40FT_HC,81.93,Normal,Carrier_C,7,42960
SHP00218,Chennai,Singapore,Air,Electronics,2724,4.55,6815,LCL,100.34,Normal,Carrier_D,13,253900
SHP00219,Ahmedabad,London,Sea,Textiles,4521,3.09,7624,40FT_HC,93.0,Normal,Carrier_D,14,79044
SHP00220,Hyderabad,Hamburg,Air,Automotive Parts,1647,2.77,3655,AIR_CARGO,105.94,Normal,Carrier_C,11,161351
SHP00221,Delhi,Los Angeles,Air,Automotive Parts,4169,11.38,10008,AIR_CARGO,108.05,Normal,Carrier_B,22,385871
SHP00222,Kolkata,Shanghai,Sea,Automotive Parts,1774,6.4,2390,LCL,83.17,Normal,Carrier_C,9,29442
SHP00223,Ahmedabad,Jebel Ali,Sea,Machinery,2657,5.65,510,40FT_HC,102.09,Normal,Carrier_B,3,45170
SHP00224,Pune,New York,Sea,Electronics,4552,11.55,11453,AIR_CARGO,82.6,Normal,Carrier_E,22,80027
SHP00225,Chennai,Jebel Ali,Sea,Pharmaceuticals,1366,0.5,5003,20FT,79.96,Normal,Carrier_A,13,38786
SHP00226,Pune,Hamburg,Sea,Food Products,4046,11.19,11511,40FT,112.21,Normal,Carrier_C,23,113580
SHP00227,Hyderabad,Singapore,Road,Furniture,3108,7.44,3696,AIR_CARGO,81.58,Normal,Carrier_D,9,56274
SHP00228,Hyderabad,Los Angeles,Sea,Electronics,2013,5.45,1230,AIR_CARGO,84.13,Normal,Carrier_B,1,29536
SHP00229,Delhi,Shanghai,Road,Machinery,1619,2.98,9384,20FT,80.21,Normal,Carrier_A,21,88892
SHP00230,Pune,Rotterdam,Sea,Automotive Parts,638,2.37,10112,AIR_CARGO,93.81,Normal,Carrier_A,22,86446
SHP00231,Bengaluru,Los Angeles,Air,Textiles,2373,8.19,6159,AIR_CARGO,111.78,Normal,Carrier_C,13,247340
SHP00232,Kolkata,New York,Sea,Automotive Parts,2015,5.82,1349,AIR_CARGO,85.56,Normal,Carrier_D,6,38810
SHP00233,Pune,Jebel Ali,Sea,Food Products,3788,1.73,8023,40FT_HC,96.67,Normal,Carrier_C,18,76200
SHP00234,Bengaluru,Los Angeles,Sea,Chemicals,3547,9.55,2595,AIR_CARGO,91.46,Normal,Carrier_D,5,43007
SHP00235,Chennai,Dubai,Sea,Textiles,5012,10.38,10268,40FT,88.44,Peak,Carrier_E,20,95026
SHP00236,Kolkata,Singapore,Air,Automotive Parts,5133,9.39,3651,40FT_HC,97.89,Off_Peak,Carrier_C,7,172499
SHP00237,Pune,Singapore,Sea,Pharmaceuticals,19441,51.68,10249,40FT_HC,97.36,Normal,Carrier_B,24,131489
SHP00238,Delhi,Dubai,Sea,Textiles,3491,4.58,5410,LCL,89.37,Normal,Carrier_C,14,50257
SHP00239,Chennai,Colombo,Sea,Chemicals,1429,0.5,7360,AIR_CARGO,109.02,Peak,Carrier_C,14,92178
SHP00240,Kolkata,Colombo,Sea,Furniture,4277,1.22,9580,40FT,77.13,Normal,Carrier_E,21,64352
SHP00241,Pune,Hamburg,Road,Electronics,7100,22.67,965,40FT,78.41,Normal,Carrier_E,4,43957
SHP00242,Pune,London,Road,Machinery,3404,11.67,9943,LCL,114.63,Off_Peak,Carrier_C,19,135012
SHP00243,Kolkata,Rotterdam,Road,Furniture,628,0.5,2094,40FT,104.91,Normal,Carrier_D,6,52350
SHP00244,Bengaluru,Dubai,Sea,Automotive Parts,3587,10.99,4622,40FT_HC,107.16,Peak,Carrier_E,12,80798
SHP00245,Chennai,Hamburg,Sea,Food Products,1660,0.5,5937,20FT,99.11,Off_Peak,Carrier_E,15,60055
SHP00246,Delhi,Jebel Ali,Road,Electronics,1059,4.42,10797,40FT_HC,91.79,Normal,Carrier_D,26,121021
SHP00247,Delhi,Dubai,Sea,Furniture,2823,3.29,758,20FT,100.17,Normal,Carrier_A,4,42416
SHP00248,Chennai,London,Road,Automotive Parts,927,8.9,6931,40FT,78.7,Peak,Carrier_E,14,76784
SHP00249,Chennai,Dubai,Road,Electronics,4861,13.04,7889,AIR_CARGO,105.31,Normal,Carrier_E,17,130191
SHP00250,Hyderabad,London,Road,Furniture,4020,10.1,4141,20FT,96.63,Peak,Carrier_D,9,84451
SHP00251,Mumbai,London,Sea,Food Products,2363,2.34,3841,40FT_HC,113.27,Normal,Carrier_D,8,77063
SHP00252,Pune,London,Sea,Automotive Parts,1748,0.9,6140,40FT_HC,100.5,Normal,Carrier_C,11,66403
SHP00253,Bengaluru,Singapore,Road,Chemicals,2218,7.65,2652,40FT_HC,81.07,Off_Peak,Carrier_C,1,36397
SHP00254,Chennai,Los Angeles,Sea,Chemicals,1296,0.5,5883,40FT_HC,94.1,Peak,Carrier_A,14,68597
SHP00255,Chennai,Singapore,Sea,Food Products,2378,2.18,9298,LCL,77.31,Normal,Carrier_A,16,55148
SHP00256,Mumbai,Hamburg,Sea,Textiles,394,6.57,10222,40FT,104.82,Peak,Carrier_A,19,103220
SHP00257,Mumbai,Singapore,Road,Food Products,2648,7.45,4929,AIR_CARGO,95.07,Off_Peak,Carrier_B,12,68951
SHP00258,Kolkata,Singapore,Air,Textiles,2693,2.03,7599,LCL,89.79,Normal,Carrier_D,15,221116
SHP00259,Ahmedabad,Jebel Ali,Sea,Automotive Parts,4330,12.52,500,40FT,113.74,Normal,Carrier_E,7,60191
SHP00260,Delhi,Dubai,Sea,Furniture,3038,6.12,6829,20FT,112.62,Peak,Carrier_D,11,103761
SHP00261,Bengaluru,Singapore,Sea,Textiles,4719,4.17,11715,LCL,113.11,Normal,Carrier_D,28,130211
SHP00262,Kolkata,Shanghai,Road,Automotive Parts,3567,6.5,4091,LCL,83.84,Normal,Carrier_A,12,57777
SHP00263,Chennai,London,Sea,Automotive Parts,4904,7.48,7340,LCL,104.14,Normal,Carrier_D,17,83596
SHP00264,Pune,Dubai,Sea,Pharmaceuticals,13739,33.74,9266,LCL,112.82,Normal,Carrier_B,22,127879
SHP00265,Mumbai,Colombo,Road,Machinery,3285,5.2,7503,20FT,97.83,Peak,Carrier_E,16,119589
SHP00266,Hyderabad,Jebel Ali,Air,Automotive Parts,2818,7.07,5313,40FT_HC,83.57,Normal,Carrier_A,8,155976
SHP00267,Delhi,Los Angeles,Air,Textiles,5408,15.54,2255,LCL,107.71,Normal,Carrier_C,7,189002
SHP00268,Kolkata,Jebel Ali,Air,Machinery,1844,13.83,5833,40FT,110.2,Off_Peak,Carrier_E,10,214578
SHP00269,Hyderabad,London,Sea,Machinery,2314,13.43,3890,40FT_HC,103.13,Normal,Carrier_C,8,61150
SHP00270,Delhi,Dubai,Sea,Automotive Parts,3287,8.72,8503,20FT,86.74,Normal,Carrier_C,17,66431
SHP00271,Ahmedabad,Los Angeles,Air,Food Products,2620,6.03,5582,AIR_CARGO,82.63,Normal,Carrier_D,10,165659
SHP00272,Ahmedabad,Rotterdam,Air,Food Products,2613,3.84,10274,20FT,99.97,Peak,Carrier_E,23,357787
SHP00273,Hyderabad,New York,Road,Chemicals,4487,4.11,2723,AIR_CARGO,94.31,Peak,Carrier_B,7,70852
SHP00274,Mumbai,Jebel Ali,Road,Machinery,830,0.5,5304,40FT,101.75,Normal,Carrier_D,12,79393
SHP00275,Kolkata,Los Angeles,Sea,Automotive Parts,9375,18.95,6911,AIR_CARGO,79.47,Off_Peak,Carrier_C,15,52610
SHP00276,Kolkata,Hamburg,Sea,Pharmaceuticals,3429,14.71,1949,LCL,80.44,Peak,Carrier_E,6,35732
SHP00277,Ahmedabad,Los Angeles,Air,Food Products,1927,11.0,7261,40FT_HC,89.52,Peak,Carrier_D,13,247058
SHP00278,Delhi,New York,Sea,Pharmaceuticals,7203,17.44,3846,40FT_HC,85.35,Normal,Carrier_E,7,56487
SHP00279,Hyderabad,London,Air,Automotive Parts,2674,8.23,3140,LCL,99.77,Normal,Carrier_A,7,147336
SHP00280,Mumbai,Dubai,Air,Automotive Parts,2720,4.06,2132,40FT_HC,89.7,Normal,Carrier_B,4,116565
SHP00281,Chennai,Rotterdam,Road,Furniture,2174,5.06,4524,20FT,102.36,Normal,Carrier_B,13,82720
SHP00282,Kolkata,Hamburg,Sea,Machinery,6490,12.35,11183,LCL,105.75,Peak,Carrier_B,20,128012
SHP00283,Pune,Los Angeles,Sea,Furniture,2485,2.8,857,LCL,82.49,Normal,Carrier_C,8,27799
SHP00284,Chennai,Shanghai,Sea,Pharmaceuticals,1739,6.59,10300,40FT_HC,111.79,Off_Peak,Carrier_C,21,99694
SHP00285,Mumbai,Singapore,Sea,Furniture,4785,8.97,5070,AIR_CARGO,106.49,Normal,Carrier_B,11,76305
SHP00286,Ahmedabad,London,Sea,Chemicals,5394,14.81,6958,40FT,100.07,Normal,Carrier_E,14,81956
SHP00287,Pune,Jebel Ali,Sea,Machinery,7103,16.32,6397,AIR_CARGO,111.36,Normal,Carrier_A,15,91981
SHP00288,Kolkata,Jebel Ali,Sea,Electronics,3774,14.66,11146,20FT,85.63,Off_Peak,Carrier_C,22,67232
SHP00289,Kolkata,New York,Sea,Furniture,5266,14.75,9356,LCL,91.87,Normal,Carrier_D,20,85363
SHP00290,Hyderabad,London,Sea,Pharmaceuticals,2112,6.01,11825,LCL,78.43,Off_Peak,Carrier_D,25,59901
SHP00291,Pune,Hamburg,Sea,Food Products,4870,5.87,9636,20FT,93.25,Normal,Carrier_C,21,79755
SHP00292,Chennai,Colombo,Sea,Food Products,4051,7.68,3903,40FT,95.26,Normal,Carrier_B,12,62194
SHP00293,Ahmedabad,Rotterdam,Air,Food Products,3529,8.2,11573,LCL,99.64,Normal,Carrier_E,24,356076
SHP00294,Hyderabad,Hamburg,Sea,Textiles,909,2.38,11811,AIR_CARGO,77.56,Normal,Carrier_A,22,71350
SHP00295,Bengaluru,Rotterdam,Sea,Automotive Parts,1943,7.28,1916,20FT,76.3,Peak,Carrier_D,1,35423
SHP00296,Chennai,Dubai,Sea,Machinery,2427,6.6,10862,LCL,91.8,Off_Peak,Carrier_C,22,73342
SHP00297,Chennai,Dubai,Air,Food Products,3532,4.28,8138,AIR_CARGO,82.57,Normal,Carrier_E,17,209657
SHP00298,Bengaluru,London,Sea,Electronics,11903,30.71,11103,20FT,105.35,Normal,Carrier_B,26,126788
SHP00299,Mumbai,London,Sea,Food Products,4370,8.56,11031,20FT,101.75,Normal,Carrier_A,22,102455
SHP00300,Pune,Jebel Ali,Sea,Chemicals,1477,0.93,10751,20FT,88.03,Peak,Carrier_A,22,87215
SHP00301,Pune,Singapore,Sea,Automotive Parts,1830,0.5,10681,40FT,76.83,Normal,Carrier_D,23,67690
SHP00302,Mumbai,New York,Sea,Pharmaceuticals,6170,13.29,1853,20FT,82.3,Normal,Carrier_D,6,37461
SHP00303,Kolkata,Singapore,Sea,Automotive Parts,1778,2.0,2150,40FT_HC,102.67,Normal,Carrier_C,8,49730
SHP00304,Delhi,Hamburg,Sea,Furniture,4847,16.18,1854,40FT_HC,114.61,Peak,Carrier_A,4,77675
SHP00305,Hyderabad,Jebel Ali,Air,Pharmaceuticals,2698,5.35,1547,20FT,88.06,Off_Peak,Carrier_B,3,90519
SHP00306,Delhi,Rotterdam,Road,Pharmaceuticals,2244,7.47,4563,LCL,107.08,Normal,Carrier_B,10,80973
SHP00307,Kolkata,Colombo,Sea,Furniture,1796,0.5,8366,40FT_HC,109.68,Off_Peak,Carrier_C,13,83694
SHP00308,Pune,Los Angeles,Sea,Machinery,345,3.8,4579,AIR_CARGO,76.93,Peak,Carrier_A,10,44160
SHP00309,Delhi,Shanghai,Air,Furniture,3551,11.02,8783,AIR_CARGO,111.65,Normal,Carrier_D,17,370495
SHP00310,Chennai,Dubai,Sea,Textiles,1262,0.5,9933,LCL,93.65,Normal,Carrier_B,21,79647
SHP00311,Chennai,Singapore,Sea,Pharmaceuticals,994,0.5,8161,AIR_CARGO,113.57,Normal,Carrier_E,16,91663
SHP00312,Bengaluru,New York,Sea,Pharmaceuticals,2937,4.34,5849,LCL,96.54,Peak,Carrier_C,11,71028
SHP00313,Bengaluru,Colombo,Sea,Furniture,4882,10.81,3898,AIR_CARGO,84.41,Normal,Carrier_B,12,48698
SHP00314,Kolkata,Colombo,Road,Machinery,830,0.5,1931,20FT,113.99,Peak,Carrier_E,6,64940
SHP00315,Kolkata,Dubai,Air,Food Products,4799,10.45,6177,AIR_CARGO,84.73,Normal,Carrier_E,15,202323
SHP00316,Ahmedabad,Shanghai,Air,Chemicals,1390,5.92,8775,20FT,110.3,Normal,Carrier_B,18,305270
SHP00317,Kolkata,London,Sea,Electronics,3812,6.84,6805,AIR_CARGO,81.93,Normal,Carrier_C,15,57292
SHP00318,Chennai,Colombo,Sea,Machinery,3642,9.86,8797,AIR_CARGO,101.99,Off_Peak,Carrier_E,15,78457
SHP00319,Delhi,Hamburg,Sea,Textiles,2186,5.91,4355,AIR_CARGO,91.45,Normal,Carrier_E,12,54884
SHP00320,Hyderabad,Hamburg,Sea,Machinery,2549,0.5,1268,20FT,113.88,Normal,Carrier_A,6,49200
SHP00321,Ahmedabad,London,Sea,Automotive Parts,1932,1.37,9368,AIR_CARGO,82.39,Normal,Carrier_A,19,66023
SHP00322,Ahmedabad,Rotterdam,Air,Food Products,2967,11.01,3027,AIR_CARGO,91.35,Normal,Carrier_A,8,134103
SHP00323,Pune,Jebel Ali,Air,Food Products,2950,3.44,7587,40FT,100.59,Off_Peak,Carrier_E,18,237628
SHP00324,Ahmedabad,London,Sea,Pharmaceuticals,1371,0.5,9749,20FT,114.1,Off_Peak,Carrier_E,19,87471
SHP00325,Kolkata,Shanghai,Road,Food Products,1034,6.61,2100,40FT_HC,87.15,Off_Peak,Carrier_C,3,33041
SHP00326,Kolkata,Hamburg,Air,Food Products,4815,12.08,7383,LCL,90.87,Off_Peak,Carrier_D,15,232308
SHP00327,Chennai,Colombo,Sea,Furniture,2855,12.63,8428,40FT,93.47,Off_Peak,Carrier_A,18,67314
SHP00328,Hyderabad,Hamburg,Sea,Food Products,4400,8.62,9085,AIR_CARGO,85.11,Normal,Carrier_D,18,74977
SHP00329,Chennai,Los Angeles,Sea,Food Products,1617,8.66,2198,40FT_HC,107.69,Off_Peak,Carrier_A,9,50222
SHP00330,Hyderabad,Jebel Ali,Sea,Electronics,1463,0.5,9989,40FT_HC,78.68,Normal,Carrier_A,18,65331
SHP00331,Chennai,New York,Sea,Textiles,1295,0.5,1583,AIR_CARGO,103.19,Peak,Carrier_C,3,49065
SHP00332,Delhi,Los Angeles,Air,Pharmaceuticals,2223,7.99,6475,AIR_CARGO,96.36,Peak,Carrier_C,12,232953
SHP00333,Pune,Rotterdam,Sea,Furniture,2908,9.22,5599,40FT,84.68,Normal,Carrier_B,13,58187
SHP00334,Kolkata,Dubai,Sea,Food Products,1756,6.87,3050,20FT,94.71,Normal,Carrier_A,4,44448
SHP00335,Mumbai,Los Angeles,Sea,Pharmaceuticals,6913,15.63,3972,40FT,108.2,Normal,Carrier_A,11,76311
SHP00336,Mumbai,Rotterdam,Sea,Textiles,1647,9.79,2391,20FT,92.82,Normal,Carrier_A,4,42313
SHP00337,Pune,Rotterdam,Road,Furniture,2939,10.46,5396,40FT_HC,79.88,Normal,Carrier_C,10,62548
SHP00338,Kolkata,New York,Air,Chemicals,1408,6.65,908,LCL,76.63,Peak,Carrier_A,7,56256
SHP00339,Ahmedabad,Dubai,Sea,Food Products,1614,4.33,10723,AIR_CARGO,106.11,Normal,Carrier_B,24,104765
SHP00340,Kolkata,Singapore,Sea,Pharmaceuticals,2364,0.5,2380,40FT,88.22,Normal,Carrier_E,7,35645
SHP00341,Kolkata,London,Sea,Machinery,1455,3.73,10689,40FT_HC,112.25,Off_Peak,Carrier_B,19,98411
SHP00342,Pune,Colombo,Sea,Furniture,2650,7.75,10431,40FT,99.69,Peak,Carrier_E,25,109345
SHP00343,Kolkata,Shanghai,Sea,Furniture,3328,16.06,5694,20FT,92.45,Off_Peak,Carrier_C,12,51672
SHP00344,Ahmedabad,Shanghai,Sea,Pharmaceuticals,5089,13.18,6224,AIR_CARGO,97.58,Normal,Carrier_D,14,76188
SHP00345,Hyderabad,Shanghai,Sea,Food Products,1239,0.5,3972,20FT,93.29,Normal,Carrier_C,11,40569
SHP00346,Pune,Singapore,Sea,Automotive Parts,2788,8.51,11964,20FT,111.23,Normal,Carrier_D,20,126127
SHP00347,Delhi,London,Sea,Electronics,2401,10.75,8214,20FT,93.32,Normal,Carrier_E,16,69691
SHP00348,Mumbai,Shanghai,Sea,Machinery,752,8.62,11446,40FT_HC,79.16,Off_Peak,Carrier_D,23,69887
SHP00349,Pune,London,Sea,Machinery,1200,2.43,5270,AIR_CARGO,98.88,Normal,Carrier_E,12,59405
SHP00350,Bengaluru,Colombo,Sea,Automotive Parts,3404,7.31,10655,LCL,99.92,Off_Peak,Carrier_D,19,87432
SHP00351,Mumbai,Shanghai,Sea,Food Products,1038,0.5,5655,40FT,105.61,Normal,Carrier_E,13,73378
SHP00352,Mumbai,Dubai,Road,Furniture,2383,3.26,10469,20FT,112.33,Normal,Carrier_D,21,162296
SHP00353,Ahmedabad,Rotterdam,Air,Furniture,629,3.23,2006,AIR_CARGO,92.72,Normal,Carrier_E,9,88715
SHP00354,Chennai,Shanghai,Sea,Electronics,2338,0.5,7824,40FT,89.08,Normal,Carrier_B,18,71537
SHP00355,Kolkata,London,Sea,Machinery,658,9.76,8305,AIR_CARGO,94.63,Off_Peak,Carrier_A,17,59943
SHP00356,Kolkata,Rotterdam,Sea,Electronics,1688,2.59,8046,40FT,111.01,Normal,Carrier_B,16,97087
SHP00357,Kolkata,New York,Sea,Machinery,1881,4.96,5641,AIR_CARGO,114.2,Normal,Carrier_C,14,73180
SHP00358,Chennai,Shanghai,Sea,Food Products,2708,7.82,8365,LCL,113.85,Normal,Carrier_D,18,96939
SHP00359,Ahmedabad,Shanghai,Road,Chemicals,2122,9.57,3254,AIR_CARGO,84.19,Normal,Carrier_E,5,44595
SHP00360,Pune,Los Angeles,Sea,Machinery,1120,3.73,7352,AIR_CARGO,94.88,Peak,Carrier_B,20,84378
SHP00361,Delhi,Rotterdam,Sea,Chemicals,1133,0.5,6874,20FT,85.38,Normal,Carrier_B,13,50245
SHP00362,Delhi,Shanghai,Sea,Machinery,876,3.77,4161,20FT,89.72,Normal,Carrier_E,15,50117
SHP00363,Ahmedabad,Dubai,Sea,Furniture,2859,11.32,9457,20FT,76.27,Off_Peak,Carrier_D,20,57642
SHP00364,Bengaluru,Colombo,Sea,Textiles,2778,3.04,1430,AIR_CARGO,81.42,Peak,Carrier_C,3,34539
SHP00365,Delhi,Rotterdam,Road,Food Products,3863,12.4,2472,LCL,90.88,Normal,Carrier_C,2,47286
SHP00366,Ahmedabad,Colombo,Sea,Automotive Parts,1806,5.32,5918,40FT,89.59,Peak,Carrier_C,14,63595
SHP00367,Pune,Jebel Ali,Road,Chemicals,810,2.31,10755,20FT,86.15,Peak,Carrier_E,18,118137
SHP00368,Delhi,London,Road,Automotive Parts,2036,2.29,7114,40FT_HC,84.21,Normal,Carrier_B,16,79912
SHP00369,Kolkata,New York,Sea,Food Products,2518,5.11,10184,AIR_CARGO,104.96,Normal,Carrier_C,24,90810
SHP00370,Hyderabad,Los Angeles,Sea,Pharmaceuticals,1173,4.55,6452,LCL,86.78,Normal,Carrier_B,11,53146
SHP00371,Ahmedabad,Dubai,Sea,Automotive Parts,1247,1.27,9533,LCL,103.26,Normal,Carrier_C,21,86642
SHP00372,Mumbai,New York,Sea,Food Products,3351,4.06,4247,20FT,89.75,Normal,Carrier_C,8,49457
SHP00373,Delhi,Los Angeles,Sea,Furniture,2669,2.27,9874,20FT,107.08,Normal,Carrier_D,22,111492
SHP00374,Delhi,New York,Air,Automotive Parts,5221,13.55,5119,40FT_HC,81.69,Peak,Carrier_E,11,205202
SHP00375,Chennai,New York,Sea,Chemicals,7657,20.19,6927,40FT_HC,81.3,Off_Peak,Carrier_D,15,61753
SHP00376,Bengaluru,Hamburg,Sea,Textiles,941,1.97,2523,20FT,102.19,Peak,Carrier_B,9,53665
SHP00377,Hyderabad,London,Air,Automotive Parts,1904,11.79,11085,40FT,111.6,Peak,Carrier_B,23,440825
SHP00378,Pune,Singapore,Sea,Chemicals,2709,0.5,8567,20FT,80.72,Normal,Carrier_E,16,57968
SHP00379,Chennai,Los Angeles,Air,Machinery,3166,9.06,10377,20FT,77.95,Off_Peak,Carrier_C,24,185322
SHP00380,Kolkata,Dubai,Sea,Food Products,4839,4.16,2890,LCL,112.39,Off_Peak,Carrier_E,4,47291
SHP00381,Mumbai,Rotterdam,Sea,Electronics,4014,9.14,1278,20FT,79.69,Normal,Carrier_C,5,27520
SHP00382,Bengaluru,New York,Air,Pharmaceuticals,5240,13.48,4378,20FT,85.01,Peak,Carrier_A,8,196695
SHP00383,Chennai,New York,Sea,Furniture,2602,5.49,6442,20FT,112.18,Normal,Carrier_A,11,82288
SHP00384,Ahmedabad,Los Angeles,Road,Electronics,1662,0.5,9727,40FT,107.12,Normal,Carrier_E,17,135060
SHP00385,Delhi,Jebel Ali,Air,Furniture,8880,20.76,5074,LCL,88.71,Normal,Carrier_A,11,243289
SHP00386,Delhi,Singapore,Air,Food Products,2762,6.59,3605,AIR_CARGO,113.18,Normal,Carrier_A,9,202418
SHP00387,Bengaluru,New York,Sea,Furniture,2136,8.68,4784,AIR_CARGO,97.72,Peak,Carrier_B,13,65581
SHP00388,Delhi,Shanghai,Sea,Textiles,1245,0.5,8591,AIR_CARGO,77.89,Peak,Carrier_C,21,61473
SHP00389,Ahmedabad,Hamburg,Air,Automotive Parts,2773,12.37,4367,AIR_CARGO,103.12,Normal,Carrier_A,10,194658
SHP00390,Chennai,Colombo,Air,Textiles,4803,1.36,11760,LCL,96.49,Peak,Carrier_D,22,435804
SHP00391,Chennai,Hamburg,Road,Electronics,1806,0.5,2512,20FT,97.9,Normal,Carrier_B,9,47222
SHP00392,Delhi,Singapore,Sea,Pharmaceuticals,2292,6.16,9161,AIR_CARGO,114.76,Normal,Carrier_C,17,105700
SHP00393,Delhi,Shanghai,Sea,Chemicals,2940,8.24,7275,20FT,81.1,Normal,Carrier_B,12,58137
SHP00394,Kolkata,Hamburg,Air,Pharmaceuticals,3398,14.14,3181,AIR_CARGO,101.27,Peak,Carrier_D,10,214559
SHP00395,Mumbai,Colombo,Sea,Food Products,2111,5.8,9167,40FT,93.35,Normal,Carrier_C,21,77067
SHP00396,Pune,Rotterdam,Road,Food Products,1936,4.2,5647,20FT,85.88,Off_Peak,Carrier_E,11,61803
SHP00397,Bengaluru,London,Road,Textiles,1794,6.05,8348,LCL,102.74,Peak,Carrier_E,21,119546
SHP00398,Chennai,Rotterdam,Sea,Chemicals,1218,0.5,8116,40FT,101.73,Normal,Carrier_B,18,83063
SHP00399,Bengaluru,London,Air,Textiles,1515,0.5,1772,40FT,109.26,Normal,Carrier_E,6,127814
SHP00400,Kolkata,Jebel Ali,Air,Automotive Parts,1489,0.5,10160,LCL,110.15,Normal,Carrier_C,19,312691
SHP00401,Chennai,Jebel Ali,Sea,Machinery,917,5.99,8337,40FT,97.47,Peak,Carrier_D,19,93650
SHP00402,Kolkata,Jebel Ali,Road,Chemicals,4767,16.55,9477,20FT,88.02,Peak,Carrier_D,16,130483
SHP00403,Kolkata,Hamburg,Sea,Machinery,3158,14.98,5649,40FT_HC,96.18,Normal,Carrier_E,12,65603
SHP00404,Hyderabad,Jebel Ali,Air,Pharmaceuticals,2742,8.81,2743,40FT_HC,89.37,Normal,Carrier_A,6,125967
SHP00405,Delhi,London,Sea,Automotive Parts,5837,17.47,4251,AIR_CARGO,86.09,Normal,Carrier_A,7,52398
SHP00406,Ahmedabad,Rotterdam,Road,Furniture,3986,9.87,10867,AIR_CARGO,97.06,Normal,Carrier_A,23,136194
SHP00407,Hyderabad,Los Angeles,Sea,Furniture,1496,1.56,11287,20FT,101.32,Normal,Carrier_E,23,96216
SHP00408,Pune,New York,Sea,Machinery,5360,8.44,6041,LCL,98.62,Normal,Carrier_E,15,68312
SHP00409,Bengaluru,London,Road,Electronics,4703,6.52,3936,20FT,113.18,Normal,Carrier_E,9,93541
SHP00410,Ahmedabad,Rotterdam,Sea,Pharmaceuticals,1209,0.5,8899,AIR_CARGO,86.95,Normal,Carrier_C,20,66796
SHP00411,Bengaluru,Rotterdam,Sea,Machinery,4496,13.63,9309,40FT,89.89,Normal,Carrier_A,19,80262
SHP00412,Delhi,New York,Road,Automotive Parts,1845,2.75,9878,20FT,101.71,Peak,Carrier_B,19,147500
SHP00413,Ahmedabad,Shanghai,Road,Machinery,4780,8.49,857,20FT,99.01,Normal,Carrier_C,2,45544
SHP00414,Hyderabad,Los Angeles,Sea,Food Products,2007,0.5,612,LCL,75.07,Normal,Carrier_C,1,22913
SHP00415,Bengaluru,Shanghai,Sea,Textiles,1768,0.56,4607,AIR_CARGO,87.49,Normal,Carrier_E,13,51268
SHP00416,Hyderabad,Shanghai,Sea,Electronics,1890,3.35,2254,20FT,85.15,Peak,Carrier_E,8,41341
SHP00417,Delhi,Rotterdam,Sea,Food Products,1329,0.5,9757,40FT,108.6,Normal,Carrier_C,26,96903
SHP00418,Ahmedabad,Colombo,Sea,Food Products,955,12.91,6628,40FT,109.65,Peak,Carrier_E,13,97467
SHP00419,Ahmedabad,Dubai,Air,Automotive Parts,493,0.5,9992,40FT_HC,86.36,Peak,Carrier_A,19,243719
SHP00420,Chennai,London,Air,Textiles,1260,7.61,2535,AIR_CARGO,79.08,Peak,Carrier_C,3,87965
SHP00421,Kolkata,Hamburg,Air,Textiles,13821,32.43,7713,40FT,83.21,Peak,Carrier_C,18,365172
SHP00422,Kolkata,Shanghai,Air,Chemicals,3412,5.86,7172,LCL,82.06,Normal,Carrier_C,16,172432
SHP00423,Hyderabad,Jebel Ali,Sea,Pharmaceuticals,8398,19.0,4414,AIR_CARGO,84.5,Off_Peak,Carrier_E,13,53195
SHP00424,Ahmedabad,Hamburg,Sea,Electronics,2033,4.9,6446,40FT,84.39,Normal,Carrier_C,12,52785
SHP00425,Bengaluru,Singapore,Sea,Pharmaceuticals,1844,5.3,7274,20FT,94.19,Off_Peak,Carrier_B,17,63121
SHP00426,Hyderabad,Colombo,Sea,Automotive Parts,7630,14.24,10729,AIR_CARGO,87.79,Peak,Carrier_B,20,101157
SHP00427,Hyderabad,Hamburg,Sea,Electronics,3192,9.84,1140,40FT,97.39,Peak,Carrier_A,7,52273
SHP00428,Mumbai,New York,Road,Chemicals,1344,2.08,9969,20FT,88.77,Normal,Carrier_C,21,101558
SHP00429,Pune,Dubai,Sea,Machinery,3772,3.66,11772,40FT_HC,107.59,Off_Peak,Carrier_C,20,98954
SHP00430,Ahmedabad,Los Angeles,Sea,Food Products,5637,11.71,8915,AIR_CARGO,113.03,Normal,Carrier_E,18,115678
SHP00431,Kolkata,New York,Sea,Electronics,988,8.03,8979,AIR_CARGO,91.16,Normal,Carrier_D,14,74503
SHP00432,Ahmedabad,Shanghai,Air,Pharmaceuticals,3381,8.93,3007,40FT,76.98,Peak,Carrier_D,5,134521
SHP00433,Delhi,Colombo,Sea,Food Products,1032,2.48,6515,40FT_HC,84.58,Peak,Carrier_C,12,61826
SHP00434,Hyderabad,Colombo,Sea,Automotive Parts,5442,11.37,8618,LCL,79.07,Normal,Carrier_A,16,59746
SHP00435,Mumbai,Shanghai,Sea,Pharmaceuticals,2904,5.64,7426,40FT,88.79,Normal,Carrier_B,15,70403
SHP00436,Mumbai,Dubai,Air,Machinery,3764,9.84,4929,40FT,100.8,Peak,Carrier_C,11,244848
SHP00437,Kolkata,Rotterdam,Sea,Automotive Parts,2170,4.1,11311,LCL,95.76,Off_Peak,Carrier_C,23,80812
SHP00438,Kolkata,Hamburg,Air,Furniture,785,3.69,6411,LCL,84.72,Off_Peak,Carrier_A,14,132642
SHP00439,Kolkata,Jebel Ali,Air,Machinery,1876,5.76,11654,LCL,105.69,Off_Peak,Carrier_A,24,316889
SHP00440,Delhi,Shanghai,Sea,Machinery,4575,6.12,6985,LCL,80.26,Off_Peak,Carrier_D,12,49213
SHP00441,Mumbai,Jebel Ali,Sea,Food Products,9135,23.86,9624,LCL,84.13,Peak,Carrier_C,20,86770
SHP00442,Bengaluru,Hamburg,Road,Automotive Parts,3004,3.33,9033,20FT,102.04,Off_Peak,Carrier_C,21,109644
SHP00443,Delhi,Dubai,Sea,Automotive Parts,1600,0.5,8099,20FT,82.89,Normal,Carrier_E,16,57535
SHP00444,Chennai,Rotterdam,Sea,Electronics,3541,8.33,666,LCL,102.15,Off_Peak,Carrier_B,4,40625
SHP00445,Pune,Los Angeles,Air,Pharmaceuticals,4316,11.31,1390,40FT_HC,114.08,Peak,Carrier_E,5,212229
SHP00446,Pune,Dubai,Road,Furniture,2725,8.95,7187,40FT_HC,108.25,Normal,Carrier_E,17,126324
SHP00447,Hyderabad,Jebel Ali,Road,Automotive Parts,2618,0.5,10985,LCL,81.4,Peak,Carrier_B,23,112705
SHP00448,Pune,Colombo,Air,Electronics,2872,10.0,7413,20FT,95.82,Peak,Carrier_C,17,260257
SHP00449,Kolkata,Colombo,Sea,Furniture,2572,7.77,3214,40FT_HC,91.89,Off_Peak,Carrier_D,9,48063
SHP00450,Mumbai,Singapore,Sea,Textiles,3034,4.32,4183,20FT,114.67,Normal,Carrier_B,11,81636
SHP00451,Pune,London,Air,Textiles,8201,18.58,7666,40FT,113.58,Normal,Carrier_A,17,417366
SHP00452,Hyderabad,New York,Sea,Furniture,667,2.38,7366,20FT,80.08,Normal,Carrier_C,13,52859
SHP00453,Pune,New York,Sea,Textiles,2141,0.5,11491,LCL,111.35,Normal,Carrier_B,21,116646
SHP00454,Ahmedabad,Shanghai,Road,Chemicals,1364,0.5,6584,AIR_CARGO,82.74,Normal,Carrier_B,13,69572
SHP00455,Delhi,Jebel Ali,Sea,Automotive Parts,5386,17.47,4583,LCL,87.78,Normal,Carrier_B,13,54571
SHP00456,Chennai,New York,Sea,Chemicals,2281,3.02,6537,40FT,89.14,Normal,Carrier_D,14,67691
SHP00457,Ahmedabad,New York,Sea,Pharmaceuticals,3597,8.22,9542,20FT,86.47,Normal,Carrier_E,20,77493
SHP00458,Delhi,Dubai,Sea,Automotive Parts,6322,14.59,6714,40FT_HC,109.13,Off_Peak,Carrier_E,10,84900
SHP00459,Delhi,Los Angeles,Sea,Electronics,1238,5.81,4250,LCL,88.2,Normal,Carrier_B,10,43436
SHP00460,Bengaluru,Jebel Ali,Sea,Chemicals,1774,2.6,4394,40FT_HC,107.67,Normal,Carrier_B,10,73891
SHP00461,Pune,Singapore,Sea,Chemicals,5912,12.79,9203,20FT,114.78,Off_Peak,Carrier_E,13,95719
SHP00462,Hyderabad,Los Angeles,Sea,Pharmaceuticals,1206,3.63,1264,40FT,108.63,Off_Peak,Carrier_D,5,45933
SHP00463,Bengaluru,Singapore,Air,Chemicals,1814,7.71,3660,LCL,88.85,Off_Peak,Carrier_C,5,110425
SHP00464,Delhi,Jebel Ali,Sea,Machinery,883,6.75,2260,40FT_HC,103.45,Normal,Carrier_E,5,52024
SHP00465,Pune,Rotterdam,Road,Electronics,6065,13.16,11364,LCL,96.36,Normal,Carrier_B,25,146013
SHP00466,Chennai,Rotterdam,Sea,Textiles,1713,2.11,1536,LCL,106.46,Normal,Carrier_D,5,41454
SHP00467,Mumbai,New York,Sea,Electronics,3141,6.89,9219,40FT_HC,81.12,Peak,Carrier_D,18,85126
SHP00468,Mumbai,Shanghai,Road,Machinery,3879,14.58,7750,40FT,100.53,Normal,Carrier_B,15,116641
SHP00469,Pune,Colombo,Sea,Pharmaceuticals,1483,6.64,7777,LCL,105.95,Normal,Carrier_A,15,75054
SHP00470,Ahmedabad,Dubai,Road,Pharmaceuticals,725,0.5,9279,40FT,105.45,Normal,Carrier_D,19,137507
SHP00471,Hyderabad,New York,Sea,Automotive Parts,2168,0.5,5106,40FT,113.54,Off_Peak,Carrier_E,9,72780
SHP00472,Kolkata,London,Road,Electronics,2145,9.54,5109,20FT,77.34,Off_Peak,Carrier_A,14,44429
SHP00473,Kolkata,Rotterdam,Sea,Furniture,2404,10.6,3820,40FT_HC,88.83,Peak,Carrier_C,7,63263
SHP00474,Mumbai,New York,Road,Furniture,2412,1.3,7374,20FT,94.06,Normal,Carrier_E,12,89897
SHP00475,Delhi,Colombo,Sea,Pharmaceuticals,1808,2.52,11193,AIR_CARGO,87.39,Normal,Carrier_B,24,85068
SHP00476,Delhi,Singapore,Road,Chemicals,1763,7.7,11126,20FT,87.39,Normal,Carrier_A,21,115406
SHP00477,Bengaluru,Singapore,Sea,Pharmaceuticals,3034,8.77,8584,LCL,82.05,Normal,Carrier_E,18,64220
SHP00478,Pune,Hamburg,Sea,Pharmaceuticals,1463,0.5,10921,LCL,107.52,Off_Peak,Carrier_D,23,98269
SHP00479,Hyderabad,Dubai,Road,Pharmaceuticals,2350,1.08,11580,LCL,111.32,Normal,Carrier_B,22,160802
SHP00480,Pune,Shanghai,Sea,Pharmaceuticals,1734,6.46,9644,AIR_CARGO,78.29,Normal,Carrier_A,20,67773
SHP00481,Pune,Singapore,Sea,Furniture,3030,8.21,5190,40FT,81.2,Normal,Carrier_D,13,55705
SHP00482,Bengaluru,Hamburg,Air,Furniture,5139,14.9,6057,LCL,84.14,Normal,Carrier_B,16,198311
SHP00483,Kolkata,Rotterdam,Sea,Textiles,5277,15.69,11209,20FT,95.36,Normal,Carrier_B,21,102899
SHP00484,Pune,Singapore,Sea,Textiles,5780,14.73,8205,40FT,106.65,Normal,Carrier_A,16,97166
SHP00485,Mumbai,Shanghai,Sea,Automotive Parts,2012,6.47,9938,20FT,77.86,Off_Peak,Carrier_A,21,54317
SHP00486,Ahmedabad,New York,Road,Pharmaceuticals,2125,2.78,1835,20FT,100.47,Normal,Carrier_A,6,44739
SHP00487,Pune,Colombo,Sea,Furniture,1096,3.07,2730,LCL,80.97,Off_Peak,Carrier_E,7,29825
SHP00488,Delhi,London,Sea,Electronics,2001,6.02,4457,20FT,113.86,Normal,Carrier_B,13,74458
SHP00489,Pune,Singapore,Road,Machinery,2048,11.7,2665,AIR_CARGO,110.95,Off_Peak,Carrier_C,3,53467
SHP00490,Mumbai,London,Road,Automotive Parts,1674,0.69,10924,40FT,112.98,Peak,Carrier_D,19,195464
SHP00491,Chennai,London,Sea,Furniture,1669,6.87,2994,LCL,79.25,Normal,Carrier_A,4,43002
SHP00492,Mumbai,London,Sea,Electronics,829,1.51,6908,LCL,94.52,Normal,Carrier_B,17,66008
SHP00493,Chennai,Los Angeles,Sea,Pharmaceuticals,1045,5.47,1483,20FT,81.61,Normal,Carrier_D,6,33909
SHP00494,Bengaluru,London,Sea,Food Products,2573,5.64,2282,20FT,99.01,Peak,Carrier_C,3,45609
SHP00495,Bengaluru,Los Angeles,Sea,Pharmaceuticals,2637,10.99,3345,40FT_HC,84.31,Off_Peak,Carrier_D,8,38210
SHP00496,Kolkata,Colombo,Sea,Textiles,3422,5.18,11803,40FT_HC,105.83,Normal,Carrier_C,23,116489
SHP00497,Mumbai,London,Sea,Machinery,2113,5.6,9666,LCL,100.76,Off_Peak,Carrier_A,15,79948
SHP00498,Mumbai,Hamburg,Sea,Furniture,2519,7.76,8246,LCL,97.86,Normal,Carrier_E,17,82291
SHP00499,Chennai,London,Road,Furniture,5636,10.69,11037,20FT,108.01,Peak,Carrier_C,20,180745
SHP00500,Bengaluru,Jebel Ali,Road,Chemicals,2415,6.97,11496,AIR_CARGO,95.01,Normal,Carrier_A,24,135379
SHP00501,Chennai,Dubai,Air,Machinery,1658,7.98,5716,AIR_CARGO,85.79,Off_Peak,Carrier_D,10,138834
SHP00502,Bengaluru,Hamburg,Sea,Chemicals,1153,2.48,4268,20FT,99.83,Normal,Carrier_D,10,59906
SHP00503,Chennai,Shanghai,Sea,Machinery,4198,13.0,4126,40FT_HC,113.28,Peak,Carrier_D,12,99403
SHP00504,Bengaluru,Singapore,Air,Textiles,826,0.5,911,40FT_HC,99.05,Off_Peak,Carrier_E,6,69574
SHP00505,Chennai,Colombo,Air,Chemicals,1450,0.5,3716,AIR_CARGO,100.18,Normal,Carrier_B,10,156941
SHP00506,Ahmedabad,Colombo,Sea,Electronics,3282,10.6,4583,LCL,112.39,Normal,Carrier_C,10,65920
SHP00507,Bengaluru,Jebel Ali,Road,Chemicals,724,0.5,924,20FT,95.61,Normal,Carrier_B,1,30124
SHP00508,Hyderabad,Jebel Ali,Air,Automotive Parts,1677,0.5,10650,LCL,114.85,Normal,Carrier_D,20,391673
SHP00509,Chennai,Jebel Ali,Road,Electronics,2719,3.43,10250,40FT_HC,81.39,Normal,Carrier_E,20,104825
SHP00510,Mumbai,Jebel Ali,Air,Automotive Parts,1949,10.03,3392,AIR_CARGO,96.48,Off_Peak,Carrier_A,8,124663
SHP00511,Kolkata,Jebel Ali,Sea,Pharmaceuticals,1320,7.38,9729,LCL,83.52,Off_Peak,Carrier_E,17,56322
SHP00512,Hyderabad,Rotterdam,Sea,Machinery,1700,0.5,9656,40FT_HC,93.13,Normal,Carrier_B,20,81940
SHP00513,Hyderabad,New York,Road,Electronics,4252,4.28,4353,40FT_HC,81.82,Normal,Carrier_D,8,63910
SHP00514,Chennai,Colombo,Road,Machinery,8221,17.94,8516,40FT_HC,83.9,Peak,Carrier_C,21,118930
SHP00515,Kolkata,Jebel Ali,Sea,Pharmaceuticals,2737,10.68,3833,LCL,83.43,Peak,Carrier_E,9,49085
SHP00516,Mumbai,Singapore,Sea,Food Products,687,0.85,1308,40FT,87.8,Normal,Carrier_B,6,32086
SHP00517,Hyderabad,Rotterdam,Sea,Furniture,3617,7.86,6305,AIR_CARGO,80.38,Normal,Carrier_B,15,55682
SHP00518,Mumbai,Hamburg,Air,Machinery,1932,2.14,5541,40FT_HC,107.37,Peak,Carrier_A,16,255741
SHP00519,Bengaluru,Hamburg,Road,Pharmaceuticals,1227,1.84,2089,LCL,83.83,Normal,Carrier_C,6,29096
SHP00520,Pune,Los Angeles,Sea,Machinery,1486,6.93,6141,20FT,91.66,Normal,Carrier_B,12,59387
SHP00521,Ahmedabad,New York,Sea,Pharmaceuticals,1528,3.98,11418,AIR_CARGO,75.64,Off_Peak,Carrier_C,22,55988
SHP00522,Pune,Hamburg,Sea,Automotive Parts,999,1.57,8911,20FT,79.2,Normal,Carrier_D,21,61660
SHP00523,Pune,Jebel Ali,Road,Pharmaceuticals,2400,8.32,8997,20FT,110.85,Normal,Carrier_E,16,133024
SHP00524,Kolkata,Colombo,Air,Chemicals,8204,19.82,9212,LCL,108.49,Normal,Carrier_B,17,438188
SHP00525,Ahmedabad,Los Angeles,Air,Food Products,1224,6.72,9063,40FT,108.64,Normal,Carrier_D,19,318698
SHP00526,Delhi,Dubai,Sea,Machinery,8041,16.43,729,LCL,91.45,Normal,Carrier_A,3,46804
SHP00527,Bengaluru,Rotterdam,Sea,Pharmaceuticals,2862,7.9,11134,LCL,80.66,Normal,Carrier_C,24,67565
SHP00528,Kolkata,Dubai,Sea,Pharmaceuticals,2354,9.16,10047,AIR_CARGO,79.32,Normal,Carrier_D,18,72661
SHP00529,Chennai,Dubai,Sea,Machinery,2028,11.04,3658,LCL,99.22,Normal,Carrier_C,9,53691
SHP00530,Ahmedabad,Jebel Ali,Road,Furniture,1480,0.5,6857,AIR_CARGO,108.13,Off_Peak,Carrier_C,14,86736
SHP00531,Chennai,Dubai,Air,Food Products,3022,6.5,7573,40FT_HC,111.0,Normal,Carrier_B,14,313610
SHP00532,Mumbai,Dubai,Road,Food Products,3510,3.09,2017,AIR_CARGO,86.55,Normal,Carrier_C,7,48218
SHP00533,Pune,Hamburg,Road,Pharmaceuticals,517,0.5,3421,LCL,87.84,Normal,Carrier_D,8,47873
SHP00534,Hyderabad,Shanghai,Sea,Electronics,13056,31.16,767,40FT_HC,79.04,Peak,Carrier_A,3,49491
SHP00535,Ahmedabad,Los Angeles,Air,Automotive Parts,770,0.5,10435,40FT_HC,105.98,Normal,Carrier_B,19,325461
SHP00536,Delhi,Dubai,Road,Food Products,1780,5.92,786,40FT,86.03,Off_Peak,Carrier_E,3,31714
SHP00537,Chennai,New York,Air,Food Products,474,3.36,4165,LCL,94.24,Normal,Carrier_A,8,124435
SHP00538,Kolkata,Singapore,Sea,Textiles,2100,4.69,1400,20FT,112.16,Normal,Carrier_D,6,50151
SHP00539,Ahmedabad,Los Angeles,Sea,Chemicals,1852,1.05,9486,LCL,105.09,Normal,Carrier_B,21,84364
SHP00540,Ahmedabad,New York,Sea,Food Products,1793,3.29,11137,20FT,77.11,Normal,Carrier_C,26,63514
SHP00541,Hyderabad,Singapore,Road,Automotive Parts,3047,15.72,6972,40FT,75.33,Normal,Carrier_A,16,64643
SHP00542,Hyderabad,Dubai,Sea,Chemicals,2134,3.0,2105,LCL,106.5,Peak,Carrier_B,5,50920
SHP00543,Kolkata,Shanghai,Sea,Chemicals,3548,5.3,6919,40FT,97.1,Normal,Carrier_E,14,74458
SHP00544,Hyderabad,London,Air,Machinery,1119,0.5,9359,20FT,103.81,Normal,Carrier_E,20,282063
SHP00545,Chennai,Colombo,Sea,Machinery,2629,10.44,8762,AIR_CARGO,81.27,Normal,Carrier_E,18,63435
SHP00546,Kolkata,New York,Sea,Machinery,1658,0.5,9030,LCL,109.88,Normal,Carrier_B,18,93222
SHP00547,Pune,Dubai,Sea,Machinery,1965,5.03,3710,40FT_HC,105.93,Normal,Carrier_A,8,64098
SHP00548,Kolkata,Los Angeles,Air,Textiles,2980,15.52,1348,40FT_HC,110.63,Normal,Carrier_C,7,140713
SHP00549,Mumbai,Hamburg,Sea,Food Products,1801,5.77,2213,40FT,88.64,Normal,Carrier_A,5,43625
SHP00550,Delhi,Dubai,Air,Machinery,2335,6.99,11488,AIR_CARGO,86.03,Normal,Carrier_C,26,253994
SHP00551,Ahmedabad,London,Sea,Pharmaceuticals,1181,1.51,7555,40FT_HC,81.07,Normal,Carrier_A,16,63225
SHP00552,Mumbai,Dubai,Road,Electronics,5096,13.39,8871,40FT_HC,112.2,Normal,Carrier_A,17,155719
SHP00553,Delhi,Dubai,Sea,Machinery,4014,9.86,10839,LCL,82.07,Normal,Carrier_B,20,78042
SHP00554,Kolkata,Colombo,Sea,Food Products,2668,8.51,10307,40FT_HC,79.77,Peak,Carrier_E,20,79971
SHP00555,Ahmedabad,Hamburg,Road,Machinery,2135,0.5,3012,20FT,82.71,Peak,Carrier_E,8,49123
SHP00556,Hyderabad,New York,Sea,Textiles,2336,7.08,1168,40FT,105.86,Normal,Carrier_E,3,44897
SHP00557,Delhi,Jebel Ali,Sea,Automotive Parts,5025,13.7,11139,40FT_HC,110.58,Normal,Carrier_E,24,130312
SHP00558,Kolkata,Jebel Ali,Sea,Automotive Parts,3833,19.32,11789,LCL,107.44,Peak,Carrier_A,23,129037
SHP00559,Kolkata,Los Angeles,Air,Food Products,5080,12.08,7024,20FT,97.53,Normal,Carrier_E,15,268759
SHP00560,Mumbai,Shanghai,Sea,Pharmaceuticals,2002,5.65,10717,40FT_HC,114.76,Off_Peak,Carrier_A,19,108845
SHP00561,Mumbai,Dubai,Air,Automotive Parts,3423,9.74,3166,40FT,77.75,Normal,Carrier_C,9,106805
SHP00562,Hyderabad,Los Angeles,Sea,Furniture,5414,14.59,1777,40FT,109.69,Off_Peak,Carrier_D,5,59056
SHP00563,Pune,Shanghai,Sea,Automotive Parts,1369,0.5,6248,40FT,92.11,Peak,Carrier_D,17,79189
SHP00564,Bengaluru,New York,Sea,Electronics,1314,6.4,9829,40FT_HC,93.2,Peak,Carrier_C,21,96234
SHP00565,Chennai,New York,Sea,Food Products,2990,3.45,8029,20FT,80.1,Peak,Carrier_A,17,65191
SHP00566,Bengaluru,Hamburg,Sea,Pharmaceuticals,1120,4.29,7829,AIR_CARGO,76.34,Off_Peak,Carrier_E,19,47224
SHP00567,Bengaluru,Jebel Ali,Sea,Food Products,768,0.5,701,40FT,87.67,Normal,Carrier_B,4,31695
SHP00568,Ahmedabad,Jebel Ali,Sea,Automotive Parts,5365,11.88,4151,20FT,81.99,Normal,Carrier_A,12,50344
SHP00569,Pune,Los Angeles,Road,Automotive Parts,6008,12.42,11304,LCL,94.33,Normal,Carrier_A,21,138929
SHP00570,Ahmedabad,Colombo,Sea,Automotive Parts,1161,1.77,2044,LCL,80.89,Normal,Carrier_C,7,28390
SHP00571,Hyderabad,Jebel Ali,Sea,Chemicals,986,2.02,8853,20FT,80.52,Normal,Carrier_C,19,49892
SHP00572,Ahmedabad,Colombo,Air,Textiles,1635,5.38,9232,LCL,110.08,Normal,Carrier_B,16,309378
SHP00573,Delhi,Colombo,Sea,Machinery,5644,13.05,8928,LCL,111.85,Off_Peak,Carrier_E,21,95872
SHP00574,Hyderabad,New York,Sea,Furniture,1914,8.06,11877,40FT,113.57,Normal,Carrier_D,21,124945
SHP00575,Hyderabad,Hamburg,Road,Textiles,2659,4.2,5206,40FT_HC,102.22,Normal,Carrier_E,9,87227
SHP00576,Kolkata,Los Angeles,Road,Food Products,3088,9.07,8345,40FT_HC,105.84,Normal,Carrier_E,11,126233
SHP00577,Kolkata,Singapore,Sea,Furniture,2799,3.33,2727,40FT_HC,108.43,Normal,Carrier_A,8,68280
SHP00578,Kolkata,Los Angeles,Road,Electronics,6602,22.85,5097,40FT_HC,101.36,Normal,Carrier_B,8,104511
SHP00579,Chennai,Colombo,Sea,Machinery,1566,5.46,6153,20FT,88.21,Peak,Carrier_A,12,64042
SHP00580,Delhi,Shanghai,Sea,Electronics,2339,2.78,2971,40FT,81.26,Normal,Carrier_C,9,39618
SHP00581,Delhi,Shanghai,Sea,Pharmaceuticals,2908,13.86,10928,20FT,84.49,Normal,Carrier_D,22,71062
SHP00582,Kolkata,Hamburg,Road,Chemicals,2422,7.84,8736,LCL,108.62,Off_Peak,Carrier_B,17,115489
SHP00583,Bengaluru,New York,Sea,Food Products,1132,0.5,3763,40FT,102.84,Normal,Carrier_B,6,53819
SHP00584,Chennai,New York,Sea,Chemicals,960,1.76,2052,AIR_CARGO,93.23,Normal,Carrier_E,6,45651
SHP00585,Bengaluru,Colombo,Sea,Food Products,947,0.5,3810,40FT_HC,76.18,Peak,Carrier_A,11,36456
SHP00586,Mumbai,Colombo,Sea,Electronics,4008,4.99,7664,LCL,85.65,Normal,Carrier_E,17,61357
SHP00587,Delhi,London,Sea,Electronics,1467,8.33,10004,40FT_HC,104.16,Normal,Carrier_E,24,99660
SHP00588,Delhi,London,Sea,Electronics,3392,4.48,6286,40FT_HC,95.5,Normal,Carrier_B,12,68947
SHP00589,Bengaluru,Colombo,Sea,Food Products,2645,0.95,1679,40FT_HC,92.42,Normal,Carrier_D,2,45064
SHP00590,Chennai,Jebel Ali,Sea,Automotive Parts,1327,5.7,3367,AIR_CARGO,87.55,Off_Peak,Carrier_C,9,37131
SHP00591,Delhi,Los Angeles,Sea,Electronics,1348,9.85,4469,LCL,99.28,Normal,Carrier_E,11,55085
SHP00592,Bengaluru,Jebel Ali,Sea,Chemicals,2728,11.12,7816,40FT_HC,113.66,Peak,Carrier_D,16,122408
SHP00593,Hyderabad,New York,Sea,Pharmaceuticals,2629,15.42,3336,40FT_HC,111.04,Off_Peak,Carrier_E,7,61475
SHP00594,Hyderabad,Singapore,Sea,Machinery,3442,17.88,3190,40FT,76.22,Normal,Carrier_D,2,38779
SHP00595,Ahmedabad,Los Angeles,Road,Food Products,1857,0.82,3791,40FT_HC,94.24,Normal,Carrier_A,7,66482
SHP00596,Chennai,Jebel Ali,Sea,Furniture,1442,2.19,7314,40FT,88.18,Off_Peak,Carrier_C,16,49790
SHP00597,Bengaluru,Jebel Ali,Air,Chemicals,2685,0.5,6165,LCL,95.42,Peak,Carrier_B,14,243711
SHP00598,Ahmedabad,Rotterdam,Sea,Textiles,6292,10.33,10179,LCL,99.25,Peak,Carrier_A,22,104581
SHP00599,Hyderabad,Los Angeles,Sea,Pharmaceuticals,738,6.05,8526,LCL,83.0,Normal,Carrier_E,18,56260
SHP00600,Chennai,Singapore,Sea,Textiles,1487,4.65,8168,40FT,106.26,Peak,Carrier_E,18,101999
SHP00601,Pune,Hamburg,Sea,Machinery,3670,14.56,2278,AIR_CARGO,94.0,Off_Peak,Carrier_C,8,41961
SHP00602,Ahmedabad,Hamburg,Sea,Automotive Parts,2878,3.39,1135,AIR_CARGO,114.68,Normal,Carrier_C,4,51106
SHP00603,Pune,Jebel Ali,Sea,Electronics,3705,6.63,6365,40FT_HC,76.01,Normal,Carrier_C,14,45522
SHP00604,Kolkata,Colombo,Sea,Food Products,1891,6.88,1324,LCL,82.59,Off_Peak,Carrier_E,1,30145
SHP00605,Chennai,Singapore,Sea,Chemicals,877,6.31,4686,20FT,102.59,Peak,Carrier_E,9,65243
SHP00606,Mumbai,Singapore,Sea,Furniture,7409,11.1,800,40FT_HC,102.81,Normal,Carrier_B,2,53796
SHP00607,Kolkata,New York,Sea,Electronics,5057,11.08,2533,AIR_CARGO,98.29,Off_Peak,Carrier_C,6,41527
SHP00608,Ahmedabad,Shanghai,Sea,Chemicals,2461,7.46,1769,AIR_CARGO,113.88,Off_Peak,Carrier_D,3,46444
SHP00609,Bengaluru,Rotterdam,Sea,Food Products,1447,6.58,9711,LCL,91.61,Normal,Carrier_B,22,72088
SHP00610,Kolkata,New York,Air,Textiles,1817,8.25,4480,40FT,91.68,Peak,Carrier_D,8,185697
SHP00611,Kolkata,Singapore,Sea,Electronics,2901,6.61,1407,40FT_HC,111.42,Normal,Carrier_A,7,57689
SHP00612,Ahmedabad,Dubai,Air,Machinery,2123,0.5,3553,40FT,96.54,Normal,Carrier_C,7,140018
SHP00613,Bengaluru,Colombo,Sea,Automotive Parts,2477,0.5,8352,AIR_CARGO,89.15,Normal,Carrier_B,16,66929
SHP00614,Bengaluru,Singapore,Sea,Machinery,7120,16.22,9075,LCL,103.76,Peak,Carrier_B,17,112230
SHP00615,Hyderabad,Rotterdam,Road,Automotive Parts,4557,9.69,1878,AIR_CARGO,99.79,Normal,Carrier_A,4,57220
SHP00616,Mumbai,Singapore,Road,Pharmaceuticals,1168,0.5,9454,LCL,87.26,Normal,Carrier_A,22,94317
SHP00617,Bengaluru,Los Angeles,Sea,Chemicals,2628,9.83,4761,20FT,86.92,Normal,Carrier_A,10,44957
SHP00618,Delhi,Los Angeles,Sea,Electronics,1783,0.5,8313,40FT,90.82,Peak,Carrier_B,17,82973
SHP00619,Delhi,London,Air,Electronics,3034,4.58,8222,40FT_HC,77.86,Off_Peak,Carrier_E,15,174282
SHP00620,Mumbai,Rotterdam,Air,Pharmaceuticals,2399,10.38,9626,LCL,112.7,Normal,Carrier_D,19,365073
SHP00621,Chennai,Jebel Ali,Sea,Automotive Parts,17207,37.87,8518,20FT,82.32,Normal,Carrier_D,18,88125
SHP00622,Ahmedabad,Shanghai,Sea,Textiles,3305,9.16,947,20FT,82.75,Peak,Carrier_A,3,35393
SHP00623,Chennai,Jebel Ali,Sea,Food Products,2291,5.42,6474,40FT,100.88,Normal,Carrier_E,13,70793
SHP00624,Delhi,Shanghai,Sea,Machinery,8283,20.69,2411,LCL,103.97,Normal,Carrier_E,8,63284
SHP00625,Bengaluru,Shanghai,Sea,Pharmaceuticals,2857,10.33,11655,40FT_HC,104.47,Normal,Carrier_A,24,106198
SHP00626,Mumbai,Shanghai,Sea,Furniture,932,3.52,3442,40FT_HC,90.0,Normal,Carrier_C,6,46555
SHP00627,Chennai,Hamburg,Sea,Furniture,2306,0.5,5331,40FT_HC,109.93,Normal,Carrier_B,12,80391
SHP00628,Chennai,Shanghai,Air,Chemicals,3725,4.0,2762,AIR_CARGO,96.76,Normal,Carrier_C,6,145502
SHP00629,Pune,Singapore,Sea,Pharmaceuticals,3425,9.33,2048,AIR_CARGO,92.54,Normal,Carrier_E,7,46375
SHP00630,Ahmedabad,Dubai,Sea,Machinery,4805,7.76,7411,LCL,107.42,Normal,Carrier_A,16,82322
SHP00631,Kolkata,Rotterdam,Air,Machinery,2763,10.4,6172,40FT_HC,84.74,Off_Peak,Carrier_B,15,163409
SHP00632,Delhi,Dubai,Road,Chemicals,2639,7.52,4809,20FT,109.41,Off_Peak,Carrier_D,9,86035
SHP00633,Bengaluru,London,Sea,Chemicals,1005,0.5,1482,40FT_HC,96.55,Off_Peak,Carrier_E,4,34387
SHP00634,Mumbai,Singapore,Sea,Electronics,6752,23.63,8964,LCL,111.0,Normal,Carrier_B,16,104968
SHP00635,Chennai,Shanghai,Sea,Machinery,2050,3.42,567,40FT_HC,83.06,Peak,Carrier_B,3,39913
SHP00636,Ahmedabad,Hamburg,Sea,Food Products,1323,2.31,5763,40FT,112.44,Normal,Carrier_C,9,67337
SHP00637,Kolkata,New York,Sea,Furniture,13797,34.54,7775,40FT_HC,102.52,Normal,Carrier_D,17,121564
SHP00638,Delhi,Jebel Ali,Sea,Food Products,7451,17.39,5453,20FT,99.73,Peak,Carrier_C,12,75852
SHP00639,Delhi,Los Angeles,Sea,Automotive Parts,1869,8.3,1951,LCL,91.88,Normal,Carrier_C,6,32617
SHP00640,Ahmedabad,Rotterdam,Sea,Pharmaceuticals,736,0.5,9450,LCL,113.25,Normal,Carrier_C,21,94254
SHP00641,Pune,Dubai,Sea,Chemicals,1567,8.32,4225,20FT,92.76,Normal,Carrier_C,10,49809
SHP00642,Mumbai,Singapore,Sea,Electronics,6978,19.34,2050,LCL,94.94,Normal,Carrier_E,3,48712
SHP00643,Chennai,New York,Sea,Food Products,2804,3.58,6828,40FT_HC,106.26,Off_Peak,Carrier_D,13,81291
SHP00644,Mumbai,Colombo,Sea,Textiles,1040,3.48,720,LCL,86.39,Normal,Carrier_C,3,23370
SHP00645,Ahmedabad,Colombo,Sea,Furniture,4162,14.76,4227,40FT_HC,86.66,Normal,Carrier_E,9,58781
SHP00646,Ahmedabad,Los Angeles,Road,Electronics,2181,7.28,9132,LCL,106.01,Normal,Carrier_E,18,128534
SHP00647,Mumbai,Colombo,Sea,Electronics,1640,4.49,10996,40FT_HC,80.14,Normal,Carrier_B,25,78280
SHP00648,Hyderabad,Jebel Ali,Air,Food Products,1723,6.59,7305,40FT_HC,107.92,Normal,Carrier_B,15,269394
SHP00649,Kolkata,London,Air,Textiles,5844,16.74,3003,20FT,100.01,Off_Peak,Carrier_A,8,174019
SHP00650,Delhi,Colombo,Sea,Automotive Parts,3567,6.47,3030,20FT,96.56,Normal,Carrier_E,3,52279
SHP00651,Hyderabad,Los Angeles,Sea,Food Products,952,2.89,7445,AIR_CARGO,84.16,Normal,Carrier_A,17,58552
SHP00652,Bengaluru,London,Sea,Textiles,3174,10.95,5178,20FT,106.45,Normal,Carrier_E,17,72881
SHP00653,Delhi,Jebel Ali,Sea,Electronics,2681,6.92,2539,40FT_HC,107.2,Normal,Carrier_C,9,55434
SHP00654,Delhi,Los Angeles,Air,Furniture,1902,1.66,9555,40FT_HC,94.32,Normal,Carrier_C,18,251926
SHP00655,Kolkata,Colombo,Sea,Textiles,1969,5.81,2803,LCL,90.57,Normal,Carrier_A,12,39099
SHP00656,Bengaluru,Shanghai,Sea,Electronics,1425,1.83,4199,LCL,84.85,Normal,Carrier_C,10,40233
SHP00657,Chennai,Rotterdam,Sea,Pharmaceuticals,1625,6.2,1206,AIR_CARGO,105.17,Off_Peak,Carrier_C,5,33704
SHP00658,Bengaluru,Colombo,Sea,Food Products,3018,12.89,8566,40FT_HC,100.58,Normal,Carrier_B,17,93560
SHP00659,Chennai,Los Angeles,Sea,Chemicals,2087,7.68,3666,AIR_CARGO,83.27,Normal,Carrier_C,8,46965
SHP00660,Pune,Rotterdam,Sea,Food Products,3564,5.19,3178,40FT_HC,106.78,Normal,Carrier_B,3,62475
SHP00661,Pune,Rotterdam,Sea,Pharmaceuticals,1501,4.78,3989,20FT,110.29,Normal,Carrier_D,11,60652
SHP00662,Bengaluru,London,Road,Machinery,3960,0.5,10553,LCL,77.37,Normal,Carrier_E,21,91573
SHP00663,Mumbai,Jebel Ali,Sea,Machinery,5875,13.59,6457,AIR_CARGO,105.9,Normal,Carrier_B,13,88062
SHP00664,Ahmedabad,Colombo,Sea,Machinery,2489,9.69,2316,40FT,109.11,Normal,Carrier_B,7,59888
SHP00665,Bengaluru,New York,Sea,Food Products,3507,9.96,9407,40FT_HC,114.66,Normal,Carrier_B,18,121485
SHP00666,Hyderabad,Shanghai,Sea,Automotive Parts,3597,9.0,2897,20FT,84.5,Peak,Carrier_E,8,49285
SHP00667,Hyderabad,Jebel Ali,Sea,Food Products,1804,12.81,5243,40FT,89.84,Normal,Carrier_E,14,50519
SHP00668,Kolkata,New York,Sea,Furniture,3606,1.77,7033,20FT,113.65,Off_Peak,Carrier_E,16,78059
SHP00669,Ahmedabad,New York,Sea,Pharmaceuticals,572,0.5,7221,20FT,78.76,Peak,Carrier_C,15,54987
SHP00670,Ahmedabad,Dubai,Sea,Furniture,442,2.98,1294,40FT_HC,95.95,Normal,Carrier_B,4,38596
SHP00671,Chennai,London,Sea,Pharmaceuticals,2018,8.4,10123,20FT,95.27,Normal,Carrier_E,21,89650
SHP00672,Delhi,Hamburg,Road,Chemicals,3774,12.74,6013,AIR_CARGO,99.26,Normal,Carrier_D,11,95921
SHP00673,Kolkata,Singapore,Sea,Textiles,2366,3.34,11876,40FT,88.23,Normal,Carrier_E,24,90665
SHP00674,Hyderabad,Singapore,Sea,Food Products,4060,6.29,8751,20FT,112.04,Off_Peak,Carrier_A,19,88167
SHP00675,Hyderabad,London,Sea,Food Products,1145,0.5,11915,20FT,85.8,Normal,Carrier_A,24,78638
SHP00676,Pune,London,Road,Electronics,4438,11.86,5715,LCL,100.99,Off_Peak,Carrier_B,12,82658
SHP00677,Chennai,New York,Sea,Pharmaceuticals,7207,13.23,2119,LCL,94.84,Normal,Carrier_B,5,51928
SHP00678,Hyderabad,London,Sea,Electronics,1590,8.24,8864,AIR_CARGO,85.67,Normal,Carrier_B,19,72191
SHP00679,Hyderabad,New York,Road,Electronics,4127,9.74,9444,LCL,82.55,Normal,Carrier_C,17,90438
SHP00680,Chennai,Jebel Ali,Road,Food Products,2537,3.23,10308,20FT,113.26,Peak,Carrier_A,19,180442
SHP00681,Hyderabad,Hamburg,Air,Automotive Parts,3332,5.13,3967,20FT,97.45,Normal,Carrier_A,6,170889
SHP00682,Delhi,Dubai,Sea,Textiles,7197,11.01,6373,40FT,99.17,Normal,Carrier_B,14,84003
SHP00683,Mumbai,New York,Sea,Textiles,3093,4.19,10361,LCL,106.32,Peak,Carrier_A,23,115566
SHP00684,Kolkata,London,Air,Furniture,4109,7.57,10444,40FT_HC,78.25,Off_Peak,Carrier_A,24,205920
SHP00685,Delhi,Rotterdam,Road,Pharmaceuticals,1100,4.25,795,LCL,103.55,Normal,Carrier_C,7,32811
SHP00686,Delhi,Colombo,Sea,Chemicals,4028,9.19,8216,20FT,81.61,Off_Peak,Carrier_D,16,61030
SHP00687,Mumbai,Singapore,Sea,Pharmaceuticals,7119,13.51,7419,40FT,104.62,Off_Peak,Carrier_B,16,90742
SHP00688,Pune,Hamburg,Sea,Automotive Parts,1372,0.5,1458,LCL,80.65,Peak,Carrier_D,4,36340
SHP00689,Ahmedabad,Colombo,Air,Automotive Parts,2027,3.88,11197,40FT,108.3,Normal,Carrier_D,26,387859
SHP00690,Kolkata,Los Angeles,Sea,Textiles,3905,1.09,5622,LCL,102.24,Normal,Carrier_C,15,67517
SHP00691,Pune,London,Sea,Machinery,3345,6.69,8254,AIR_CARGO,90.44,Normal,Carrier_A,17,66715
SHP00692,Pune,New York,Sea,Electronics,1033,6.92,10652,20FT,89.35,Off_Peak,Carrier_B,20,68750
SHP00693,Delhi,Dubai,Sea,Electronics,2783,5.82,1996,20FT,80.96,Normal,Carrier_E,1,30583
SHP00694,Hyderabad,Rotterdam,Sea,Textiles,2014,5.43,10342,40FT_HC,111.16,Peak,Carrier_D,18,137836
SHP00695,Pune,Dubai,Sea,Pharmaceuticals,1332,3.32,8830,20FT,79.74,Normal,Carrier_D,14,61650
SHP00696,Mumbai,Colombo,Sea,Automotive Parts,6039,8.84,10155,40FT_HC,93.88,Off_Peak,Carrier_C,18,81548
SHP00697,Ahmedabad,Rotterdam,Sea,Pharmaceuticals,2509,13.0,6191,20FT,84.46,Normal,Carrier_D,17,59312
SHP00698,Kolkata,Shanghai,Sea,Chemicals,4736,9.65,885,LCL,114.85,Off_Peak,Carrier_D,1,48975
SHP00699,Bengaluru,Singapore,Sea,Machinery,1166,2.76,8211,LCL,98.43,Normal,Carrier_D,15,78647
SHP00700,Chennai,London,Sea,Textiles,3666,6.11,4807,AIR_CARGO,80.98,Peak,Carrier_C,9,48718
SHP00701,Hyderabad,Los Angeles,Sea,Electronics,4985,16.42,5128,LCL,101.7,Off_Peak,Carrier_A,17,58726
SHP00702,Mumbai,Colombo,Sea,Food Products,2136,0.5,5575,40FT,114.66,Off_Peak,Carrier_D,12,77866
SHP00703,Chennai,New York,Sea,Pharmaceuticals,1810,9.52,6168,LCL,99.2,Peak,Carrier_B,15,72847
SHP00704,Ahmedabad,Singapore,Sea,Automotive Parts,1071,1.33,8112,40FT_HC,93.3,Peak,Carrier_D,17,91533
SHP00705,Ahmedabad,Los Angeles,Sea,Food Products,1422,1.25,8858,AIR_CARGO,86.73,Normal,Carrier_D,14,75426
SHP00706,Bengaluru,Dubai,Road,Chemicals,1863,1.92,9434,40FT,78.68,Normal,Carrier_B,22,89763
SHP00707,Pune,Singapore,Sea,Textiles,1326,10.39,8223,40FT,84.13,Normal,Carrier_C,18,54436
SHP00708,Delhi,Los Angeles,Air,Pharmaceuticals,1518,0.5,9740,20FT,97.14,Peak,Carrier_E,19,308330
SHP00709,Delhi,Los Angeles,Sea,Electronics,2771,4.46,1905,40FT_HC,105.15,Normal,Carrier_B,9,56438
SHP00710,Kolkata,Dubai,Air,Pharmaceuticals,2995,1.97,10123,LCL,110.12,Normal,Carrier_E,20,357171
SHP00711,Mumbai,Los Angeles,Air,Machinery,5080,4.85,4954,LCL,106.75,Normal,Carrier_A,11,253576
SHP00712,Mumbai,Hamburg,Sea,Furniture,1524,8.85,6581,20FT,80.02,Normal,Carrier_A,13,49861
SHP00713,Pune,Rotterdam,Sea,Food Products,2538,5.93,5488,LCL,105.94,Off_Peak,Carrier_D,14,70955
SHP00714,Ahmedabad,Hamburg,Sea,Machinery,1906,0.5,5971,40FT,98.26,Normal,Carrier_D,14,78651
SHP00715,Kolkata,Dubai,Sea,Chemicals,1820,7.65,3782,LCL,93.76,Normal,Carrier_C,9,40901
SHP00716,Pune,Jebel Ali,Road,Electronics,2036,3.24,2454,LCL,97.91,Normal,Carrier_E,4,48091
SHP00717,Chennai,Singapore,Air,Food Products,2201,2.65,1706,40FT,75.32,Normal,Carrier_A,4,72789
SHP00718,Delhi,Shanghai,Road,Chemicals,2942,9.31,5691,40FT_HC,77.71,Normal,Carrier_A,10,58320
SHP00719,Delhi,New York,Sea,Machinery,2017,3.11,1941,40FT_HC,96.03,Normal,Carrier_D,8,49934
SHP00720,Ahmedabad,New York,Air,Machinery,5551,9.37,3317,40FT,81.94,Normal,Carrier_D,5,161591
SHP00721,Mumbai,Colombo,Road,Furniture,826,4.75,2037,40FT,96.82,Off_Peak,Carrier_C,9,42467
SHP00722,Ahmedabad,Colombo,Sea,Food Products,4960,11.24,1755,AIR_CARGO,89.17,Normal,Carrier_D,8,50425
SHP00723,Pune,Dubai,Sea,Electronics,1967,7.67,10648,AIR_CARGO,111.3,Normal,Carrier_D,20,115881
SHP00724,Mumbai,Colombo,Air,Machinery,2211,3.65,8251,LCL,112.99,Off_Peak,Carrier_C,16,264280
SHP00725,Kolkata,New York,Sea,Textiles,2484,9.99,11123,LCL,114.19,Off_Peak,Carrier_D,21,104830
SHP00726,Pune,Hamburg,Air,Furniture,3955,9.47,7906,AIR_CARGO,110.96,Off_Peak,Carrier_D,17,323919
SHP00727,Bengaluru,Shanghai,Sea,Chemicals,1411,7.6,10205,LCL,114.44,Normal,Carrier_D,23,115043
SHP00728,Chennai,New York,Air,Food Products,1631,7.99,6886,40FT_HC,103.25,Normal,Carrier_E,17,240147
SHP00729,Hyderabad,Hamburg,Sea,Automotive Parts,3461,13.19,5820,40FT_HC,113.42,Normal,Carrier_A,12,85825
SHP00730,Bengaluru,Jebel Ali,Sea,Automotive Parts,829,2.25,6577,20FT,100.67,Normal,Carrier_B,16,75749
SHP00731,Pune,Dubai,Sea,Electronics,2445,7.35,4183,AIR_CARGO,107.37,Normal,Carrier_A,12,64319
SHP00732,Bengaluru,London,Air,Textiles,1488,2.62,8067,40FT_HC,80.28,Normal,Carrier_E,16,170893
SHP00733,Mumbai,Jebel Ali,Air,Machinery,1298,0.5,10818,20FT,102.3,Normal,Carrier_B,22,320978
SHP00734,Mumbai,Jebel Ali,Sea,Automotive Parts,862,10.07,9497,40FT,112.24,Normal,Carrier_A,22,97718
SHP00735,Mumbai,New York,Sea,Electronics,4130,6.82,5813,40FT_HC,96.6,Normal,Carrier_C,15,70150
SHP00736,Bengaluru,Dubai,Road,Chemicals,2772,10.22,11470,20FT,82.47,Normal,Carrier_E,25,112118
SHP00737,Ahmedabad,Rotterdam,Sea,Furniture,1615,6.75,11832,LCL,96.08,Peak,Carrier_C,29,95803
SHP00738,Chennai,Los Angeles,Air,Textiles,2246,6.07,6171,20FT,103.28,Normal,Carrier_C,14,212706
SHP00739,Ahmedabad,Jebel Ali,Sea,Textiles,1229,2.31,10443,40FT_HC,105.79,Normal,Carrier_A,22,105052
SHP00740,Mumbai,Colombo,Sea,Pharmaceuticals,1764,3.62,555,LCL,95.95,Normal,Carrier_B,6,31243
SHP00741,Pune,Hamburg,Sea,Electronics,2198,2.61,1267,LCL,83.69,Normal,Carrier_D,8,33507
SHP00742,Pune,Rotterdam,Sea,Electronics,2606,6.58,757,20FT,112.07,Off_Peak,Carrier_D,2,43733
SHP00743,Delhi,Dubai,Air,Pharmaceuticals,3226,2.96,9391,20FT,105.94,Normal,Carrier_E,19,334255
SHP00744,Ahmedabad,London,Sea,Furniture,773,4.83,1417,40FT_HC,85.83,Normal,Carrier_C,3,29978
SHP00745,Chennai,Shanghai,Sea,Machinery,3232,6.78,696,LCL,107.47,Normal,Carrier_E,4,32581
SHP00746,Pune,Rotterdam,Road,Electronics,814,0.5,2195,AIR_CARGO,88.91,Off_Peak,Carrier_A,8,37336
SHP00747,Delhi,London,Sea,Pharmaceuticals,3309,2.77,4022,20FT,87.5,Normal,Carrier_C,7,39124
SHP00748,Chennai,New York,Sea,Machinery,2176,4.65,5844,AIR_CARGO,109.52,Peak,Carrier_D,15,97048
SHP00749,Mumbai,Singapore,Road,Furniture,5082,11.71,1252,AIR_CARGO,109.93,Normal,Carrier_A,3,60894
SHP00750,Ahmedabad,Los Angeles,Sea,Machinery,1613,1.77,6238,LCL,90.94,Off_Peak,Carrier_A,12,49330
SHP00751,Hyderabad,New York,Sea,Food Products,4153,11.9,3353,40FT_HC,75.36,Normal,Carrier_E,10,42458
SHP00752,Kolkata,Dubai,Road,Textiles,1171,4.18,3655,AIR_CARGO,82.46,Normal,Carrier_E,7,40132
SHP00753,Mumbai,Singapore,Sea,Chemicals,2678,6.6,9952,40FT_HC,111.37,Peak,Carrier_B,17,127550
SHP00754,Pune,London,Sea,Textiles,665,0.5,11850,20FT,110.95,Peak,Carrier_D,25,136714
SHP00755,Bengaluru,Singapore,Sea,Textiles,4438,7.61,5834,LCL,93.13,Normal,Carrier_D,12,66174
SHP00756,Hyderabad,Shanghai,Air,Food Products,7681,12.7,4200,40FT,87.16,Normal,Carrier_E,12,214580
SHP00757,Bengaluru,Colombo,Sea,Machinery,1588,3.02,11212,LCL,87.11,Normal,Carrier_D,24,79712
SHP00758,Chennai,Colombo,Sea,Machinery,2707,8.69,6255,40FT,110.89,Peak,Carrier_D,10,106098
SHP00759,Bengaluru,New York,Road,Electronics,3336,3.1,8899,20FT,87.99,Normal,Carrier_A,21,101546
SHP00760,Hyderabad,New York,Air,Food Products,913,0.5,5258,40FT_HC,95.46,Normal,Carrier_C,15,157320
SHP00761,Hyderabad,Dubai,Sea,Electronics,1536,3.45,2829,20FT,104.24,Peak,Carrier_C,9,60413
SHP00762,Mumbai,Dubai,Sea,Food Products,1476,5.75,8031,LCL,83.38,Off_Peak,Carrier_B,19,56897
SHP00763,Delhi,Hamburg,Sea,Electronics,11952,22.55,8146,40FT,85.15,Peak,Carrier_C,16,89300
SHP00764,Mumbai,Shanghai,Air,Automotive Parts,4934,20.63,5792,40FT,89.32,Peak,Carrier_D,12,262851
SHP00765,Chennai,Dubai,Sea,Pharmaceuticals,2171,8.18,3604,LCL,101.17,Normal,Carrier_A,9,47574
SHP00766,Pune,Jebel Ali,Sea,Textiles,4148,7.48,10066,LCL,107.7,Off_Peak,Carrier_C,22,94502
SHP00767,Bengaluru,Shanghai,Air,Textiles,2868,2.55,3666,20FT,96.87,Normal,Carrier_D,10,175684
SHP00768,Delhi,Hamburg,Road,Furniture,3676,9.89,8079,AIR_CARGO,80.32,Normal,Carrier_D,16,87485
SHP00769,Ahmedabad,Colombo,Sea,Chemicals,1260,4.89,4916,40FT,92.85,Normal,Carrier_E,10,56671
SHP00770,Kolkata,Rotterdam,Air,Pharmaceuticals,6104,10.57,5934,LCL,80.11,Peak,Carrier_E,10,218933
SHP00771,Hyderabad,Hamburg,Sea,Machinery,1518,0.5,2931,20FT,78.53,Normal,Carrier_C,9,30325
SHP00772,Delhi,Hamburg,Air,Chemicals,1570,0.5,7969,AIR_CARGO,98.58,Off_Peak,Carrier_E,16,219343
SHP00773,Pune,New York,Sea,Automotive Parts,3669,8.99,3097,40FT_HC,113.25,Peak,Carrier_D,7,82020
SHP00774,Ahmedabad,Los Angeles,Sea,Furniture,3130,7.76,6086,LCL,108.5,Normal,Carrier_D,17,81889
SHP00775,Delhi,Singapore,Air,Chemicals,2538,14.7,4277,AIR_CARGO,105.98,Off_Peak,Carrier_E,11,177974
SHP00776,Mumbai,Colombo,Sea,Furniture,4315,1.61,11581,40FT_HC,104.08,Peak,Carrier_A,24,130075
SHP00777,Ahmedabad,London,Sea,Textiles,1175,0.5,11796,40FT_HC,110.89,Normal,Carrier_E,25,122981
SHP00778,Kolkata,London,Air,Machinery,8291,17.62,9165,20FT,105.11,Normal,Carrier_A,22,408569
SHP00779,Pune,Dubai,Air,Automotive Parts,1806,6.25,11815,40FT,100.08,Normal,Carrier_E,20,339561
SHP00780,Hyderabad,Colombo,Sea,Textiles,2360,7.73,1806,LCL,89.59,Peak,Carrier_D,4,35414
SHP00781,Pune,Jebel Ali,Air,Pharmaceuticals,8374,19.14,11912,AIR_CARGO,79.04,Normal,Carrier_D,23,327092
SHP00782,Chennai,Dubai,Sea,Electronics,1576,9.8,1691,40FT_HC,93.44,Normal,Carrier_E,3,41694
SHP00783,Chennai,Dubai,Sea,Food Products,4861,7.11,5278,40FT,111.99,Normal,Carrier_B,11,87070
SHP00784,Delhi,Hamburg,Sea,Automotive Parts,2175,2.39,3248,40FT_HC,98.32,Off_Peak,Carrier_A,5,46297
SHP00785,Ahmedabad,Colombo,Sea,Machinery,1446,0.5,11469,LCL,82.38,Peak,Carrier_B,25,87211
SHP00786,Delhi,Singapore,Road,Furniture,1948,4.05,7812,LCL,100.96,Normal,Carrier_D,15,109990
SHP00787,Bengaluru,Dubai,Sea,Chemicals,3612,7.27,7367,20FT,93.62,Normal,Carrier_A,16,66990
SHP00788,Kolkata,Los Angeles,Sea,Pharmaceuticals,4833,14.65,11971,LCL,112.26,Normal,Carrier_E,24,120698
SHP00789,Hyderabad,Shanghai,Sea,Chemicals,2895,14.31,7543,LCL,81.44,Peak,Carrier_A,17,65632
SHP00790,Delhi,Jebel Ali,Road,Automotive Parts,885,8.07,7931,LCL,103.48,Normal,Carrier_A,11,100247
SHP00791,Bengaluru,Jebel Ali,Sea,Pharmaceuticals,3779,4.11,1015,40FT,102.26,Normal,Carrier_C,5,45173
SHP00792,Ahmedabad,Dubai,Sea,Machinery,2279,5.64,10379,AIR_CARGO,114.34,Off_Peak,Carrier_A,20,99454
SHP00793,Kolkata,Los Angeles,Sea,Automotive Parts,1221,6.0,11656,AIR_CARGO,97.6,Peak,Carrier_D,24,118581
SHP00794,Hyderabad,Shanghai,Sea,Machinery,3131,10.13,11544,LCL,109.86,Normal,Carrier_B,21,115356
SHP00795,Chennai,Rotterdam,Sea,Chemicals,5224,21.7,3043,AIR_CARGO,75.99,Normal,Carrier_B,8,34546
SHP00796,Bengaluru,New York,Road,Textiles,2511,5.1,3098,LCL,79.92,Normal,Carrier_E,10,39135
SHP00797,Ahmedabad,New York,Road,Pharmaceuticals,4556,11.16,4710,AIR_CARGO,88.84,Peak,Carrier_C,11,78578
SHP00798,Kolkata,New York,Sea,Electronics,3377,17.0,4067,AIR_CARGO,99.77,Off_Peak,Carrier_B,8,52633
SHP00799,Bengaluru,Hamburg,Air,Textiles,3405,9.79,4015,40FT_HC,92.96,Normal,Carrier_B,8,167700
SHP00800,Delhi,Jebel Ali,Road,Electronics,2050,2.49,7460,40FT,83.11,Off_Peak,Carrier_A,17,68392
SHP00801,Mumbai,London,Air,Chemicals,4256,6.23,9764,40FT_HC,98.57,Normal,Carrier_D,21,346493
SHP00802,Chennai,London,Sea,Furniture,4529,11.62,11273,40FT_HC,97.67,Normal,Carrier_D,23,108108
SHP00803,Delhi,Hamburg,Sea,Pharmaceuticals,4185,14.23,1280,AIR_CARGO,95.98,Normal,Carrier_E,4,45714
SHP00804,Delhi,Dubai,Sea,Textiles,2039,9.07,3697,20FT,78.62,Off_Peak,Carrier_D,9,27786
SHP00805,Ahmedabad,Colombo,Sea,Textiles,4743,7.8,3433,20FT,112.08,Normal,Carrier_B,8,66197
SHP00806,Ahmedabad,Colombo,Air,Automotive Parts,3214,8.07,4611,40FT,98.69,Peak,Carrier_A,10,224378
SHP00807,Kolkata,New York,Road,Food Products,1329,1.36,5380,LCL,85.56,Normal,Carrier_D,13,61937
SHP00808,Ahmedabad,Colombo,Road,Chemicals,1951,4.05,4975,AIR_CARGO,102.5,Normal,Carrier_C,12,73698
SHP00809,Bengaluru,Dubai,Sea,Machinery,1771,7.84,11450,40FT,87.72,Normal,Carrier_C,25,78086
SHP00810,Chennai,Rotterdam,Sea,Chemicals,687,1.44,5527,40FT_HC,95.23,Normal,Carrier_C,14,61524
SHP00811,Delhi,Hamburg,Road,Machinery,4799,14.04,6843,AIR_CARGO,88.65,Normal,Carrier_D,15,94121
SHP00812,Kolkata,Rotterdam,Air,Pharmaceuticals,18766,47.41,9109,40FT_HC,110.22,Normal,Carrier_A,20,637594
SHP00813,Pune,Jebel Ali,Sea,Machinery,5483,10.61,8838,40FT,114.76,Peak,Carrier_D,16,137356
SHP00814,Pune,Colombo,Road,Furniture,2779,11.53,7204,20FT,81.45,Normal,Carrier_B,15,76890
SHP00815,Chennai,Shanghai,Road,Electronics,1788,0.5,10400,40FT,75.94,Peak,Carrier_D,22,99498
SHP00816,Ahmedabad,New York,Sea,Machinery,1370,0.5,7678,AIR_CARGO,83.77,Normal,Carrier_C,13,55760
SHP00817,Ahmedabad,Hamburg,Sea,Machinery,2757,4.65,10560,AIR_CARGO,98.6,Normal,Carrier_C,22,85527
SHP00818,Bengaluru,New York,Sea,Automotive Parts,4691,7.27,3982,LCL,81.96,Normal,Carrier_A,7,46058
SHP00819,Ahmedabad,Colombo,Sea,Textiles,1613,6.26,2018,20FT,107.46,Peak,Carrier_E,4,58461
SHP00820,Pune,Singapore,Sea,Chemicals,13238,41.77,9924,AIR_CARGO,91.35,Normal,Carrier_C,19,93758
SHP00821,Delhi,Colombo,Air,Chemicals,1017,6.93,4899,20FT,99.42,Normal,Carrier_C,11,161208
SHP00822,Pune,Hamburg,Sea,Pharmaceuticals,2893,3.62,7987,AIR_CARGO,93.22,Normal,Carrier_E,14,70198
SHP00823,Hyderabad,London,Sea,Pharmaceuticals,2617,2.24,8979,20FT,111.13,Normal,Carrier_D,20,103650
SHP00824,Delhi,Hamburg,Sea,Furniture,2511,9.89,4257,40FT,76.41,Normal,Carrier_C,10,36732
SHP00825,Delhi,Los Angeles,Sea,Machinery,1727,0.5,6309,20FT,104.17,Normal,Carrier_A,17,71671
SHP00826,Ahmedabad,Shanghai,Road,Food Products,2638,2.34,10792,40FT_HC,101.09,Normal,Carrier_D,22,151589
SHP00827,Chennai,Colombo,Sea,Chemicals,1866,5.92,10618,40FT,100.98,Normal,Carrier_D,22,103106
SHP00828,Ahmedabad,Los Angeles,Sea,Pharmaceuticals,5774,11.58,9118,AIR_CARGO,91.56,Normal,Carrier_C,17,78045
SHP00829,Chennai,London,Air,Machinery,7169,17.55,9272,AIR_CARGO,75.63,Peak,Carrier_D,16,283891
SHP00830,Chennai,Dubai,Sea,Pharmaceuticals,1942,3.3,10823,LCL,102.57,Peak,Carrier_D,23,119448
SHP00831,Pune,Dubai,Sea,Furniture,858,1.93,8968,40FT_HC,108.18,Normal,Carrier_A,16,86988
SHP00832,Chennai,Shanghai,Sea,Electronics,3073,10.81,4405,LCL,78.41,Normal,Carrier_D,11,49227
SHP00833,Kolkata,Jebel Ali,Sea,Electronics,3002,9.63,1889,40FT,92.66,Normal,Carrier_C,9,41601
SHP00834,Mumbai,Shanghai,Sea,Pharmaceuticals,2677,10.04,5352,LCL,81.5,Normal,Carrier_C,14,44499
SHP00835,Ahmedabad,Shanghai,Sea,Electronics,3535,10.97,1504,40FT,99.44,Normal,Carrier_E,6,52488
SHP00836,Kolkata,Shanghai,Sea,Pharmaceuticals,6137,17.45,1831,LCL,106.42,Off_Peak,Carrier_B,6,52272
SHP00837,Delhi,Shanghai,Road,Machinery,4296,10.22,11427,20FT,101.67,Normal,Carrier_E,22,153302
SHP00838,Kolkata,Shanghai,Sea,Automotive Parts,3532,2.59,8273,40FT,87.72,Normal,Carrier_A,17,74321
SHP00839,Bengaluru,Rotterdam,Sea,Food Products,4081,9.29,10294,40FT,80.59,Peak,Carrier_A,20,79184
SHP00840,Hyderabad,London,Sea,Machinery,2944,8.27,7893,20FT,106.77,Peak,Carrier_C,14,96928
SHP00841,Chennai,Hamburg,Sea,Automotive Parts,1352,3.52,5313,20FT,87.96,Peak,Carrier_B,12,54642
SHP00842,Ahmedabad,Colombo,Air,Automotive Parts,6418,16.96,789,40FT_HC,75.89,Normal,Carrier_E,6,111275
SHP00843,Bengaluru,Los Angeles,Sea,Chemicals,2672,14.61,11492,20FT,97.86,Off_Peak,Carrier_B,20,89962
SHP00844,Ahmedabad,Shanghai,Road,Machinery,1352,1.21,1316,LCL,84.87,Off_Peak,Carrier_C,7,29992
SHP00845,Pune,Jebel Ali,Sea,Machinery,1201,1.24,7517,20FT,108.65,Normal,Carrier_D,18,90445
SHP00846,Hyderabad,New York,Sea,Pharmaceuticals,1377,8.11,1675,20FT,80.73,Off_Peak,Carrier_C,6,26364
SHP00847,Bengaluru,Colombo,Sea,Automotive Parts,1122,3.17,3768,40FT,92.39,Normal,Carrier_C,10,46634
SHP00848,Ahmedabad,New York,Road,Automotive Parts,3862,11.01,2637,40FT,85.13,Normal,Carrier_B,6,50418
SHP00849,Delhi,Los Angeles,Sea,Automotive Parts,2231,2.94,6868,20FT,102.58,Peak,Carrier_A,15,82602
SHP00850,Chennai,Los Angeles,Sea,Pharmaceuticals,4140,6.93,10701,40FT_HC,96.94,Normal,Carrier_D,21,99371
SHP00851,Bengaluru,Colombo,Sea,Chemicals,5347,7.9,7810,40FT,106.64,Peak,Carrier_D,16,121280
SHP00852,Delhi,Jebel Ali,Air,Machinery,4519,11.45,8138,LCL,93.34,Normal,Carrier_A,17,265199
SHP00853,Chennai,Rotterdam,Sea,Automotive Parts,3775,5.07,10953,LCL,75.19,Normal,Carrier_B,26,66374
SHP00854,Mumbai,Dubai,Road,Electronics,3014,2.77,9118,20FT,83.61,Peak,Carrier_B,20,110435
SHP00855,Delhi,Los Angeles,Sea,Machinery,2209,7.9,10458,20FT,114.97,Peak,Carrier_A,21,127799
SHP00856,Kolkata,Jebel Ali,Sea,Pharmaceuticals,2307,2.95,5289,40FT_HC,91.21,Normal,Carrier_E,11,56275
SHP00857,Ahmedabad,Los Angeles,Sea,Chemicals,3655,3.9,10452,20FT,99.81,Normal,Carrier_B,20,98692
SHP00858,Pune,Singapore,Sea,Electronics,1338,0.5,7927,AIR_CARGO,111.2,Normal,Carrier_A,15,92684
SHP00859,Chennai,Dubai,Sea,Pharmaceuticals,2414,9.39,2059,AIR_CARGO,75.82,Normal,Carrier_E,8,28726
SHP00860,Bengaluru,Los Angeles,Sea,Textiles,1543,3.25,945,20FT,101.38,Normal,Carrier_C,3,30266
SHP00861,Hyderabad,Jebel Ali,Air,Machinery,5359,11.16,3306,AIR_CARGO,86.54,Normal,Carrier_D,7,169570
SHP00862,Bengaluru,Los Angeles,Sea,Textiles,3984,10.17,4851,LCL,86.17,Normal,Carrier_A,10,48456
SHP00863,Kolkata,New York,Sea,Pharmaceuticals,10031,24.19,10132,20FT,83.99,Off_Peak,Carrier_B,19,71337
SHP00864,Ahmedabad,Colombo,Sea,Pharmaceuticals,1528,1.52,9024,LCL,107.91,Normal,Carrier_D,21,95292
SHP00865,Kolkata,Colombo,Sea,Pharmaceuticals,1638,2.57,11487,LCL,89.92,Normal,Carrier_E,23,79633
SHP00866,Bengaluru,Los Angeles,Sea,Automotive Parts,2595,9.1,6931,AIR_CARGO,77.68,Normal,Carrier_D,14,53664
SHP00867,Pune,Jebel Ali,Sea,Chemicals,1560,7.01,9099,40FT_HC,78.87,Normal,Carrier_A,19,59537
SHP00868,Ahmedabad,New York,Sea,Automotive Parts,3546,5.09,3666,LCL,80.94,Normal,Carrier_C,9,37871
SHP00869,Hyderabad,Rotterdam,Road,Chemicals,2419,10.88,8315,AIR_CARGO,110.96,Normal,Carrier_E,16,132181
SHP00870,Chennai,Rotterdam,Road,Food Products,1820,12.37,8621,40FT_HC,92.1,Normal,Carrier_E,15,99264
SHP00871,Ahmedabad,New York,Sea,Automotive Parts,5069,10.9,10257,AIR_CARGO,111.64,Normal,Carrier_E,23,117029
SHP00872,Delhi,Hamburg,Sea,Textiles,751,0.53,6669,AIR_CARGO,107.7,Peak,Carrier_D,16,90703
SHP00873,Ahmedabad,Jebel Ali,Sea,Chemicals,3556,4.87,7964,20FT,108.52,Peak,Carrier_C,17,98881
SHP00874,Kolkata,Rotterdam,Sea,Automotive Parts,1747,1.49,2835,40FT,86.47,Normal,Carrier_A,9,41143
SHP00875,Kolkata,Hamburg,Sea,Machinery,4251,11.42,8973,40FT_HC,85.85,Peak,Carrier_A,22,85999
SHP00876,Kolkata,Jebel Ali,Sea,Pharmaceuticals,4967,21.09,10142,AIR_CARGO,97.4,Off_Peak,Carrier_D,19,90502
SHP00877,Hyderabad,New York,Air,Chemicals,569,4.27,7328,LCL,91.72,Peak,Carrier_A,13,212063
SHP00878,Ahmedabad,Shanghai,Air,Chemicals,2179,3.86,1830,LCL,95.36,Normal,Carrier_A,7,106465
SHP00879,Pune,Hamburg,Sea,Automotive Parts,2596,4.48,4098,40FT,77.13,Normal,Carrier_C,7,35748
SHP00880,Pune,Hamburg,Sea,Food Products,540,0.5,5968,40FT_HC,113.86,Normal,Carrier_D,13,90374
SHP00881,Ahmedabad,Los Angeles,Sea,Automotive Parts,2899,11.14,8287,20FT,77.33,Normal,Carrier_D,16,59059
SHP00882,Pune,London,Air,Furniture,1774,3.25,4184,40FT_HC,82.15,Peak,Carrier_E,11,145591
SHP00883,Mumbai,London,Sea,Textiles,1142,4.54,10163,LCL,102.13,Normal,Carrier_A,20,87144
SHP00884,Hyderabad,Jebel Ali,Sea,Textiles,1638,2.95,4776,LCL,81.22,Normal,Carrier_B,13,38799
SHP00885,Chennai,Los Angeles,Air,Chemicals,1464,11.96,993,20FT,79.27,Normal,Carrier_C,2,64412
SHP00886,Chennai,Colombo,Sea,Chemicals,1725,1.97,9631,20FT,81.14,Normal,Carrier_C,21,59363
SHP00887,Chennai,Dubai,Air,Automotive Parts,2820,3.9,7909,LCL,77.48,Peak,Carrier_B,15,198842
SHP00888,Chennai,Shanghai,Sea,Textiles,4731,9.34,9722,AIR_CARGO,85.05,Off_Peak,Carrier_E,21,71216
SHP00889,Chennai,Dubai,Sea,Textiles,2377,7.36,4512,AIR_CARGO,85.84,Peak,Carrier_B,8,52038
SHP00890,Pune,Hamburg,Sea,Food Products,5120,17.93,703,20FT,94.94,Normal,Carrier_B,3,38924
SHP00891,Bengaluru,Singapore,Air,Machinery,1267,4.72,1348,AIR_CARGO,92.55,Off_Peak,Carrier_E,7,76338
SHP00892,Kolkata,Rotterdam,Road,Food Products,2761,9.4,1786,20FT,93.95,Normal,Carrier_B,5,44949
SHP00893,Hyderabad,Rotterdam,Air,Furniture,9831,25.68,9759,40FT_HC,99.64,Normal,Carrier_E,22,426327
SHP00894,Bengaluru,Los Angeles,Sea,Electronics,889,0.5,3966,40FT_HC,84.24,Peak,Carrier_A,9,55788
SHP00895,Hyderabad,London,Air,Pharmaceuticals,867,2.0,11976,40FT_HC,80.39,Off_Peak,Carrier_E,23,209005
SHP00896,Mumbai,Singapore,Sea,Food Products,5745,12.41,9221,20FT,110.16,Peak,Carrier_D,19,124521
SHP00897,Ahmedabad,Los Angeles,Sea,Furniture,2885,6.3,7413,20FT,100.36,Normal,Carrier_D,17,85022
SHP00898,Delhi,Hamburg,Road,Automotive Parts,1691,0.73,11812,AIR_CARGO,77.43,Off_Peak,Carrier_B,20,85947
SHP00899,Kolkata,Singapore,Sea,Machinery,1200,6.33,4138,AIR_CARGO,113.44,Peak,Carrier_D,11,81031
SHP00900,Mumbai,Rotterdam,Sea,Automotive Parts,2442,6.01,2405,AIR_CARGO,102.72,Normal,Carrier_E,4,46811
SHP00901,Bengaluru,Jebel Ali,Sea,Pharmaceuticals,2727,6.66,8979,40FT,81.07,Off_Peak,Carrier_A,16,57965
SHP00902,Delhi,Hamburg,Sea,Furniture,2736,5.93,3698,20FT,113.77,Normal,Carrier_E,10,66531
SHP00903,Ahmedabad,Los Angeles,Sea,Electronics,1192,0.5,11552,40FT_HC,89.62,Normal,Carrier_C,26,84184
SHP00904,Mumbai,Colombo,Sea,Machinery,2008,0.5,11863,40FT_HC,114.38,Off_Peak,Carrier_B,24,117660
SHP00905,Ahmedabad,New York,Sea,Chemicals,1728,5.2,11154,40FT,79.13,Normal,Carrier_A,20,70819
SHP00906,Ahmedabad,Hamburg,Road,Textiles,3806,9.52,11365,40FT,81.4,Normal,Carrier_B,21,113021
SHP00907,Pune,Hamburg,Air,Food Products,1239,5.09,7580,40FT_HC,101.3,Normal,Carrier_C,15,224900
SHP00908,Hyderabad,Colombo,Sea,Furniture,2627,6.54,8459,20FT,75.89,Peak,Carrier_D,18,62306
SHP00909,Delhi,Shanghai,Sea,Automotive Parts,13853,28.67,1584,40FT_HC,75.75,Normal,Carrier_C,5,46600
SHP00910,Hyderabad,Jebel Ali,Sea,Electronics,1185,0.5,9275,40FT_HC,106.68,Peak,Carrier_D,20,114831
SHP00911,Ahmedabad,Colombo,Sea,Textiles,1538,9.02,2824,40FT,81.71,Peak,Carrier_B,9,46057
SHP00912,Pune,Dubai,Sea,Food Products,2352,6.88,10164,40FT,111.75,Peak,Carrier_B,21,131257
SHP00913,Mumbai,Dubai,Sea,Textiles,369,4.09,11558,AIR_CARGO,92.04,Normal,Carrier_B,25,82436
SHP00914,Ahmedabad,Hamburg,Sea,Food Products,989,6.03,2942,40FT,109.95,Peak,Carrier_E,7,64857
SHP00915,Bengaluru,Shanghai,Sea,Furniture,3059,3.35,1397,40FT_HC,91.71,Off_Peak,Carrier_A,11,42482
SHP00916,Ahmedabad,Rotterdam,Sea,Chemicals,2230,3.95,6065,AIR_CARGO,96.21,Normal,Carrier_E,14,65355
SHP00917,Hyderabad,Shanghai,Sea,Machinery,4962,14.54,9603,40FT_HC,87.66,Normal,Carrier_C,21,76799
SHP00918,Delhi,Dubai,Road,Furniture,2142,1.84,9362,20FT,101.32,Normal,Carrier_A,23,124196
SHP00919,Mumbai,Shanghai,Air,Textiles,2022,3.18,8513,20FT,87.73,Normal,Carrier_B,18,224171
SHP00920,Hyderabad,Shanghai,Sea,Textiles,1583,1.69,9938,40FT,83.93,Normal,Carrier_B,19,69520
SHP00921,Ahmedabad,Jebel Ali,Road,Textiles,2001,1.81,2512,AIR_CARGO,78.24,Normal,Carrier_B,9,45198
SHP00922,Bengaluru,Hamburg,Sea,Machinery,1137,2.19,7997,LCL,77.31,Normal,Carrier_D,19,47921
SHP00923,Kolkata,Jebel Ali,Road,Electronics,2271,3.46,7465,20FT,87.24,Peak,Carrier_C,16,85402
SHP00924,Pune,Rotterdam,Air,Food Products,1330,1.57,2264,20FT,104.46,Normal,Carrier_E,10,120653
SHP00925,Bengaluru,Rotterdam,Sea,Furniture,1138,3.78,5266,20FT,83.22,Normal,Carrier_C,11,42749
SHP00926,Ahmedabad,Dubai,Sea,Furniture,1650,7.92,10304,20FT,86.97,Normal,Carrier_D,23,77579
SHP00927,Bengaluru,Los Angeles,Sea,Chemicals,3352,11.04,11676,40FT,111.21,Normal,Carrier_D,26,127716
SHP00928,Pune,Colombo,Sea,Textiles,2742,7.23,8152,AIR_CARGO,100.57,Normal,Carrier_C,17,76609
SHP00929,Kolkata,London,Sea,Pharmaceuticals,3858,15.74,11102,20FT,111.79,Normal,Carrier_D,23,121833
SHP00930,Bengaluru,Hamburg,Sea,Furniture,1372,5.9,2019,40FT,111.45,Normal,Carrier_A,8,51761
SHP00931,Kolkata,Los Angeles,Sea,Machinery,2479,9.12,11713,AIR_CARGO,77.54,Normal,Carrier_B,23,73290
SHP00932,Ahmedabad,Hamburg,Air,Electronics,7557,17.34,885,AIR_CARGO,113.2,Peak,Carrier_E,2,260590
SHP00933,Kolkata,Colombo,Road,Furniture,6201,13.22,6563,LCL,77.05,Peak,Carrier_D,17,85724
SHP00934,Hyderabad,Colombo,Sea,Food Products,1092,4.1,3847,40FT_HC,112.02,Peak,Carrier_E,10,77796
SHP00935,Hyderabad,Singapore,Sea,Machinery,1298,6.72,9860,20FT,96.87,Normal,Carrier_B,19,88400
SHP00936,Kolkata,Jebel Ali,Sea,Chemicals,7536,18.64,3002,40FT,96.33,Normal,Carrier_C,8,56668
SHP00937,Mumbai,Dubai,Sea,Chemicals,3353,5.45,633,AIR_CARGO,103.53,Normal,Carrier_B,4,39439
SHP00938,Delhi,Singapore,Road,Food Products,2209,0.5,5268,LCL,110.17,Normal,Carrier_E,8,85689
SHP00939,Mumbai,Rotterdam,Sea,Textiles,2054,0.5,1237,40FT_HC,99.68,Normal,Carrier_A,6,43777
SHP00940,Kolkata,London,Sea,Chemicals,2898,7.07,3836,AIR_CARGO,92.02,Normal,Carrier_C,10,50963
SHP00941,Delhi,Dubai,Sea,Electronics,2922,10.22,7903,AIR_CARGO,79.48,Normal,Carrier_D,20,64938
SHP00942,Hyderabad,Rotterdam,Sea,Machinery,1768,0.5,3889,20FT,106.57,Normal,Carrier_A,9,63888
SHP00943,Delhi,Shanghai,Air,Furniture,2248,2.92,3327,40FT_HC,80.13,Normal,Carrier_B,11,116641
SHP00944,Kolkata,Jebel Ali,Air,Electronics,1728,1.03,2288,40FT_HC,104.05,Normal,Carrier_E,6,130481
SHP00945,Hyderabad,Jebel Ali,Sea,Textiles,2790,8.16,2054,40FT,96.12,Normal,Carrier_E,6,45970
SHP00946,Delhi,Jebel Ali,Sea,Electronics,1548,1.02,6547,LCL,90.43,Normal,Carrier_E,14,50396
SHP00947,Delhi,Singapore,Sea,Electronics,1097,0.5,8337,40FT,99.52,Normal,Carrier_B,21,82861
SHP00948,Mumbai,New York,Road,Automotive Parts,6523,13.1,5706,LCL,105.89,Normal,Carrier_C,10,100140
SHP00949,Delhi,Los Angeles,Road,Electronics,2389,2.63,1921,40FT,112.65,Off_Peak,Carrier_D,6,51544
SHP00950,Ahmedabad,Colombo,Sea,Food Products,7534,17.99,7949,LCL,85.59,Normal,Carrier_A,17,75646
SHP00951,Kolkata,London,Sea,Machinery,712,0.84,6907,20FT,112.89,Off_Peak,Carrier_B,15,74265
SHP00952,Chennai,Colombo,Air,Automotive Parts,974,4.09,4885,LCL,113.44,Normal,Carrier_E,12,189818
SHP00953,Chennai,New York,Sea,Machinery,3386,8.04,4296,40FT,107.55,Normal,Carrier_D,12,74014
SHP00954,Chennai,Shanghai,Road,Machinery,2391,9.75,2606,40FT_HC,110.26,Normal,Carrier_E,8,76362
SHP00955,Kolkata,Shanghai,Sea,Textiles,1178,1.01,2182,AIR_CARGO,102.7,Normal,Carrier_B,8,55048
SHP00956,Chennai,Shanghai,Sea,Textiles,5233,14.94,4396,LCL,76.56,Peak,Carrier_E,9,46801
SHP00957,Mumbai,Dubai,Sea,Automotive Parts,1420,4.65,979,LCL,98.0,Normal,Carrier_B,4,35081
SHP00958,Kolkata,Rotterdam,Sea,Chemicals,5449,11.79,5521,40FT_HC,104.89,Normal,Carrier_E,10,85330
SHP00959,Ahmedabad,Rotterdam,Sea,Pharmaceuticals,2388,8.44,7418,20FT,112.67,Normal,Carrier_B,19,91373
SHP00960,Hyderabad,Shanghai,Air,Textiles,1247,0.5,11329,40FT,97.82,Peak,Carrier_E,22,353714
SHP00961,Ahmedabad,London,Sea,Pharmaceuticals,1619,8.81,7697,20FT,106.77,Normal,Carrier_D,15,89849
SHP00962,Kolkata,Singapore,Sea,Textiles,6099,11.42,7677,LCL,103.2,Normal,Carrier_D,17,87876
SHP00963,Kolkata,London,Sea,Textiles,2060,0.5,4806,LCL,86.23,Off_Peak,Carrier_E,13,48596
SHP00964,Delhi,London,Sea,Machinery,4704,5.53,2033,20FT,81.19,Normal,Carrier_E,4,32252
SHP00965,Delhi,Rotterdam,Sea,Automotive Parts,6213,15.16,5640,40FT,105.04,Normal,Carrier_B,15,82655
SHP00966,Delhi,Jebel Ali,Sea,Machinery,2373,3.39,7385,LCL,84.35,Normal,Carrier_B,15,58431
SHP00967,Pune,London,Air,Furniture,2162,5.87,8826,LCL,84.79,Normal,Carrier_B,21,218581
SHP00968,Pune,London,Sea,Food Products,1921,0.5,10000,20FT,100.76,Normal,Carrier_C,19,88064
SHP00969,Bengaluru,Colombo,Sea,Machinery,3143,9.43,3443,AIR_CARGO,106.56,Normal,Carrier_E,10,61987
SHP00970,Pune,Jebel Ali,Sea,Pharmaceuticals,6654,16.58,3274,40FT_HC,98.29,Off_Peak,Carrier_E,8,59247
SHP00971,Mumbai,Rotterdam,Air,Pharmaceuticals,1126,0.85,7001,LCL,110.4,Normal,Carrier_E,12,249606
SHP00972,Kolkata,Singapore,Road,Food Products,2883,9.36,7009,40FT,83.46,Peak,Carrier_E,12,88878
SHP00973,Ahmedabad,Los Angeles,Air,Electronics,2803,8.97,3006,AIR_CARGO,85.1,Normal,Carrier_B,6,120494
SHP00974,Kolkata,Rotterdam,Sea,Electronics,774,2.21,7256,20FT,100.48,Peak,Carrier_B,17,81731
SHP00975,Delhi,Rotterdam,Sea,Food Products,1404,6.89,4478,20FT,108.17,Normal,Carrier_C,6,62172
SHP00976,Kolkata,London,Sea,Food Products,1604,8.26,7852,40FT,96.57,Peak,Carrier_B,17,85638
SHP00977,Hyderabad,Colombo,Sea,Machinery,4108,6.63,3847,AIR_CARGO,75.42,Normal,Carrier_E,9,33503
SHP00978,Pune,New York,Sea,Food Products,4603,15.49,7311,40FT,102.08,Normal,Carrier_E,12,83270
SHP00979,Kolkata,Shanghai,Sea,Furniture,739,0.5,9336,LCL,107.54,Normal,Carrier_A,17,87218
SHP00980,Ahmedabad,Hamburg,Sea,Automotive Parts,3788,12.11,11772,AIR_CARGO,86.06,Off_Peak,Carrier_B,22,80613
SHP00981,Chennai,Colombo,Sea,Electronics,3482,12.08,10977,40FT_HC,77.17,Normal,Carrier_A,22,63756
SHP00982,Hyderabad,New York,Air,Electronics,3641,7.97,6291,40FT_HC,95.72,Normal,Carrier_E,16,233743
SHP00983,Hyderabad,London,Sea,Furniture,2761,6.36,6116,40FT,76.69,Normal,Carrier_B,15,53867
SHP00984,Kolkata,London,Sea,Chemicals,4637,9.84,5534,40FT_HC,91.64,Normal,Carrier_E,11,62553
SHP00985,Bengaluru,Singapore,Air,Furniture,5354,9.45,819,40FT,75.71,Off_Peak,Carrier_A,2,85015
SHP00986,Delhi,New York,Sea,Furniture,864,0.5,2408,LCL,84.0,Normal,Carrier_A,3,23032
SHP00987,Mumbai,Dubai,Air,Food Products,2422,7.75,1181,LCL,90.55,Off_Peak,Carrier_D,3,89179
SHP00988,Mumbai,Shanghai,Sea,Textiles,2119,8.47,8508,40FT,79.47,Normal,Carrier_D,16,65573
SHP00989,Chennai,Hamburg,Sea,Textiles,1723,4.04,5252,LCL,79.57,Normal,Carrier_B,11,43050
SHP00990,Mumbai,Singapore,Air,Furniture,1861,0.5,1233,40FT_HC,108.08,Peak,Carrier_B,4,132684
SHP00991,Mumbai,Colombo,Air,Food Products,2823,2.14,8442,LCL,76.66,Off_Peak,Carrier_B,16,166527
SHP00992,Delhi,Colombo,Air,Automotive Parts,1076,2.14,7911,40FT_HC,102.56,Peak,Carrier_B,15,290283
SHP00993,Pune,New York,Sea,Textiles,3866,7.09,8780,40FT_HC,107.58,Off_Peak,Carrier_B,17,83640
SHP00994,Delhi,Shanghai,Sea,Chemicals,1967,9.43,7398,20FT,80.23,Normal,Carrier_B,14,56835
SHP00995,Bengaluru,Shanghai,Sea,Pharmaceuticals,4414,7.7,2358,LCL,82.81,Normal,Carrier_B,9,42450
SHP00996,Ahmedabad,Colombo,Sea,Food Products,1671,6.37,1206,LCL,100.66,Normal,Carrier_A,5,41486
SHP00997,Chennai,Dubai,Road,Furniture,1613,1.36,9897,40FT,87.63,Peak,Carrier_A,21,112302
SHP00998,Mumbai,London,Sea,Automotive Parts,1352,2.09,2982,40FT,94.06,Peak,Carrier_A,9,46818
SHP00999,Bengaluru,Shanghai,Road,Automotive Parts,1677,4.68,6739,AIR_CARGO,108.44,Normal,Carrier_E,16,105252
SHP01000,Chennai,New York,Sea,Machinery,1485,5.61,6080,40FT_HC,80.52,Normal,Carrier_C,16,52110
SHP01001,Hyderabad,Colombo,Sea,Automotive Parts,3316,9.59,11092,20FT,99.79,Normal,Carrier_E,23,94999
SHP01002,Mumbai,London,Sea,Textiles,4938,9.52,6853,40FT_HC,112.7,Peak,Carrier_B,15,108642
SHP01003,Mumbai,Jebel Ali,Road,Furniture,3217,8.06,7170,LCL,77.3,Peak,Carrier_C,14,75905
SHP01004,Delhi,Rotterdam,Air,Pharmaceuticals,2377,4.16,4174,AIR_CARGO,77.4,Normal,Carrier_A,8,112090
SHP01005,Kolkata,London,Air,Textiles,3431,2.44,11525,40FT_HC,97.19,Normal,Carrier_A,25,341831
SHP01006,Chennai,Shanghai,Air,Food Products,2442,6.73,7542,AIR_CARGO,113.4,Normal,Carrier_D,15,319106
SHP01007,Mumbai,Rotterdam,Air,Pharmaceuticals,2547,11.12,557,40FT_HC,83.82,Normal,Carrier_B,1,76656
SHP01008,Pune,Shanghai,Air,Food Products,2048,11.05,6895,LCL,88.23,Normal,Carrier_B,10,188823
SHP01009,Chennai,New York,Sea,Automotive Parts,4306,11.52,4684,LCL,78.95,Peak,Carrier_D,15,52244
SHP01010,Ahmedabad,Los Angeles,Sea,Chemicals,472,2.13,869,40FT_HC,89.49,Peak,Carrier_E,2,36231
SHP01011,Pune,London,Sea,Electronics,625,0.5,5463,20FT,76.77,Peak,Carrier_D,11,44475
SHP01012,Bengaluru,Rotterdam,Road,Pharmaceuticals,4874,22.51,9396,LCL,90.56,Normal,Carrier_B,22,116086
SHP01013,Pune,New York,Road,Furniture,2200,10.96,6294,40FT,97.22,Normal,Carrier_A,11,92110
SHP01014,Bengaluru,Shanghai,Sea,Machinery,4538,13.84,7854,20FT,114.0,Peak,Carrier_D,17,117494
SHP01015,Kolkata,London,Air,Electronics,1684,4.3,7857,40FT_HC,107.74,Peak,Carrier_C,20,311554
SHP01016,Mumbai,New York,Road,Automotive Parts,7423,8.75,8217,20FT,107.88,Normal,Carrier_A,21,143999
SHP01017,Pune,Shanghai,Sea,Automotive Parts,2288,6.18,4957,40FT,84.13,Off_Peak,Carrier_E,10,46036
SHP01018,Ahmedabad,Los Angeles,Sea,Furniture,3348,8.1,4755,LCL,78.49,Normal,Carrier_A,11,43534
SHP01019,Delhi,Los Angeles,Road,Electronics,1869,0.5,553,LCL,99.12,Normal,Carrier_E,2,34545
SHP01020,Mumbai,Hamburg,Sea,Machinery,1395,5.11,2274,LCL,95.85,Normal,Carrier_A,6,37451
SHP01021,Chennai,Singapore,Air,Pharmaceuticals,806,6.87,11434,40FT,95.66,Normal,Carrier_B,25,300729
SHP01022,Hyderabad,New York,Sea,Pharmaceuticals,4166,11.28,10188,20FT,79.36,Normal,Carrier_E,18,70057
SHP01023,Bengaluru,Singapore,Road,Electronics,3233,9.05,3664,40FT_HC,94.76,Normal,Carrier_E,10,67869
SHP01024,Chennai,Hamburg,Road,Food Products,2657,7.93,5114,40FT_HC,81.01,Normal,Carrier_D,11,65746
SHP01025,Kolkata,Dubai,Road,Textiles,1193,1.55,11309,20FT,91.88,Normal,Carrier_A,25,115274
SHP01026,Bengaluru,London,Sea,Chemicals,6274,17.97,3380,LCL,77.49,Off_Peak,Carrier_E,11,35101
SHP01027,Delhi,Shanghai,Road,Food Products,2678,12.47,6624,40FT_HC,109.28,Off_Peak,Carrier_E,13,101943
SHP01028,Bengaluru,Colombo,Air,Pharmaceuticals,3948,9.57,754,LCL,75.53,Normal,Carrier_A,3,72094
SHP01029,Hyderabad,Singapore,Sea,Textiles,2495,2.92,7627,AIR_CARGO,112.57,Peak,Carrier_A,18,104365
SHP01030,Pune,Singapore,Air,Chemicals,1231,0.5,11196,AIR_CARGO,109.52,Normal,Carrier_C,24,341539
SHP01031,Ahmedabad,New York,Sea,Chemicals,4765,13.35,10675,40FT_HC,105.1,Normal,Carrier_D,16,117580
SHP01032,Pune,London,Sea,Chemicals,3351,10.44,6273,20FT,114.3,Peak,Carrier_E,15,95227
SHP01033,Mumbai,New York,Sea,Automotive Parts,2222,6.75,7971,20FT,77.15,Normal,Carrier_A,20,51196
SHP01034,Hyderabad,Los Angeles,Sea,Furniture,3314,6.95,7053,20FT,100.66,Normal,Carrier_E,15,79052
SHP01035,Ahmedabad,Singapore,Sea,Chemicals,4253,11.23,1270,LCL,108.97,Peak,Carrier_C,6,50943
SHP01036,Hyderabad,London,Air,Machinery,3840,7.0,2325,AIR_CARGO,80.06,Normal,Carrier_C,9,109660
SHP01037,Mumbai,Jebel Ali,Sea,Electronics,822,0.5,11584,LCL,98.39,Peak,Carrier_E,24,102440
SHP01038,Bengaluru,Dubai,Air,Pharmaceuticals,949,0.5,3444,40FT,90.76,Off_Peak,Carrier_D,10,114461
SHP01039,Kolkata,Shanghai,Sea,Machinery,4025,5.64,4921,40FT,92.43,Off_Peak,Carrier_B,11,58760
SHP01040,Mumbai,Hamburg,Sea,Electronics,1590,5.91,6353,40FT_HC,111.5,Normal,Carrier_E,13,75754
SHP01041,Mumbai,Dubai,Sea,Food Products,1265,1.93,11760,40FT,96.55,Normal,Carrier_C,22,94824
SHP01042,Ahmedabad,Hamburg,Air,Furniture,3184,4.86,8435,20FT,78.73,Normal,Carrier_D,18,208362
SHP01043,Delhi,Singapore,Sea,Food Products,1240,0.5,7740,40FT_HC,112.49,Normal,Carrier_A,20,93181
SHP01044,Pune,Dubai,Sea,Electronics,1831,7.04,6531,AIR_CARGO,82.41,Off_Peak,Carrier_D,12,51602
SHP01045,Bengaluru,Dubai,Road,Machinery,4350,14.64,8558,AIR_CARGO,110.71,Peak,Carrier_D,19,168424
SHP01046,Mumbai,Shanghai,Sea,Electronics,934,0.5,8136,40FT,113.84,Normal,Carrier_E,17,97248
SHP01047,Kolkata,Colombo,Sea,Chemicals,1027,1.95,10883,40FT,110.11,Normal,Carrier_D,25,125411
SHP01048,Chennai,Shanghai,Sea,Automotive Parts,877,0.5,6731,AIR_CARGO,102.09,Normal,Carrier_A,18,64681
SHP01049,Bengaluru,New York,Road,Pharmaceuticals,1428,2.83,5347,40FT,104.74,Normal,Carrier_E,10,85215
SHP01050,Delhi,Colombo,Sea,Food Products,2638,8.71,9782,40FT,102.99,Off_Peak,Carrier_C,19,86527
SHP01051,Hyderabad,Dubai,Road,Pharmaceuticals,1672,10.45,9698,LCL,93.42,Normal,Carrier_A,19,110412
SHP01052,Mumbai,Colombo,Sea,Automotive Parts,6642,14.03,2453,AIR_CARGO,85.98,Normal,Carrier_E,5,40525
SHP01053,Kolkata,Colombo,Road,Chemicals,3361,10.8,3223,AIR_CARGO,86.4,Off_Peak,Carrier_E,7,46085
SHP01054,Bengaluru,New York,Air,Chemicals,2470,8.78,11524,40FT,104.25,Normal,Carrier_B,24,369664
SHP01055,Kolkata,London,Road,Food Products,5698,12.96,5607,20FT,100.04,Off_Peak,Carrier_A,10,83342
SHP01056,Kolkata,Singapore,Sea,Food Products,1053,7.15,6476,LCL,98.4,Peak,Carrier_D,12,75983
SHP01057,Pune,London,Air,Chemicals,4391,9.14,4067,20FT,101.1,Off_Peak,Carrier_A,8,178864
SHP01058,Ahmedabad,Singapore,Sea,Textiles,2144,6.85,6032,40FT,105.99,Peak,Carrier_A,14,85433
SHP01059,Hyderabad,London,Sea,Pharmaceuticals,1860,2.13,9049,AIR_CARGO,104.93,Off_Peak,Carrier_B,18,81007
SHP01060,Delhi,London,Sea,Furniture,3719,10.98,6047,20FT,79.22,Peak,Carrier_D,13,59084
SHP01061,Pune,Hamburg,Road,Automotive Parts,1912,6.28,4120,40FT_HC,89.52,Normal,Carrier_B,8,60665
SHP01062,Bengaluru,Colombo,Road,Pharmaceuticals,2814,11.45,1604,20FT,85.56,Normal,Carrier_B,2,36503
SHP01063,Mumbai,Los Angeles,Air,Automotive Parts,2343,12.92,11175,AIR_CARGO,96.53,Normal,Carrier_B,26,317479
SHP01064,Delhi,New York,Sea,Textiles,3051,10.93,10524,40FT,77.46,Normal,Carrier_A,21,69055
SHP01065,Mumbai,London,Sea,Furniture,1798,6.96,9601,20FT,105.5,Off_Peak,Carrier_B,25,87078
SHP01066,Chennai,Dubai,Air,Machinery,4566,9.31,8482,40FT,79.26,Normal,Carrier_C,19,204353
SHP01067,Kolkata,Jebel Ali,Sea,Automotive Parts,662,0.5,6428,LCL,85.86,Normal,Carrier_D,17,55039
SHP01068,Chennai,Hamburg,Sea,Pharmaceuticals,3792,14.22,10820,40FT_HC,106.31,Peak,Carrier_D,24,135976
SHP01069,Ahmedabad,Jebel Ali,Sea,Electronics,731,9.17,9605,AIR_CARGO,77.06,Normal,Carrier_B,20,59727
SHP01070,Kolkata,Rotterdam,Sea,Furniture,1532,4.9,9884,AIR_CARGO,101.41,Normal,Carrier_A,19,92178
SHP01071,Hyderabad,Shanghai,Sea,Chemicals,3511,4.34,4060,40FT,111.98,Off_Peak,Carrier_E,7,64254
SHP01072,Delhi,Rotterdam,Sea,Chemicals,675,7.12,5370,40FT_HC,99.71,Normal,Carrier_E,14,63734
SHP01073,Mumbai,Singapore,Sea,Textiles,2786,11.05,8628,AIR_CARGO,103.51,Peak,Carrier_A,18,100051
SHP01074,Pune,London,Sea,Automotive Parts,1025,0.5,4767,20FT,106.69,Normal,Carrier_B,12,62595
SHP01075,Ahmedabad,New York,Road,Machinery,1332,3.73,6181,AIR_CARGO,83.89,Normal,Carrier_B,15,68967
SHP01076,Hyderabad,Dubai,Sea,Automotive Parts,1292,4.05,7935,20FT,98.24,Normal,Carrier_C,17,67455
SHP01077,Mumbai,Los Angeles,Sea,Chemicals,1044,0.5,5534,AIR_CARGO,87.36,Normal,Carrier_E,11,55632
SHP01078,Delhi,Los Angeles,Air,Food Products,812,0.5,9620,20FT,84.98,Peak,Carrier_E,22,237072
SHP01079,Bengaluru,Hamburg,Sea,Electronics,9608,27.24,1837,LCL,82.7,Normal,Carrier_D,5,48677
SHP01080,Ahmedabad,Hamburg,Road,Furniture,2220,5.56,8758,40FT,98.42,Off_Peak,Carrier_B,18,106100
SHP01081,Chennai,Hamburg,Air,Textiles,1118,0.5,2170,LCL,106.78,Peak,Carrier_A,7,134536
SHP01082,Chennai,Hamburg,Sea,Food Products,1735,1.45,11285,20FT,110.04,Peak,Carrier_B,22,124380
SHP01083,Pune,Colombo,Sea,Pharmaceuticals,2560,1.29,4111,40FT,92.14,Normal,Carrier_B,6,46647
SHP01084,Mumbai,London,Road,Machinery,1955,4.96,9647,40FT_HC,89.92,Normal,Carrier_C,22,98895
SHP01085,Mumbai,Jebel Ali,Road,Food Products,1097,5.62,6496,20FT,102.49,Normal,Carrier_A,16,99155
SHP01086,Mumbai,London,Sea,Pharmaceuticals,1393,8.02,1548,AIR_CARGO,106.21,Normal,Carrier_C,1,40070
SHP01087,Ahmedabad,London,Sea,Food Products,5403,10.19,7200,AIR_CARGO,85.13,Off_Peak,Carrier_C,13,59301
SHP01088,Delhi,Rotterdam,Sea,Machinery,1005,0.98,10990,40FT_HC,86.89,Off_Peak,Carrier_C,26,66670
SHP01089,Bengaluru,New York,Road,Furniture,683,3.63,2308,LCL,96.34,Normal,Carrier_C,7,40896
SHP01090,Chennai,Dubai,Sea,Food Products,1943,8.44,4195,20FT,92.78,Normal,Carrier_B,10,52684
SHP01091,Hyderabad,Singapore,Road,Textiles,712,3.18,5550,AIR_CARGO,103.23,Normal,Carrier_D,11,97223
SHP01092,Kolkata,New York,Sea,Chemicals,1384,8.37,3663,40FT,95.18,Off_Peak,Carrier_B,7,46093
SHP01093,Ahmedabad,Hamburg,Sea,Automotive Parts,1108,9.91,11353,40FT_HC,79.46,Normal,Carrier_C,22,65782
SHP01094,Ahmedabad,Jebel Ali,Sea,Food Products,1114,0.5,4841,LCL,81.64,Normal,Carrier_C,13,41810
SHP01095,Delhi,Rotterdam,Sea,Textiles,2616,12.3,8068,LCL,111.08,Normal,Carrier_D,17,91852
SHP01096,Chennai,Colombo,Sea,Automotive Parts,2955,12.23,3075,40FT,84.1,Peak,Carrier_E,9,50650
SHP01097,Pune,Jebel Ali,Sea,Furniture,1481,0.5,3027,40FT,77.0,Normal,Carrier_A,11,35246
SHP01098,Bengaluru,Rotterdam,Sea,Pharmaceuticals,2351,7.45,2522,40FT_HC,104.26,Peak,Carrier_C,5,58113
SHP01099,Delhi,Shanghai,Air,Automotive Parts,1433,5.96,5500,40FT,102.36,Normal,Carrier_C,13,190154
SHP01100,Hyderabad,Colombo,Sea,Pharmaceuticals,3244,3.36,6628,AIR_CARGO,99.0,Normal,Carrier_B,16,75893
SHP01101,Chennai,Hamburg,Sea,Food Products,957,2.03,624,LCL,95.09,Peak,Carrier_C,1,34364
SHP01102,Delhi,Singapore,Road,Textiles,2783,7.25,10079,40FT,113.78,Normal,Carrier_C,21,157884
SHP01103,Chennai,Hamburg,Road,Chemicals,2924,2.64,6397,20FT,79.79,Off_Peak,Carrier_A,17,58800
SHP01104,Chennai,Jebel Ali,Road,Food Products,11412,25.82,2308,40FT,95.41,Normal,Carrier_B,6,84918
SHP01105,Pune,Hamburg,Road,Pharmaceuticals,799,7.51,1274,LCL,97.56,Normal,Carrier_E,6,29387
SHP01106,Ahmedabad,Shanghai,Sea,Machinery,14049,40.18,1227,AIR_CARGO,75.9,Normal,Carrier_C,4,41974
SHP01107,Bengaluru,Hamburg,Sea,Automotive Parts,4088,5.32,3463,40FT,91.48,Off_Peak,Carrier_C,12,44510
SHP01108,Ahmedabad,Rotterdam,Air,Food Products,8199,8.86,6242,AIR_CARGO,106.31,Normal,Carrier_E,10,349933
SHP01109,Kolkata,Los Angeles,Air,Pharmaceuticals,4503,15.67,10393,20FT,93.84,Off_Peak,Carrier_D,21,305639
SHP01110,Bengaluru,Hamburg,Sea,Furniture,1354,10.51,10884,LCL,110.01,Normal,Carrier_E,19,100698
SHP01111,Chennai,Shanghai,Air,Automotive Parts,3834,12.64,10072,40FT_HC,100.79,Normal,Carrier_E,19,336889
SHP01112,Delhi,London,Sea,Furniture,1622,2.71,4278,LCL,105.64,Off_Peak,Carrier_B,8,57000
SHP01113,Hyderabad,London,Sea,Pharmaceuticals,2361,1.29,4025,40FT_HC,107.18,Normal,Carrier_E,9,70286
SHP01114,Pune,Singapore,Sea,Textiles,1165,5.24,11856,40FT_HC,102.58,Peak,Carrier_B,21,125739
SHP01115,Bengaluru,Singapore,Sea,Electronics,1608,8.05,8335,LCL,104.98,Normal,Carrier_E,17,81299
SHP01116,Kolkata,Singapore,Sea,Furniture,4479,8.03,4007,40FT_HC,102.81,Peak,Carrier_C,10,69777
SHP01117,Chennai,New York,Sea,Food Products,3323,9.01,4284,AIR_CARGO,97.02,Peak,Carrier_C,7,60447
SHP01118,Hyderabad,Dubai,Road,Chemicals,4865,9.84,5498,20FT,97.66,Peak,Carrier_D,11,104619
SHP01119,Bengaluru,Singapore,Sea,Food Products,1008,5.42,7651,40FT,82.6,Normal,Carrier_E,21,62299
SHP01120,Ahmedabad,Hamburg,Sea,Automotive Parts,741,0.5,10827,40FT_HC,108.1,Peak,Carrier_A,22,121877
SHP01121,Ahmedabad,Singapore,Road,Textiles,5116,13.77,2781,40FT_HC,87.49,Normal,Carrier_E,3,56152
SHP01122,Bengaluru,Dubai,Road,Pharmaceuticals,4876,10.15,1471,LCL,96.43,Off_Peak,Carrier_A,2,41514
SHP01123,Bengaluru,New York,Road,Machinery,2869,14.16,5166,AIR_CARGO,84.98,Normal,Carrier_E,12,67497
SHP01124,Bengaluru,Dubai,Air,Chemicals,3283,9.06,3323,40FT,102.83,Off_Peak,Carrier_B,8,165031
SHP01125,Hyderabad,Jebel Ali,Air,Textiles,4387,13.28,7124,40FT_HC,114.01,Normal,Carrier_C,14,318426
SHP01126,Ahmedabad,Singapore,Sea,Furniture,2813,2.93,8541,AIR_CARGO,107.08,Normal,Carrier_A,22,99810
SHP01127,Delhi,Singapore,Sea,Furniture,3544,7.55,4073,40FT,99.76,Normal,Carrier_A,15,61089
SHP01128,Kolkata,Singapore,Sea,Food Products,4246,11.69,8383,LCL,97.7,Normal,Carrier_E,17,82533
SHP01129,Kolkata,Jebel Ali,Sea,Machinery,2353,4.16,4446,40FT_HC,94.59,Normal,Carrier_C,12,58263
SHP01130,Pune,Dubai,Sea,Textiles,1997,3.79,7802,LCL,83.2,Peak,Carrier_D,18,63820
SHP01131,Chennai,Rotterdam,Air,Electronics,3205,8.68,7780,LCL,88.92,Normal,Carrier_A,18,216127
SHP01132,Mumbai,Hamburg,Sea,Chemicals,10895,19.09,3699,40FT_HC,91.26,Normal,Carrier_C,7,66382
SHP01133,Delhi,Shanghai,Sea,Automotive Parts,1441,1.33,7811,AIR_CARGO,112.78,Normal,Carrier_C,20,88270
SHP01134,Ahmedabad,Hamburg,Sea,Textiles,1889,7.65,4881,AIR_CARGO,92.02,Normal,Carrier_A,11,48687
SHP01135,Chennai,Singapore,Air,Textiles,798,0.5,4369,LCL,98.45,Normal,Carrier_B,11,150587
SHP01136,Pune,New York,Sea,Electronics,3317,17.24,3827,LCL,111.9,Normal,Carrier_B,9,63768
SHP01137,Chennai,Jebel Ali,Road,Food Products,1772,4.58,4475,20FT,95.74,Peak,Carrier_E,10,77802
SHP01138,Bengaluru,Rotterdam,Sea,Pharmaceuticals,1006,0.5,9548,40FT,85.06,Off_Peak,Carrier_E,20,73123
SHP01139,Mumbai,Colombo,Sea,Pharmaceuticals,2399,7.49,3320,LCL,90.24,Off_Peak,Carrier_C,6,38091
SHP01140,Ahmedabad,Rotterdam,Sea,Chemicals,6605,11.5,8343,LCL,90.02,Peak,Carrier_A,13,84655
SHP01141,Mumbai,Shanghai,Air,Chemicals,1989,6.1,10857,40FT,103.59,Peak,Carrier_B,21,392404
SHP01142,Delhi,Hamburg,Sea,Automotive Parts,2111,2.76,4530,40FT_HC,86.84,Normal,Carrier_C,8,44728
SHP01143,Mumbai,Singapore,Air,Textiles,6440,13.34,839,AIR_CARGO,104.21,Normal,Carrier_B,5,187864
SHP01144,Chennai,Los Angeles,Sea,Machinery,2492,10.07,783,40FT_HC,110.57,Off_Peak,Carrier_A,4,42474
SHP01145,Mumbai,Colombo,Sea,Textiles,1140,0.5,2104,40FT,88.44,Normal,Carrier_B,6,38470
SHP01146,Mumbai,Singapore,Road,Pharmaceuticals,3912,7.37,1766,40FT,80.41,Normal,Carrier_D,8,49970
SHP01147,Kolkata,Jebel Ali,Air,Automotive Parts,5193,9.98,9103,20FT,100.54,Peak,Carrier_E,19,381645
SHP01148,Ahmedabad,Colombo,Air,Textiles,2195,10.57,3891,20FT,89.43,Normal,Carrier_B,6,144045
SHP01149,Ahmedabad,Shanghai,Road,Electronics,2721,5.08,8004,AIR_CARGO,96.36,Normal,Carrier_A,16,104180
SHP01150,Chennai,Los Angeles,Road,Pharmaceuticals,1066,0.5,988,LCL,100.37,Normal,Carrier_A,6,31398
SHP01151,Hyderabad,Dubai,Air,Textiles,1420,4.31,3901,40FT,91.31,Normal,Carrier_D,5,142342
SHP01152,Mumbai,Dubai,Air,Textiles,2013,1.22,3193,20FT,111.99,Peak,Carrier_A,8,190758
SHP01153,Mumbai,Dubai,Air,Pharmaceuticals,2628,3.26,3684,40FT_HC,90.98,Normal,Carrier_D,10,161198
SHP01154,Bengaluru,New York,Air,Machinery,1671,6.74,2693,20FT,87.29,Normal,Carrier_C,12,105325
SHP01155,Ahmedabad,Dubai,Sea,Pharmaceuticals,1965,0.5,7606,40FT_HC,110.43,Normal,Carrier_B,18,95781
SHP01156,Mumbai,London,Air,Electronics,2307,1.64,8121,20FT,80.45,Peak,Carrier_A,17,212040
SHP01157,Ahmedabad,Colombo,Sea,Electronics,1307,0.5,2207,40FT_HC,79.97,Normal,Carrier_E,7,35601
SHP01158,Mumbai,Los Angeles,Road,Textiles,2099,11.18,9023,20FT,112.43,Normal,Carrier_B,15,141869
SHP01159,Kolkata,Jebel Ali,Road,Chemicals,5300,14.4,3376,20FT,83.36,Normal,Carrier_D,6,68800
SHP01160,Chennai,London,Sea,Machinery,1697,3.91,3754,AIR_CARGO,80.94,Normal,Carrier_B,10,49722
SHP01161,Ahmedabad,London,Air,Textiles,1392,2.9,10031,LCL,96.41,Peak,Carrier_B,21,315592
SHP01162,Delhi,Los Angeles,Sea,Pharmaceuticals,9695,23.58,10863,40FT,76.87,Normal,Carrier_A,22,76010
SHP01163,Chennai,Jebel Ali,Sea,Textiles,2895,7.88,9985,LCL,99.8,Normal,Carrier_E,20,85336
SHP01164,Bengaluru,Colombo,Air,Automotive Parts,1513,4.1,2199,AIR_CARGO,93.12,Normal,Carrier_C,6,102491
SHP01165,Chennai,Hamburg,Sea,Automotive Parts,3798,16.83,11992,40FT_HC,100.62,Normal,Carrier_E,24,112213
SHP01166,Mumbai,Singapore,Air,Chemicals,2953,5.27,8230,LCL,86.36,Peak,Carrier_D,15,259018
SHP01167,Bengaluru,Hamburg,Air,Machinery,1726,4.81,6373,40FT,111.22,Peak,Carrier_E,13,292188
SHP01168,Chennai,Shanghai,Sea,Food Products,2422,5.92,11481,40FT,85.82,Normal,Carrier_E,20,79963
SHP01169,Pune,Los Angeles,Sea,Furniture,2069,8.68,9900,40FT_HC,100.5,Peak,Carrier_D,19,112034
SHP01170,Bengaluru,Hamburg,Sea,Automotive Parts,4758,8.56,8455,40FT,112.8,Peak,Carrier_E,20,123544
SHP01171,Pune,Hamburg,Sea,Food Products,3893,7.8,10142,AIR_CARGO,91.03,Normal,Carrier_C,20,78201
SHP01172,Delhi,Hamburg,Road,Electronics,621,0.5,4933,LCL,81.46,Normal,Carrier_B,12,52043
SHP01173,Chennai,Dubai,Sea,Automotive Parts,8612,24.45,8371,40FT,77.74,Normal,Carrier_C,17,69361
SHP01174,Ahmedabad,Rotterdam,Sea,Automotive Parts,2073,0.5,2692,LCL,113.52,Normal,Carrier_B,6,53728
SHP01175,Ahmedabad,Hamburg,Sea,Machinery,7659,20.39,11862,20FT,105.55,Normal,Carrier_B,22,124326
SHP01176,Hyderabad,Singapore,Sea,Chemicals,3982,16.21,7273,LCL,111.76,Peak,Carrier_E,14,98871
SHP01177,Mumbai,Los Angeles,Air,Food Products,2938,14.7,9864,40FT_HC,102.95,Normal,Carrier_B,20,332130
SHP01178,Pune,Shanghai,Sea,Pharmaceuticals,2352,4.38,5184,AIR_CARGO,88.7,Peak,Carrier_D,13,65240
SHP01179,Bengaluru,Rotterdam,Air,Automotive Parts,15022,34.38,9224,40FT,79.92,Normal,Carrier_C,19,343445
SHP01180,Hyderabad,New York,Sea,Automotive Parts,2095,4.69,4955,AIR_CARGO,112.17,Normal,Carrier_B,12,78046
SHP01181,Hyderabad,Singapore,Road,Machinery,1616,7.45,7285,LCL,94.58,Normal,Carrier_E,12,88965
SHP01182,Kolkata,Singapore,Sea,Machinery,1713,3.55,9449,40FT,90.86,Normal,Carrier_E,21,76567
SHP01183,Pune,Dubai,Sea,Chemicals,2502,4.86,1839,AIR_CARGO,98.11,Normal,Carrier_E,3,42342
SHP01184,Bengaluru,Dubai,Road,Food Products,2499,10.24,4603,40FT_HC,79.26,Peak,Carrier_A,12,58397
SHP01185,Hyderabad,Los Angeles,Sea,Electronics,4801,11.61,6767,20FT,87.37,Normal,Carrier_C,15,66592
SHP01186,Kolkata,Singapore,Road,Pharmaceuticals,4092,9.13,4341,20FT,100.52,Normal,Carrier_E,6,79047
SHP01187,Hyderabad,Jebel Ali,Air,Chemicals,4096,6.25,4055,40FT_HC,79.0,Off_Peak,Carrier_D,11,135321
SHP01188,Mumbai,Jebel Ali,Sea,Furniture,2155,9.24,3739,20FT,80.41,Off_Peak,Carrier_E,11,36743
SHP01189,Delhi,Los Angeles,Sea,Electronics,3881,10.23,3120,40FT_HC,95.42,Normal,Carrier_A,10,62622
SHP01190,Pune,Hamburg,Air,Textiles,4154,9.84,10262,LCL,99.94,Normal,Carrier_C,19,321457
SHP01191,Kolkata,London,Sea,Automotive Parts,2374,0.5,11122,40FT_HC,82.48,Normal,Carrier_B,23,77739
SHP01192,Delhi,New York,Sea,Food Products,2997,10.95,8552,20FT,76.32,Normal,Carrier_C,19,59750
SHP01193,Bengaluru,Shanghai,Sea,Chemicals,4151,5.35,845,LCL,113.33,Normal,Carrier_B,5,48708
SHP01194,Mumbai,Dubai,Sea,Automotive Parts,2868,8.64,9542,40FT_HC,76.1,Normal,Carrier_B,20,57577
SHP01195,Kolkata,Shanghai,Sea,Food Products,3051,4.15,6617,40FT_HC,75.08,Normal,Carrier_E,13,44326
SHP01196,Bengaluru,London,Road,Food Products,6240,10.56,9218,LCL,87.93,Peak,Carrier_D,21,131755
SHP01197,Hyderabad,Colombo,Road,Food Products,2882,10.57,5529,40FT,83.9,Normal,Carrier_D,14,73883
SHP01198,Ahmedabad,Los Angeles,Road,Automotive Parts,1684,4.42,975,20FT,97.94,Normal,Carrier_E,3,38552
SHP01199,Chennai,Hamburg,Air,Chemicals,1042,2.65,8340,40FT,110.77,Normal,Carrier_A,16,278131
SHP01200,Bengaluru,Rotterdam,Sea,Pharmaceuticals,2691,14.21,5607,LCL,94.24,Normal,Carrier_B,11,58609
SHP01201,Delhi,Hamburg,Air,Machinery,2015,12.54,10552,LCL,105.93,Off_Peak,Carrier_D,24,317801
SHP01202,Mumbai,Singapore,Sea,Automotive Parts,4228,9.08,8989,AIR_CARGO,111.37,Peak,Carrier_C,20,118156
SHP01203,Mumbai,Hamburg,Sea,Furniture,6971,11.37,4635,AIR_CARGO,82.58,Normal,Carrier_A,10,56351
SHP01204,Bengaluru,Singapore,Sea,Food Products,1280,8.7,8827,LCL,94.53,Normal,Carrier_E,18,80171
SHP01205,Hyderabad,Shanghai,Sea,Chemicals,1406,0.5,6195,AIR_CARGO,100.68,Normal,Carrier_A,10,67811
SHP01206,Chennai,Colombo,Air,Pharmaceuticals,2461,7.76,2794,40FT_HC,88.28,Normal,Carrier_D,7,136917
SHP01207,Pune,Dubai,Air,Textiles,1486,2.47,5329,40FT,104.59,Peak,Carrier_E,9,226920
SHP01208,Delhi,Colombo,Sea,Furniture,2164,5.46,3059,LCL,103.21,Normal,Carrier_D,8,54390
SHP01209,Bengaluru,Singapore,Sea,Electronics,1764,9.11,557,40FT_HC,91.84,Off_Peak,Carrier_B,5,29792
SHP01210,Bengaluru,Rotterdam,Road,Furniture,1299,0.5,3338,20FT,78.52,Off_Peak,Carrier_A,6,37089
SHP01211,Ahmedabad,London,Sea,Food Products,4276,7.75,2909,20FT,75.46,Normal,Carrier_B,8,36419
SHP01212,Mumbai,Shanghai,Sea,Textiles,2625,9.28,550,AIR_CARGO,89.77,Off_Peak,Carrier_C,5,20349
SHP01213,Delhi,Shanghai,Sea,Machinery,8216,26.72,9515,AIR_CARGO,78.28,Peak,Carrier_B,20,84898
SHP01214,Chennai,Hamburg,Air,Pharmaceuticals,3157,17.41,1385,40FT_HC,106.26,Normal,Carrier_A,3,141880
SHP01215,Mumbai,Dubai,Air,Pharmaceuticals,5777,7.95,5664,20FT,88.37,Normal,Carrier_C,12,205468
SHP01216,Bengaluru,Hamburg,Sea,Food Products,1557,2.03,5306,LCL,101.64,Normal,Carrier_D,14,66538
SHP01217,Mumbai,Hamburg,Sea,Furniture,1544,0.5,2586,40FT,88.86,Peak,Carrier_C,7,40365
SHP01218,Mumbai,Singapore,Air,Furniture,10589,28.6,11619,AIR_CARGO,106.84,Off_Peak,Carrier_A,23,464964
SHP01219,Kolkata,London,Air,Pharmaceuticals,1683,4.25,7443,40FT_HC,110.54,Normal,Carrier_E,18,284629
SHP01220,Mumbai,Dubai,Sea,Textiles,1349,6.72,9855,AIR_CARGO,108.5,Off_Peak,Carrier_C,21,82656
SHP01221,Hyderabad,Hamburg,Road,Food Products,1168,1.2,6206,40FT_HC,94.38,Peak,Carrier_D,11,100066
SHP01222,Mumbai,Shanghai,Sea,Automotive Parts,8684,23.47,8812,20FT,78.36,Normal,Carrier_C,19,59096
SHP01223,Pune,Hamburg,Sea,Chemicals,2091,4.26,11652,AIR_CARGO,89.87,Normal,Carrier_B,25,89818
SHP01224,Hyderabad,New York,Road,Textiles,3249,8.3,4507,40FT_HC,91.98,Off_Peak,Carrier_E,8,67231
SHP01225,Delhi,Los Angeles,Sea,Chemicals,2759,4.26,6299,40FT_HC,113.41,Normal,Carrier_A,9,89043
SHP01226,Mumbai,Shanghai,Sea,Automotive Parts,1562,9.16,6417,AIR_CARGO,97.62,Normal,Carrier_E,12,68597
SHP01227,Chennai,New York,Sea,Automotive Parts,2062,0.5,11908,40FT,100.63,Peak,Carrier_B,23,126346
SHP01228,Hyderabad,Los Angeles,Sea,Chemicals,4332,9.86,3181,LCL,106.28,Normal,Carrier_E,10,57251
SHP01229,Hyderabad,Rotterdam,Road,Textiles,1127,9.81,8266,20FT,97.73,Normal,Carrier_B,15,99404
SHP01230,Bengaluru,New York,Sea,Chemicals,3875,14.33,2090,AIR_CARGO,98.94,Peak,Carrier_C,7,52021
SHP01231,Delhi,Singapore,Road,Chemicals,6350,11.75,11161,AIR_CARGO,84.81,Normal,Carrier_A,17,112319
SHP01232,Mumbai,Rotterdam,Sea,Electronics,3023,4.03,7289,40FT,77.35,Normal,Carrier_B,16,55475
SHP01233,Ahmedabad,Jebel Ali,Sea,Textiles,5948,16.22,10383,20FT,103.86,Peak,Carrier_B,20,121160
SHP01234,Chennai,Dubai,Sea,Furniture,1025,5.04,10795,AIR_CARGO,108.95,Peak,Carrier_C,26,117857
SHP01235,Bengaluru,Shanghai,Air,Furniture,761,6.57,6907,40FT,91.48,Off_Peak,Carrier_B,11,162494
SHP01236,Delhi,Jebel Ali,Sea,Electronics,2927,1.33,8343,LCL,96.96,Peak,Carrier_A,17,85511
SHP01237,Pune,Shanghai,Road,Food Products,1708,9.33,8535,40FT_HC,87.29,Peak,Carrier_D,14,116634
SHP01238,Hyderabad,Dubai,Sea,Pharmaceuticals,4426,6.93,5796,LCL,93.01,Normal,Carrier_E,11,63237
SHP01239,Chennai,Dubai,Road,Furniture,2043,10.2,5501,LCL,83.36,Off_Peak,Carrier_B,9,48679
SHP01240,Pune,Shanghai,Sea,Chemicals,2751,0.5,2641,LCL,105.4,Peak,Carrier_E,11,59644
SHP01241,Mumbai,Dubai,Road,Food Products,2635,1.82,4915,LCL,94.68,Normal,Carrier_E,10,68169
SHP01242,Ahmedabad,New York,Air,Furniture,2690,13.29,11894,40FT_HC,96.89,Off_Peak,Carrier_D,23,324117
SHP01243,Kolkata,Colombo,Air,Textiles,1757,11.29,3603,20FT,76.48,Normal,Carrier_B,8,97826
SHP01244,Kolkata,London,Air,Chemicals,1030,2.85,9268,20FT,99.9,Normal,Carrier_A,17,264460
SHP01245,Delhi,Shanghai,Air,Pharmaceuticals,2168,3.84,1182,40FT,83.11,Normal,Carrier_B,6,82231
SHP01246,Ahmedabad,Jebel Ali,Sea,Food Products,6416,15.21,5876,40FT,90.34,Normal,Carrier_E,14,69211
SHP01247,Chennai,Jebel Ali,Sea,Furniture,1683,5.67,1172,AIR_CARGO,91.51,Normal,Carrier_C,6,34112
SHP01248,Bengaluru,Dubai,Sea,Furniture,1677,6.01,5972,LCL,92.95,Normal,Carrier_D,10,61383
SHP01249,Chennai,Shanghai,Road,Machinery,2770,5.42,817,LCL,84.1,Normal,Carrier_A,6,28594
SHP01250,Ahmedabad,Colombo,Sea,Furniture,1163,0.5,7553,40FT_HC,109.0,Normal,Carrier_A,18,91137
SHP01251,Pune,Colombo,Air,Automotive Parts,4800,9.25,7245,LCL,92.11,Peak,Carrier_E,15,282831
SHP01252,Hyderabad,London,Sea,Chemicals,1238,0.5,9675,40FT_HC,99.49,Normal,Carrier_A,21,94406
SHP01253,Kolkata,New York,Sea,Pharmaceuticals,2071,7.99,7208,AIR_CARGO,99.56,Normal,Carrier_E,16,77030
SHP01254,Delhi,London,Sea,Automotive Parts,13021,32.48,11149,40FT,99.28,Peak,Carrier_A,19,133563
SHP01255,Mumbai,Singapore,Air,Electronics,1190,2.39,9506,40FT,97.37,Peak,Carrier_A,19,301068
SHP01256,Chennai,Jebel Ali,Sea,Food Products,6510,14.5,2026,AIR_CARGO,107.91,Peak,Carrier_E,5,71844
SHP01257,Kolkata,Colombo,Sea,Furniture,2705,14.3,3553,AIR_CARGO,107.5,Normal,Carrier_D,9,68564
SHP01258,Bengaluru,Dubai,Sea,Electronics,2965,11.65,802,LCL,91.69,Off_Peak,Carrier_A,6,30137
SHP01259,Delhi,Colombo,Sea,Pharmaceuticals,1477,4.34,4941,40FT,100.43,Normal,Carrier_B,8,62808
SHP01260,Mumbai,Colombo,Sea,Chemicals,4202,7.85,6360,20FT,79.11,Normal,Carrier_C,13,49363
SHP01261,Chennai,Los Angeles,Sea,Automotive Parts,1971,9.85,11378,AIR_CARGO,78.63,Peak,Carrier_E,21,76164
SHP01262,Bengaluru,Jebel Ali,Air,Automotive Parts,1186,3.27,6506,40FT,94.2,Peak,Carrier_A,12,217551
SHP01263,Mumbai,Singapore,Sea,Food Products,6440,12.74,9482,40FT,111.01,Normal,Carrier_D,18,125713
SHP01264,Hyderabad,London,Sea,Chemicals,1945,2.27,3582,40FT_HC,101.0,Normal,Carrier_B,9,62303
SHP01265,Kolkata,Singapore,Sea,Furniture,747,4.43,2261,40FT,101.77,Normal,Carrier_E,7,52860
SHP01266,Hyderabad,Los Angeles,Sea,Machinery,2099,8.81,9825,AIR_CARGO,81.31,Off_Peak,Carrier_B,21,66039
SHP01267,Kolkata,New York,Sea,Machinery,4227,12.61,3345,LCL,93.13,Normal,Carrier_C,8,45649
SHP01268,Bengaluru,Singapore,Sea,Food Products,3810,11.7,10520,40FT,91.03,Normal,Carrier_D,22,94954
SHP01269,Pune,Colombo,Sea,Chemicals,1648,2.71,2453,20FT,106.32,Peak,Carrier_E,11,54151
SHP01270,Hyderabad,Rotterdam,Sea,Food Products,1324,0.98,10293,AIR_CARGO,80.51,Peak,Carrier_E,21,76067
SHP01271,Kolkata,Shanghai,Air,Chemicals,1029,3.04,9388,LCL,96.57,Peak,Carrier_A,21,279560
SHP01272,Delhi,Singapore,Road,Pharmaceuticals,2463,5.54,7529,LCL,111.45,Normal,Carrier_B,18,121022
SHP01273,Bengaluru,Shanghai,Air,Pharmaceuticals,2758,2.56,10278,AIR_CARGO,110.7,Normal,Carrier_E,24,364737
SHP01274,Kolkata,Los Angeles,Sea,Electronics,3963,9.31,4303,LCL,109.09,Peak,Carrier_B,11,82098
SHP01275,Chennai,Singapore,Sea,Furniture,2269,8.16,2409,20FT,90.0,Normal,Carrier_C,5,36234
SHP01276,Kolkata,Singapore,Sea,Food Products,2226,3.74,2306,40FT,112.64,Normal,Carrier_A,7,61176
SHP01277,Hyderabad,Hamburg,Sea,Furniture,2086,11.32,3609,AIR_CARGO,107.21,Peak,Carrier_C,9,66009
SHP01278,Delhi,Colombo,Road,Chemicals,2761,1.57,5632,40FT,109.05,Normal,Carrier_A,14,93892
SHP01279,Mumbai,Dubai,Sea,Machinery,2292,2.16,10574,40FT,112.29,Normal,Carrier_A,19,109076
SHP01280,Pune,Shanghai,Sea,Furniture,4603,8.67,1530,LCL,112.48,Normal,Carrier_B,7,52819
SHP01281,Mumbai,New York,Sea,Chemicals,3060,10.58,11025,AIR_CARGO,84.6,Normal,Carrier_A,22,76267
SHP01282,Kolkata,Hamburg,Air,Pharmaceuticals,2682,7.24,11143,40FT,80.11,Peak,Carrier_C,24,265026
SHP01283,Mumbai,Colombo,Sea,Chemicals,2433,2.25,8863,40FT_HC,102.63,Normal,Carrier_C,19,94488
SHP01284,Kolkata,Los Angeles,Sea,Food Products,1355,0.5,10853,20FT,97.53,Off_Peak,Carrier_C,22,77162
SHP01285,Delhi,Shanghai,Sea,Electronics,2499,1.2,9355,LCL,88.1,Normal,Carrier_B,19,67567
SHP01286,Mumbai,London,Sea,Electronics,1642,0.5,6575,AIR_CARGO,102.38,Normal,Carrier_B,15,72473
SHP01287,Hyderabad,Los Angeles,Sea,Electronics,3132,10.95,7409,AIR_CARGO,77.48,Normal,Carrier_D,19,59314
SHP01288,Hyderabad,Dubai,Sea,Electronics,2183,0.96,7725,LCL,76.89,Normal,Carrier_E,12,48753
SHP01289,Chennai,Shanghai,Sea,Pharmaceuticals,7375,20.28,1959,40FT,89.17,Peak,Carrier_D,7,54151
SHP01290,Kolkata,Los Angeles,Sea,Textiles,1101,4.8,2720,LCL,82.75,Normal,Carrier_D,7,33363
SHP01291,Mumbai,Hamburg,Sea,Furniture,333,5.56,6519,AIR_CARGO,103.74,Peak,Carrier_A,13,84370
SHP01292,Hyderabad,Los Angeles,Sea,Food Products,2975,4.22,1825,40FT_HC,112.92,Normal,Carrier_A,1,58190
SHP01293,Ahmedabad,Dubai,Sea,Automotive Parts,1646,5.54,11597,40FT,101.47,Normal,Carrier_D,24,109554
SHP01294,Delhi,Dubai,Air,Food Products,2776,7.1,6332,LCL,101.19,Normal,Carrier_E,13,229088
SHP01295,Pune,Rotterdam,Air,Textiles,1120,3.16,4871,AIR_CARGO,75.26,Peak,Carrier_D,9,127332
SHP01296,Delhi,Singapore,Sea,Electronics,8646,20.51,2312,AIR_CARGO,95.49,Normal,Carrier_B,6,59895
SHP01297,Ahmedabad,London,Sea,Textiles,1945,8.0,5290,AIR_CARGO,107.68,Off_Peak,Carrier_C,11,61917
SHP01298,Ahmedabad,London,Sea,Machinery,1578,6.69,3978,40FT_HC,101.16,Peak,Carrier_D,6,74735
SHP01299,Chennai,Hamburg,Sea,Machinery,8543,20.33,1511,40FT,84.11,Normal,Carrier_A,5,45563
SHP01300,Delhi,Dubai,Air,Furniture,4317,8.44,11621,LCL,108.94,Normal,Carrier_E,24,420317
SHP01301,Delhi,Rotterdam,Sea,Pharmaceuticals,6169,12.39,3547,40FT,113.58,Normal,Carrier_A,7,76989
SHP01302,Mumbai,Colombo,Road,Food Products,2235,5.46,8440,AIR_CARGO,86.16,Normal,Carrier_B,18,90342
SHP01303,Kolkata,Rotterdam,Sea,Food Products,2577,7.02,1550,40FT_HC,83.28,Peak,Carrier_A,5,40391
SHP01304,Bengaluru,New York,Sea,Automotive Parts,1696,3.67,11001,40FT_HC,88.54,Normal,Carrier_A,24,87668
SHP01305,Pune,Los Angeles,Air,Pharmaceuticals,1572,0.5,7294,AIR_CARGO,77.53,Off_Peak,Carrier_E,15,138991
SHP01306,Delhi,Singapore,Road,Automotive Parts,3239,6.49,8054,40FT,109.94,Normal,Carrier_E,18,131356
SHP01307,Pune,Rotterdam,Air,Machinery,1968,2.58,9491,40FT,112.17,Off_Peak,Carrier_A,19,302520
SHP01308,Pune,Los Angeles,Air,Electronics,10589,25.27,7468,40FT_HC,100.33,Normal,Carrier_A,20,382623
SHP01309,Pune,Singapore,Sea,Textiles,4323,20.44,1315,20FT,105.57,Off_Peak,Carrier_D,4,46813
SHP01310,Delhi,Shanghai,Air,Automotive Parts,8503,21.97,5440,40FT_HC,101.75,Normal,Carrier_B,11,330398
SHP01311,Bengaluru,New York,Sea,Chemicals,587,6.45,3513,40FT_HC,90.09,Off_Peak,Carrier_D,8,42079
SHP01312,Delhi,New York,Road,Automotive Parts,8570,17.67,6097,LCL,100.28,Peak,Carrier_E,12,128365
SHP01313,Mumbai,Dubai,Sea,Electronics,531,1.35,5150,40FT_HC,108.45,Normal,Carrier_D,9,75048
SHP01314,Mumbai,New York,Air,Electronics,1102,7.54,10005,20FT,107.4,Peak,Carrier_D,22,380240
SHP01315,Bengaluru,Shanghai,Sea,Food Products,800,0.5,3341,40FT_HC,78.24,Peak,Carrier_A,2,39350
SHP01316,Hyderabad,Dubai,Sea,Textiles,2928,6.04,2815,40FT,93.5,Normal,Carrier_A,6,50097
SHP01317,Delhi,Jebel Ali,Sea,Electronics,2471,8.37,11518,LCL,90.89,Normal,Carrier_B,20,81430
SHP01318,Hyderabad,Colombo,Air,Pharmaceuticals,4191,9.69,11419,LCL,105.08,Peak,Carrier_C,23,429872
SHP01319,Pune,Hamburg,Sea,Automotive Parts,2360,3.35,11925,40FT_HC,95.06,Off_Peak,Carrier_C,19,84614
SHP01320,Delhi,Los Angeles,Sea,Automotive Parts,5543,11.15,7036,LCL,88.99,Normal,Carrier_D,16,63555
SHP01321,Kolkata,Colombo,Sea,Machinery,1363,4.51,1801,LCL,103.25,Off_Peak,Carrier_B,7,40158
SHP01322,Delhi,Colombo,Sea,Electronics,5627,7.12,10622,40FT_HC,93.94,Off_Peak,Carrier_B,18,88572
SHP01323,Mumbai,London,Road,Chemicals,2451,6.33,2169,20FT,85.26,Normal,Carrier_E,6,37404
SHP01324,Chennai,Rotterdam,Sea,Food Products,11561,30.43,2289,40FT_HC,110.62,Normal,Carrier_A,7,80849
SHP01325,Ahmedabad,New York,Road,Textiles,4406,9.04,2724,40FT,79.52,Peak,Carrier_E,9,50440
SHP01326,Chennai,Jebel Ali,Sea,Chemicals,2052,0.5,8014,AIR_CARGO,75.72,Normal,Carrier_C,14,46931
SHP01327,Chennai,Rotterdam,Sea,Food Products,2445,3.77,1733,20FT,80.76,Normal,Carrier_B,2,30686
SHP01328,Chennai,Hamburg,Air,Automotive Parts,1297,2.59,9450,40FT_HC,81.55,Normal,Carrier_C,22,187478
SHP01329,Ahmedabad,Rotterdam,Air,Chemicals,3158,3.21,1170,20FT,96.52,Normal,Carrier_A,2,106475
SHP01330,Hyderabad,London,Sea,Food Products,2051,5.01,1770,AIR_CARGO,99.99,Peak,Carrier_A,4,45952
SHP01331,Ahmedabad,Hamburg,Sea,Automotive Parts,4003,10.22,5497,LCL,92.94,Normal,Carrier_A,13,58939
SHP01332,Hyderabad,Shanghai,Air,Automotive Parts,1048,7.31,4860,LCL,83.17,Peak,Carrier_C,8,135105
SHP01333,Ahmedabad,Shanghai,Sea,Automotive Parts,2018,4.15,11882,AIR_CARGO,80.29,Off_Peak,Carrier_B,23,65045
SHP01334,Ahmedabad,Dubai,Road,Automotive Parts,1177,3.25,11619,LCL,94.69,Peak,Carrier_E,25,140783
SHP01335,Delhi,Rotterdam,Road,Pharmaceuticals,1225,0.71,2681,20FT,97.62,Normal,Carrier_B,4,50404
SHP01336,Hyderabad,Los Angeles,Air,Automotive Parts,3707,6.92,11387,LCL,87.16,Peak,Carrier_B,22,335342
SHP01337,Delhi,Jebel Ali,Sea,Machinery,5193,15.18,8461,AIR_CARGO,83.82,Normal,Carrier_D,15,68899
SHP01338,Kolkata,London,Air,Chemicals,549,0.5,5202,AIR_CARGO,78.22,Normal,Carrier_B,10,121204
SHP01339,Delhi,Hamburg,Sea,Food Products,8386,23.27,9006,AIR_CARGO,76.05,Peak,Carrier_E,21,75269
SHP01340,Chennai,Jebel Ali,Sea,Machinery,6227,14.64,10852,40FT,79.23,Normal,Carrier_D,25,79689
SHP01341,Bengaluru,Rotterdam,Sea,Pharmaceuticals,1042,0.5,2572,20FT,104.68,Off_Peak,Carrier_B,7,43194
SHP01342,Bengaluru,Los Angeles,Sea,Furniture,4279,7.42,2754,AIR_CARGO,88.76,Off_Peak,Carrier_D,8,47518
SHP01343,Mumbai,Rotterdam,Road,Furniture,1854,14.09,5200,20FT,76.1,Normal,Carrier_B,12,54402
SHP01344,Mumbai,New York,Air,Machinery,2346,5.18,2446,40FT,95.33,Normal,Carrier_A,5,119369
SHP01345,Pune,New York,Air,Electronics,3697,2.34,4645,20FT,96.44,Peak,Carrier_A,11,217483
SHP01346,Delhi,London,Sea,Electronics,3415,3.58,7925,40FT_HC,92.15,Peak,Carrier_B,14,86061
SHP01347,Ahmedabad,Hamburg,Sea,Electronics,1723,1.25,9847,40FT,79.43,Normal,Carrier_D,18,67725
SHP01348,Ahmedabad,Hamburg,Sea,Textiles,1718,0.52,3972,40FT,105.2,Normal,Carrier_E,9,64587
SHP01349,Bengaluru,Colombo,Road,Electronics,1785,0.5,3740,LCL,102.56,Normal,Carrier_A,7,59104
SHP01350,Chennai,London,Sea,Food Products,5255,18.36,9467,AIR_CARGO,90.79,Off_Peak,Carrier_D,17,77829
SHP01351,Hyderabad,London,Road,Machinery,745,4.43,4882,40FT,90.23,Peak,Carrier_E,9,78590
SHP01352,Chennai,Los Angeles,Sea,Food Products,2250,4.56,9912,20FT,81.24,Normal,Carrier_D,22,70076
SHP01353,Pune,New York,Sea,Chemicals,6948,14.19,11924,40FT_HC,105.14,Normal,Carrier_B,27,125324
SHP01354,Chennai,Hamburg,Air,Electronics,3950,8.76,11766,20FT,98.98,Normal,Carrier_A,23,351974
SHP01355,Delhi,Rotterdam,Sea,Pharmaceuticals,4950,18.91,8121,20FT,78.43,Off_Peak,Carrier_A,18,51285
SHP01356,Delhi,London,Road,Textiles,2271,1.95,4815,40FT_HC,90.12,Off_Peak,Carrier_A,10,58242
SHP01357,Kolkata,Dubai,Road,Chemicals,1173,0.5,1253,LCL,111.14,Normal,Carrier_B,1,40104
SHP01358,Pune,Singapore,Sea,Pharmaceuticals,2592,8.84,8987,AIR_CARGO,93.09,Normal,Carrier_E,17,79614
SHP01359,Chennai,Hamburg,Sea,Textiles,1598,7.84,11747,40FT,88.0,Normal,Carrier_E,23,84928
SHP01360,Ahmedabad,Shanghai,Sea,Furniture,10657,31.18,1282,AIR_CARGO,100.75,Normal,Carrier_A,5,57359
SHP01361,Ahmedabad,Hamburg,Road,Chemicals,2256,3.96,571,LCL,83.12,Off_Peak,Carrier_E,3,16500
SHP01362,Pune,Dubai,Sea,Furniture,3783,7.64,10065,40FT_HC,95.95,Peak,Carrier_A,20,106932
SHP01363,Chennai,Hamburg,Sea,Machinery,7560,26.05,1676,AIR_CARGO,101.78,Normal,Carrier_E,4,55046
SHP01364,Delhi,Dubai,Sea,Food Products,1226,5.3,1439,20FT,109.2,Peak,Carrier_A,5,50297
SHP01365,Delhi,Singapore,Air,Automotive Parts,568,1.01,10969,40FT,102.7,Normal,Carrier_E,19,305967
SHP01366,Kolkata,Colombo,Sea,Food Products,3438,10.2,1415,40FT,90.38,Normal,Carrier_D,6,41758
SHP01367,Kolkata,Los Angeles,Air,Electronics,3885,7.51,1811,LCL,105.71,Normal,Carrier_A,4,151364
SHP01368,Mumbai,Singapore,Road,Furniture,1910,5.75,7050,LCL,110.94,Normal,Carrier_A,19,104544
SHP01369,Pune,Jebel Ali,Sea,Pharmaceuticals,1179,3.95,9203,40FT_HC,94.11,Normal,Carrier_C,18,74125
SHP01370,Bengaluru,Colombo,Sea,Automotive Parts,3058,10.62,5095,LCL,75.18,Normal,Carrier_A,10,38716
SHP01371,Chennai,Los Angeles,Road,Textiles,2462,1.92,5337,AIR_CARGO,110.24,Off_Peak,Carrier_E,11,88065
SHP01372,Pune,New York,Sea,Furniture,3082,8.76,7775,40FT,81.62,Normal,Carrier_D,15,61453
SHP01373,Ahmedabad,Dubai,Road,Machinery,1197,0.5,6312,40FT_HC,80.05,Peak,Carrier_D,15,75132
SHP01374,Chennai,London,Sea,Machinery,3088,14.85,714,LCL,87.31,Normal,Carrier_E,3,28677
SHP01375,Kolkata,Jebel Ali,Sea,Furniture,4259,8.46,1806,20FT,90.2,Off_Peak,Carrier_B,7,40711
SHP01376,Kolkata,Singapore,Road,Furniture,939,0.5,7188,40FT,106.98,Normal,Carrier_A,16,102736
SHP01377,Mumbai,Hamburg,Sea,Furniture,6460,26.49,9627,40FT_HC,90.57,Normal,Carrier_D,20,93148
SHP01378,Bengaluru,Singapore,Sea,Textiles,2950,4.94,9276,40FT,76.95,Normal,Carrier_E,20,59296
SHP01379,Mumbai,Los Angeles,Sea,Electronics,4347,10.73,9011,AIR_CARGO,100.44,Normal,Carrier_D,21,100768
SHP01380,Ahmedabad,Jebel Ali,Sea,Textiles,1089,0.5,9370,LCL,101.85,Normal,Carrier_D,20,87394
SHP01381,Bengaluru,Rotterdam,Sea,Chemicals,3896,9.06,1011,LCL,107.57,Normal,Carrier_E,4,47176
SHP01382,Hyderabad,Los Angeles,Sea,Pharmaceuticals,858,8.73,10794,LCL,90.95,Off_Peak,Carrier_C,22,71892
SHP01383,Chennai,Colombo,Road,Furniture,1350,6.03,10727,20FT,78.44,Normal,Carrier_D,19,99089
SHP01384,Mumbai,Singapore,Sea,Pharmaceuticals,2967,0.5,6617,AIR_CARGO,97.12,Normal,Carrier_D,19,71771
SHP01385,Kolkata,Singapore,Air,Electronics,2089,1.92,3359,20FT,79.84,Normal,Carrier_B,9,102534
SHP01386,Mumbai,Jebel Ali,Sea,Automotive Parts,2545,9.73,7310,AIR_CARGO,75.68,Normal,Carrier_C,17,52887
SHP01387,Hyderabad,Dubai,Air,Textiles,8750,23.38,6916,AIR_CARGO,106.14,Normal,Carrier_B,15,386552
SHP01388,Mumbai,Jebel Ali,Sea,Electronics,2519,4.05,3064,AIR_CARGO,91.14,Normal,Carrier_E,3,42247
SHP01389,Chennai,London,Road,Pharmaceuticals,3965,11.03,7436,LCL,96.0,Peak,Carrier_A,15,100900
SHP01390,Hyderabad,Singapore,Sea,Automotive Parts,2394,0.91,9669,LCL,101.51,Off_Peak,Carrier_E,20,80623
SHP01391,Pune,Dubai,Sea,Textiles,2348,0.5,9770,LCL,91.04,Normal,Carrier_C,18,66727
SHP01392,Pune,Dubai,Sea,Machinery,1324,0.5,1187,20FT,77.05,Normal,Carrier_E,2,21455
SHP01393,Pune,Jebel Ali,Sea,Textiles,3176,11.26,2767,40FT_HC,85.11,Normal,Carrier_C,6,42118
SHP01394,Kolkata,New York,Sea,Food Products,12992,30.51,8185,AIR_CARGO,82.77,Normal,Carrier_B,18,80649
SHP01395,Kolkata,Los Angeles,Sea,Textiles,2647,6.32,10388,20FT,114.1,Normal,Carrier_D,23,123729
SHP01396,Pune,Colombo,Air,Food Products,2102,0.5,6494,LCL,104.58,Normal,Carrier_E,14,232572
SHP01397,Pune,New York,Sea,Automotive Parts,5246,12.29,8637,LCL,93.06,Off_Peak,Carrier_E,17,67130
SHP01398,Pune,Singapore,Sea,Textiles,4860,13.78,742,40FT_HC,77.53,Normal,Carrier_D,3,36824
SHP01399,Delhi,Singapore,Sea,Automotive Parts,3326,0.5,7497,LCL,79.63,Normal,Carrier_E,16,55569
SHP01400,Pune,Singapore,Air,Automotive Parts,2046,5.05,11562,AIR_CARGO,107.52,Peak,Carrier_E,23,425311
SHP01401,Hyderabad,Shanghai,Sea,Pharmaceuticals,5260,12.26,8102,40FT,112.82,Normal,Carrier_A,18,103712
SHP01402,Delhi,Hamburg,Sea,Electronics,2704,4.58,11106,LCL,76.25,Off_Peak,Carrier_A,21,55291
SHP01403,Delhi,Rotterdam,Sea,Automotive Parts,4528,16.01,7009,40FT_HC,111.42,Normal,Carrier_D,16,104743
SHP01404,Chennai,Shanghai,Air,Automotive Parts,1468,7.77,10199,40FT,90.22,Normal,Carrier_B,21,263986
SHP01405,Mumbai,Rotterdam,Air,Pharmaceuticals,1707,17.34,1928,AIR_CARGO,83.55,Off_Peak,Carrier_E,5,74756
SHP01406,Kolkata,Dubai,Sea,Pharmaceuticals,2662,1.49,1920,AIR_CARGO,79.09,Normal,Carrier_E,2,32575
SHP01407,Kolkata,Singapore,Air,Textiles,1120,4.38,1882,AIR_CARGO,105.87,Normal,Carrier_B,4,108436
SHP01408,Mumbai,London,Air,Pharmaceuticals,1966,10.68,6122,40FT_HC,93.76,Normal,Carrier_E,16,192667
SHP01409,Kolkata,Colombo,Sea,Textiles,1088,0.5,4298,40FT,108.3,Normal,Carrier_B,6,67531
SHP01410,Mumbai,Jebel Ali,Road,Machinery,916,8.95,8771,AIR_CARGO,84.05,Normal,Carrier_D,21,91207
SHP01411,Hyderabad,Colombo,Sea,Pharmaceuticals,12179,30.46,10880,LCL,102.14,Normal,Carrier_D,18,118095
SHP01412,Chennai,London,Sea,Electronics,1683,0.5,7623,40FT,79.72,Off_Peak,Carrier_B,14,51368
SHP01413,Pune,Jebel Ali,Sea,Automotive Parts,1782,0.5,2952,AIR_CARGO,78.59,Peak,Carrier_B,7,43472
SHP01414,Chennai,Dubai,Sea,Electronics,2634,3.95,11205,40FT,80.34,Peak,Carrier_C,26,75491
SHP01415,Ahmedabad,London,Sea,Food Products,1254,2.63,6570,LCL,107.36,Peak,Carrier_A,14,88331
SHP01416,Chennai,Singapore,Road,Furniture,1804,9.25,8779,20FT,101.22,Normal,Carrier_A,18,114818
SHP01417,Mumbai,London,Sea,Pharmaceuticals,8237,19.25,10741,AIR_CARGO,81.64,Normal,Carrier_E,20,81529
SHP01418,Ahmedabad,Singapore,Sea,Automotive Parts,3155,12.31,11883,LCL,90.39,Peak,Carrier_E,25,99431
SHP01419,Mumbai,London,Sea,Electronics,4746,11.73,6320,40FT_HC,105.55,Normal,Carrier_B,12,92992
SHP01420,Pune,London,Road,Pharmaceuticals,6953,16.6,9793,AIR_CARGO,86.43,Normal,Carrier_B,19,121151
SHP01421,Bengaluru,New York,Sea,Pharmaceuticals,2867,5.66,7019,20FT,111.85,Normal,Carrier_A,14,83524
SHP01422,Ahmedabad,Colombo,Sea,Furniture,2165,9.08,6094,LCL,111.58,Off_Peak,Carrier_E,15,72618
SHP01423,Pune,Rotterdam,Sea,Machinery,984,2.86,6684,LCL,97.12,Normal,Carrier_A,16,60847
SHP01424,Pune,Shanghai,Sea,Machinery,1949,1.71,6069,40FT,100.28,Peak,Carrier_D,11,83529
SHP01425,Kolkata,New York,Road,Automotive Parts,2249,6.68,5342,AIR_CARGO,101.13,Peak,Carrier_A,10,99410
SHP01426,Kolkata,Rotterdam,Road,Food Products,1479,1.69,8823,20FT,85.34,Normal,Carrier_A,17,87838
SHP01427,Bengaluru,New York,Sea,Machinery,6826,14.2,3371,40FT_HC,89.61,Normal,Carrier_B,8,60119
SHP01428,Bengaluru,Hamburg,Road,Furniture,5118,16.92,7588,40FT,80.44,Peak,Carrier_E,18,100990
SHP01429,Chennai,Jebel Ali,Sea,Machinery,4744,10.66,8699,AIR_CARGO,111.99,Normal,Carrier_D,18,112387
SHP01430,Pune,Singapore,Road,Food Products,2318,14.06,10759,20FT,103.95,Normal,Carrier_A,17,134614
SHP01431,Bengaluru,Shanghai,Sea,Electronics,1277,5.98,4317,40FT,76.85,Normal,Carrier_A,11,45007
SHP01432,Mumbai,New York,Sea,Machinery,5927,11.05,10397,20FT,96.98,Normal,Carrier_B,18,97947
SHP01433,Pune,New York,Sea,Furniture,3109,4.06,11371,20FT,88.72,Normal,Carrier_C,21,81467
SHP01434,Delhi,Dubai,Air,Textiles,4132,4.88,7960,40FT,107.61,Normal,Carrier_E,17,324684
SHP01435,Mumbai,London,Sea,Furniture,3739,11.33,9371,40FT,88.75,Normal,Carrier_E,19,82041
SHP01436,Ahmedabad,Hamburg,Sea,Chemicals,3059,3.86,5166,AIR_CARGO,100.77,Off_Peak,Carrier_E,13,67582
SHP01437,Bengaluru,Shanghai,Sea,Chemicals,9171,12.77,11450,40FT,81.63,Normal,Carrier_A,22,82556
SHP01438,Kolkata,Shanghai,Air,Machinery,1631,0.5,8215,AIR_CARGO,97.35,Normal,Carrier_A,15,241331
SHP01439,Mumbai,Jebel Ali,Sea,Electronics,2045,0.5,4067,20FT,86.76,Normal,Carrier_A,9,44288
SHP01440,Kolkata,Shanghai,Air,Pharmaceuticals,7265,18.65,5149,40FT,81.6,Normal,Carrier_C,13,187247
SHP01441,Mumbai,Los Angeles,Road,Electronics,2637,5.95,7604,AIR_CARGO,99.77,Normal,Carrier_A,17,99771
SHP01442,Kolkata,Shanghai,Sea,Furniture,2304,9.26,3193,AIR_CARGO,100.55,Off_Peak,Carrier_E,8,49974
SHP01443,Hyderabad,New York,Air,Automotive Parts,2121,1.42,9170,40FT_HC,114.33,Normal,Carrier_E,21,351533
SHP01444,Mumbai,Los Angeles,Sea,Textiles,3888,7.96,3084,AIR_CARGO,101.76,Normal,Carrier_B,10,61157
SHP01445,Ahmedabad,Rotterdam,Road,Electronics,2154,12.12,7306,AIR_CARGO,95.63,Off_Peak,Carrier_C,17,85740
SHP01446,Kolkata,London,Sea,Food Products,2002,3.4,8516,40FT_HC,111.5,Off_Peak,Carrier_D,15,104197
SHP01447,Delhi,Los Angeles,Air,Furniture,3846,10.05,10387,LCL,108.13,Normal,Carrier_A,22,370725
SHP01448,Ahmedabad,Rotterdam,Air,Textiles,2656,3.7,8940,40FT,96.95,Peak,Carrier_D,18,332504
SHP01449,Chennai,Hamburg,Road,Chemicals,1297,2.19,9686,40FT_HC,95.45,Normal,Carrier_A,19,114145
SHP01450,Mumbai,Colombo,Air,Furniture,2553,7.98,10999,AIR_CARGO,112.68,Off_Peak,Carrier_C,21,342825
SHP01451,Delhi,Singapore,Sea,Textiles,6189,17.36,7374,AIR_CARGO,99.69,Normal,Carrier_C,15,75985
SHP01452,Chennai,New York,Sea,Food Products,4111,10.26,10232,40FT,103.55,Off_Peak,Carrier_E,19,97725
SHP01453,Mumbai,Los Angeles,Road,Machinery,6706,14.93,3167,20FT,78.47,Peak,Carrier_C,8,57851
SHP01454,Delhi,Colombo,Sea,Food Products,1554,4.22,9869,40FT_HC,103.73,Normal,Carrier_D,20,100517
SHP01455,Delhi,London,Sea,Food Products,5013,8.99,3049,LCL,85.59,Normal,Carrier_D,8,40307
SHP01456,Ahmedabad,Dubai,Road,Machinery,1640,3.04,11248,40FT,79.62,Normal,Carrier_C,24,100037
SHP01457,Hyderabad,Hamburg,Air,Machinery,1122,4.0,4295,40FT,108.99,Off_Peak,Carrier_D,9,168421
SHP01458,Delhi,Singapore,Air,Machinery,1483,7.48,2476,40FT_HC,102.65,Normal,Carrier_A,5,128213
SHP01459,Hyderabad,London,Sea,Machinery,2723,2.84,2204,AIR_CARGO,91.3,Normal,Carrier_B,2,38144
SHP01460,Bengaluru,Hamburg,Air,Machinery,4877,10.9,2654,AIR_CARGO,92.26,Normal,Carrier_E,8,169488
SHP01461,Ahmedabad,Dubai,Sea,Food Products,3059,3.26,5647,LCL,82.88,Normal,Carrier_B,12,50258
SHP01462,Pune,Rotterdam,Air,Automotive Parts,2263,3.61,6505,40FT_HC,75.38,Normal,Carrier_D,13,148071
SHP01463,Kolkata,Dubai,Sea,Automotive Parts,1278,7.04,11009,40FT,88.97,Off_Peak,Carrier_E,24,73941
SHP01464,Ahmedabad,Los Angeles,Air,Furniture,3954,7.27,4882,40FT_HC,80.94,Peak,Carrier_B,8,188581
SHP01465,Chennai,Singapore,Road,Electronics,4677,10.75,3001,20FT,91.87,Normal,Carrier_B,8,57941
SHP01466,Kolkata,Shanghai,Sea,Automotive Parts,3035,2.28,9054,40FT,108.35,Peak,Carrier_D,17,118997
SHP01467,Kolkata,Jebel Ali,Road,Chemicals,1261,0.76,2049,LCL,79.59,Peak,Carrier_E,7,39874
SHP01468,Pune,New York,Sea,Automotive Parts,4229,3.88,10761,LCL,78.67,Normal,Carrier_E,17,67142
SHP01469,Hyderabad,New York,Road,Food Products,5551,14.33,5208,40FT,111.08,Off_Peak,Carrier_B,13,99473
SHP01470,Pune,Rotterdam,Air,Machinery,6772,17.6,7559,AIR_CARGO,104.81,Peak,Carrier_E,17,400992
SHP01471,Pune,London,Sea,Furniture,1881,5.83,2641,40FT,77.12,Normal,Carrier_E,5,32783
SHP01472,Kolkata,Singapore,Air,Machinery,3320,9.51,2174,40FT,78.18,Normal,Carrier_A,6,98021
SHP01473,Delhi,Shanghai,Road,Pharmaceuticals,1766,5.56,9687,20FT,102.4,Normal,Carrier_D,18,135514
SHP01474,Hyderabad,Rotterdam,Sea,Pharmaceuticals,1373,0.5,5442,40FT,89.81,Normal,Carrier_D,13,60489
SHP01475,Kolkata,Jebel Ali,Sea,Pharmaceuticals,6996,13.51,11848,40FT_HC,103.97,Normal,Carrier_A,25,119999
SHP01476,Hyderabad,Los Angeles,Air,Food Products,3608,0.5,6529,40FT_HC,91.18,Peak,Carrier_B,12,254743
SHP01477,Bengaluru,Los Angeles,Air,Chemicals,5793,11.94,10225,LCL,113.71,Normal,Carrier_C,18,420628
SHP01478,Hyderabad,Shanghai,Air,Automotive Parts,1128,0.5,11770,AIR_CARGO,102.78,Normal,Carrier_B,26,341935
SHP01479,Mumbai,Shanghai,Air,Food Products,3015,7.02,3733,LCL,76.86,Normal,Carrier_A,13,104540
SHP01480,Delhi,Shanghai,Sea,Electronics,3479,18.12,9710,20FT,88.22,Normal,Carrier_E,21,75374
SHP01481,Chennai,Dubai,Air,Furniture,1456,6.6,753,40FT,97.54,Normal,Carrier_A,5,82504
SHP01482,Mumbai,New York,Sea,Machinery,6576,21.78,8317,LCL,80.67,Normal,Carrier_D,16,64899
SHP01483,Mumbai,Colombo,Sea,Pharmaceuticals,2131,8.36,9070,40FT,75.1,Normal,Carrier_E,19,55357
SHP01484,Pune,Singapore,Sea,Textiles,3357,7.59,5990,LCL,78.17,Normal,Carrier_B,14,46488
SHP01485,Pune,Colombo,Sea,Electronics,1748,4.12,2364,40FT,95.97,Normal,Carrier_E,6,45956
SHP01486,Mumbai,Dubai,Sea,Pharmaceuticals,1150,6.2,7592,LCL,100.29,Normal,Carrier_D,19,72945
SHP01487,Kolkata,London,Sea,Chemicals,4526,11.77,10822,40FT_HC,78.72,Normal,Carrier_A,22,74287
SHP01488,Hyderabad,Los Angeles,Air,Electronics,3199,6.46,11210,20FT,101.61,Off_Peak,Carrier_B,23,315090
SHP01489,Hyderabad,New York,Sea,Food Products,2917,12.65,9080,LCL,99.68,Normal,Carrier_C,18,81764
SHP01490,Ahmedabad,Shanghai,Sea,Automotive Parts,2086,6.75,3533,40FT_HC,112.6,Normal,Carrier_C,8,66511
SHP01491,Kolkata,Jebel Ali,Sea,Machinery,3142,1.78,10509,AIR_CARGO,108.63,Normal,Carrier_A,24,108927
SHP01492,Delhi,Jebel Ali,Sea,Furniture,5694,12.84,10721,LCL,112.73,Normal,Carrier_B,22,112634
SHP01493,Kolkata,Jebel Ali,Sea,Chemicals,1603,4.02,4723,40FT,113.64,Normal,Carrier_B,11,76870
SHP01494,Kolkata,Singapore,Sea,Chemicals,3598,6.95,2604,20FT,92.63,Normal,Carrier_E,7,43340
SHP01495,Kolkata,Shanghai,Sea,Textiles,2852,5.25,10559,40FT_HC,94.52,Normal,Carrier_A,20,95544
SHP01496,Delhi,New York,Air,Electronics,2218,3.61,10679,40FT_HC,86.26,Normal,Carrier_E,19,255999
SHP01497,Ahmedabad,Los Angeles,Sea,Textiles,858,0.5,1660,20FT,95.34,Normal,Carrier_A,8,33133
SHP01498,Delhi,Colombo,Sea,Automotive Parts,2481,0.5,11620,LCL,81.03,Peak,Carrier_D,25,80445
SHP01499,Bengaluru,Shanghai,Sea,Pharmaceuticals,3871,6.6,6630,40FT,101.86,Off_Peak,Carrier_A,17,69792
SHP01500,Ahmedabad,Shanghai,Road,Automotive Parts,3086,5.75,11928,AIR_CARGO,76.0,Peak,Carrier_E,22,113930
SHP01501,Bengaluru,Dubai,Sea,Pharmaceuticals,981,0.5,5618,LCL,84.43,Peak,Carrier_B,15,59605
SHP01502,Bengaluru,London,Sea,Textiles,5623,9.29,6633,20FT,83.32,Normal,Carrier_A,18,60088
SHP01503,Bengaluru,Jebel Ali,Sea,Machinery,7297,16.36,3560,LCL,112.52,Off_Peak,Carrier_B,11,68397
SHP01504,Hyderabad,Rotterdam,Sea,Automotive Parts,2328,9.67,10838,LCL,80.8,Normal,Carrier_D,25,71549
SHP01505,Mumbai,New York,Sea,Textiles,11229,30.6,5603,20FT,110.63,Normal,Carrier_C,14,92115
SHP01506,Mumbai,Dubai,Sea,Electronics,1458,7.47,9868,20FT,79.97,Normal,Carrier_C,18,63751
SHP01507,Bengaluru,London,Sea,Textiles,1094,0.5,1417,AIR_CARGO,101.03,Normal,Carrier_E,6,40388
SHP01508,Bengaluru,London,Sea,Textiles,1293,2.19,9565,20FT,87.8,Normal,Carrier_A,17,71038
SHP01509,Chennai,Hamburg,Sea,Food Products,2932,11.92,6138,20FT,87.64,Peak,Carrier_D,12,66289
SHP01510,Pune,Jebel Ali,Air,Automotive Parts,787,0.5,562,20FT,114.93,Off_Peak,Carrier_D,4,81177
SHP01511,Mumbai,Hamburg,Air,Furniture,2043,3.03,3102,40FT_HC,84.04,Normal,Carrier_B,8,118036
SHP01512,Pune,Dubai,Air,Machinery,16840,40.98,2728,20FT,83.1,Off_Peak,Carrier_E,8,261760
SHP01513,Pune,London,Road,Machinery,941,0.5,9145,20FT,98.57,Normal,Carrier_D,15,122285
SHP01514,Chennai,Rotterdam,Sea,Food Products,1752,5.89,5988,20FT,104.63,Off_Peak,Carrier_A,13,53646
SHP01515,Pune,New York,Sea,Pharmaceuticals,1275,9.22,2337,AIR_CARGO,114.3,Normal,Carrier_D,7,61724
SHP01516,Ahmedabad,Hamburg,Sea,Chemicals,2077,9.84,3453,LCL,103.06,Normal,Carrier_C,10,52504
SHP01517,Chennai,London,Sea,Pharmaceuticals,1994,4.04,6297,20FT,97.47,Normal,Carrier_E,15,67957
SHP01518,Pune,New York,Road,Machinery,1618,7.11,726,20FT,91.37,Peak,Carrier_B,4,36093
SHP01519,Pune,Jebel Ali,Sea,Textiles,2258,0.5,5377,AIR_CARGO,98.8,Normal,Carrier_A,11,63678
SHP01520,Kolkata,Colombo,Road,Food Products,3773,10.1,8298,LCL,99.03,Peak,Carrier_C,18,123942
SHP01521,Pune,New York,Sea,Electronics,6152,13.43,6454,AIR_CARGO,83.71,Peak,Carrier_D,13,76078
SHP01522,Hyderabad,London,Road,Automotive Parts,2078,4.35,7378,40FT,101.85,Normal,Carrier_E,17,110303
SHP01523,Ahmedabad,Dubai,Sea,Automotive Parts,2509,6.39,4256,40FT,83.18,Off_Peak,Carrier_E,11,42530
SHP01524,Delhi,Hamburg,Sea,Furniture,3378,9.59,2605,40FT,94.6,Normal,Carrier_A,7,48012
SHP01525,Mumbai,Hamburg,Sea,Automotive Parts,1120,0.5,9812,20FT,85.39,Normal,Carrier_B,18,69424
SHP01526,Bengaluru,Los Angeles,Sea,Textiles,2264,1.47,10915,AIR_CARGO,87.51,Normal,Carrier_C,24,75695
SHP01527,Pune,London,Sea,Electronics,1800,3.26,6374,20FT,99.56,Off_Peak,Carrier_B,15,69440
SHP01528,Ahmedabad,Los Angeles,Sea,Food Products,4642,3.94,4008,40FT,77.58,Normal,Carrier_A,13,39487
SHP01529,Bengaluru,Rotterdam,Air,Food Products,7807,19.14,6379,LCL,75.48,Off_Peak,Carrier_A,15,177804
SHP01530,Delhi,Rotterdam,Sea,Automotive Parts,1509,6.92,10608,LCL,80.22,Peak,Carrier_C,23,73723
SHP01531,Ahmedabad,London,Sea,Electronics,5745,19.25,8451,AIR_CARGO,81.75,Normal,Carrier_E,14,63633
SHP01532,Mumbai,Hamburg,Sea,Electronics,969,2.69,10374,LCL,82.91,Normal,Carrier_E,21,67754
SHP01533,Ahmedabad,Jebel Ali,Air,Electronics,2848,14.33,4276,40FT,105.96,Normal,Carrier_C,9,198416
SHP01534,Bengaluru,Singapore,Sea,Machinery,2960,6.91,8688,AIR_CARGO,92.87,Normal,Carrier_B,19,77704
SHP01535,Bengaluru,Rotterdam,Sea,Machinery,953,0.5,8010,AIR_CARGO,93.8,Normal,Carrier_C,17,72476
SHP01536,Kolkata,Hamburg,Sea,Automotive Parts,1459,3.25,7074,40FT,100.77,Off_Peak,Carrier_E,17,73639
SHP01537,Pune,Shanghai,Sea,Electronics,1370,2.44,6575,40FT,104.16,Peak,Carrier_B,18,87778
SHP01538,Chennai,Shanghai,Air,Chemicals,1066,4.6,6836,40FT,75.14,Peak,Carrier_D,13,158950
SHP01539,Ahmedabad,Los Angeles,Sea,Electronics,442,2.13,10271,40FT,109.27,Peak,Carrier_B,23,121210
SHP01540,Bengaluru,New York,Sea,Food Products,2185,6.0,11034,AIR_CARGO,114.54,Peak,Carrier_E,23,129796
SHP01541,Hyderabad,Jebel Ali,Air,Food Products,2363,9.49,1798,LCL,79.87,Normal,Carrier_A,9,72252
SHP01542,Mumbai,Los Angeles,Sea,Automotive Parts,2351,3.88,7041,40FT,101.04,Normal,Carrier_B,16,78150
SHP01543,Hyderabad,Shanghai,Sea,Chemicals,4112,11.95,11062,40FT_HC,75.1,Normal,Carrier_B,23,77269
SHP01544,Delhi,Jebel Ali,Sea,Electronics,709,2.81,2050,AIR_CARGO,76.96,Normal,Carrier_A,7,27146
SHP01545,Ahmedabad,Singapore,Road,Pharmaceuticals,1952,5.1,5248,20FT,86.4,Normal,Carrier_E,13,65599
SHP01546,Kolkata,New York,Sea,Chemicals,13201,31.17,1524,LCL,108.86,Normal,Carrier_D,8,78077
SHP01547,Mumbai,Los Angeles,Air,Furniture,4449,5.51,1805,AIR_CARGO,101.1,Peak,Carrier_D,4,193897
SHP01548,Kolkata,Shanghai,Sea,Automotive Parts,4466,9.62,10897,40FT,92.83,Normal,Carrier_C,21,87082
SHP01549,Chennai,Rotterdam,Sea,Food Products,1291,2.31,5631,40FT_HC,92.54,Normal,Carrier_D,16,70147
SHP01550,Bengaluru,Rotterdam,Sea,Pharmaceuticals,2201,2.35,8421,20FT,93.64,Normal,Carrier_D,13,76163
SHP01551,Pune,Los Angeles,Road,Food Products,561,0.5,2098,LCL,87.44,Normal,Carrier_B,6,34549
SHP01552,Mumbai,Singapore,Sea,Machinery,3658,6.48,752,40FT,110.11,Normal,Carrier_C,4,50929
SHP01553,Delhi,Singapore,Air,Automotive Parts,6212,12.9,10741,AIR_CARGO,97.71,Normal,Carrier_D,21,390921
SHP01554,Pune,London,Road,Automotive Parts,974,0.5,7107,AIR_CARGO,94.36,Normal,Carrier_B,18,85910
SHP01555,Ahmedabad,New York,Sea,Electronics,1177,0.5,730,LCL,93.6,Normal,Carrier_C,4,23153
SHP01556,Chennai,Hamburg,Sea,Electronics,2448,0.5,11912,40FT_HC,112.43,Normal,Carrier_B,23,129299
SHP01557,Chennai,Singapore,Sea,Machinery,2762,7.76,6160,40FT,103.95,Peak,Carrier_A,12,85014
SHP01558,Kolkata,New York,Sea,Pharmaceuticals,1758,8.1,5973,LCL,80.79,Peak,Carrier_E,13,55954
SHP01559,Chennai,Singapore,Air,Furniture,1472,3.57,7641,LCL,92.48,Peak,Carrier_E,18,238863
SHP01560,Mumbai,London,Road,Textiles,1482,1.91,591,AIR_CARGO,86.53,Peak,Carrier_E,3,26687
SHP01561,Kolkata,Colombo,Sea,Chemicals,2422,0.5,7045,LCL,114.47,Peak,Carrier_D,15,102772
SHP01562,Pune,Singapore,Sea,Textiles,3659,0.5,7739,20FT,91.62,Normal,Carrier_E,15,73183
SHP01563,Chennai,New York,Air,Textiles,2421,5.63,3915,20FT,77.71,Normal,Carrier_E,10,111698
SHP01564,Ahmedabad,London,Sea,Automotive Parts,2275,7.88,8859,40FT,91.45,Normal,Carrier_C,19,77565
SHP01565,Pune,London,Air,Chemicals,797,0.5,4840,LCL,87.85,Normal,Carrier_C,9,122575
SHP01566,Delhi,New York,Sea,Automotive Parts,4392,14.68,8754,AIR_CARGO,98.98,Normal,Carrier_C,20,86966
SHP01567,Ahmedabad,New York,Air,Furniture,2418,3.0,2154,40FT,84.04,Normal,Carrier_D,9,101639
SHP01568,Hyderabad,Rotterdam,Sea,Chemicals,1882,8.82,11008,40FT_HC,76.44,Normal,Carrier_E,22,66226
SHP01569,Mumbai,Colombo,Sea,Food Products,2951,3.9,10614,AIR_CARGO,78.84,Normal,Carrier_D,22,70293
SHP01570,Delhi,London,Sea,Automotive Parts,1445,0.5,2232,40FT_HC,86.33,Off_Peak,Carrier_D,4,32212
SHP01571,Delhi,Rotterdam,Sea,Automotive Parts,1908,7.05,11292,40FT,88.93,Normal,Carrier_D,24,93501
SHP01572,Kolkata,Jebel Ali,Sea,Automotive Parts,2681,2.69,6914,20FT,108.38,Peak,Carrier_D,15,96558
SHP01573,Bengaluru,Los Angeles,Air,Pharmaceuticals,1608,0.5,8569,AIR_CARGO,85.8,Off_Peak,Carrier_D,17,193164
SHP01574,Kolkata,Los Angeles,Road,Machinery,858,3.97,10163,AIR_CARGO,76.26,Off_Peak,Carrier_D,19,82513
SHP01575,Mumbai,London,Sea,Automotive Parts,772,0.5,1461,40FT,106.23,Peak,Carrier_E,8,54062
SHP01576,Mumbai,Rotterdam,Sea,Furniture,3340,2.3,2447,AIR_CARGO,109.76,Peak,Carrier_C,7,66358
SHP01577,Kolkata,Colombo,Sea,Electronics,2450,11.08,3839,AIR_CARGO,94.69,Normal,Carrier_B,7,47003
SHP01578,Bengaluru,Colombo,Sea,Electronics,2394,4.88,5988,40FT,86.4,Normal,Carrier_B,15,56162
SHP01579,Ahmedabad,Jebel Ali,Sea,Chemicals,1175,0.5,4480,LCL,105.89,Off_Peak,Carrier_B,11,62086
SHP01580,Kolkata,London,Sea,Food Products,2467,4.02,6317,40FT,75.36,Normal,Carrier_A,14,49666
SHP01581,Mumbai,Singapore,Sea,Machinery,1927,13.12,2638,AIR_CARGO,111.96,Off_Peak,Carrier_C,9,46722
SHP01582,Bengaluru,Jebel Ali,Sea,Pharmaceuticals,1693,4.48,8345,40FT,109.62,Peak,Carrier_E,12,106456
SHP01583,Mumbai,Rotterdam,Sea,Chemicals,2381,3.1,1141,AIR_CARGO,96.79,Normal,Carrier_D,1,37273
SHP01584,Bengaluru,Singapore,Sea,Electronics,3031,9.22,4657,40FT_HC,86.1,Off_Peak,Carrier_B,13,54868
SHP01585,Bengaluru,Los Angeles,Road,Machinery,7797,16.75,2559,40FT_HC,76.31,Normal,Carrier_C,6,42139
SHP01586,Pune,Dubai,Sea,Machinery,3610,6.56,8894,20FT,114.99,Peak,Carrier_E,17,119992
SHP01587,Kolkata,Los Angeles,Air,Food Products,4365,7.77,10662,40FT,105.48,Off_Peak,Carrier_B,19,353469
SHP01588,Kolkata,London,Sea,Furniture,5126,15.62,1406,40FT,88.55,Peak,Carrier_C,5,41984
SHP01589,Kolkata,New York,Sea,Machinery,1521,4.4,9528,40FT_HC,75.77,Peak,Carrier_E,20,67212
SHP01590,Bengaluru,Los Angeles,Air,Automotive Parts,2029,10.52,10801,40FT_HC,100.57,Normal,Carrier_C,25,310622
SHP01591,Bengaluru,Shanghai,Air,Machinery,1388,4.53,11701,40FT_HC,114.48,Normal,Carrier_D,24,418455
SHP01592,Mumbai,Los Angeles,Road,Food Products,1605,9.93,7163,20FT,103.28,Normal,Carrier_C,14,91594
SHP01593,Delhi,Los Angeles,Sea,Chemicals,1893,7.11,4265,20FT,78.35,Off_Peak,Carrier_C,11,33755
SHP01594,Kolkata,Los Angeles,Sea,Food Products,1580,2.72,4203,LCL,91.09,Normal,Carrier_A,12,43944
SHP01595,Pune,Los Angeles,Air,Pharmaceuticals,2892,6.34,4858,40FT,79.37,Normal,Carrier_D,13,146100
SHP01596,Hyderabad,Singapore,Sea,Food Products,3312,15.2,7546,20FT,111.49,Normal,Carrier_C,17,87028
SHP01597,Mumbai,Singapore,Sea,Electronics,1070,7.76,6138,AIR_CARGO,88.22,Normal,Carrier_D,14,56177
SHP01598,Mumbai,Los Angeles,Sea,Automotive Parts,2041,11.05,8017,40FT,104.34,Normal,Carrier_C,15,82213
SHP01599,Chennai,Hamburg,Sea,Furniture,2056,0.87,952,LCL,78.39,Off_Peak,Carrier_D,2,24035
SHP01600,Kolkata,Hamburg,Road,Electronics,960,0.5,1718,40FT_HC,80.14,Off_Peak,Carrier_E,3,32059
SHP01601,Ahmedabad,Singapore,Sea,Chemicals,1519,0.5,11730,LCL,102.18,Normal,Carrier_B,24,97046
SHP01602,Mumbai,Dubai,Sea,Textiles,4411,11.16,11947,40FT,108.74,Normal,Carrier_A,25,118452
SHP01603,Chennai,New York,Sea,Chemicals,4374,7.83,9087,40FT_HC,83.06,Normal,Carrier_B,21,75938
SHP01604,Hyderabad,Jebel Ali,Sea,Automotive Parts,867,2.17,3449,LCL,91.73,Peak,Carrier_C,9,41050
SHP01605,Pune,Shanghai,Sea,Machinery,3398,6.29,11464,LCL,99.78,Peak,Carrier_C,25,108070
SHP01606,Hyderabad,Shanghai,Sea,Food Products,961,0.5,2958,40FT,106.85,Off_Peak,Carrier_E,7,50474
SHP01607,Ahmedabad,Los Angeles,Sea,Textiles,1926,6.3,8911,20FT,100.13,Normal,Carrier_C,20,71002
SHP01608,Kolkata,Dubai,Air,Automotive Parts,2347,5.71,1825,AIR_CARGO,78.82,Normal,Carrier_D,3,85765
SHP01609,Bengaluru,Hamburg,Sea,Electronics,4078,15.03,7962,LCL,96.71,Normal,Carrier_B,16,78878
SHP01610,Chennai,Hamburg,Sea,Food Products,2232,5.95,9234,AIR_CARGO,110.38,Normal,Carrier_C,15,93442
SHP01611,Bengaluru,Dubai,Road,Chemicals,1293,6.21,10386,40FT,109.72,Peak,Carrier_E,21,167857
SHP01612,Hyderabad,New York,Air,Electronics,1158,0.5,8945,40FT,98.4,Normal,Carrier_A,21,253358
SHP01613,Hyderabad,Singapore,Sea,Automotive Parts,2788,8.03,11120,20FT,114.83,Normal,Carrier_B,22,123185
SHP01614,Delhi,New York,Sea,Automotive Parts,1656,7.18,6491,40FT_HC,79.2,Off_Peak,Carrier_E,15,49712
SHP01615,Delhi,London,Sea,Chemicals,1917,6.79,8290,AIR_CARGO,94.14,Normal,Carrier_E,18,72239
SHP01616,Pune,London,Air,Textiles,4698,10.28,4750,LCL,106.0,Off_Peak,Carrier_B,9,218388
SHP01617,Ahmedabad,Hamburg,Road,Chemicals,3317,9.3,619,40FT_HC,80.64,Normal,Carrier_E,3,34044
SHP01618,Delhi,Jebel Ali,Air,Machinery,7013,19.19,9202,AIR_CARGO,113.91,Off_Peak,Carrier_A,21,387265
SHP01619,Delhi,London,Sea,Electronics,1290,7.88,10503,AIR_CARGO,89.16,Off_Peak,Carrier_A,23,68963
SHP01620,Ahmedabad,Hamburg,Air,Textiles,1577,1.51,2500,40FT_HC,89.01,Normal,Carrier_C,5,102086
SHP01621,Mumbai,Los Angeles,Sea,Food Products,2817,2.24,829,40FT_HC,83.53,Normal,Carrier_D,1,38496
SHP01622,Delhi,Colombo,Sea,Pharmaceuticals,8154,16.09,2392,20FT,86.52,Normal,Carrier_C,7,49601
SHP01623,Mumbai,Colombo,Sea,Machinery,1491,4.13,10796,LCL,98.1,Normal,Carrier_D,20,93065
SHP01624,Mumbai,Rotterdam,Road,Textiles,2563,6.12,3898,LCL,92.17,Normal,Carrier_B,9,58571
SHP01625,Kolkata,Los Angeles,Sea,Pharmaceuticals,5901,16.56,3188,LCL,82.74,Normal,Carrier_E,5,37380
SHP01626,Mumbai,Colombo,Air,Pharmaceuticals,2582,9.47,668,40FT_HC,107.37,Normal,Carrier_C,5,117690
SHP01627,Mumbai,New York,Sea,Electronics,4852,4.01,3916,20FT,77.49,Normal,Carrier_E,9,39830
SHP01628,Delhi,Rotterdam,Sea,Automotive Parts,8923,19.32,8730,40FT,108.39,Peak,Carrier_C,18,124238
SHP01629,Mumbai,Hamburg,Sea,Food Products,3029,8.06,11530,20FT,86.0,Peak,Carrier_C,21,87308
SHP01630,Bengaluru,Dubai,Sea,Chemicals,3368,12.48,4097,40FT_HC,94.84,Peak,Carrier_A,9,64466
SHP01631,Ahmedabad,Dubai,Air,Electronics,4052,9.43,3268,20FT,90.24,Normal,Carrier_D,8,162046
SHP01632,Delhi,Hamburg,Sea,Machinery,1389,8.77,10713,40FT_HC,97.82,Normal,Carrier_B,20,90967
SHP01633,Ahmedabad,Jebel Ali,Air,Furniture,954,4.48,10304,AIR_CARGO,106.84,Normal,Carrier_E,20,321064
SHP01634,Chennai,Hamburg,Air,Pharmaceuticals,2771,8.12,4274,AIR_CARGO,114.57,Normal,Carrier_C,13,214293
SHP01635,Delhi,Singapore,Road,Machinery,1665,3.52,1291,40FT,87.24,Peak,Carrier_E,1,44381
SHP01636,Mumbai,Dubai,Sea,Pharmaceuticals,4956,11.7,11908,AIR_CARGO,97.15,Normal,Carrier_A,24,100442
SHP01637,Bengaluru,Colombo,Sea,Automotive Parts,3067,8.63,8328,40FT,93.64,Off_Peak,Carrier_B,16,70571
SHP01638,Ahmedabad,Shanghai,Sea,Furniture,4902,10.89,11156,LCL,114.96,Normal,Carrier_D,25,124818
SHP01639,Delhi,Rotterdam,Road,Automotive Parts,1145,7.18,4432,40FT_HC,107.36,Off_Peak,Carrier_D,10,76918
SHP01640,Bengaluru,Jebel Ali,Road,Food Products,4794,14.93,7948,LCL,90.88,Peak,Carrier_C,14,103056
SHP01641,Ahmedabad,London,Sea,Chemicals,561,6.13,8257,LCL,94.08,Peak,Carrier_B,17,80709
SHP01642,Chennai,Los Angeles,Air,Food Products,1207,0.5,10538,40FT,84.84,Normal,Carrier_D,22,245732
SHP01643,Hyderabad,Jebel Ali,Sea,Automotive Parts,3771,4.69,11920,40FT_HC,105.21,Normal,Carrier_B,29,126556
SHP01644,Pune,London,Sea,Automotive Parts,1803,6.24,1750,40FT,108.81,Normal,Carrier_E,1,44967
SHP01645,Pune,Jebel Ali,Sea,Machinery,1920,4.25,7758,20FT,113.6,Off_Peak,Carrier_A,14,84617
SHP01646,Chennai,Shanghai,Air,Automotive Parts,2680,7.42,4369,LCL,97.63,Normal,Carrier_B,13,175785
SHP01647,Hyderabad,Jebel Ali,Sea,Furniture,6300,10.53,9834,40FT_HC,101.83,Normal,Carrier_B,17,107457
SHP01648,Kolkata,Colombo,Air,Furniture,717,0.5,9173,LCL,92.84,Normal,Carrier_D,19,237234
SHP01649,Hyderabad,Hamburg,Air,Textiles,5629,14.33,10764,20FT,99.37,Off_Peak,Carrier_C,21,319802
SHP01650,Kolkata,Singapore,Air,Pharmaceuticals,5848,10.88,4453,20FT,88.95,Normal,Carrier_C,9,179963
SHP01651,Delhi,Rotterdam,Sea,Electronics,1801,7.14,2622,40FT_HC,104.51,Peak,Carrier_E,6,61256
SHP01652,Kolkata,Dubai,Sea,Automotive Parts,1591,1.33,751,40FT_HC,75.91,Normal,Carrier_D,3,28312
SHP01653,Pune,London,Sea,Food Products,2315,1.96,3438,20FT,76.14,Off_Peak,Carrier_D,10,39827
SHP01654,Pune,Rotterdam,Sea,Chemicals,1570,0.5,4722,LCL,103.64,Peak,Carrier_A,13,60127
SHP01655,Bengaluru,Jebel Ali,Sea,Pharmaceuticals,3128,12.44,11380,AIR_CARGO,112.23,Normal,Carrier_C,24,113802
SHP01656,Kolkata,Hamburg,Road,Pharmaceuticals,3404,10.89,6151,LCL,100.29,Normal,Carrier_D,13,95570
SHP01657,Bengaluru,Rotterdam,Sea,Chemicals,911,0.5,6899,AIR_CARGO,104.06,Normal,Carrier_E,15,68873
SHP01658,Pune,Hamburg,Sea,Chemicals,1374,0.5,10621,40FT,107.96,Normal,Carrier_A,23,100638
SHP01659,Ahmedabad,London,Sea,Pharmaceuticals,1157,0.5,10678,40FT_HC,89.47,Normal,Carrier_C,23,77798
SHP01660,Ahmedabad,Colombo,Sea,Textiles,2874,10.63,6571,20FT,79.32,Normal,Carrier_C,15,50358
SHP01661,Hyderabad,Colombo,Sea,Food Products,4407,8.38,1808,40FT,112.32,Peak,Carrier_C,8,67352
SHP01662,Hyderabad,Hamburg,Sea,Textiles,1244,2.13,3611,LCL,112.54,Peak,Carrier_A,7,60549
SHP01663,Hyderabad,Hamburg,Road,Automotive Parts,4387,14.41,5754,AIR_CARGO,92.67,Normal,Carrier_E,15,79749
SHP01664,Kolkata,Singapore,Sea,Electronics,1370,0.5,9138,40FT_HC,83.69,Normal,Carrier_E,20,70132
SHP01665,Hyderabad,Los Angeles,Road,Chemicals,3988,6.77,8684,AIR_CARGO,110.69,Normal,Carrier_D,17,148140
SHP01666,Kolkata,Singapore,Road,Furniture,2079,5.83,7891,LCL,103.34,Peak,Carrier_D,17,136865
SHP01667,Kolkata,Rotterdam,Sea,Food Products,1876,3.35,10623,LCL,75.33,Normal,Carrier_C,22,55941
SHP01668,Mumbai,New York,Road,Chemicals,5253,9.0,9730,20FT,79.31,Normal,Carrier_B,19,100338
SHP01669,Mumbai,Singapore,Sea,Textiles,7991,21.86,11794,40FT,114.33,Normal,Carrier_D,23,148354
SHP01670,Kolkata,Rotterdam,Air,Machinery,708,3.76,10725,40FT_HC,76.53,Normal,Carrier_E,18,194978
SHP01671,Ahmedabad,Dubai,Sea,Automotive Parts,3691,12.12,2750,20FT,86.3,Peak,Carrier_C,6,46120
SHP01672,Bengaluru,Rotterdam,Road,Electronics,2805,6.07,1163,AIR_CARGO,96.94,Peak,Carrier_E,4,50755
SHP01673,Pune,Rotterdam,Road,Automotive Parts,3834,2.09,5267,40FT,82.37,Off_Peak,Carrier_C,10,49530
SHP01674,Pune,Hamburg,Air,Machinery,981,2.38,7601,40FT_HC,84.28,Normal,Carrier_A,14,172761
SHP01675,Delhi,Shanghai,Air,Electronics,1236,0.5,7896,AIR_CARGO,89.12,Normal,Carrier_D,18,210106
SHP01676,Chennai,Jebel Ali,Sea,Machinery,1616,0.5,3576,40FT_HC,85.78,Off_Peak,Carrier_A,8,44892
SHP01677,Mumbai,Hamburg,Sea,Automotive Parts,2871,5.74,10389,40FT_HC,107.13,Normal,Carrier_D,25,112653
SHP01678,Kolkata,Hamburg,Sea,Textiles,1553,4.1,4286,40FT,95.01,Normal,Carrier_E,10,54383
SHP01679,Chennai,Shanghai,Sea,Pharmaceuticals,2027,11.22,11070,AIR_CARGO,86.14,Normal,Carrier_E,24,81856
SHP01680,Mumbai,Shanghai,Air,Automotive Parts,4289,5.39,5923,20FT,87.52,Peak,Carrier_B,12,233387
SHP01681,Delhi,Jebel Ali,Sea,Automotive Parts,9469,25.25,619,20FT,76.59,Off_Peak,Carrier_E,2,30324
SHP01682,Pune,New York,Road,Automotive Parts,4095,3.35,2363,20FT,76.98,Off_Peak,Carrier_C,7,38300
SHP01683,Bengaluru,Dubai,Sea,Food Products,4371,15.49,1677,40FT_HC,103.72,Normal,Carrier_B,8,58144
SHP01684,Kolkata,Singapore,Air,Machinery,2221,2.49,1006,LCL,79.52,Normal,Carrier_C,4,63007
SHP01685,Delhi,Rotterdam,Sea,Furniture,1401,2.0,8711,40FT,94.03,Normal,Carrier_B,19,74581
SHP01686,Pune,Singapore,Road,Machinery,2023,3.53,2712,20FT,108.69,Normal,Carrier_C,7,60950
SHP01687,Ahmedabad,Colombo,Road,Chemicals,2408,8.77,10144,40FT,89.74,Peak,Carrier_B,20,127851
SHP01688,Mumbai,London,Sea,Machinery,1176,0.5,3541,40FT_HC,88.83,Normal,Carrier_D,8,48868
SHP01689,Kolkata,New York,Sea,Chemicals,4247,9.4,872,40FT,109.92,Peak,Carrier_D,2,66707
SHP01690,Chennai,London,Air,Food Products,6712,13.42,9938,20FT,109.59,Normal,Carrier_B,20,436475
SHP01691,Ahmedabad,Rotterdam,Sea,Textiles,2707,15.24,5861,20FT,110.21,Normal,Carrier_A,14,74559
SHP01692,Pune,Shanghai,Sea,Chemicals,5058,7.7,7394,40FT_HC,97.88,Normal,Carrier_B,16,84367
SHP01693,Ahmedabad,Rotterdam,Sea,Automotive Parts,5484,2.73,4367,40FT_HC,113.09,Normal,Carrier_A,10,80707
SHP01694,Hyderabad,Dubai,Sea,Textiles,1276,9.82,1029,AIR_CARGO,107.76,Off_Peak,Carrier_C,5,33985
SHP01695,Bengaluru,Singapore,Sea,Pharmaceuticals,808,3.89,4757,40FT_HC,91.63,Peak,Carrier_B,11,69863
SHP01696,Pune,Jebel Ali,Sea,Food Products,1807,1.15,6460,LCL,100.18,Off_Peak,Carrier_A,14,58038
SHP01697,Ahmedabad,Los Angeles,Sea,Machinery,2661,6.21,634,LCL,79.87,Normal,Carrier_B,5,28889
SHP01698,Mumbai,Los Angeles,Sea,Chemicals,1149,0.5,7104,20FT,97.05,Normal,Carrier_D,15,68368
SHP01699,Bengaluru,Jebel Ali,Road,Furniture,6301,7.17,10770,40FT_HC,85.53,Normal,Carrier_D,21,130867
SHP01700,Kolkata,Shanghai,Sea,Automotive Parts,8873,20.47,3005,LCL,86.34,Off_Peak,Carrier_B,8,46415
SHP01701,Hyderabad,Los Angeles,Road,Electronics,2809,6.0,11158,LCL,80.03,Normal,Carrier_B,22,100099
SHP01702,Pune,Shanghai,Sea,Pharmaceuticals,1321,4.5,1622,AIR_CARGO,89.33,Normal,Carrier_E,4,35829
SHP01703,Delhi,Hamburg,Sea,Electronics,3429,4.27,9993,40FT_HC,94.26,Normal,Carrier_D,20,96016
SHP01704,Bengaluru,Dubai,Sea,Textiles,1318,0.5,10164,AIR_CARGO,99.01,Off_Peak,Carrier_C,21,76998
SHP01705,Chennai,New York,Sea,Machinery,5256,11.01,3464,40FT,87.19,Normal,Carrier_B,6,50341
SHP01706,Mumbai,Singapore,Sea,Furniture,2151,1.2,11515,AIR_CARGO,106.69,Normal,Carrier_E,24,111919
SHP01707,Pune,Singapore,Sea,Electronics,4011,14.1,5291,40FT,95.84,Peak,Carrier_B,15,74002
SHP01708,Chennai,New York,Sea,Textiles,4493,14.09,2124,40FT,100.52,Normal,Carrier_D,4,51530
SHP01709,Bengaluru,Rotterdam,Sea,Food Products,3547,6.38,7305,40FT_HC,86.13,Off_Peak,Carrier_A,14,59290
SHP01710,Pune,Rotterdam,Air,Textiles,7978,21.13,11961,40FT,107.57,Normal,Carrier_A,29,480905
SHP01711,Hyderabad,London,Sea,Pharmaceuticals,2807,1.73,10842,40FT,99.97,Off_Peak,Carrier_D,20,88593
SHP01712,Delhi,Rotterdam,Sea,Furniture,1803,2.45,3704,AIR_CARGO,109.49,Peak,Carrier_C,11,75146
SHP01713,Delhi,Shanghai,Air,Furniture,638,7.37,7135,40FT_HC,81.4,Off_Peak,Carrier_E,15,146347
SHP01714,Chennai,Jebel Ali,Sea,Textiles,566,3.93,1827,40FT_HC,90.23,Normal,Carrier_B,5,37489
SHP01715,Kolkata,Hamburg,Sea,Pharmaceuticals,3819,10.25,5811,40FT,79.52,Normal,Carrier_B,12,55709
SHP01716,Kolkata,New York,Road,Textiles,2218,3.85,6515,AIR_CARGO,83.62,Normal,Carrier_B,15,77414
SHP01717,Hyderabad,Shanghai,Sea,Furniture,1472,3.34,4126,AIR_CARGO,90.78,Normal,Carrier_E,6,49602
SHP01718,Delhi,Shanghai,Air,Furniture,1212,0.5,6068,AIR_CARGO,110.78,Normal,Carrier_E,13,229487
SHP01719,Chennai,London,Road,Automotive Parts,4047,8.34,11079,AIR_CARGO,97.28,Off_Peak,Carrier_D,21,135468
SHP01720,Chennai,Shanghai,Sea,Textiles,1319,4.64,6252,20FT,88.22,Normal,Carrier_E,10,57141
SHP01721,Pune,Dubai,Sea,Chemicals,7215,17.07,10056,40FT,104.88,Normal,Carrier_B,23,116442
SHP01722,Pune,Rotterdam,Sea,Textiles,11524,27.33,4150,40FT,75.79,Off_Peak,Carrier_B,5,40227
SHP01723,Chennai,Singapore,Sea,Furniture,1393,0.7,11671,40FT,89.8,Normal,Carrier_E,28,95566
SHP01724,Pune,Dubai,Sea,Automotive Parts,3864,5.57,1575,40FT_HC,99.03,Normal,Carrier_E,6,58754
SHP01725,Bengaluru,Hamburg,Air,Automotive Parts,3328,3.93,7234,40FT_HC,98.33,Normal,Carrier_D,12,263669
SHP01726,Pune,Hamburg,Sea,Food Products,1316,2.13,9584,AIR_CARGO,99.3,Off_Peak,Carrier_A,22,79872
SHP01727,Hyderabad,Hamburg,Sea,Pharmaceuticals,1320,6.08,9861,40FT_HC,83.46,Peak,Carrier_E,18,87105
SHP01728,Kolkata,Rotterdam,Road,Machinery,2309,2.06,2780,LCL,88.48,Normal,Carrier_A,6,48150
SHP01729,Kolkata,Shanghai,Air,Electronics,1193,3.0,5119,40FT,112.26,Normal,Carrier_C,8,203139
SHP01730,Bengaluru,Hamburg,Sea,Electronics,5082,12.16,7678,40FT,113.96,Normal,Carrier_A,14,95599
SHP01731,Mumbai,New York,Sea,Textiles,2130,8.79,4133,20FT,87.48,Normal,Carrier_E,8,48393
SHP01732,Bengaluru,Singapore,Sea,Food Products,1207,2.93,8070,20FT,100.78,Normal,Carrier_B,18,80336
SHP01733,Hyderabad,Shanghai,Sea,Textiles,2359,0.5,4856,LCL,84.65,Normal,Carrier_B,13,50424
SHP01734,Chennai,London,Sea,Electronics,3385,16.56,4535,20FT,89.74,Normal,Carrier_E,8,47705
SHP01735,Bengaluru,Rotterdam,Sea,Pharmaceuticals,1561,7.6,1743,AIR_CARGO,106.69,Normal,Carrier_D,6,46767
SHP01736,Chennai,Jebel Ali,Road,Furniture,684,3.56,951,AIR_CARGO,95.05,Normal,Carrier_E,1,30808
SHP01737,Hyderabad,Dubai,Sea,Pharmaceuticals,2714,4.16,10106,40FT,108.98,Normal,Carrier_E,21,106002
SHP01738,Ahmedabad,Colombo,Sea,Pharmaceuticals,1133,1.42,6130,AIR_CARGO,100.15,Peak,Carrier_D,17,82035
SHP01739,Hyderabad,Dubai,Sea,Automotive Parts,1492,0.5,6973,20FT,100.16,Peak,Carrier_D,11,82714
SHP01740,Delhi,Hamburg,Sea,Furniture,3391,6.74,4781,LCL,76.36,Normal,Carrier_C,9,37096
SHP01741,Chennai,Singapore,Air,Machinery,1706,4.76,2073,AIR_CARGO,104.99,Peak,Carrier_C,7,135673
SHP01742,Kolkata,London,Air,Furniture,2281,5.33,5670,40FT,114.11,Peak,Carrier_C,14,276654
SHP01743,Bengaluru,Shanghai,Air,Food Products,6429,22.32,3133,40FT,93.92,Off_Peak,Carrier_D,6,186920
SHP01744,Ahmedabad,New York,Sea,Automotive Parts,1989,7.42,10133,20FT,81.34,Normal,Carrier_A,23,68043
SHP01745,Hyderabad,Los Angeles,Sea,Machinery,9301,26.04,11848,AIR_CARGO,114.08,Normal,Carrier_E,22,140309
SHP01746,Chennai,Dubai,Sea,Food Products,4044,11.79,10725,20FT,86.61,Normal,Carrier_C,25,72571
SHP01747,Ahmedabad,Los Angeles,Sea,Food Products,1365,3.9,6575,40FT,91.37,Off_Peak,Carrier_A,15,61476
SHP01748,Mumbai,Shanghai,Sea,Electronics,1834,6.19,7724,LCL,78.09,Peak,Carrier_E,19,56337
SHP01749,Delhi,Singapore,Air,Automotive Parts,1100,0.5,11403,AIR_CARGO,79.43,Normal,Carrier_A,23,218820
SHP01750,Mumbai,Los Angeles,Sea,Food Products,3783,7.97,6695,LCL,83.66,Normal,Carrier_B,15,58043
SHP01751,Hyderabad,Dubai,Sea,Chemicals,5913,8.49,7844,AIR_CARGO,96.94,Normal,Carrier_B,18,88768
SHP01752,Mumbai,Jebel Ali,Sea,Pharmaceuticals,1980,0.5,7736,40FT,97.31,Off_Peak,Carrier_E,18,71173
SHP01753,Mumbai,Colombo,Sea,Food Products,746,6.55,8643,AIR_CARGO,99.25,Normal,Carrier_A,18,80687
SHP01754,Delhi,Los Angeles,Sea,Machinery,3160,3.22,7863,40FT,98.35,Normal,Carrier_A,14,82439
SHP01755,Delhi,Jebel Ali,Road,Electronics,1428,0.5,8213,40FT_HC,94.81,Normal,Carrier_D,17,115503
SHP01756,Pune,Jebel Ali,Air,Textiles,1575,5.31,8848,40FT,107.08,Off_Peak,Carrier_C,17,257752
SHP01757,Delhi,Hamburg,Road,Pharmaceuticals,3061,7.01,9805,40FT,112.36,Off_Peak,Carrier_E,19,141257
SHP01758,Ahmedabad,Colombo,Sea,Electronics,5568,15.04,5135,AIR_CARGO,85.79,Normal,Carrier_A,15,51855
SHP01759,Pune,New York,Sea,Textiles,4043,16.65,9077,LCL,80.21,Off_Peak,Carrier_C,20,46366
SHP01760,Delhi,Dubai,Sea,Automotive Parts,3305,10.16,1652,40FT,92.0,Peak,Carrier_E,6,48499
SHP01761,Mumbai,London,Sea,Automotive Parts,2257,0.5,10576,AIR_CARGO,76.06,Normal,Carrier_A,23,60049
SHP01762,Kolkata,Shanghai,Air,Food Products,1060,6.26,3836,40FT,110.33,Peak,Carrier_B,10,196985
SHP01763,Kolkata,London,Sea,Chemicals,3134,6.58,5140,20FT,84.59,Peak,Carrier_A,15,56775
SHP01764,Pune,Los Angeles,Sea,Automotive Parts,3986,10.16,9742,20FT,96.97,Normal,Carrier_B,16,90664
SHP01765,Delhi,Colombo,Sea,Furniture,1698,0.5,7825,20FT,79.6,Off_Peak,Carrier_B,14,47424
SHP01766,Ahmedabad,Los Angeles,Sea,Food Products,1970,6.7,4049,20FT,97.13,Normal,Carrier_D,8,58766
SHP01767,Bengaluru,Colombo,Air,Pharmaceuticals,5144,7.04,3092,LCL,76.56,Normal,Carrier_D,5,132186
SHP01768,Chennai,Dubai,Sea,Electronics,1937,6.75,11514,40FT,105.75,Peak,Carrier_C,23,119359
SHP01769,Hyderabad,Shanghai,Sea,Automotive Parts,2097,2.1,1509,20FT,113.22,Normal,Carrier_E,5,55900
SHP01770,Ahmedabad,Shanghai,Sea,Furniture,2360,8.51,550,AIR_CARGO,87.28,Normal,Carrier_C,7,31507
SHP01771,Bengaluru,Dubai,Sea,Electronics,3853,3.99,8239,20FT,85.33,Normal,Carrier_D,19,69923
SHP01772,Hyderabad,New York,Air,Electronics,3025,0.96,7566,40FT_HC,92.92,Normal,Carrier_C,15,227655
SHP01773,Bengaluru,Jebel Ali,Road,Chemicals,2883,4.7,8983,40FT_HC,99.8,Normal,Carrier_E,19,130651
SHP01774,Bengaluru,Colombo,Road,Automotive Parts,6705,17.03,8914,LCL,82.56,Normal,Carrier_E,15,96793
SHP01775,Pune,Rotterdam,Air,Electronics,1916,0.5,10427,40FT_HC,107.13,Normal,Carrier_A,21,338604
SHP01776,Kolkata,Rotterdam,Sea,Chemicals,1348,4.02,11104,AIR_CARGO,82.94,Peak,Carrier_C,22,78821
SHP01777,Chennai,Jebel Ali,Air,Chemicals,4858,15.06,9413,20FT,75.22,Normal,Carrier_D,17,219966
SHP01778,Bengaluru,Los Angeles,Sea,Automotive Parts,2905,1.62,3171,40FT_HC,95.97,Normal,Carrier_A,7,51408
SHP01779,Delhi,Colombo,Sea,Chemicals,1705,4.88,5830,40FT_HC,79.61,Normal,Carrier_C,11,45171
SHP01780,Hyderabad,Singapore,Air,Automotive Parts,1979,6.87,7880,LCL,102.93,Normal,Carrier_E,14,263630
SHP01781,Ahmedabad,Shanghai,Sea,Furniture,1092,1.83,6703,40FT_HC,81.7,Off_Peak,Carrier_D,16,51209
SHP01782,Kolkata,London,Road,Automotive Parts,2906,6.59,2327,20FT,107.7,Normal,Carrier_C,8,53368
SHP01783,Hyderabad,Singapore,Sea,Textiles,967,0.5,7277,40FT,93.81,Normal,Carrier_E,16,69482
SHP01784,Pune,London,Sea,Electronics,3895,11.02,10695,20FT,97.65,Normal,Carrier_E,21,97413
SHP01785,Delhi,Shanghai,Air,Furniture,1780,4.48,5313,40FT_HC,82.46,Normal,Carrier_C,10,140354
SHP01786,Delhi,Rotterdam,Road,Machinery,1010,3.01,8193,40FT_HC,80.87,Peak,Carrier_C,16,81754
SHP01787,Bengaluru,Dubai,Sea,Automotive Parts,5101,20.4,7583,40FT_HC,100.25,Normal,Carrier_D,15,96160
SHP01788,Delhi,New York,Sea,Electronics,10837,24.98,4836,LCL,85.22,Peak,Carrier_A,9,73666
SHP01789,Chennai,Hamburg,Sea,Pharmaceuticals,3322,9.2,7001,AIR_CARGO,90.44,Peak,Carrier_E,17,73963
SHP01790,Pune,Los Angeles,Sea,Chemicals,2077,10.1,2917,20FT,94.18,Normal,Carrier_A,7,43541
SHP01791,Delhi,Jebel Ali,Sea,Food Products,1339,2.99,6780,40FT_HC,84.19,Normal,Carrier_A,16,53450
SHP01792,Bengaluru,Rotterdam,Air,Automotive Parts,2964,4.19,9687,40FT,106.82,Normal,Carrier_E,17,347116
SHP01793,Hyderabad,Dubai,Sea,Chemicals,3782,10.6,9228,LCL,112.58,Normal,Carrier_C,17,91704
SHP01794,Pune,Dubai,Air,Chemicals,2511,3.24,4616,AIR_CARGO,92.28,Off_Peak,Carrier_E,12,148772
SHP01795,Delhi,London,Sea,Chemicals,4474,15.45,1789,40FT_HC,111.7,Normal,Carrier_A,7,64463
SHP01796,Kolkata,Dubai,Sea,Chemicals,6688,17.98,9699,20FT,110.31,Normal,Carrier_D,17,114323
SHP01797,Pune,Colombo,Air,Chemicals,1102,0.5,3548,40FT,81.64,Normal,Carrier_E,9,99590
SHP01798,Pune,Los Angeles,Sea,Automotive Parts,3027,2.22,1110,LCL,81.94,Normal,Carrier_D,5,30474
SHP01799,Ahmedabad,Hamburg,Sea,Pharmaceuticals,726,2.35,5620,20FT,94.1,Peak,Carrier_C,11,69517
SHP01800,Kolkata,Rotterdam,Sea,Machinery,1473,4.53,9004,20FT,96.03,Normal,Carrier_C,19,73842
SHP01801,Kolkata,Colombo,Road,Textiles,3992,4.53,9798,LCL,88.65,Normal,Carrier_D,17,112455
SHP01802,Hyderabad,Rotterdam,Air,Chemicals,2425,8.92,11795,20FT,87.52,Normal,Carrier_D,22,291933
SHP01803,Mumbai,New York,Sea,Chemicals,877,4.75,2678,40FT,92.25,Normal,Carrier_E,8,45261
SHP01804,Ahmedabad,Hamburg,Sea,Textiles,4947,13.14,3879,40FT,102.62,Normal,Carrier_C,9,66596
SHP01805,Kolkata,Dubai,Sea,Pharmaceuticals,1756,7.21,7509,20FT,78.38,Normal,Carrier_D,16,52609
SHP01806,Kolkata,New York,Air,Furniture,4346,6.39,9830,40FT_HC,103.42,Normal,Carrier_B,20,364328
SHP01807,Mumbai,London,Air,Pharmaceuticals,3489,4.58,3192,20FT,112.05,Peak,Carrier_E,9,229310
SHP01808,Hyderabad,New York,Sea,Furniture,1455,2.43,5214,40FT_HC,105.54,Normal,Carrier_E,13,65632
SHP01809,Ahmedabad,Singapore,Sea,Automotive Parts,4398,7.93,5197,20FT,82.67,Normal,Carrier_B,13,53370
SHP01810,Kolkata,London,Sea,Electronics,3075,9.33,9389,AIR_CARGO,78.5,Normal,Carrier_C,19,67110
SHP01811,Bengaluru,Hamburg,Air,Food Products,2801,9.89,3271,40FT,94.62,Peak,Carrier_D,7,178656
SHP01812,Hyderabad,Los Angeles,Air,Food Products,1844,1.58,11641,20FT,113.26,Off_Peak,Carrier_D,22,378376
SHP01813,Ahmedabad,Singapore,Sea,Electronics,1221,0.5,6370,40FT,107.76,Normal,Carrier_C,11,78621
SHP01814,Kolkata,Rotterdam,Sea,Automotive Parts,1904,7.95,3744,LCL,97.51,Normal,Carrier_B,8,50211
SHP01815,Kolkata,Jebel Ali,Sea,Food Products,1878,0.54,3769,AIR_CARGO,80.72,Off_Peak,Carrier_B,8,31738
SHP01816,Mumbai,Jebel Ali,Road,Pharmaceuticals,4349,9.21,710,40FT_HC,103.55,Normal,Carrier_B,6,54963
SHP01817,Ahmedabad,Singapore,Sea,Textiles,856,0.5,8463,LCL,107.52,Normal,Carrier_E,15,88954
SHP01818,Bengaluru,Los Angeles,Air,Electronics,6503,13.12,9423,AIR_CARGO,112.4,Off_Peak,Carrier_D,21,408143
SHP01819,Hyderabad,Colombo,Sea,Pharmaceuticals,6739,10.02,873,LCL,99.48,Off_Peak,Carrier_A,3,40448
SHP01820,Delhi,Jebel Ali,Sea,Machinery,1648,9.05,7238,40FT,95.58,Normal,Carrier_E,15,68013
SHP01821,Chennai,Singapore,Sea,Automotive Parts,6217,18.85,9489,AIR_CARGO,99.77,Normal,Carrier_E,20,96512
SHP01822,Bengaluru,Hamburg,Sea,Electronics,1300,0.5,4827,LCL,112.73,Normal,Carrier_D,8,71090
SHP01823,Delhi,Shanghai,Sea,Food Products,5201,14.24,5477,40FT_HC,100.13,Normal,Carrier_C,10,72002
SHP01824,Bengaluru,Los Angeles,Air,Automotive Parts,1467,0.5,4659,AIR_CARGO,85.3,Off_Peak,Carrier_D,8,124879
SHP01825,Ahmedabad,Los Angeles,Sea,Textiles,4894,14.14,4130,AIR_CARGO,100.45,Normal,Carrier_C,9,62514
SHP01826,Delhi,Colombo,Sea,Automotive Parts,982,0.5,6148,LCL,110.19,Normal,Carrier_D,11,78332
SHP01827,Ahmedabad,London,Sea,Automotive Parts,5054,16.9,2410,20FT,97.68,Normal,Carrier_E,9,54155
SHP01828,Delhi,Dubai,Road,Textiles,5777,15.8,5568,40FT_HC,95.11,Normal,Carrier_B,11,95661
SHP01829,Bengaluru,Jebel Ali,Air,Chemicals,962,0.83,11331,40FT_HC,104.33,Peak,Carrier_E,18,380286
SHP01830,Mumbai,Dubai,Sea,Textiles,7834,17.02,815,LCL,101.44,Normal,Carrier_E,3,54959
SHP01831,Bengaluru,Dubai,Road,Pharmaceuticals,4847,12.12,2395,40FT,77.27,Normal,Carrier_A,8,44502
SHP01832,Ahmedabad,Hamburg,Sea,Automotive Parts,682,0.5,9444,40FT,104.01,Normal,Carrier_E,22,92148
SHP01833,Bengaluru,Rotterdam,Sea,Furniture,1818,8.83,2019,20FT,91.3,Normal,Carrier_E,5,32667
SHP01834,Pune,Dubai,Air,Textiles,4907,12.91,3620,20FT,112.64,Peak,Carrier_E,8,275022
SHP01835,Pune,Los Angeles,Air,Chemicals,4000,13.38,5731,LCL,113.83,Off_Peak,Carrier_A,12,247147
SHP01836,Delhi,Colombo,Air,Pharmaceuticals,2688,0.5,11346,40FT,92.95,Peak,Carrier_C,23,335999
SHP01837,Pune,Colombo,Sea,Furniture,4570,10.95,2610,40FT_HC,113.75,Off_Peak,Carrier_A,4,59548
SHP01838,Chennai,Shanghai,Sea,Furniture,1416,4.36,11115,40FT,87.43,Normal,Carrier_B,22,82234
SHP01839,Delhi,Rotterdam,Road,Electronics,2578,6.12,8763,LCL,102.31,Peak,Carrier_C,18,123205
SHP01840,Pune,London,Sea,Textiles,1443,3.53,8218,40FT,78.0,Normal,Carrier_A,17,60233
SHP01841,Kolkata,Los Angeles,Sea,Textiles,2729,5.21,8821,AIR_CARGO,80.8,Off_Peak,Carrier_B,18,55411
SHP01842,Bengaluru,Los Angeles,Sea,Automotive Parts,4792,20.44,859,LCL,109.58,Normal,Carrier_B,2,48296
SHP01843,Hyderabad,Shanghai,Sea,Pharmaceuticals,4155,10.87,1637,AIR_CARGO,110.75,Normal,Carrier_D,6,57263
SHP01844,Bengaluru,New York,Sea,Electronics,2890,7.37,4351,LCL,96.3,Off_Peak,Carrier_D,10,50748
SHP01845,Pune,Shanghai,Road,Machinery,4757,15.07,1351,40FT_HC,88.59,Normal,Carrier_E,4,45200
SHP01846,Mumbai,Dubai,Sea,Machinery,5071,9.84,11857,LCL,93.04,Normal,Carrier_C,21,90152
SHP01847,Ahmedabad,Singapore,Sea,Food Products,8041,13.99,7175,LCL,109.78,Normal,Carrier_A,16,90725
SHP01848,Hyderabad,Colombo,Sea,Textiles,5340,16.34,6104,LCL,83.44,Normal,Carrier_E,11,55518
SHP01849,Delhi,Shanghai,Road,Textiles,3830,7.79,9533,LCL,86.79,Normal,Carrier_C,23,98347
SHP01850,Mumbai,Dubai,Sea,Electronics,4588,16.37,11735,20FT,106.42,Normal,Carrier_D,21,121613
SHP01851,Bengaluru,Jebel Ali,Sea,Chemicals,2929,12.17,11484,AIR_CARGO,112.41,Peak,Carrier_A,24,136369
SHP01852,Pune,Rotterdam,Air,Machinery,2084,0.5,9620,LCL,78.72,Normal,Carrier_B,16,198301
SHP01853,Delhi,Los Angeles,Road,Food Products,4394,10.75,4838,LCL,107.15,Normal,Carrier_B,6,93000
SHP01854,Delhi,New York,Air,Electronics,4089,14.04,1259,20FT,100.8,Normal,Carrier_E,3,137035
SHP01855,Kolkata,Rotterdam,Road,Textiles,3022,0.5,1631,40FT,84.23,Normal,Carrier_E,1,43258
SHP01856,Kolkata,Dubai,Sea,Machinery,2203,6.71,513,20FT,105.23,Normal,Carrier_A,4,36966
SHP01857,Pune,London,Air,Pharmaceuticals,2125,7.69,522,20FT,104.12,Normal,Carrier_B,3,94446
SHP01858,Pune,Jebel Ali,Sea,Food Products,1917,4.35,11269,20FT,80.68,Off_Peak,Carrier_E,25,63331
SHP01859,Chennai,Dubai,Air,Automotive Parts,5655,13.27,11161,LCL,95.09,Normal,Carrier_B,22,358853
SHP01860,Kolkata,Singapore,Air,Machinery,5378,17.6,8177,20FT,105.33,Normal,Carrier_D,17,365121
SHP01861,Ahmedabad,Hamburg,Air,Food Products,5230,6.47,8857,20FT,82.66,Normal,Carrier_E,18,243162
SHP01862,Hyderabad,Dubai,Air,Electronics,1262,6.33,6402,20FT,93.51,Normal,Carrier_C,12,175533
SHP01863,Delhi,Shanghai,Sea,Automotive Parts,1979,6.55,3235,LCL,79.83,Peak,Carrier_E,7,37630
SHP01864,Kolkata,Dubai,Sea,Food Products,2115,10.24,11015,40FT_HC,87.27,Normal,Carrier_D,20,90338
SHP01865,Pune,Shanghai,Road,Food Products,1686,0.5,3693,40FT_HC,83.72,Normal,Carrier_A,9,49662
SHP01866,Chennai,London,Road,Furniture,8389,25.88,9006,40FT,95.2,Normal,Carrier_B,18,136823
SHP01867,Pune,Los Angeles,Sea,Furniture,3243,2.17,3323,LCL,80.65,Normal,Carrier_A,8,44585
SHP01868,Pune,Colombo,Sea,Furniture,3095,6.05,10507,20FT,90.33,Off_Peak,Carrier_E,27,72949
SHP01869,Pune,Hamburg,Sea,Textiles,1847,0.5,7989,20FT,86.01,Peak,Carrier_C,16,69294
SHP01870,Bengaluru,London,Air,Chemicals,4378,13.32,7891,20FT,104.84,Normal,Carrier_A,17,306418
SHP01871,Hyderabad,Shanghai,Air,Machinery,10389,21.69,1620,40FT_HC,102.99,Normal,Carrier_C,5,257448
SHP01872,Kolkata,Colombo,Sea,Textiles,2635,10.81,5324,20FT,78.8,Peak,Carrier_E,14,50579
SHP01873,Delhi,Singapore,Sea,Pharmaceuticals,2148,0.5,6536,20FT,113.14,Normal,Carrier_C,14,77166
SHP01874,Bengaluru,Rotterdam,Air,Automotive Parts,2357,3.83,3881,40FT_HC,104.79,Normal,Carrier_C,9,176333
SHP01875,Pune,Hamburg,Air,Chemicals,2028,11.97,10631,20FT,99.64,Peak,Carrier_D,26,375890
SHP01876,Ahmedabad,New York,Sea,Food Products,2495,2.9,10133,40FT,94.11,Normal,Carrier_A,19,76675
SHP01877,Delhi,London,Sea,Textiles,1680,8.24,6177,AIR_CARGO,82.12,Off_Peak,Carrier_E,13,43653
SHP01878,Bengaluru,Rotterdam,Sea,Furniture,1405,6.13,4410,40FT,113.48,Normal,Carrier_D,12,75167
SHP01879,Ahmedabad,Rotterdam,Sea,Chemicals,2466,0.64,9718,LCL,75.31,Normal,Carrier_C,18,49982
SHP01880,Ahmedabad,Dubai,Sea,Pharmaceuticals,2635,7.12,2764,40FT,102.7,Peak,Carrier_D,9,67902
SHP01881,Hyderabad,Dubai,Air,Machinery,2093,11.1,1322,40FT,95.3,Normal,Carrier_D,3,103804
SHP01882,Delhi,New York,Road,Pharmaceuticals,6445,13.71,1026,40FT_HC,111.1,Normal,Carrier_C,6,68626
SHP01883,Kolkata,New York,Sea,Automotive Parts,3275,5.04,945,LCL,90.23,Off_Peak,Carrier_E,6,38297
SHP01884,Kolkata,Shanghai,Air,Electronics,4051,10.96,6122,40FT,95.75,Off_Peak,Carrier_B,13,218425
SHP01885,Chennai,New York,Sea,Textiles,4121,8.95,3436,AIR_CARGO,104.69,Normal,Carrier_D,6,66900
SHP01886,Bengaluru,Rotterdam,Sea,Furniture,2676,0.5,8439,40FT,76.9,Peak,Carrier_A,17,70279
SHP01887,Chennai,Shanghai,Sea,Automotive Parts,2882,5.97,8020,20FT,77.18,Off_Peak,Carrier_C,17,47052
SHP01888,Mumbai,Colombo,Sea,Electronics,1429,1.46,6733,40FT_HC,83.47,Normal,Carrier_B,16,58802
SHP01889,Kolkata,Los Angeles,Air,Furniture,3829,8.58,4558,20FT,80.86,Normal,Carrier_D,11,152331
SHP01890,Bengaluru,Los Angeles,Road,Furniture,2013,0.5,10280,LCL,75.26,Normal,Carrier_C,22,82755
SHP01891,Hyderabad,Los Angeles,Sea,Furniture,1649,5.38,8662,LCL,99.92,Normal,Carrier_C,18,82523
SHP01892,Chennai,Hamburg,Sea,Textiles,5827,7.34,3623,40FT_HC,106.84,Off_Peak,Carrier_D,10,73329
SHP01893,Hyderabad,Hamburg,Air,Automotive Parts,1052,5.49,6269,40FT,113.28,Peak,Carrier_A,13,276461
SHP01894,Hyderabad,New York,Sea,Furniture,7642,22.48,2297,LCL,92.64,Normal,Carrier_C,7,37719
SHP01895,Pune,Los Angeles,Sea,Pharmaceuticals,7259,9.34,4281,AIR_CARGO,86.19,Peak,Carrier_C,10,68647
SHP01896,Pune,Singapore,Air,Automotive Parts,2164,10.33,11967,40FT_HC,109.56,Off_Peak,Carrier_D,23,379875
SHP01897,Hyderabad,Dubai,Sea,Chemicals,7978,18.53,3074,20FT,108.78,Normal,Carrier_B,10,80591
SHP01898,Chennai,Singapore,Sea,Pharmaceuticals,1403,7.65,8530,AIR_CARGO,99.99,Normal,Carrier_C,19,84479
SHP01899,Pune,Los Angeles,Sea,Textiles,4770,15.08,3242,40FT_HC,85.93,Peak,Carrier_C,10,57092
SHP01900,Mumbai,Los Angeles,Air,Furniture,2527,0.5,11289,AIR_CARGO,111.34,Normal,Carrier_D,21,414363
SHP01901,Ahmedabad,Dubai,Sea,Automotive Parts,773,0.5,4067,40FT_HC,82.14,Normal,Carrier_C,10,42274
SHP01902,Ahmedabad,Los Angeles,Sea,Food Products,1659,10.41,4487,20FT,76.75,Normal,Carrier_D,12,34249
SHP01903,Pune,London,Air,Textiles,2232,0.5,7329,40FT,106.86,Normal,Carrier_A,18,269172
SHP01904,Chennai,Rotterdam,Sea,Automotive Parts,4148,11.32,7263,40FT_HC,97.55,Peak,Carrier_D,12,87038
SHP01905,Ahmedabad,Shanghai,Air,Chemicals,1833,1.34,7159,LCL,84.86,Normal,Carrier_B,15,179770
SHP01906,Delhi,Dubai,Sea,Furniture,2093,1.37,7092,20FT,101.84,Normal,Carrier_C,15,76953
SHP01907,Ahmedabad,Los Angeles,Road,Electronics,3553,8.38,4090,20FT,105.67,Normal,Carrier_A,13,82771
SHP01908,Kolkata,Hamburg,Sea,Furniture,3433,16.94,5496,AIR_CARGO,108.78,Normal,Carrier_C,8,66778
SHP01909,Chennai,Hamburg,Sea,Electronics,2355,8.68,7324,LCL,86.29,Normal,Carrier_C,13,50791
SHP01910,Pune,Rotterdam,Sea,Food Products,2053,0.67,8220,AIR_CARGO,76.02,Normal,Carrier_D,20,55435
SHP01911,Pune,Hamburg,Sea,Textiles,4604,11.74,3411,20FT,95.4,Peak,Carrier_C,7,57988
SHP01912,Ahmedabad,Shanghai,Road,Chemicals,2046,0.5,8567,40FT_HC,109.24,Peak,Carrier_A,15,151223
SHP01913,Chennai,Jebel Ali,Road,Automotive Parts,1154,0.5,11118,LCL,83.31,Peak,Carrier_E,25,116699
SHP01914,Mumbai,Jebel Ali,Sea,Automotive Parts,1935,5.28,9216,20FT,91.85,Normal,Carrier_C,16,67041
SHP01915,Delhi,Jebel Ali,Sea,Electronics,3567,11.35,1469,LCL,85.26,Normal,Carrier_D,7,37940
SHP01916,Pune,Rotterdam,Air,Chemicals,2269,11.65,5895,40FT_HC,75.53,Normal,Carrier_B,10,140924
SHP01917,Chennai,Rotterdam,Road,Pharmaceuticals,1803,5.78,5506,40FT,110.94,Normal,Carrier_C,9,94432
SHP01918,Pune,Shanghai,Sea,Food Products,1106,2.66,4370,AIR_CARGO,80.4,Normal,Carrier_D,10,52138
SHP01919,Pune,Dubai,Sea,Electronics,2277,4.07,6150,AIR_CARGO,105.67,Normal,Carrier_C,11,73796
SHP01920,Kolkata,New York,Sea,Electronics,2899,9.01,5556,20FT,88.86,Peak,Carrier_E,13,66836
SHP01921,Ahmedabad,Jebel Ali,Air,Food Products,1299,0.5,571,20FT,86.11,Normal,Carrier_E,7,67319
SHP01922,Kolkata,Hamburg,Sea,Textiles,2211,2.55,3220,40FT_HC,112.64,Normal,Carrier_A,8,68808
SHP01923,Ahmedabad,Singapore,Sea,Automotive Parts,1228,0.5,2958,20FT,101.29,Normal,Carrier_E,11,47958
SHP01924,Pune,New York,Sea,Textiles,2299,3.38,4516,20FT,102.48,Off_Peak,Carrier_D,11,62807
SHP01925,Chennai,Shanghai,Air,Chemicals,7674,15.37,2506,20FT,105.39,Normal,Carrier_E,8,243077
SHP01926,Hyderabad,Dubai,Sea,Pharmaceuticals,2795,3.48,1280,LCL,88.64,Normal,Carrier_D,1,30232
SHP01927,Ahmedabad,Hamburg,Sea,Furniture,894,0.5,2761,LCL,97.55,Normal,Carrier_C,8,37801
SHP01928,Hyderabad,Los Angeles,Sea,Machinery,3100,8.22,10323,40FT,85.81,Normal,Carrier_A,22,81008
SHP01929,Delhi,Dubai,Sea,Machinery,5865,19.04,9666,LCL,108.38,Off_Peak,Carrier_A,19,95140
SHP01930,Kolkata,Jebel Ali,Sea,Machinery,1017,3.57,5584,AIR_CARGO,98.97,Off_Peak,Carrier_E,16,62285
SHP01931,Hyderabad,Jebel Ali,Sea,Food Products,1267,0.72,10595,40FT,84.74,Normal,Carrier_B,20,77593
SHP01932,Kolkata,Los Angeles,Sea,Electronics,2957,8.79,3176,20FT,110.99,Normal,Carrier_E,5,60546
SHP01933,Ahmedabad,Shanghai,Sea,Pharmaceuticals,2362,6.06,7218,AIR_CARGO,98.23,Off_Peak,Carrier_B,17,70286
SHP01934,Ahmedabad,Colombo,Sea,Textiles,5493,13.76,2144,40FT,94.8,Normal,Carrier_E,3,52256
SHP01935,Delhi,Dubai,Air,Furniture,2223,5.2,10084,40FT,76.38,Peak,Carrier_D,20,237988
SHP01936,Ahmedabad,Los Angeles,Air,Automotive Parts,4275,17.08,2002,AIR_CARGO,111.39,Normal,Carrier_D,8,193318
SHP01937,Pune,Shanghai,Sea,Machinery,6750,16.47,866,40FT,113.09,Peak,Carrier_B,5,69658
SHP01938,Delhi,Shanghai,Air,Textiles,1422,1.14,3645,AIR_CARGO,97.5,Normal,Carrier_A,8,140925
SHP01939,Hyderabad,Rotterdam,Sea,Machinery,4064,6.57,10861,40FT,92.7,Normal,Carrier_B,21,90718
SHP01940,Ahmedabad,Dubai,Sea,Pharmaceuticals,1927,8.19,1989,40FT,89.38,Normal,Carrier_C,8,46347
SHP01941,Chennai,Hamburg,Sea,Machinery,592,0.5,4303,40FT,85.72,Off_Peak,Carrier_A,7,41440
SHP01942,Bengaluru,Colombo,Sea,Automotive Parts,3407,13.54,4139,AIR_CARGO,97.98,Off_Peak,Carrier_B,11,55303
SHP01943,Mumbai,London,Air,Furniture,3691,1.12,9719,40FT,80.12,Normal,Carrier_C,24,215713
SHP01944,Pune,Singapore,Air,Chemicals,913,7.08,5348,LCL,111.77,Off_Peak,Carrier_C,13,178532
SHP01945,Bengaluru,Dubai,Air,Chemicals,1861,7.62,7533,LCL,82.04,Normal,Carrier_E,15,169791
SHP01946,Bengaluru,New York,Sea,Pharmaceuticals,1668,2.21,5150,LCL,104.82,Normal,Carrier_B,11,65512
SHP01947,Kolkata,Shanghai,Sea,Chemicals,4232,7.08,6842,LCL,87.28,Normal,Carrier_D,13,62014
SHP01948,Pune,Rotterdam,Sea,Food Products,913,7.1,1218,LCL,84.04,Normal,Carrier_E,3,27122
SHP01949,Pune,Los Angeles,Sea,Electronics,2680,13.58,4801,20FT,97.31,Normal,Carrier_A,11,59551
SHP01950,Delhi,Jebel Ali,Sea,Food Products,546,0.5,10334,40FT,105.6,Normal,Carrier_D,22,100977
SHP01951,Kolkata,Los Angeles,Sea,Textiles,3199,9.94,8447,40FT_HC,104.07,Normal,Carrier_C,21,84672
SHP01952,Hyderabad,Los Angeles,Sea,Food Products,2712,10.38,11791,20FT,84.35,Normal,Carrier_A,20,73027
SHP01953,Mumbai,Colombo,Sea,Textiles,1793,6.68,9561,AIR_CARGO,88.22,Normal,Carrier_E,15,75173
SHP01954,Hyderabad,Dubai,Air,Textiles,6326,15.28,5692,20FT,109.75,Normal,Carrier_C,16,301455
SHP01955,Chennai,Los Angeles,Road,Electronics,454,0.5,8277,40FT_HC,103.93,Normal,Carrier_C,17,107700
SHP01956,Mumbai,Colombo,Road,Automotive Parts,2471,7.0,9423,20FT,103.51,Normal,Carrier_C,19,128797
SHP01957,Kolkata,London,Sea,Furniture,5445,4.62,3601,40FT,85.76,Peak,Carrier_D,10,65795
SHP01958,Ahmedabad,Hamburg,Sea,Pharmaceuticals,2718,11.83,1190,LCL,106.68,Normal,Carrier_E,4,46323
SHP01959,Ahmedabad,London,Sea,Electronics,6075,7.64,5167,40FT,89.34,Peak,Carrier_E,15,69975
SHP01960,Kolkata,Dubai,Air,Pharmaceuticals,1865,1.09,2164,20FT,91.06,Off_Peak,Carrier_D,7,103198
SHP01961,Hyderabad,Jebel Ali,Sea,Chemicals,2243,3.99,3688,40FT_HC,86.5,Normal,Carrier_E,8,48724
SHP01962,Kolkata,London,Sea,Chemicals,5573,9.27,11389,AIR_CARGO,79.86,Normal,Carrier_C,22,70042
SHP01963,Kolkata,Colombo,Air,Food Products,4472,6.13,10241,40FT,91.82,Off_Peak,Carrier_C,20,261740
SHP01964,Bengaluru,Colombo,Sea,Textiles,11891,33.95,7313,40FT_HC,75.68,Normal,Carrier_C,14,57732
SHP01965,Chennai,Singapore,Sea,Machinery,2673,13.55,5114,AIR_CARGO,93.24,Peak,Carrier_E,15,65472
SHP01966,Pune,Shanghai,Sea,Machinery,2848,12.98,3540,LCL,104.0,Normal,Carrier_B,9,52804
SHP01967,Ahmedabad,New York,Sea,Pharmaceuticals,1852,7.75,7072,40FT,113.43,Normal,Carrier_A,13,91568
SHP01968,Bengaluru,New York,Sea,Textiles,2189,15.07,6631,40FT,78.14,Normal,Carrier_B,15,52094
SHP01969,Kolkata,Dubai,Sea,Pharmaceuticals,5038,10.93,9479,LCL,86.25,Normal,Carrier_D,22,74777
SHP01970,Delhi,Shanghai,Sea,Electronics,2500,4.5,11172,LCL,94.77,Normal,Carrier_B,24,92279
SHP01971,Bengaluru,Singapore,Sea,Automotive Parts,1479,3.57,4283,20FT,81.82,Normal,Carrier_B,8,41387
SHP01972,Kolkata,Rotterdam,Air,Furniture,1958,10.38,2872,AIR_CARGO,79.67,Normal,Carrier_D,5,105309
SHP01973,Ahmedabad,Los Angeles,Sea,Electronics,2357,7.96,5132,40FT_HC,93.09,Normal,Carrier_B,14,63620
SHP01974,Pune,London,Sea,Textiles,1543,10.58,5532,LCL,98.23,Normal,Carrier_A,9,52493
SHP01975,Kolkata,Shanghai,Sea,Textiles,1856,4.68,959,20FT,107.81,Normal,Carrier_E,4,40318
SHP01976,Chennai,Los Angeles,Road,Automotive Parts,1305,0.5,10410,AIR_CARGO,114.91,Normal,Carrier_D,20,160550
SHP01977,Hyderabad,Rotterdam,Sea,Pharmaceuticals,1900,1.83,11949,AIR_CARGO,105.97,Normal,Carrier_B,26,115397
SHP01978,Mumbai,Jebel Ali,Sea,Food Products,5335,16.8,11117,40FT,83.85,Normal,Carrier_C,20,81324
SHP01979,Bengaluru,Singapore,Road,Food Products,2580,4.16,10398,20FT,104.92,Peak,Carrier_C,19,147340
SHP01980,Bengaluru,Los Angeles,Air,Automotive Parts,12381,29.86,11915,20FT,96.49,Normal,Carrier_D,25,515874
SHP01981,Bengaluru,Singapore,Sea,Food Products,1522,4.61,10940,40FT,93.03,Normal,Carrier_C,23,88327
SHP01982,Kolkata,Singapore,Air,Machinery,3428,15.39,8416,40FT_HC,112.43,Normal,Carrier_A,20,334201
SHP01983,Pune,Shanghai,Sea,Food Products,2888,10.39,2418,LCL,103.08,Off_Peak,Carrier_B,7,43210
SHP01984,Chennai,Colombo,Sea,Food Products,3816,11.82,2298,40FT,102.27,Normal,Carrier_A,7,53895
SHP01985,Pune,Hamburg,Sea,Food Products,1686,4.65,1061,LCL,75.47,Normal,Carrier_A,6,27120
SHP01986,Kolkata,Dubai,Sea,Machinery,1968,1.36,5236,20FT,109.6,Normal,Carrier_E,9,71754
SHP01987,Kolkata,New York,Air,Pharmaceuticals,3258,8.73,9801,40FT,106.73,Peak,Carrier_B,18,410458
SHP01988,Hyderabad,Singapore,Sea,Food Products,1801,12.99,6138,40FT_HC,86.96,Normal,Carrier_D,11,63478
SHP01989,Delhi,Shanghai,Sea,Chemicals,789,3.93,4713,LCL,86.68,Normal,Carrier_C,5,39329
SHP01990,Chennai,Shanghai,Air,Machinery,5860,11.75,1756,LCL,77.14,Normal,Carrier_E,7,121982
SHP01991,Bengaluru,Los Angeles,Air,Automotive Parts,4453,8.93,1095,LCL,77.03,Normal,Carrier_A,7,87144
SHP01992,Mumbai,Los Angeles,Sea,Electronics,1906,10.21,5091,20FT,101.74,Normal,Carrier_C,12,50431
SHP01993,Bengaluru,London,Sea,Automotive Parts,2881,4.73,1649,LCL,82.45,Normal,Carrier_B,6,25745
SHP01994,Pune,Singapore,Sea,Electronics,4810,10.65,1691,AIR_CARGO,111.94,Normal,Carrier_A,5,56830
SHP01995,Kolkata,Hamburg,Air,Furniture,5990,9.69,5047,LCL,108.7,Peak,Carrier_A,11,319647
SHP01996,Chennai,Dubai,Air,Automotive Parts,2675,5.26,6283,20FT,88.96,Normal,Carrier_B,17,191385
SHP01997,Ahmedabad,Dubai,Road,Chemicals,1709,5.96,2647,40FT,90.2,Peak,Carrier_D,10,60517
SHP01998,Chennai,Jebel Ali,Sea,Electronics,6476,14.23,8373,LCL,88.09,Normal,Carrier_E,16,76458
SHP01999,Chennai,Jebel Ali,Sea,Electronics,2659,6.43,5315,LCL,78.7,Peak,Carrier_B,14,52547
SHP02000,Delhi,London,Sea,Textiles,2272,0.8,1557,40FT,76.26,Peak,Carrier_C,7,35283
SHP02001,Bengaluru,New York,Sea,Electronics,2966,4.83,7826,AIR_CARGO,93.09,Peak,Carrier_C,18,76013
SHP02002,Delhi,Jebel Ali,Sea,Electronics,5296,21.14,4605,20FT,112.72,Normal,Carrier_A,11,74374
SHP02003,Ahmedabad,Rotterdam,Road,Textiles,2438,5.27,1102,40FT,111.69,Normal,Carrier_E,5,55352
SHP02004,Ahmedabad,London,Sea,Food Products,4745,12.75,11402,20FT,107.39,Normal,Carrier_D,20,119341
SHP02005,Hyderabad,Dubai,Sea,Food Products,2183,1.99,7069,40FT,100.14,Normal,Carrier_D,12,81732
SHP02006,Pune,Dubai,Air,Textiles,3714,9.05,5994,40FT_HC,109.25,Peak,Carrier_C,14,303529
SHP02007,Mumbai,Hamburg,Sea,Machinery,1350,2.13,10380,AIR_CARGO,95.6,Normal,Carrier_D,19,90917
SHP02008,Hyderabad,Shanghai,Air,Furniture,5011,16.33,11273,40FT_HC,82.21,Normal,Carrier_C,20,271546
SHP02009,Kolkata,Rotterdam,Sea,Electronics,1611,8.05,3034,40FT,102.37,Normal,Carrier_E,3,50922
SHP02010,Delhi,New York,Sea,Electronics,3370,12.66,9817,40FT,111.83,Normal,Carrier_A,19,105413
SHP02011,Delhi,Los Angeles,Sea,Textiles,951,2.59,10057,20FT,75.78,Normal,Carrier_C,21,49424
SHP02012,Hyderabad,London,Sea,Textiles,2541,14.21,1126,40FT,85.06,Normal,Carrier_E,5,36941
SHP02013,Kolkata,Jebel Ali,Road,Machinery,2825,9.94,8687,20FT,85.62,Normal,Carrier_C,19,86138
SHP02014,Chennai,Colombo,Sea,Chemicals,1605,0.5,1224,20FT,78.96,Peak,Carrier_B,3,35064
SHP02015,Kolkata,Hamburg,Sea,Food Products,2328,11.71,7339,40FT,84.02,Peak,Carrier_C,16,66971
SHP02016,Bengaluru,Dubai,Sea,Automotive Parts,2964,7.03,8196,20FT,90.36,Off_Peak,Carrier_E,19,63176
SHP02017,Hyderabad,Colombo,Sea,Chemicals,3605,13.14,4721,AIR_CARGO,112.59,Normal,Carrier_D,12,77160
SHP02018,Pune,London,Road,Pharmaceuticals,2668,2.14,10629,40FT_HC,109.41,Normal,Carrier_C,20,153621
SHP02019,Kolkata,Singapore,Sea,Food Products,5944,13.87,9706,40FT,112.84,Off_Peak,Carrier_A,20,104437
SHP02020,Chennai,New York,Air,Electronics,5308,15.64,11149,20FT,79.82,Normal,Carrier_E,18,263826
SHP02021,Kolkata,Singapore,Road,Pharmaceuticals,2451,6.81,4121,20FT,76.12,Normal,Carrier_D,9,50433
SHP02022,Delhi,London,Sea,Chemicals,1053,1.91,748,20FT,79.4,Normal,Carrier_E,2,24685
SHP02023,Mumbai,Singapore,Road,Textiles,1822,0.5,9832,20FT,111.57,Normal,Carrier_C,23,135119
SHP02024,Delhi,New York,Sea,Machinery,587,0.5,3064,AIR_CARGO,81.3,Normal,Carrier_B,6,37577
SHP02025,Pune,Shanghai,Sea,Food Products,2219,1.37,5872,40FT,97.91,Peak,Carrier_B,13,81794
SHP02026,Ahmedabad,London,Sea,Machinery,6218,7.36,9899,40FT,84.1,Normal,Carrier_A,19,77758
SHP02027,Mumbai,Colombo,Air,Pharmaceuticals,4181,7.12,2986,AIR_CARGO,75.83,Normal,Carrier_A,6,113657
SHP02028,Ahmedabad,Singapore,Road,Food Products,2639,13.72,4087,AIR_CARGO,78.38,Peak,Carrier_D,10,62613
SHP02029,Kolkata,New York,Sea,Furniture,1558,8.34,5549,AIR_CARGO,103.39,Normal,Carrier_B,11,67583
SHP02030,Bengaluru,Jebel Ali,Air,Furniture,2707,3.1,3626,40FT,82.29,Normal,Carrier_C,12,118940
SHP02031,Pune,Los Angeles,Sea,Chemicals,9990,21.43,5805,LCL,84.17,Peak,Carrier_E,9,76945
SHP02032,Kolkata,New York,Sea,Electronics,6575,13.31,610,40FT_HC,90.09,Normal,Carrier_E,4,48173
SHP02033,Chennai,Hamburg,Sea,Furniture,2267,8.42,2940,AIR_CARGO,101.29,Normal,Carrier_B,7,53214
SHP02034,Kolkata,Los Angeles,Road,Furniture,954,3.89,10074,AIR_CARGO,93.77,Normal,Carrier_B,20,117235
SHP02035,Mumbai,Jebel Ali,Sea,Automotive Parts,10502,22.16,5255,40FT,112.78,Off_Peak,Carrier_E,12,86252
SHP02036,Delhi,Rotterdam,Sea,Machinery,1557,1.32,7819,40FT,92.37,Normal,Carrier_D,18,73442
SHP02037,Bengaluru,Colombo,Sea,Machinery,3528,12.73,3171,40FT_HC,82.97,Off_Peak,Carrier_E,8,35974
SHP02038,Ahmedabad,Dubai,Sea,Furniture,908,8.26,7974,20FT,96.45,Normal,Carrier_A,19,72422
SHP02039,Kolkata,Jebel Ali,Sea,Automotive Parts,2026,1.24,12000,40FT,93.04,Normal,Carrier_C,24,91128
SHP02040,Kolkata,Shanghai,Sea,Machinery,905,1.69,7346,40FT_HC,106.49,Off_Peak,Carrier_B,13,81041
SHP02041,Delhi,Los Angeles,Road,Machinery,1175,3.31,7726,40FT,112.4,Normal,Carrier_B,16,124092
SHP02042,Bengaluru,Shanghai,Sea,Food Products,1371,2.51,1782,40FT,108.45,Normal,Carrier_D,8,58059
SHP02043,Hyderabad,Los Angeles,Sea,Food Products,3409,12.64,5139,40FT,90.56,Normal,Carrier_A,11,60052
SHP02044,Ahmedabad,Hamburg,Sea,Automotive Parts,2349,4.98,10398,LCL,83.64,Normal,Carrier_E,19,77729
SHP02045,Kolkata,Rotterdam,Road,Pharmaceuticals,14574,42.33,10094,LCL,111.58,Off_Peak,Carrier_A,22,185781
SHP02046,Kolkata,Dubai,Air,Electronics,5224,17.24,6508,AIR_CARGO,90.44,Normal,Carrier_A,15,237033
SHP02047,Hyderabad,Hamburg,Sea,Chemicals,5298,9.87,10890,LCL,105.81,Normal,Carrier_D,20,115703
SHP02048,Ahmedabad,Jebel Ali,Air,Furniture,3468,8.52,2144,40FT_HC,114.58,Peak,Carrier_D,5,221921
SHP02049,Mumbai,Shanghai,Sea,Furniture,2991,3.22,8069,40FT,98.1,Normal,Carrier_E,16,82562
SHP02050,Mumbai,Los Angeles,Sea,Chemicals,5415,11.33,3362,LCL,94.2,Normal,Carrier_E,8,59845
SHP02051,Pune,Jebel Ali,Sea,Furniture,532,4.75,7924,40FT,102.99,Normal,Carrier_C,18,80104
SHP02052,Pune,New York,Sea,Furniture,1668,4.95,1505,20FT,82.76,Off_Peak,Carrier_A,4,23693
SHP02053,Chennai,Rotterdam,Sea,Pharmaceuticals,1032,10.91,11352,AIR_CARGO,94.53,Normal,Carrier_E,24,91136
SHP02054,Delhi,Colombo,Road,Machinery,735,0.5,9543,LCL,87.49,Normal,Carrier_D,18,95051
SHP02055,Bengaluru,New York,Air,Electronics,1517,3.48,2811,40FT,81.57,Peak,Carrier_C,10,102541
SHP02056,Kolkata,Shanghai,Air,Furniture,1186,0.8,7829,20FT,99.41,Normal,Carrier_C,20,224559
SHP02057,Ahmedabad,Rotterdam,Sea,Automotive Parts,5433,11.67,9230,AIR_CARGO,98.03,Normal,Carrier_D,17,98158
SHP02058,Kolkata,Rotterdam,Sea,Pharmaceuticals,2653,6.48,2909,AIR_CARGO,105.45,Normal,Carrier_E,5,52705
SHP02059,Pune,Jebel Ali,Air,Furniture,677,0.5,1573,20FT,109.92,Off_Peak,Carrier_D,7,93974
SHP02060,Chennai,New York,Sea,Automotive Parts,3066,11.13,4545,LCL,83.82,Normal,Carrier_E,11,40378
SHP02061,Ahmedabad,Jebel Ali,Sea,Food Products,1295,10.09,2061,LCL,106.19,Normal,Carrier_D,7,47128
SHP02062,Ahmedabad,Jebel Ali,Sea,Machinery,2603,0.5,7006,40FT,89.7,Normal,Carrier_D,13,62028
SHP02063,Kolkata,Jebel Ali,Air,Textiles,3229,13.26,5377,40FT_HC,100.15,Normal,Carrier_B,12,223930
SHP02064,Delhi,Shanghai,Sea,Furniture,1535,13.72,5818,40FT,109.01,Off_Peak,Carrier_E,12,69837
SHP02065,Chennai,Los Angeles,Sea,Automotive Parts,2879,7.61,6743,40FT,85.25,Off_Peak,Carrier_A,15,47842
SHP02066,Delhi,Los Angeles,Air,Pharmaceuticals,3247,5.29,11794,40FT,99.04,Normal,Carrier_B,21,359036
SHP02067,Chennai,Shanghai,Sea,Machinery,2247,3.06,9615,20FT,94.21,Normal,Carrier_B,19,81627
SHP02068,Kolkata,Dubai,Sea,Electronics,1566,2.5,7739,AIR_CARGO,106.62,Normal,Carrier_B,14,84828
SHP02069,Chennai,Colombo,Sea,Pharmaceuticals,2505,7.69,4683,AIR_CARGO,102.89,Normal,Carrier_B,9,64673
SHP02070,Mumbai,Hamburg,Sea,Food Products,2283,3.73,811,40FT_HC,105.79,Normal,Carrier_A,3,46733
SHP02071,Ahmedabad,Colombo,Air,Chemicals,3071,6.99,1840,LCL,86.52,Peak,Carrier_B,6,116893
SHP02072,Bengaluru,Shanghai,Sea,Furniture,2106,1.19,8905,40FT,103.17,Off_Peak,Carrier_A,19,83704
SHP02073,Kolkata,Singapore,Sea,Electronics,1152,0.92,4746,20FT,99.23,Normal,Carrier_A,12,55434
SHP02074,Hyderabad,Hamburg,Road,Automotive Parts,2240,3.68,4346,20FT,93.27,Off_Peak,Carrier_B,7,56621
SHP02075,Bengaluru,Dubai,Road,Furniture,3091,7.22,10723,40FT,90.13,Peak,Carrier_C,24,125216
SHP02076,Kolkata,London,Road,Automotive Parts,2820,0.89,6072,20FT,88.26,Normal,Carrier_A,12,72586
SHP02077,Bengaluru,Hamburg,Sea,Electronics,2326,4.22,10845,20FT,75.39,Normal,Carrier_B,21,64716
SHP02078,Mumbai,Rotterdam,Sea,Automotive Parts,1822,3.48,10696,40FT,81.78,Peak,Carrier_D,22,86527
SHP02079,Bengaluru,Shanghai,Road,Pharmaceuticals,1762,4.93,1422,40FT_HC,77.36,Normal,Carrier_D,4,33536
SHP02080,Chennai,London,Air,Machinery,1885,10.08,11372,20FT,108.93,Off_Peak,Carrier_E,23,331900
SHP02081,Pune,Colombo,Sea,Automotive Parts,5032,11.58,1385,AIR_CARGO,109.4,Normal,Carrier_A,6,54333
SHP02082,Bengaluru,London,Sea,Food Products,1350,0.5,11580,AIR_CARGO,108.85,Normal,Carrier_A,22,104849
SHP02083,Kolkata,Shanghai,Sea,Machinery,2652,6.84,5705,AIR_CARGO,107.72,Off_Peak,Carrier_D,12,72092
SHP02084,Hyderabad,Colombo,Road,Pharmaceuticals,1104,0.5,9250,40FT,83.85,Peak,Carrier_A,19,99947
SHP02085,Hyderabad,Shanghai,Sea,Furniture,4110,6.85,8621,AIR_CARGO,94.67,Normal,Carrier_A,20,76449
SHP02086,Pune,New York,Sea,Textiles,1764,3.02,6463,LCL,111.31,Normal,Carrier_D,13,84361
SHP02087,Delhi,Singapore,Sea,Furniture,1462,1.4,7624,20FT,105.39,Normal,Carrier_B,15,76112
SHP02088,Pune,Dubai,Air,Automotive Parts,2876,2.59,11424,40FT_HC,75.07,Normal,Carrier_D,21,233000
SHP02089,Ahmedabad,Dubai,Air,Automotive Parts,505,0.5,11165,AIR_CARGO,93.38,Normal,Carrier_C,20,258632
SHP02090,Bengaluru,Rotterdam,Sea,Food Products,1074,4.38,8025,40FT,75.43,Normal,Carrier_D,14,52080
SHP02091,Hyderabad,Singapore,Air,Pharmaceuticals,3161,7.69,8064,40FT_HC,86.23,Normal,Carrier_D,15,237285
SHP02092,Pune,Singapore,Road,Food Products,4835,7.54,3340,40FT,92.43,Normal,Carrier_B,11,67627
SHP02093,Bengaluru,Rotterdam,Sea,Chemicals,3351,4.54,10029,40FT_HC,110.72,Normal,Carrier_D,22,117243
SHP02094,Ahmedabad,Colombo,Sea,Pharmaceuticals,2737,7.01,7775,40FT_HC,101.18,Normal,Carrier_D,19,86527
SHP02095,Hyderabad,Rotterdam,Sea,Electronics,11978,24.57,10002,20FT,89.5,Normal,Carrier_B,18,94257
SHP02096,Ahmedabad,Colombo,Air,Electronics,3441,4.61,8065,40FT_HC,94.63,Off_Peak,Carrier_D,13,244275
SHP02097,Bengaluru,Rotterdam,Sea,Electronics,1268,0.73,3942,LCL,107.7,Peak,Carrier_B,10,64145
SHP02098,Kolkata,Hamburg,Sea,Food Products,4866,7.7,2679,LCL,86.99,Normal,Carrier_C,11,41258
SHP02099,Bengaluru,Hamburg,Air,Electronics,1648,4.33,1385,LCL,99.6,Peak,Carrier_B,4,112833
SHP02100,Pune,New York,Sea,Pharmaceuticals,1578,2.53,7239,40FT,85.49,Normal,Carrier_A,15,63936
SHP02101,Ahmedabad,Los Angeles,Road,Electronics,1019,8.04,3767,20FT,94.2,Normal,Carrier_A,6,57540
SHP02102,Kolkata,Rotterdam,Sea,Textiles,1913,0.5,7751,40FT,75.99,Normal,Carrier_B,16,55597
SHP02103,Kolkata,Singapore,Sea,Electronics,1124,7.28,1175,AIR_CARGO,109.09,Off_Peak,Carrier_D,4,41825
SHP02104,Delhi,Hamburg,Air,Automotive Parts,3592,9.5,4820,LCL,76.93,Normal,Carrier_E,7,132509
SHP02105,Hyderabad,Jebel Ali,Air,Chemicals,2304,11.45,3496,20FT,83.97,Peak,Carrier_E,6,136047
SHP02106,Chennai,Colombo,Sea,Food Products,1032,7.88,4759,LCL,88.34,Off_Peak,Carrier_C,8,37475
SHP02107,Kolkata,Hamburg,Road,Machinery,2372,3.94,1124,20FT,100.01,Normal,Carrier_C,1,35698
SHP02108,Ahmedabad,Hamburg,Road,Chemicals,4770,5.72,8828,40FT,103.8,Normal,Carrier_E,17,134888
SHP02109,Hyderabad,Shanghai,Sea,Textiles,7176,16.5,1842,40FT,78.22,Normal,Carrier_E,6,35945
SHP02110,Mumbai,Colombo,Road,Food Products,781,0.5,666,LCL,76.74,Normal,Carrier_B,2,16047
SHP02111,Bengaluru,Dubai,Sea,Pharmaceuticals,1507,6.23,11382,40FT_HC,106.96,Normal,Carrier_E,25,115762
SHP02112,Pune,London,Sea,Furniture,1081,3.18,2718,20FT,103.49,Normal,Carrier_A,6,42327
SHP02113,Ahmedabad,Colombo,Sea,Food Products,3146,5.09,10023,AIR_CARGO,108.26,Normal,Carrier_C,21,96435
SHP02114,Mumbai,New York,Road,Automotive Parts,1000,0.58,11591,40FT_HC,102.06,Normal,Carrier_C,24,144646
SHP02115,Ahmedabad,Shanghai,Air,Pharmaceuticals,4977,7.76,6642,40FT,105.04,Normal,Carrier_A,17,290787
SHP02116,Bengaluru,Colombo,Sea,Chemicals,5467,12.89,6550,20FT,90.16,Normal,Carrier_C,12,67193
SHP02117,Delhi,Colombo,Sea,Chemicals,4255,6.16,4725,40FT_HC,98.61,Normal,Carrier_E,11,64062
SHP02118,Ahmedabad,Los Angeles,Sea,Electronics,1568,3.58,5394,AIR_CARGO,107.22,Off_Peak,Carrier_C,10,60733
SHP02119,Kolkata,Shanghai,Sea,Pharmaceuticals,1634,5.3,6044,40FT_HC,81.88,Normal,Carrier_A,16,55828
SHP02120,Chennai,Colombo,Road,Furniture,1858,7.02,2249,AIR_CARGO,91.91,Peak,Carrier_C,4,45898
SHP02121,Kolkata,London,Air,Automotive Parts,5127,13.99,4694,40FT,104.62,Normal,Carrier_E,11,257435
SHP02122,Bengaluru,London,Sea,Electronics,829,0.78,9885,20FT,96.31,Peak,Carrier_B,23,94487
SHP02123,Ahmedabad,Jebel Ali,Road,Electronics,3213,9.43,2598,40FT,102.27,Peak,Carrier_E,4,74451
SHP02124,Chennai,Shanghai,Sea,Furniture,1363,3.79,8893,20FT,86.71,Normal,Carrier_C,19,61465
SHP02125,Kolkata,Dubai,Road,Food Products,1903,5.04,7993,40FT_HC,76.29,Normal,Carrier_D,15,81680
SHP02126,Chennai,Colombo,Air,Chemicals,4034,5.5,1159,40FT,76.17,Off_Peak,Carrier_C,9,78525
SHP02127,Pune,Los Angeles,Sea,Electronics,934,0.5,758,20FT,112.71,Peak,Carrier_C,1,51333
SHP02128,Bengaluru,Los Angeles,Sea,Textiles,2087,6.0,4554,AIR_CARGO,112.78,Normal,Carrier_A,7,73095
SHP02129,Delhi,Singapore,Road,Textiles,2299,7.42,8460,20FT,83.45,Normal,Carrier_D,15,91830
SHP02130,Delhi,Dubai,Sea,Chemicals,2440,3.33,4300,40FT,80.9,Normal,Carrier_A,8,39769
SHP02131,Ahmedabad,Los Angeles,Sea,Textiles,2338,10.26,8179,40FT,75.73,Off_Peak,Carrier_A,18,49617
SHP02132,Kolkata,London,Sea,Furniture,3590,17.4,8153,40FT_HC,84.25,Normal,Carrier_E,20,67932
SHP02133,Mumbai,Singapore,Sea,Food Products,1864,11.45,9775,AIR_CARGO,88.37,Normal,Carrier_B,22,77168
SHP02134,Bengaluru,Rotterdam,Sea,Automotive Parts,3170,6.48,1644,20FT,84.65,Normal,Carrier_C,5,33205
SHP02135,Kolkata,Los Angeles,Air,Machinery,3098,5.64,7137,40FT,106.9,Off_Peak,Carrier_D,15,265570
SHP02136,Kolkata,New York,Road,Electronics,3011,10.32,1219,20FT,104.98,Normal,Carrier_C,3,44564
SHP02137,Delhi,Shanghai,Sea,Machinery,3523,11.1,2523,LCL,78.24,Peak,Carrier_A,7,36640
SHP02138,Ahmedabad,Los Angeles,Air,Automotive Parts,3003,2.7,4243,AIR_CARGO,102.89,Peak,Carrier_B,9,224935
SHP02139,Chennai,Hamburg,Sea,Automotive Parts,2358,4.65,8635,AIR_CARGO,95.82,Normal,Carrier_A,18,80663
SHP02140,Bengaluru,Dubai,Road,Furniture,1096,5.26,11700,LCL,80.29,Normal,Carrier_C,22,93934
SHP02141,Pune,Hamburg,Air,Food Products,6040,10.8,4439,AIR_CARGO,104.58,Normal,Carrier_E,8,261848
SHP02142,Chennai,Jebel Ali,Sea,Textiles,7522,14.93,6493,LCL,78.44,Peak,Carrier_C,14,60985
SHP02143,Hyderabad,Los Angeles,Air,Textiles,1979,2.34,3479,20FT,82.09,Off_Peak,Carrier_A,8,91994
SHP02144,Hyderabad,Rotterdam,Sea,Furniture,3363,6.41,8268,LCL,80.97,Normal,Carrier_D,16,58708
SHP02145,Bengaluru,Hamburg,Sea,Automotive Parts,1751,0.5,4716,40FT_HC,112.56,Normal,Carrier_D,9,85296
SHP02146,Ahmedabad,Hamburg,Air,Food Products,1565,6.5,6038,LCL,102.93,Peak,Carrier_D,14,255824
SHP02147,Mumbai,Dubai,Sea,Food Products,2592,3.23,7030,20FT,91.45,Off_Peak,Carrier_D,16,56707
SHP02148,Hyderabad,Singapore,Sea,Chemicals,15505,37.73,8392,AIR_CARGO,107.89,Normal,Carrier_D,21,131934
SHP02149,Delhi,Rotterdam,Sea,Pharmaceuticals,7052,17.17,1191,40FT_HC,83.64,Normal,Carrier_B,7,40512
SHP02150,Mumbai,Hamburg,Air,Electronics,6397,11.18,6881,LCL,112.24,Off_Peak,Carrier_B,12,317874
SHP02151,Kolkata,Colombo,Sea,Furniture,3503,1.28,5458,20FT,102.88,Off_Peak,Carrier_E,12,68666
SHP02152,Hyderabad,Rotterdam,Sea,Pharmaceuticals,1377,3.64,2038,40FT_HC,97.38,Normal,Carrier_D,3,48295
SHP02153,Delhi,Colombo,Air,Furniture,4905,9.94,2892,40FT_HC,106.79,Off_Peak,Carrier_A,4,187600
SHP02154,Kolkata,Los Angeles,Air,Textiles,394,2.76,10665,40FT_HC,100.79,Normal,Carrier_A,26,285326
SHP02155,Mumbai,Hamburg,Sea,Automotive Parts,3223,10.92,10525,LCL,110.48,Peak,Carrier_C,24,113042
SHP02156,Bengaluru,Hamburg,Sea,Furniture,5103,4.0,883,20FT,108.17,Normal,Carrier_D,2,45842
SHP02157,Kolkata,London,Sea,Furniture,2759,5.64,8428,20FT,82.91,Normal,Carrier_A,20,66996
SHP02158,Chennai,London,Sea,Chemicals,7351,21.67,6873,20FT,84.59,Normal,Carrier_E,17,59456
SHP02159,Bengaluru,Dubai,Sea,Machinery,990,8.11,11308,40FT,77.6,Normal,Carrier_A,19,70706
SHP02160,Bengaluru,Shanghai,Air,Textiles,7076,9.52,10942,AIR_CARGO,83.81,Normal,Carrier_E,24,304514
SHP02161,Mumbai,Shanghai,Air,Electronics,2256,9.98,7165,20FT,88.74,Normal,Carrier_D,14,204900
SHP02162,Mumbai,Singapore,Sea,Food Products,6419,11.25,2098,40FT,76.15,Normal,Carrier_C,7,35551
SHP02163,Delhi,Dubai,Sea,Automotive Parts,4852,14.38,5788,40FT,87.6,Normal,Carrier_C,19,58603
SHP02164,Delhi,Shanghai,Air,Textiles,6689,13.73,8839,40FT_HC,105.86,Off_Peak,Carrier_B,21,356920
SHP02165,Chennai,Dubai,Sea,Machinery,4713,14.21,11445,AIR_CARGO,108.61,Normal,Carrier_D,23,121160
SHP02166,Bengaluru,Hamburg,Road,Furniture,3920,7.89,4684,40FT_HC,75.35,Normal,Carrier_A,13,54386
SHP02167,Pune,London,Sea,Electronics,6076,8.71,9524,AIR_CARGO,75.29,Normal,Carrier_C,15,55962
SHP02168,Ahmedabad,London,Sea,Furniture,2592,3.85,8358,40FT_HC,80.85,Off_Peak,Carrier_E,18,60698
SHP02169,Chennai,London,Air,Electronics,3698,10.97,1400,LCL,109.9,Peak,Carrier_E,6,176708
SHP02170,Chennai,Shanghai,Sea,Chemicals,2494,4.25,6917,AIR_CARGO,93.77,Off_Peak,Carrier_A,16,62009
SHP02171,Ahmedabad,Rotterdam,Air,Furniture,1601,0.5,2610,40FT,114.32,Peak,Carrier_A,6,180048
SHP02172,Ahmedabad,New York,Sea,Textiles,3521,3.3,8361,40FT,110.49,Normal,Carrier_D,18,106420
SHP02173,Ahmedabad,Hamburg,Sea,Machinery,2841,3.53,7516,AIR_CARGO,110.61,Normal,Carrier_A,17,90064
SHP02174,Mumbai,Los Angeles,Road,Electronics,5659,10.2,11690,40FT_HC,80.14,Normal,Carrier_A,19,110924
SHP02175,Chennai,Dubai,Sea,Automotive Parts,2206,7.55,11257,LCL,94.01,Normal,Carrier_A,22,82958
SHP02176,Chennai,London,Air,Electronics,1525,2.05,608,LCL,114.74,Normal,Carrier_C,1,87288
SHP02177,Kolkata,London,Sea,Machinery,5608,12.16,1420,20FT,80.96,Normal,Carrier_D,6,37427
SHP02178,Ahmedabad,London,Sea,Food Products,2605,5.48,9345,AIR_CARGO,97.97,Normal,Carrier_A,22,89221
SHP02179,Ahmedabad,Hamburg,Air,Food Products,1495,5.72,8385,LCL,88.77,Normal,Carrier_A,16,206454
SHP02180,Delhi,London,Sea,Chemicals,6167,17.23,9711,40FT_HC,90.51,Normal,Carrier_E,17,89009
SHP02181,Delhi,Singapore,Sea,Textiles,4566,8.76,3568,40FT_HC,110.63,Normal,Carrier_C,9,66118
SHP02182,Bengaluru,Dubai,Sea,Machinery,8315,18.74,10267,40FT,98.52,Normal,Carrier_A,18,104155
SHP02183,Delhi,Hamburg,Sea,Chemicals,2003,7.34,5588,LCL,105.35,Normal,Carrier_C,12,62691
SHP02184,Hyderabad,Dubai,Sea,Pharmaceuticals,1829,1.57,3512,LCL,101.93,Peak,Carrier_D,8,62797
SHP02185,Bengaluru,Colombo,Air,Electronics,1234,0.75,622,40FT_HC,96.16,Normal,Carrier_D,4,82482
SHP02186,Pune,Jebel Ali,Road,Pharmaceuticals,1729,6.68,10521,40FT,106.67,Peak,Carrier_B,22,166045
SHP02187,Ahmedabad,Singapore,Road,Electronics,1945,2.34,6656,LCL,113.83,Normal,Carrier_E,14,109873
SHP02188,Kolkata,Rotterdam,Air,Food Products,3897,10.27,11717,40FT_HC,113.67,Normal,Carrier_B,27,459604
SHP02189,Delhi,Rotterdam,Air,Chemicals,1366,0.5,8719,40FT,106.58,Peak,Carrier_C,18,316954
SHP02190,Kolkata,New York,Air,Food Products,1624,6.2,1425,40FT,94.49,Normal,Carrier_E,4,92621
SHP02191,Delhi,Singapore,Sea,Automotive Parts,7532,17.13,7264,40FT_HC,81.53,Normal,Carrier_A,15,65053
SHP02192,Delhi,Dubai,Road,Pharmaceuticals,372,2.51,697,40FT,76.78,Normal,Carrier_E,2,21829
SHP02193,Kolkata,Rotterdam,Air,Pharmaceuticals,3416,12.61,6914,40FT,84.26,Normal,Carrier_E,13,193233
SHP02194,Chennai,Jebel Ali,Sea,Food Products,1081,1.24,4527,20FT,88.61,Off_Peak,Carrier_D,7,42134
SHP02195,Chennai,Rotterdam,Sea,Automotive Parts,1481,0.5,7898,40FT,80.19,Peak,Carrier_B,19,65395
SHP02196,Chennai,London,Sea,Electronics,6306,13.57,6728,LCL,83.99,Off_Peak,Carrier_D,13,56528
SHP02197,Hyderabad,New York,Sea,Chemicals,2619,11.09,3506,40FT,78.34,Normal,Carrier_D,9,47816
SHP02198,Chennai,Hamburg,Road,Automotive Parts,14061,34.16,2367,LCL,95.95,Peak,Carrier_B,6,105385
SHP02199,Delhi,Los Angeles,Sea,Chemicals,3757,4.69,5154,40FT_HC,80.05,Normal,Carrier_D,11,54791
SHP02200,Ahmedabad,Los Angeles,Sea,Pharmaceuticals,1458,2.7,11849,40FT,104.71,Off_Peak,Carrier_E,26,100058
SHP02201,Mumbai,Rotterdam,Road,Chemicals,3592,10.5,5511,40FT_HC,88.31,Normal,Carrier_C,12,73028
SHP02202,Kolkata,Dubai,Sea,Pharmaceuticals,5211,11.91,9111,AIR_CARGO,101.88,Peak,Carrier_A,17,105848
SHP02203,Ahmedabad,Dubai,Sea,Automotive Parts,3510,7.75,1155,40FT,110.3,Normal,Carrier_A,3,54014
SHP02204,Mumbai,London,Sea,Pharmaceuticals,2173,2.32,4857,40FT_HC,78.44,Normal,Carrier_D,13,48489
SHP02205,Ahmedabad,Rotterdam,Air,Furniture,833,0.5,7174,AIR_CARGO,114.56,Normal,Carrier_B,16,267936
SHP02206,Hyderabad,Rotterdam,Road,Textiles,2027,5.72,9139,LCL,100.81,Off_Peak,Carrier_E,20,105454
SHP02207,Mumbai,Los Angeles,Sea,Pharmaceuticals,7391,19.57,6576,LCL,77.13,Peak,Carrier_D,13,59936
SHP02208,Pune,Colombo,Road,Food Products,1489,2.85,6426,LCL,87.56,Normal,Carrier_E,11,74252
SHP02209,Bengaluru,Rotterdam,Sea,Automotive Parts,1913,2.58,9285,LCL,110.45,Normal,Carrier_E,20,94395
SHP02210,Chennai,Hamburg,Road,Furniture,4768,14.38,4103,LCL,98.85,Off_Peak,Carrier_A,10,72842
SHP02211,Pune,New York,Air,Electronics,3740,7.21,1542,20FT,86.49,Normal,Carrier_C,5,105397
SHP02212,Hyderabad,New York,Air,Chemicals,1067,3.7,4492,40FT_HC,112.62,Off_Peak,Carrier_C,7,171116
SHP02213,Ahmedabad,Hamburg,Sea,Furniture,2330,7.68,2328,AIR_CARGO,106.49,Normal,Carrier_B,5,52622
SHP02214,Delhi,Colombo,Road,Machinery,6239,9.8,11608,AIR_CARGO,104.42,Normal,Carrier_C,21,158147
SHP02215,Chennai,Dubai,Air,Furniture,2543,6.61,7141,40FT,110.54,Normal,Carrier_D,16,305318
SHP02216,Pune,Los Angeles,Sea,Automotive Parts,6338,4.3,5636,40FT_HC,105.79,Off_Peak,Carrier_A,13,74183
SHP02217,Chennai,New York,Air,Furniture,6575,15.25,10989,20FT,86.47,Normal,Carrier_A,22,314537
SHP02218,Mumbai,Singapore,Sea,Furniture,1368,5.58,10854,20FT,98.36,Normal,Carrier_E,24,93640
SHP02219,Bengaluru,Jebel Ali,Road,Food Products,2064,6.26,5281,40FT_HC,108.69,Normal,Carrier_D,15,108107
SHP02220,Chennai,Los Angeles,Sea,Pharmaceuticals,3833,12.33,10559,LCL,82.23,Normal,Carrier_D,22,71505
SHP02221,Ahmedabad,Colombo,Air,Chemicals,920,3.59,1236,LCL,81.52,Normal,Carrier_E,6,63035
SHP02222,Ahmedabad,Singapore,Sea,Textiles,2163,2.98,10686,40FT_HC,81.36,Peak,Carrier_E,20,79742
SHP02223,Kolkata,Rotterdam,Sea,Electronics,3566,2.33,4072,AIR_CARGO,82.77,Normal,Carrier_A,8,35874
SHP02224,Kolkata,Hamburg,Sea,Textiles,1668,4.42,6999,LCL,79.13,Normal,Carrier_D,17,55761
SHP02225,Chennai,Rotterdam,Sea,Furniture,3664,10.64,3601,40FT,108.51,Peak,Carrier_C,7,72849
SHP02226,Mumbai,London,Sea,Machinery,1692,0.5,11825,20FT,107.73,Peak,Carrier_C,25,123278
SHP02227,Mumbai,Shanghai,Sea,Automotive Parts,1680,5.62,1325,LCL,81.05,Normal,Carrier_A,8,28223
SHP02228,Delhi,Hamburg,Sea,Chemicals,4055,10.01,5640,AIR_CARGO,103.22,Normal,Carrier_C,14,71118
SHP02229,Hyderabad,Singapore,Sea,Automotive Parts,6083,13.02,7641,LCL,100.08,Normal,Carrier_C,16,84109
SHP02230,Hyderabad,Jebel Ali,Sea,Food Products,1575,5.51,7580,LCL,86.05,Normal,Carrier_D,13,61157
SHP02231,Pune,Shanghai,Air,Automotive Parts,1138,1.61,8996,20FT,84.09,Peak,Carrier_D,19,239014
SHP02232,Hyderabad,London,Sea,Electronics,2440,4.45,8831,40FT,85.02,Peak,Carrier_B,20,79899
SHP02233,Bengaluru,Dubai,Road,Machinery,3386,2.98,9621,40FT,104.23,Normal,Carrier_D,19,146925
SHP02234,Mumbai,London,Road,Textiles,1565,5.35,3194,AIR_CARGO,87.77,Peak,Carrier_B,10,48031
SHP02235,Delhi,Shanghai,Air,Furniture,7358,12.29,4761,40FT_HC,86.12,Normal,Carrier_D,11,232813
SHP02236,Kolkata,New York,Sea,Furniture,2272,2.67,4893,40FT_HC,75.9,Normal,Carrier_E,11,48118
SHP02237,Ahmedabad,Los Angeles,Road,Machinery,1556,5.53,11492,40FT_HC,111.33,Off_Peak,Carrier_D,22,159090
SHP02238,Hyderabad,Colombo,Sea,Chemicals,8775,20.22,5207,AIR_CARGO,105.11,Peak,Carrier_B,9,94912
SHP02239,Kolkata,Rotterdam,Sea,Automotive Parts,5695,20.4,3051,LCL,93.91,Normal,Carrier_C,7,49487
SHP02240,Kolkata,Dubai,Sea,Chemicals,1558,6.08,7772,40FT,112.72,Normal,Carrier_D,15,104618
SHP02241,Chennai,Colombo,Air,Textiles,5002,14.91,5414,40FT,86.74,Peak,Carrier_C,13,219855
SHP02242,Bengaluru,London,Sea,Chemicals,1632,7.3,3376,LCL,101.99,Normal,Carrier_C,8,48900
SHP02243,Delhi,Jebel Ali,Sea,Food Products,4117,8.84,8724,40FT,87.21,Normal,Carrier_D,20,77067
SHP02244,Bengaluru,Rotterdam,Road,Machinery,7937,16.77,2707,40FT,87.58,Normal,Carrier_D,7,66573
SHP02245,Chennai,Dubai,Road,Textiles,1139,0.5,7784,40FT_HC,108.79,Normal,Carrier_E,15,119342
SHP02246,Delhi,Colombo,Sea,Textiles,1763,0.5,5451,40FT_HC,106.48,Off_Peak,Carrier_B,10,68444
SHP02247,Delhi,Rotterdam,Sea,Pharmaceuticals,1788,8.85,4170,20FT,86.76,Normal,Carrier_D,8,40332
SHP02248,Mumbai,Rotterdam,Air,Textiles,2971,4.58,11379,20FT,78.26,Normal,Carrier_C,23,219265
SHP02249,Bengaluru,Dubai,Sea,Pharmaceuticals,3401,11.67,4231,40FT,89.3,Normal,Carrier_C,9,54666
SHP02250,Bengaluru,Singapore,Sea,Electronics,2359,0.5,4496,40FT_HC,105.4,Normal,Carrier_D,8,71408
SHP02251,Mumbai,Los Angeles,Sea,Furniture,838,1.26,10512,20FT,79.02,Peak,Carrier_B,23,65261
SHP02252,Pune,Singapore,Road,Pharmaceuticals,1123,7.74,1984,20FT,101.88,Normal,Carrier_C,6,49472
SHP02253,Kolkata,Rotterdam,Air,Machinery,1408,4.42,1743,40FT_HC,110.59,Normal,Carrier_E,6,122826
SHP02254,Chennai,Shanghai,Air,Chemicals,3597,9.73,3751,20FT,82.17,Peak,Carrier_C,7,145386
SHP02255,Bengaluru,Hamburg,Road,Pharmaceuticals,1010,0.5,7304,LCL,109.49,Normal,Carrier_B,13,111541
SHP02256,Mumbai,Shanghai,Sea,Textiles,1380,0.5,4919,LCL,77.05,Peak,Carrier_A,11,40504
SHP02257,Ahmedabad,Dubai,Sea,Machinery,1197,2.67,7498,40FT_HC,101.68,Normal,Carrier_E,12,72639
SHP02258,Pune,Rotterdam,Sea,Pharmaceuticals,3121,2.93,2337,40FT_HC,106.64,Normal,Carrier_E,8,60056
SHP02259,Delhi,Rotterdam,Sea,Pharmaceuticals,5217,11.99,3507,20FT,92.79,Normal,Carrier_A,7,54177
SHP02260,Hyderabad,Jebel Ali,Sea,Textiles,2763,10.5,6999,40FT,83.15,Normal,Carrier_E,14,56995
SHP02261,Ahmedabad,Los Angeles,Air,Food Products,9135,16.68,2997,AIR_CARGO,111.99,Normal,Carrier_E,8,310375
SHP02262,Mumbai,Jebel Ali,Sea,Food Products,2763,9.15,5362,LCL,75.8,Normal,Carrier_E,11,36711
SHP02263,Hyderabad,Dubai,Road,Pharmaceuticals,2352,9.58,7085,LCL,97.2,Normal,Carrier_C,13,84520
SHP02264,Kolkata,New York,Sea,Food Products,1502,2.54,11697,40FT_HC,89.91,Off_Peak,Carrier_C,26,76987
SHP02265,Chennai,Singapore,Sea,Automotive Parts,2853,6.93,1419,40FT,93.44,Off_Peak,Carrier_D,2,40965
SHP02266,Hyderabad,Jebel Ali,Sea,Textiles,1461,1.56,5795,40FT_HC,96.46,Off_Peak,Carrier_D,8,62084
SHP02267,Pune,Dubai,Sea,Automotive Parts,1323,1.91,5057,20FT,96.39,Peak,Carrier_C,13,65943
SHP02268,Kolkata,Singapore,Air,Machinery,1299,6.37,9979,40FT,83.14,Normal,Carrier_E,17,220774
SHP02269,Hyderabad,Dubai,Sea,Automotive Parts,2161,8.05,10853,20FT,102.19,Normal,Carrier_B,24,103138
SHP02270,Delhi,New York,Sea,Machinery,1806,5.87,10931,LCL,75.77,Normal,Carrier_A,23,54913
SHP02271,Delhi,Los Angeles,Sea,Pharmaceuticals,14039,35.86,4814,40FT_HC,75.85,Peak,Carrier_D,11,69120
SHP02272,Pune,Los Angeles,Sea,Machinery,2864,7.62,4004,40FT_HC,94.14,Normal,Carrier_E,8,59777
SHP02273,Delhi,Dubai,Sea,Machinery,2834,1.84,5665,AIR_CARGO,96.68,Off_Peak,Carrier_D,11,61263
SHP02274,Delhi,Jebel Ali,Air,Chemicals,1746,8.41,4456,40FT,86.0,Normal,Carrier_B,9,133228
SHP02275,Mumbai,Los Angeles,Road,Automotive Parts,18336,40.08,8767,LCL,97.07,Normal,Carrier_E,16,164558
SHP02276,Delhi,Hamburg,Sea,Chemicals,1371,2.86,2956,AIR_CARGO,95.64,Peak,Carrier_C,10,43770
SHP02277,Ahmedabad,Jebel Ali,Air,Pharmaceuticals,1837,7.79,8075,AIR_CARGO,88.97,Normal,Carrier_B,15,214106
SHP02278,Delhi,Colombo,Sea,Textiles,4786,5.79,11160,40FT_HC,101.07,Normal,Carrier_D,23,112517
SHP02279,Ahmedabad,London,Sea,Automotive Parts,2851,9.29,3719,40FT,113.32,Peak,Carrier_E,11,79972
SHP02280,Mumbai,Dubai,Sea,Textiles,1093,0.5,8284,40FT_HC,94.63,Off_Peak,Carrier_E,15,73184
SHP02281,Delhi,Dubai,Sea,Textiles,2545,8.44,2151,40FT,106.44,Normal,Carrier_A,7,48798
SHP02282,Pune,Dubai,Sea,Machinery,3889,14.07,1896,AIR_CARGO,84.9,Normal,Carrier_A,4,34374
SHP02283,Kolkata,New York,Sea,Furniture,3487,5.35,1830,20FT,105.48,Off_Peak,Carrier_A,5,39888
SHP02284,Pune,Dubai,Sea,Automotive Parts,3842,5.68,2093,LCL,100.96,Normal,Carrier_C,5,48263
SHP02285,Kolkata,Los Angeles,Sea,Textiles,10350,24.95,2986,AIR_CARGO,100.59,Normal,Carrier_E,6,72411
SHP02286,Bengaluru,Los Angeles,Sea,Furniture,2983,3.51,6973,40FT_HC,110.72,Normal,Carrier_E,15,93137
SHP02287,Kolkata,London,Road,Food Products,4193,1.27,9320,LCL,84.33,Normal,Carrier_D,17,102860
SHP02288,Chennai,London,Sea,Textiles,517,1.13,1959,AIR_CARGO,89.74,Peak,Carrier_C,7,35562
SHP02289,Chennai,Shanghai,Sea,Food Products,8406,21.35,10505,40FT,78.32,Peak,Carrier_A,19,84011
SHP02290,Chennai,Jebel Ali,Sea,Automotive Parts,2608,4.9,10191,40FT_HC,104.04,Normal,Carrier_E,18,97869
SHP02291,Mumbai,Los Angeles,Sea,Pharmaceuticals,1422,3.84,8865,AIR_CARGO,108.75,Peak,Carrier_A,18,105116
SHP02292,Pune,Los Angeles,Sea,Chemicals,2202,9.44,5399,40FT,91.23,Normal,Carrier_B,11,58371
SHP02293,Kolkata,New York,Sea,Automotive Parts,3846,7.73,518,40FT,89.27,Normal,Carrier_C,4,32550
SHP02294,Pune,Los Angeles,Sea,Chemicals,4898,10.76,8950,40FT,101.35,Normal,Carrier_A,18,93008
SHP02295,Ahmedabad,Los Angeles,Sea,Chemicals,2350,5.52,10608,LCL,78.02,Peak,Carrier_C,18,69960
SHP02296,Chennai,Shanghai,Sea,Automotive Parts,3696,7.54,4356,40FT_HC,86.75,Peak,Carrier_E,12,67928
SHP02297,Bengaluru,Hamburg,Sea,Textiles,2107,3.76,8757,40FT,89.65,Normal,Carrier_B,17,76459
SHP02298,Mumbai,Shanghai,Sea,Electronics,3441,15.03,1214,AIR_CARGO,95.74,Normal,Carrier_D,5,51963
SHP02299,Bengaluru,Hamburg,Sea,Textiles,2859,7.31,8659,40FT,94.06,Peak,Carrier_B,22,94684
SHP02300,Kolkata,Shanghai,Sea,Textiles,3040,6.05,1286,40FT_HC,83.35,Normal,Carrier_C,7,41201
SHP02301,Delhi,Los Angeles,Air,Pharmaceuticals,2042,10.4,7253,LCL,96.63,Normal,Carrier_B,16,229053
SHP02302,Bengaluru,Shanghai,Sea,Machinery,3250,12.08,7372,40FT,112.03,Peak,Carrier_E,13,107752
SHP02303,Delhi,Los Angeles,Sea,Machinery,1461,5.98,3975,AIR_CARGO,76.08,Normal,Carrier_C,7,33614
SHP02304,Mumbai,Los Angeles,Sea,Textiles,2837,4.32,1410,40FT_HC,102.21,Normal,Carrier_C,7,48748
SHP02305,Bengaluru,London,Road,Food Products,1655,14.87,11417,40FT,99.99,Off_Peak,Carrier_E,22,129349
SHP02306,Bengaluru,Rotterdam,Sea,Pharmaceuticals,1311,0.5,6659,LCL,111.98,Peak,Carrier_A,14,82911
SHP02307,Hyderabad,Hamburg,Sea,Chemicals,1580,0.5,7167,20FT,100.81,Normal,Carrier_D,13,78974
SHP02308,Mumbai,Colombo,Sea,Furniture,2184,6.73,7573,AIR_CARGO,99.99,Off_Peak,Carrier_B,17,67036
SHP02309,Mumbai,Jebel Ali,Sea,Machinery,1773,2.79,10747,40FT,105.79,Normal,Carrier_D,24,113699
SHP02310,Chennai,Jebel Ali,Sea,Textiles,3235,0.5,1193,40FT,85.71,Normal,Carrier_D,7,40932
SHP02311,Kolkata,Shanghai,Sea,Pharmaceuticals,2633,5.71,10773,20FT,98.83,Peak,Carrier_E,21,111186
SHP02312,Bengaluru,Rotterdam,Road,Electronics,4834,11.83,3256,40FT_HC,95.78,Off_Peak,Carrier_A,9,61131
SHP02313,Pune,New York,Sea,Food Products,2366,4.96,1396,20FT,92.54,Normal,Carrier_D,4,35085
SHP02314,Bengaluru,Colombo,Air,Automotive Parts,2812,7.9,8059,40FT_HC,78.18,Normal,Carrier_C,18,179646
SHP02315,Ahmedabad,Jebel Ali,Road,Textiles,8408,18.14,11735,40FT,86.71,Peak,Carrier_A,23,150256
SHP02316,Mumbai,Singapore,Sea,Pharmaceuticals,1880,3.92,1158,20FT,86.2,Peak,Carrier_E,2,30535
SHP02317,Pune,Dubai,Sea,Textiles,2077,10.18,5400,40FT,103.97,Normal,Carrier_D,14,76197
SHP02318,Mumbai,Singapore,Sea,Furniture,5466,16.85,6593,20FT,111.83,Normal,Carrier_E,14,89960
SHP02319,Kolkata,New York,Sea,Chemicals,1342,2.36,3399,40FT,84.23,Normal,Carrier_B,7,42656
SHP02320,Mumbai,Colombo,Sea,Food Products,5878,16.19,11803,40FT,77.98,Normal,Carrier_E,24,78675
SHP02321,Delhi,Jebel Ali,Road,Machinery,2143,8.6,7871,40FT,115.0,Normal,Carrier_C,15,127956
SHP02322,Delhi,Shanghai,Air,Machinery,1454,0.5,10210,LCL,102.65,Normal,Carrier_E,21,302154
SHP02323,Hyderabad,Dubai,Sea,Machinery,4503,12.04,5281,20FT,110.46,Normal,Carrier_A,11,76312
SHP02324,Delhi,Hamburg,Sea,Furniture,2123,5.68,4570,LCL,80.76,Normal,Carrier_B,9,41328
SHP02325,Delhi,Jebel Ali,Air,Automotive Parts,8183,22.11,6861,40FT,107.03,Normal,Carrier_C,19,354102
SHP02326,Kolkata,Jebel Ali,Road,Pharmaceuticals,2635,2.5,5506,AIR_CARGO,107.53,Normal,Carrier_B,10,91989
SHP02327,Bengaluru,New York,Air,Food Products,2623,6.11,8722,40FT_HC,81.06,Peak,Carrier_C,19,225716
SHP02328,Delhi,Jebel Ali,Sea,Food Products,1708,1.05,3557,20FT,81.46,Normal,Carrier_B,9,42769
SHP02329,Pune,Colombo,Sea,Machinery,2273,6.74,5670,20FT,86.82,Off_Peak,Carrier_D,10,52171
SHP02330,Hyderabad,Rotterdam,Sea,Machinery,2094,1.68,10794,40FT_HC,83.67,Normal,Carrier_E,21,78356
SHP02331,Mumbai,Colombo,Sea,Chemicals,5940,11.96,9195,LCL,114.02,Normal,Carrier_A,16,102709
SHP02332,Delhi,Hamburg,Sea,Furniture,3018,7.68,2433,40FT_HC,89.52,Peak,Carrier_A,11,47747
SHP02333,Hyderabad,Rotterdam,Sea,Electronics,3955,5.66,10699,AIR_CARGO,105.45,Normal,Carrier_D,21,115384
SHP02334,Kolkata,Jebel Ali,Air,Electronics,2665,0.5,7274,40FT,107.2,Normal,Carrier_B,15,283524
SHP02335,Ahmedabad,Jebel Ali,Sea,Textiles,1914,8.71,8312,40FT_HC,90.44,Peak,Carrier_E,21,85578
SHP02336,Ahmedabad,Dubai,Sea,Textiles,3182,5.0,3884,40FT_HC,102.3,Normal,Carrier_D,7,68130
SHP02337,Ahmedabad,Jebel Ali,Sea,Food Products,7031,11.14,5578,40FT,79.31,Normal,Carrier_B,15,57702
SHP02338,Mumbai,Los Angeles,Sea,Food Products,1265,0.5,9778,20FT,90.88,Off_Peak,Carrier_E,21,71364
SHP02339,Hyderabad,Hamburg,Sea,Automotive Parts,3284,7.42,4303,AIR_CARGO,113.69,Normal,Carrier_B,6,73203
SHP02340,Delhi,London,Sea,Automotive Parts,6613,22.05,2398,40FT_HC,81.74,Normal,Carrier_A,6,36988
SHP02341,Bengaluru,Shanghai,Air,Electronics,1472,2.95,4851,40FT_HC,90.43,Off_Peak,Carrier_E,12,141144
SHP02342,Mumbai,Dubai,Sea,Furniture,4552,13.17,1296,20FT,106.62,Normal,Carrier_A,4,50427
SHP02343,Mumbai,Singapore,Sea,Textiles,4556,9.31,8755,AIR_CARGO,101.62,Normal,Carrier_A,18,85220
SHP02344,Ahmedabad,Rotterdam,Sea,Electronics,1078,3.31,2199,40FT,100.26,Normal,Carrier_E,5,42461
SHP02345,Bengaluru,London,Road,Furniture,5145,11.42,3779,40FT,109.13,Normal,Carrier_D,7,99632
SHP02346,Ahmedabad,Shanghai,Air,Electronics,1699,6.33,10632,LCL,76.16,Peak,Carrier_B,21,232782
SHP02347,Mumbai,Jebel Ali,Air,Textiles,3157,2.99,6716,AIR_CARGO,105.85,Peak,Carrier_E,18,297884
SHP02348,Delhi,Colombo,Sea,Pharmaceuticals,4865,11.88,4195,AIR_CARGO,110.3,Normal,Carrier_A,8,73145
SHP02349,Ahmedabad,Los Angeles,Sea,Automotive Parts,5454,13.6,6798,40FT_HC,75.65,Normal,Carrier_B,13,54166
SHP02350,Ahmedabad,Rotterdam,Sea,Chemicals,921,3.78,3010,LCL,97.36,Normal,Carrier_E,8,44307
SHP02351,Pune,Rotterdam,Sea,Chemicals,7996,13.65,789,40FT,88.94,Normal,Carrier_D,1,46265
SHP02352,Ahmedabad,Rotterdam,Road,Chemicals,6284,13.06,7443,AIR_CARGO,77.03,Normal,Carrier_E,16,76766
SHP02353,Mumbai,Hamburg,Sea,Textiles,4953,14.2,8712,AIR_CARGO,91.71,Normal,Carrier_E,15,80617
SHP02354,Delhi,Rotterdam,Road,Machinery,3162,8.43,10617,20FT,100.76,Normal,Carrier_C,19,127839
SHP02355,Bengaluru,Dubai,Air,Machinery,1883,11.42,9377,40FT,111.76,Peak,Carrier_B,17,393299
SHP02356,Chennai,Shanghai,Sea,Machinery,1236,0.83,11157,20FT,99.82,Peak,Carrier_E,19,109372
SHP02357,Bengaluru,Colombo,Road,Food Products,870,0.5,11838,LCL,109.27,Normal,Carrier_A,26,150254
SHP02358,Delhi,Dubai,Sea,Automotive Parts,3801,7.18,9067,AIR_CARGO,79.86,Peak,Carrier_A,20,68941
SHP02359,Kolkata,Dubai,Sea,Automotive Parts,4952,1.14,10481,LCL,83.42,Normal,Carrier_C,23,71674
SHP02360,Ahmedabad,Los Angeles,Sea,Pharmaceuticals,2366,8.44,8248,20FT,113.81,Normal,Carrier_A,19,100004
SHP02361,Bengaluru,Colombo,Sea,Pharmaceuticals,1853,4.4,2466,40FT,110.5,Normal,Carrier_E,6,55193
SHP02362,Kolkata,Los Angeles,Sea,Food Products,2616,7.82,2590,AIR_CARGO,84.41,Peak,Carrier_B,7,43877
SHP02363,Kolkata,Rotterdam,Sea,Electronics,1649,6.16,1768,40FT,99.84,Off_Peak,Carrier_C,7,40804
SHP02364,Delhi,Rotterdam,Sea,Furniture,2535,10.2,11344,LCL,89.51,Normal,Carrier_C,26,82021
SHP02365,Delhi,Dubai,Sea,Pharmaceuticals,1588,0.5,8237,40FT_HC,93.74,Peak,Carrier_D,14,92637
SHP02366,Pune,Dubai,Sea,Chemicals,3721,0.69,9584,40FT,109.44,Peak,Carrier_D,24,130198
SHP02367,Ahmedabad,Rotterdam,Sea,Machinery,5611,10.34,4308,40FT,104.43,Normal,Carrier_B,7,71646
SHP02368,Chennai,New York,Sea,Chemicals,3479,7.07,5795,40FT,84.54,Normal,Carrier_B,12,58115
SHP02369,Hyderabad,Shanghai,Sea,Machinery,2373,6.45,957,AIR_CARGO,87.64,Peak,Carrier_C,4,24969
SHP02370,Mumbai,Hamburg,Air,Chemicals,4755,11.82,10724,LCL,86.59,Normal,Carrier_E,22,292941
SHP02371,Bengaluru,London,Air,Electronics,2531,6.73,10310,LCL,106.23,Off_Peak,Carrier_E,25,307628
SHP02372,Delhi,Jebel Ali,Air,Furniture,4658,4.84,9525,AIR_CARGO,94.6,Normal,Carrier_D,21,325091
SHP02373,Bengaluru,Singapore,Air,Chemicals,1653,0.76,1170,40FT,113.03,Normal,Carrier_B,5,127085
SHP02374,Hyderabad,Colombo,Sea,Chemicals,1798,2.99,2504,40FT,107.67,Normal,Carrier_B,9,54802
SHP02375,Hyderabad,Los Angeles,Air,Textiles,1315,2.53,4343,40FT_HC,83.45,Peak,Carrier_E,11,150750
SHP02376,Ahmedabad,Colombo,Sea,Furniture,1847,2.4,3525,40FT,106.44,Normal,Carrier_D,7,66544
SHP02377,Kolkata,Rotterdam,Sea,Chemicals,4731,12.28,10142,20FT,95.24,Off_Peak,Carrier_E,21,82890
SHP02378,Ahmedabad,London,Air,Textiles,1419,0.5,2741,40FT,85.15,Peak,Carrier_E,7,117335
SHP02379,Mumbai,Singapore,Sea,Automotive Parts,559,0.5,6619,40FT_HC,89.53,Off_Peak,Carrier_C,12,49946
SHP02380,Chennai,Dubai,Air,Furniture,1910,6.56,7071,20FT,113.89,Normal,Carrier_B,17,278316
SHP02381,Bengaluru,Dubai,Air,Food Products,1166,3.59,5388,40FT_HC,94.36,Normal,Carrier_C,12,157832
SHP02382,Mumbai,Los Angeles,Road,Furniture,1801,2.79,3268,40FT_HC,103.78,Peak,Carrier_C,6,77984
SHP02383,Pune,Shanghai,Road,Furniture,9833,22.01,11543,LCL,94.08,Normal,Carrier_E,21,150288
SHP02384,Chennai,Jebel Ali,Sea,Chemicals,1403,1.44,5254,AIR_CARGO,89.86,Normal,Carrier_D,13,51495
SHP02385,Bengaluru,Shanghai,Sea,Automotive Parts,3774,7.65,8864,40FT_HC,106.86,Normal,Carrier_E,20,101313
SHP02386,Mumbai,London,Sea,Furniture,2373,3.63,2617,40FT,108.93,Normal,Carrier_D,8,64216
SHP02387,Delhi,Shanghai,Sea,Pharmaceuticals,3185,6.13,9962,LCL,77.88,Normal,Carrier_B,21,63391
SHP02388,Bengaluru,Los Angeles,Sea,Pharmaceuticals,1795,5.46,2983,20FT,86.16,Normal,Carrier_A,6,40136
SHP02389,Mumbai,Singapore,Air,Textiles,5318,13.76,8266,AIR_CARGO,95.31,Peak,Carrier_B,17,347713
SHP02390,Hyderabad,Singapore,Air,Chemicals,3299,2.6,6325,LCL,87.66,Normal,Carrier_E,13,193687
SHP02391,Chennai,Singapore,Sea,Chemicals,3360,15.17,2185,40FT_HC,106.34,Peak,Carrier_D,6,69693
SHP02392,Mumbai,Dubai,Sea,Furniture,2666,4.17,787,LCL,79.59,Normal,Carrier_A,3,22985
SHP02393,Delhi,New York,Sea,Electronics,5656,15.34,11204,40FT,106.91,Normal,Carrier_D,21,126510
SHP02394,Ahmedabad,London,Sea,Automotive Parts,3598,4.28,1945,40FT,99.72,Peak,Carrier_D,7,62202
SHP02395,Bengaluru,Jebel Ali,Road,Machinery,3182,13.43,8607,40FT,86.57,Off_Peak,Carrier_A,16,82585
SHP02396,Pune,London,Sea,Machinery,3821,11.25,8006,AIR_CARGO,88.78,Off_Peak,Carrier_A,14,66339
SHP02397,Bengaluru,London,Sea,Electronics,796,3.43,4430,LCL,82.32,Normal,Carrier_B,8,40875
SHP02398,Bengaluru,Shanghai,Sea,Textiles,2825,6.01,2632,LCL,85.1,Peak,Carrier_C,9,43431
SHP02399,Delhi,Hamburg,Sea,Machinery,2398,0.5,2551,40FT_HC,103.69,Normal,Carrier_A,7,53790
SHP02400,Chennai,London,Sea,Furniture,5343,19.37,7231,20FT,90.04,Off_Peak,Carrier_C,12,62718
SHP02401,Bengaluru,Los Angeles,Sea,Machinery,1585,7.19,6790,40FT,102.5,Peak,Carrier_C,16,78231
SHP02402,Chennai,Hamburg,Sea,Pharmaceuticals,2849,5.5,10573,20FT,95.56,Off_Peak,Carrier_C,21,82601
SHP02403,Mumbai,New York,Sea,Pharmaceuticals,8730,22.7,7860,20FT,80.81,Off_Peak,Carrier_C,15,50087
SHP02404,Hyderabad,Los Angeles,Sea,Food Products,2459,0.61,9922,40FT,94.96,Normal,Carrier_A,20,80450
SHP02405,Pune,London,Air,Automotive Parts,1053,0.5,873,40FT,105.26,Normal,Carrier_D,1,92718
SHP02406,Hyderabad,Colombo,Sea,Textiles,10271,24.52,8216,40FT_HC,86.91,Normal,Carrier_A,17,79140
SHP02407,Chennai,Dubai,Sea,Chemicals,1570,0.55,3188,AIR_CARGO,100.92,Normal,Carrier_A,5,49132
SHP02408,Chennai,Shanghai,Sea,Automotive Parts,1272,1.1,3408,40FT,82.96,Normal,Carrier_E,7,38426
SHP02409,Hyderabad,Rotterdam,Road,Textiles,1305,2.9,8787,20FT,80.43,Peak,Carrier_E,17,87757
SHP02410,Bengaluru,Jebel Ali,Sea,Machinery,4012,4.8,9624,40FT_HC,89.41,Normal,Carrier_B,21,85365
SHP02411,Kolkata,Jebel Ali,Air,Food Products,5812,13.52,4775,LCL,90.57,Peak,Carrier_C,11,227737
SHP02412,Kolkata,Los Angeles,Sea,Automotive Parts,7850,14.27,9586,40FT_HC,105.44,Normal,Carrier_C,21,110985
SHP02413,Delhi,Jebel Ali,Sea,Machinery,2525,10.06,5603,40FT,93.4,Off_Peak,Carrier_E,10,56216
SHP02414,Pune,Hamburg,Sea,Textiles,1316,2.73,10363,40FT,78.25,Normal,Carrier_D,21,67002
SHP02415,Ahmedabad,Singapore,Sea,Automotive Parts,1726,6.22,786,AIR_CARGO,100.36,Normal,Carrier_B,4,42036
SHP02416,Hyderabad,Colombo,Road,Chemicals,2555,0.5,1460,40FT_HC,93.77,Normal,Carrier_D,7,42891
SHP02417,Hyderabad,Rotterdam,Sea,Automotive Parts,2466,8.23,9428,40FT,88.27,Normal,Carrier_E,17,65883
SHP02418,Delhi,Jebel Ali,Sea,Machinery,5851,19.92,7677,20FT,107.09,Normal,Carrier_D,14,91406
SHP02419,Pune,Jebel Ali,Sea,Furniture,1062,3.0,6929,20FT,81.18,Normal,Carrier_C,16,48386
SHP02420,Kolkata,Los Angeles,Sea,Furniture,1211,4.97,7561,40FT_HC,111.53,Normal,Carrier_E,19,94799
SHP02421,Mumbai,London,Sea,Automotive Parts,2044,3.91,11197,AIR_CARGO,88.36,Normal,Carrier_D,23,77312
SHP02422,Bengaluru,Dubai,Sea,Chemicals,3178,9.07,8039,40FT_HC,93.44,Peak,Carrier_B,14,89529
SHP02423,Bengaluru,Shanghai,Air,Food Products,1875,10.87,7946,AIR_CARGO,112.17,Peak,Carrier_B,14,344636
SHP02424,Mumbai,Shanghai,Sea,Food Products,1778,13.22,9234,20FT,105.45,Peak,Carrier_A,19,102381
SHP02425,Mumbai,Shanghai,Sea,Furniture,5361,14.03,10466,40FT,77.97,Normal,Carrier_E,22,64211
SHP02426,Pune,Shanghai,Road,Machinery,3398,4.01,3512,LCL,98.13,Normal,Carrier_E,8,73590
SHP02427,Kolkata,New York,Sea,Textiles,1318,5.63,7593,40FT,87.41,Peak,Carrier_E,14,72259
SHP02428,Delhi,Rotterdam,Road,Machinery,1795,0.5,7216,20FT,95.34,Peak,Carrier_C,17,95673
SHP02429,Mumbai,London,Sea,Food Products,3498,5.83,2051,20FT,104.72,Normal,Carrier_C,5,48291
SHP02430,Delhi,Dubai,Road,Electronics,1101,0.58,6484,40FT,94.85,Normal,Carrier_E,15,90503
SHP02431,Pune,Dubai,Sea,Electronics,3484,16.46,1300,40FT,77.84,Normal,Carrier_D,1,27383
SHP02432,Ahmedabad,Los Angeles,Air,Automotive Parts,1999,10.47,2627,20FT,96.2,Peak,Carrier_C,9,132174
SHP02433,Chennai,Colombo,Road,Chemicals,3165,12.42,10999,40FT,75.97,Off_Peak,Carrier_E,21,84213
SHP02434,Bengaluru,Jebel Ali,Sea,Furniture,2703,9.72,1871,LCL,88.94,Off_Peak,Carrier_C,8,31761
SHP02435,Kolkata,Jebel Ali,Road,Pharmaceuticals,1209,0.5,7158,LCL,94.12,Normal,Carrier_A,16,86554
SHP02436,Bengaluru,London,Sea,Pharmaceuticals,1653,4.88,4220,40FT_HC,100.79,Normal,Carrier_B,7,67271
SHP02437,Kolkata,New York,Sea,Pharmaceuticals,6405,22.6,6886,LCL,95.25,Normal,Carrier_A,15,75083
SHP02438,Pune,Hamburg,Sea,Automotive Parts,11677,29.59,3202,20FT,81.08,Off_Peak,Carrier_E,11,42378
SHP02439,Chennai,Singapore,Sea,Electronics,803,6.03,5610,20FT,112.29,Normal,Carrier_B,11,69944
SHP02440,Bengaluru,London,Sea,Food Products,4925,5.29,10474,40FT_HC,101.01,Off_Peak,Carrier_D,24,98617
SHP02441,Chennai,Hamburg,Sea,Automotive Parts,3030,10.1,4826,AIR_CARGO,87.68,Peak,Carrier_E,12,63033
SHP02442,Pune,Singapore,Sea,Pharmaceuticals,9677,18.82,4560,40FT_HC,113.64,Normal,Carrier_D,13,103824
SHP02443,Kolkata,Dubai,Air,Pharmaceuticals,1739,3.26,5630,AIR_CARGO,110.3,Normal,Carrier_D,13,245181
SHP02444,Mumbai,New York,Air,Furniture,4482,16.36,1656,AIR_CARGO,80.74,Normal,Carrier_C,5,106405
SHP02445,Ahmedabad,London,Sea,Machinery,2054,6.28,4954,40FT,101.22,Normal,Carrier_C,15,61697
SHP02446,Bengaluru,Shanghai,Sea,Pharmaceuticals,5750,16.95,579,LCL,97.4,Off_Peak,Carrier_B,4,36463
SHP02447,Chennai,Dubai,Sea,Chemicals,11230,26.0,6289,AIR_CARGO,82.71,Normal,Carrier_B,13,62687
SHP02448,Hyderabad,Hamburg,Sea,Pharmaceuticals,2871,0.5,10251,40FT,84.34,Normal,Carrier_C,21,73959
SHP02449,Bengaluru,London,Sea,Machinery,1192,0.5,6849,40FT_HC,97.55,Normal,Carrier_B,13,71221
SHP02450,Bengaluru,London,Sea,Pharmaceuticals,6267,17.64,7489,40FT_HC,87.85,Normal,Carrier_A,16,76799
SHP02451,Bengaluru,Los Angeles,Sea,Chemicals,3611,9.94,851,AIR_CARGO,108.39,Normal,Carrier_E,6,50650
SHP02452,Delhi,Rotterdam,Road,Food Products,3196,14.26,10384,40FT,78.91,Normal,Carrier_A,21,100660
SHP02453,Chennai,Dubai,Sea,Automotive Parts,6996,17.16,4928,20FT,111.56,Normal,Carrier_E,9,83327
SHP02454,Chennai,London,Sea,Chemicals,1193,0.5,11711,LCL,108.62,Peak,Carrier_C,21,117052
SHP02455,Bengaluru,Jebel Ali,Sea,Machinery,1570,3.63,1885,AIR_CARGO,104.54,Peak,Carrier_A,6,52370
SHP02456,Pune,Jebel Ali,Sea,Automotive Parts,3679,12.75,11364,20FT,85.5,Off_Peak,Carrier_D,21,74771
SHP02457,Pune,Rotterdam,Sea,Automotive Parts,1547,0.5,7794,LCL,103.6,Peak,Carrier_A,13,85048
SHP02458,Mumbai,London,Sea,Machinery,2036,6.23,1102,20FT,92.55,Peak,Carrier_B,2,43087
SHP02459,Bengaluru,Shanghai,Sea,Furniture,5725,8.59,11675,40FT,100.35,Normal,Carrier_A,26,104940
SHP02460,Delhi,Rotterdam,Sea,Electronics,3313,8.54,660,AIR_CARGO,87.5,Normal,Carrier_C,3,31752
SHP02461,Kolkata,Rotterdam,Road,Pharmaceuticals,1162,5.67,8903,20FT,108.43,Normal,Carrier_C,18,113488
SHP02462,Delhi,Hamburg,Road,Chemicals,3259,9.97,10730,20FT,76.62,Peak,Carrier_B,20,106277
SHP02463,Pune,Hamburg,Sea,Machinery,5594,18.68,2522,20FT,102.66,Peak,Carrier_E,5,62225
SHP02464,Mumbai,Colombo,Sea,Food Products,2795,7.66,4449,AIR_CARGO,108.15,Normal,Carrier_B,9,71055
SHP02465,Pune,Dubai,Sea,Textiles,4406,12.54,6954,40FT,100.86,Normal,Carrier_E,14,78753
SHP02466,Pune,Singapore,Sea,Machinery,1786,6.45,8318,40FT,82.68,Peak,Carrier_C,14,65959
SHP02467,Pune,Rotterdam,Sea,Pharmaceuticals,2960,3.17,10527,20FT,86.4,Normal,Carrier_C,23,75800
SHP02468,Bengaluru,Hamburg,Sea,Pharmaceuticals,897,1.63,9252,40FT,95.6,Normal,Carrier_E,19,81627
SHP02469,Pune,New York,Sea,Automotive Parts,3765,0.5,4678,LCL,88.18,Normal,Carrier_A,11,55240
SHP02470,Chennai,Colombo,Sea,Automotive Parts,3159,9.03,9950,40FT,75.2,Normal,Carrier_A,22,59685
SHP02471,Ahmedabad,London,Sea,Machinery,1081,0.5,11610,20FT,76.63,Normal,Carrier_B,25,64885
SHP02472,Hyderabad,Dubai,Road,Textiles,6718,19.39,3110,LCL,105.71,Normal,Carrier_C,7,81838
SHP02473,Bengaluru,London,Road,Furniture,3624,15.24,1352,AIR_CARGO,78.35,Normal,Carrier_A,6,32614
SHP02474,Mumbai,Colombo,Air,Machinery,1594,5.79,5406,40FT_HC,112.12,Normal,Carrier_C,13,216198
SHP02475,Chennai,Los Angeles,Sea,Textiles,3830,11.73,10636,40FT,92.71,Normal,Carrier_B,22,93226
SHP02476,Delhi,Jebel Ali,Road,Furniture,1318,7.96,2228,LCL,105.33,Normal,Carrier_D,8,52424
SHP02477,Pune,Dubai,Sea,Textiles,1442,1.69,10687,40FT_HC,80.02,Normal,Carrier_C,23,66511
SHP02478,Kolkata,Jebel Ali,Air,Pharmaceuticals,1323,0.5,11910,AIR_CARGO,112.06,Normal,Carrier_D,25,409793
SHP02479,Kolkata,New York,Sea,Pharmaceuticals,1298,2.75,1121,40FT_HC,76.35,Normal,Carrier_C,7,32398
SHP02480,Ahmedabad,London,Air,Pharmaceuticals,3323,4.86,6195,AIR_CARGO,76.69,Off_Peak,Carrier_E,13,138423
SHP02481,Bengaluru,Los Angeles,Sea,Food Products,2658,6.64,4282,20FT,77.18,Normal,Carrier_D,10,39335
SHP02482,Delhi,New York,Road,Pharmaceuticals,4066,10.7,5027,20FT,79.14,Normal,Carrier_E,13,59077
SHP02483,Ahmedabad,Singapore,Road,Chemicals,400,0.5,5694,AIR_CARGO,94.47,Normal,Carrier_E,12,74305
SHP02484,Hyderabad,London,Sea,Automotive Parts,1938,1.76,9007,40FT_HC,106.53,Peak,Carrier_B,19,118259
SHP02485,Hyderabad,Colombo,Sea,Automotive Parts,1956,0.5,7300,40FT,86.4,Normal,Carrier_B,14,62650
SHP02486,Ahmedabad,Los Angeles,Road,Textiles,2587,5.48,11554,40FT_HC,104.83,Normal,Carrier_A,18,150794
SHP02487,Mumbai,Dubai,Sea,Automotive Parts,2544,4.31,4327,40FT_HC,105.96,Normal,Carrier_D,11,80077
SHP02488,Kolkata,Los Angeles,Road,Electronics,2900,5.44,6727,40FT,111.33,Peak,Carrier_A,11,131221
SHP02489,Delhi,London,Sea,Furniture,2649,9.23,9853,40FT_HC,80.97,Peak,Carrier_D,19,82610
SHP02490,Bengaluru,Hamburg,Sea,Textiles,1855,12.28,4790,40FT_HC,80.42,Normal,Carrier_B,12,48149
SHP02491,Pune,New York,Sea,Automotive Parts,1928,3.16,5851,LCL,79.88,Normal,Carrier_B,14,42517
SHP02492,Chennai,Los Angeles,Sea,Electronics,2416,7.3,8377,AIR_CARGO,89.37,Normal,Carrier_B,20,72431
SHP02493,Bengaluru,Jebel Ali,Air,Furniture,3471,9.28,10399,20FT,94.58,Normal,Carrier_D,17,322817
SHP02494,Bengaluru,New York,Sea,Food Products,2642,10.83,5280,AIR_CARGO,93.46,Peak,Carrier_B,12,73478
SHP02495,Delhi,Jebel Ali,Sea,Automotive Parts,1501,0.5,6617,40FT_HC,85.28,Normal,Carrier_A,14,56575
SHP02496,Kolkata,Los Angeles,Sea,Electronics,1450,0.5,11714,40FT,99.88,Normal,Carrier_E,25,102713
SHP02497,Delhi,Hamburg,Sea,Machinery,3482,4.99,988,40FT,88.53,Normal,Carrier_D,7,44707
SHP02498,Chennai,New York,Road,Chemicals,4090,0.67,5655,20FT,89.64,Normal,Carrier_E,10,77103
SHP02499,Ahmedabad,Colombo,Road,Machinery,5015,11.76,7814,20FT,79.22,Normal,Carrier_A,16,81987
SHP02500,Delhi,New York,Sea,Electronics,1817,0.5,597,20FT,98.69,Normal,Carrier_C,5,35312
SHP02501,Mumbai,Dubai,Air,Textiles,738,2.76,7363,40FT,101.21,Normal,Carrier_B,15,226481
SHP02502,Bengaluru,Los Angeles,Air,Pharmaceuticals,3204,0.5,1146,40FT_HC,105.32,Normal,Carrier_A,8,130976
SHP02503,Kolkata,Singapore,Sea,Pharmaceuticals,1570,3.51,10362,20FT,111.16,Peak,Carrier_C,20,117285
SHP02504,Pune,London,Road,Pharmaceuticals,2338,4.54,9781,20FT,105.64,Normal,Carrier_D,19,132702
SHP02505,Hyderabad,Rotterdam,Sea,Furniture,2753,4.37,871,40FT,84.43,Normal,Carrier_A,1,28905
SHP02506,Chennai,Shanghai,Sea,Textiles,3583,12.52,1061,40FT_HC,84.43,Off_Peak,Carrier_D,4,29791
SHP02507,Hyderabad,Singapore,Road,Furniture,4468,7.42,9167,20FT,111.6,Off_Peak,Carrier_E,13,135818
SHP02508,Bengaluru,Jebel Ali,Sea,Automotive Parts,5347,13.95,4750,40FT_HC,106.61,Normal,Carrier_E,10,83190
SHP02509,Delhi,Colombo,Air,Pharmaceuticals,5893,11.5,7113,LCL,106.29,Peak,Carrier_D,17,392168
SHP02510,Hyderabad,Colombo,Road,Machinery,2675,13.01,3609,20FT,103.79,Normal,Carrier_E,6,78782
SHP02511,Mumbai,Shanghai,Sea,Textiles,834,1.44,2489,20FT,85.69,Off_Peak,Carrier_E,3,35399
SHP02512,Delhi,Hamburg,Road,Textiles,1682,6.71,3905,40FT,108.9,Peak,Carrier_B,11,92169
SHP02513,Bengaluru,Dubai,Sea,Pharmaceuticals,6244,17.31,3337,LCL,80.72,Normal,Carrier_D,11,50599
SHP02514,Hyderabad,London,Sea,Machinery,2754,11.14,5656,LCL,89.0,Normal,Carrier_D,10,54215
SHP02515,Pune,Singapore,Sea,Food Products,10301,25.11,9087,LCL,88.86,Normal,Carrier_C,22,80058
SHP02516,Ahmedabad,Rotterdam,Road,Textiles,1954,0.5,6872,AIR_CARGO,97.41,Normal,Carrier_B,15,96799
SHP02517,Chennai,New York,Sea,Pharmaceuticals,11242,28.54,7506,40FT,93.54,Off_Peak,Carrier_A,18,77246
SHP02518,Hyderabad,Shanghai,Sea,Chemicals,2498,7.06,5906,40FT,93.39,Off_Peak,Carrier_B,11,54028
SHP02519,Pune,Hamburg,Air,Electronics,1903,0.5,4234,20FT,97.14,Off_Peak,Carrier_A,13,139250
SHP02520,Ahmedabad,Colombo,Air,Furniture,1574,0.5,2150,40FT,91.62,Normal,Carrier_D,5,108583
SHP02521,Ahmedabad,Rotterdam,Air,Automotive Parts,3839,11.96,4578,20FT,85.0,Normal,Carrier_B,10,165226
SHP02522,Hyderabad,Colombo,Sea,Textiles,998,8.06,8150,20FT,101.56,Normal,Carrier_C,18,74170
SHP02523,Kolkata,Los Angeles,Sea,Chemicals,1749,3.83,8938,AIR_CARGO,106.63,Normal,Carrier_E,17,86374
SHP02524,Hyderabad,Shanghai,Sea,Chemicals,2416,8.99,5896,40FT,94.16,Peak,Carrier_A,10,72972
SHP02525,Bengaluru,Hamburg,Air,Textiles,576,1.81,7917,40FT,100.98,Normal,Carrier_E,17,238319
SHP02526,Ahmedabad,New York,Sea,Food Products,2347,5.73,2921,AIR_CARGO,96.41,Normal,Carrier_D,7,49238
SHP02527,Chennai,Jebel Ali,Sea,Electronics,7649,17.64,10391,AIR_CARGO,77.36,Peak,Carrier_D,19,90322
SHP02528,Bengaluru,Hamburg,Road,Automotive Parts,3310,8.2,10458,40FT,91.92,Peak,Carrier_D,23,151182
SHP02529,Mumbai,London,Sea,Textiles,1630,5.43,4184,40FT,75.39,Off_Peak,Carrier_E,14,32566
SHP02530,Delhi,New York,Road,Furniture,1832,2.76,6799,20FT,101.48,Normal,Carrier_D,13,98528
SHP02531,Hyderabad,Singapore,Air,Automotive Parts,3113,12.4,7477,40FT_HC,95.33,Normal,Carrier_D,16,259772
SHP02532,Kolkata,Hamburg,Air,Machinery,1794,0.5,5933,20FT,80.07,Off_Peak,Carrier_E,12,127880
SHP02533,Chennai,New York,Sea,Chemicals,3390,14.88,10978,LCL,96.69,Normal,Carrier_D,27,89698
SHP02534,Kolkata,Singapore,Sea,Chemicals,1761,3.33,9007,LCL,110.94,Peak,Carrier_A,19,102700
SHP02535,Kolkata,Hamburg,Air,Textiles,1285,2.85,8234,40FT_HC,88.62,Normal,Carrier_B,19,211300
SHP02536,Kolkata,Rotterdam,Air,Textiles,5386,10.31,6481,AIR_CARGO,114.29,Peak,Carrier_A,16,386679
SHP02537,Hyderabad,Jebel Ali,Air,Furniture,3964,11.08,1476,LCL,113.38,Peak,Carrier_D,5,202949
SHP02538,Chennai,Rotterdam,Sea,Machinery,733,0.5,1740,AIR_CARGO,106.41,Off_Peak,Carrier_D,5,40576
SHP02539,Chennai,London,Air,Food Products,2008,2.88,3939,AIR_CARGO,107.55,Normal,Carrier_D,12,192412
SHP02540,Ahmedabad,New York,Air,Textiles,4924,14.18,2933,20FT,91.42,Normal,Carrier_D,9,176017
SHP02541,Kolkata,Singapore,Air,Chemicals,2244,9.99,11454,AIR_CARGO,91.1,Normal,Carrier_E,21,289052
SHP02542,Ahmedabad,Los Angeles,Air,Automotive Parts,1714,0.5,5213,40FT_HC,113.18,Normal,Carrier_B,10,230397
SHP02543,Ahmedabad,Hamburg,Air,Electronics,2122,8.35,10581,20FT,89.65,Normal,Carrier_E,20,261666
SHP02544,Delhi,Los Angeles,Sea,Pharmaceuticals,2687,11.39,9908,40FT_HC,78.87,Peak,Carrier_E,22,78492
SHP02545,Hyderabad,Hamburg,Sea,Automotive Parts,2224,0.5,9845,AIR_CARGO,81.11,Normal,Carrier_D,23,66381
SHP02546,Hyderabad,London,Sea,Food Products,2369,2.26,2981,LCL,103.42,Normal,Carrier_A,12,47634
SHP02547,Bengaluru,Los Angeles,Sea,Electronics,2268,10.3,5644,AIR_CARGO,90.32,Normal,Carrier_A,11,52964
SHP02548,Pune,Singapore,Sea,Automotive Parts,1328,4.65,4156,40FT_HC,82.97,Normal,Carrier_C,10,39637
SHP02549,Ahmedabad,Dubai,Sea,Automotive Parts,1284,9.89,11660,40FT,107.55,Peak,Carrier_B,22,126245
SHP02550,Hyderabad,Rotterdam,Sea,Machinery,1231,2.22,10583,40FT,94.55,Normal,Carrier_C,21,86617
SHP02551,Kolkata,Singapore,Sea,Pharmaceuticals,2653,4.21,3374,LCL,97.71,Normal,Carrier_E,10,53800
SHP02552,Pune,Colombo,Sea,Furniture,3651,14.14,4105,40FT_HC,81.16,Normal,Carrier_C,9,45657
SHP02553,Mumbai,Shanghai,Air,Food Products,1356,0.5,6582,LCL,82.71,Off_Peak,Carrier_C,17,134849
SHP02554,Kolkata,London,Road,Chemicals,943,1.27,3704,20FT,80.03,Normal,Carrier_C,8,38498
SHP02555,Chennai,Jebel Ali,Sea,Machinery,1419,5.62,9982,AIR_CARGO,95.58,Off_Peak,Carrier_B,22,71319
SHP02556,Hyderabad,Hamburg,Road,Electronics,6221,17.45,9921,20FT,106.03,Normal,Carrier_A,19,150587
SHP02557,Pune,Singapore,Sea,Pharmaceuticals,2040,1.67,8830,40FT,104.29,Off_Peak,Carrier_A,14,81248
SHP02558,Hyderabad,Los Angeles,Sea,Chemicals,2175,6.22,8427,AIR_CARGO,85.45,Normal,Carrier_C,15,59523
SHP02559,Bengaluru,Shanghai,Sea,Machinery,1489,2.38,6794,20FT,109.06,Normal,Carrier_B,15,77003
SHP02560,Ahmedabad,Dubai,Sea,Pharmaceuticals,3625,1.9,4492,40FT,79.23,Off_Peak,Carrier_A,14,37466
SHP02561,Mumbai,Colombo,Air,Furniture,2307,3.65,10125,20FT,79.56,Normal,Carrier_D,19,224348
SHP02562,Hyderabad,Los Angeles,Air,Food Products,1559,0.5,10377,AIR_CARGO,108.97,Off_Peak,Carrier_A,21,301149
SHP02563,Bengaluru,Rotterdam,Sea,Textiles,1279,0.5,1069,20FT,84.78,Normal,Carrier_A,5,32808
SHP02564,Bengaluru,Dubai,Sea,Furniture,3196,2.8,5084,AIR_CARGO,103.32,Normal,Carrier_B,10,66807
SHP02565,Mumbai,Shanghai,Sea,Textiles,2968,10.16,806,20FT,75.36,Normal,Carrier_B,2,23766
SHP02566,Kolkata,New York,Sea,Electronics,1118,3.86,10154,LCL,78.74,Peak,Carrier_A,21,67970
SHP02567,Kolkata,New York,Sea,Textiles,5552,19.37,2537,20FT,99.37,Normal,Carrier_D,6,54566
SHP02568,Kolkata,Shanghai,Sea,Machinery,1647,0.5,8249,20FT,82.3,Off_Peak,Carrier_D,13,58097
SHP02569,Delhi,New York,Air,Electronics,589,1.9,4610,LCL,76.13,Normal,Carrier_C,9,96807
SHP02570,Ahmedabad,London,Road,Chemicals,6752,11.66,9885,40FT,93.68,Normal,Carrier_C,21,123189
SHP02571,Pune,Singapore,Sea,Furniture,2339,3.04,6361,AIR_CARGO,88.22,Normal,Carrier_A,15,57071
SHP02572,Ahmedabad,Hamburg,Road,Furniture,3316,6.3,4231,40FT_HC,107.09,Normal,Carrier_A,12,92319
SHP02573,Kolkata,Singapore,Sea,Food Products,7413,25.54,4225,40FT,107.75,Peak,Carrier_A,12,90834
SHP02574,Mumbai,Colombo,Sea,Electronics,1303,4.56,4260,AIR_CARGO,99.58,Normal,Carrier_D,8,59693
SHP02575,Delhi,Singapore,Sea,Chemicals,3414,7.62,9569,20FT,86.72,Peak,Carrier_E,18,83646
SHP02576,Ahmedabad,Singapore,Sea,Furniture,5367,17.09,8678,40FT,93.47,Normal,Carrier_C,16,81656
SHP02577,Kolkata,Rotterdam,Road,Electronics,1362,5.93,4171,20FT,103.09,Normal,Carrier_C,9,67605
SHP02578,Delhi,Hamburg,Sea,Automotive Parts,6461,15.16,6137,40FT,77.77,Normal,Carrier_E,12,54870
SHP02579,Pune,Singapore,Sea,Automotive Parts,1000,5.08,1376,40FT,88.3,Peak,Carrier_A,4,38756
SHP02580,Mumbai,Hamburg,Sea,Electronics,2350,4.37,10016,40FT_HC,107.89,Normal,Carrier_C,18,105352
SHP02581,Kolkata,Jebel Ali,Sea,Furniture,1243,14.9,3558,LCL,91.24,Normal,Carrier_D,10,45139
SHP02582,Pune,New York,Road,Pharmaceuticals,3930,14.24,10726,40FT,99.99,Normal,Carrier_E,20,143016
SHP02583,Chennai,Los Angeles,Sea,Textiles,1335,1.55,7363,20FT,78.85,Normal,Carrier_D,13,58491
SHP02584,Pune,Rotterdam,Sea,Automotive Parts,1674,7.02,7030,40FT_HC,106.08,Normal,Carrier_A,16,83941
SHP02585,Hyderabad,New York,Sea,Pharmaceuticals,1412,5.56,2371,40FT,79.02,Off_Peak,Carrier_C,8,29436
SHP02586,Mumbai,Hamburg,Sea,Pharmaceuticals,1145,3.86,1300,LCL,109.46,Normal,Carrier_D,4,45762
SHP02587,Pune,New York,Sea,Food Products,1519,5.68,6855,20FT,79.26,Normal,Carrier_E,16,51135
SHP02588,Pune,Singapore,Air,Chemicals,2427,2.53,5882,40FT_HC,110.64,Normal,Carrier_A,14,245558
SHP02589,Bengaluru,Los Angeles,Sea,Machinery,2342,3.84,1876,AIR_CARGO,89.55,Normal,Carrier_C,9,38992
SHP02590,Bengaluru,Singapore,Air,Automotive Parts,2172,11.81,10109,LCL,99.98,Normal,Carrier_C,22,283918
SHP02591,Pune,Colombo,Air,Electronics,1621,4.68,5298,AIR_CARGO,108.86,Normal,Carrier_A,15,215992
SHP02592,Pune,Singapore,Air,Textiles,1984,1.92,3495,AIR_CARGO,75.41,Peak,Carrier_A,8,109792
SHP02593,Mumbai,Los Angeles,Sea,Machinery,892,1.56,9565,40FT_HC,85.63,Peak,Carrier_A,22,77725
SHP02594,Bengaluru,Dubai,Sea,Chemicals,1587,1.64,11000,40FT_HC,111.33,Normal,Carrier_D,25,121564
SHP02595,Ahmedabad,Jebel Ali,Sea,Pharmaceuticals,2164,8.74,4019,40FT_HC,90.53,Normal,Carrier_B,9,56266
SHP02596,Mumbai,Hamburg,Air,Chemicals,3027,4.96,9423,AIR_CARGO,103.26,Normal,Carrier_C,18,298646
SHP02597,Chennai,Jebel Ali,Sea,Furniture,2796,6.83,8004,20FT,80.6,Peak,Carrier_D,16,78446
SHP02598,Mumbai,Colombo,Sea,Automotive Parts,1125,0.5,11882,40FT_HC,102.13,Peak,Carrier_E,24,116659
SHP02599,Kolkata,Jebel Ali,Sea,Chemicals,3301,16.69,2846,LCL,77.93,Normal,Carrier_C,5,34650
SHP02600,Kolkata,New York,Sea,Chemicals,2707,8.96,11548,40FT_HC,103.69,Normal,Carrier_B,22,110481
SHP02601,Delhi,Shanghai,Sea,Textiles,6375,17.54,4126,40FT_HC,87.95,Normal,Carrier_E,12,56054
SHP02602,Bengaluru,Rotterdam,Sea,Furniture,946,5.04,5237,40FT_HC,93.63,Normal,Carrier_C,13,59241
SHP02603,Pune,Los Angeles,Air,Furniture,2288,3.87,4626,AIR_CARGO,81.65,Off_Peak,Carrier_B,6,119650
SHP02604,Hyderabad,Rotterdam,Sea,Pharmaceuticals,4887,17.72,3587,20FT,100.11,Normal,Carrier_A,6,62483
SHP02605,Bengaluru,Los Angeles,Sea,Textiles,2062,4.64,8472,40FT_HC,88.5,Normal,Carrier_B,22,70177
SHP02606,Ahmedabad,Hamburg,Sea,Textiles,1381,10.38,7275,AIR_CARGO,90.34,Peak,Carrier_C,18,72693
SHP02607,Mumbai,Jebel Ali,Sea,Electronics,1471,2.2,4015,LCL,101.09,Normal,Carrier_B,8,52818
SHP02608,Hyderabad,Hamburg,Sea,Chemicals,4164,12.78,2020,20FT,82.15,Off_Peak,Carrier_C,3,30995
SHP02609,Hyderabad,Singapore,Air,Chemicals,914,2.84,4150,AIR_CARGO,109.08,Normal,Carrier_C,7,163227
SHP02610,Pune,Singapore,Sea,Furniture,2013,5.86,4884,40FT,104.57,Normal,Carrier_B,12,63691
SHP02611,Pune,Rotterdam,Air,Chemicals,1415,0.5,4878,LCL,98.11,Normal,Carrier_B,15,171868
SHP02612,Bengaluru,London,Sea,Food Products,1485,0.5,4608,LCL,80.13,Peak,Carrier_E,14,50554
SHP02613,Hyderabad,London,Sea,Textiles,3331,13.97,1060,40FT,102.48,Normal,Carrier_E,1,47094
SHP02614,Hyderabad,Shanghai,Air,Machinery,1934,0.5,5836,AIR_CARGO,75.72,Peak,Carrier_D,12,156663
SHP02615,Kolkata,London,Sea,Furniture,2909,10.49,10116,AIR_CARGO,107.18,Normal,Carrier_C,19,93053
SHP02616,Chennai,Colombo,Sea,Automotive Parts,1115,13.05,2574,LCL,87.15,Off_Peak,Carrier_E,7,34018
SHP02617,Pune,New York,Sea,Furniture,4288,12.42,2175,AIR_CARGO,79.69,Off_Peak,Carrier_D,3,40013
SHP02618,Mumbai,New York,Sea,Pharmaceuticals,2871,15.34,5926,40FT,81.58,Normal,Carrier_C,12,52414
SHP02619,Bengaluru,Singapore,Air,Machinery,5590,16.08,4762,AIR_CARGO,113.53,Normal,Carrier_D,9,312344
SHP02620,Pune,London,Sea,Pharmaceuticals,1919,5.62,6955,LCL,105.95,Normal,Carrier_E,16,79724
SHP02621,Kolkata,Shanghai,Air,Electronics,3348,9.47,11391,AIR_CARGO,84.51,Normal,Carrier_D,22,285080
SHP02622,Ahmedabad,Los Angeles,Road,Electronics,4160,9.2,9250,20FT,113.54,Peak,Carrier_B,18,176361
SHP02623,Pune,Singapore,Sea,Pharmaceuticals,3306,7.04,8401,40FT,80.6,Peak,Carrier_D,18,78375
SHP02624,Ahmedabad,Hamburg,Road,Chemicals,7537,15.84,5283,40FT,104.34,Normal,Carrier_A,15,105077
SHP02625,Delhi,London,Sea,Machinery,848,3.71,3805,40FT_HC,101.27,Peak,Carrier_A,13,68972
SHP02626,Hyderabad,Singapore,Road,Chemicals,2801,15.47,6713,AIR_CARGO,107.86,Off_Peak,Carrier_D,15,109602
SHP02627,Hyderabad,London,Sea,Furniture,1920,10.27,10683,40FT,90.27,Normal,Carrier_A,21,81663
SHP02628,Bengaluru,Colombo,Air,Food Products,1833,5.18,10583,AIR_CARGO,91.07,Normal,Carrier_D,24,287171
SHP02629,Chennai,Shanghai,Sea,Electronics,6600,18.17,5623,20FT,99.98,Normal,Carrier_D,15,76994
SHP02630,Chennai,Rotterdam,Sea,Electronics,1671,3.64,3332,LCL,90.93,Off_Peak,Carrier_D,10,41519
SHP02631,Bengaluru,Dubai,Sea,Machinery,4352,16.05,3091,LCL,76.65,Off_Peak,Carrier_A,4,29079
SHP02632,Bengaluru,Shanghai,Air,Electronics,1260,0.5,891,40FT_HC,104.19,Peak,Carrier_C,6,103389
SHP02633,Kolkata,London,Sea,Food Products,4850,19.27,10191,40FT_HC,100.64,Normal,Carrier_D,21,108062
SHP02634,Ahmedabad,Hamburg,Sea,Food Products,2464,3.69,3546,40FT,91.95,Normal,Carrier_D,7,46981
SHP02635,Bengaluru,Hamburg,Air,Food Products,2080,3.42,4628,40FT,87.11,Normal,Carrier_B,9,146968
SHP02636,Ahmedabad,Rotterdam,Air,Automotive Parts,921,0.5,9806,40FT,87.83,Normal,Carrier_B,21,239410
SHP02637,Pune,Jebel Ali,Road,Food Products,2083,5.58,1880,20FT,104.64,Normal,Carrier_E,1,51008
SHP02638,Pune,Hamburg,Air,Food Products,1600,1.09,5804,40FT_HC,104.17,Normal,Carrier_A,12,203154
SHP02639,Delhi,Singapore,Road,Automotive Parts,7786,23.19,1907,40FT_HC,107.76,Normal,Carrier_C,4,83351
SHP02640,Ahmedabad,Hamburg,Air,Chemicals,2585,8.86,5581,LCL,105.49,Peak,Carrier_D,11,266884
SHP02641,Kolkata,Dubai,Sea,Furniture,1697,1.27,1042,40FT_HC,105.32,Peak,Carrier_D,3,59256
SHP02642,Pune,Rotterdam,Sea,Textiles,1650,0.5,6453,40FT_HC,85.07,Peak,Carrier_A,11,68533
SHP02643,Hyderabad,Singapore,Air,Electronics,1033,0.5,9651,20FT,79.06,Normal,Carrier_E,22,189234
SHP02644,Hyderabad,London,Sea,Food Products,6725,12.23,8277,40FT,105.47,Peak,Carrier_E,13,109328
SHP02645,Pune,Shanghai,Sea,Electronics,5657,12.35,6355,20FT,78.94,Normal,Carrier_B,14,51798
SHP02646,Pune,Rotterdam,Sea,Machinery,2394,2.34,10031,AIR_CARGO,114.28,Normal,Carrier_A,19,110451
SHP02647,Pune,Dubai,Road,Electronics,10307,29.21,3120,LCL,110.0,Off_Peak,Carrier_E,12,89970
SHP02648,Ahmedabad,New York,Sea,Pharmaceuticals,2479,3.91,10054,LCL,96.34,Normal,Carrier_E,20,82172
SHP02649,Hyderabad,Dubai,Sea,Chemicals,5099,14.44,3678,LCL,89.09,Off_Peak,Carrier_C,4,42366
SHP02650,Hyderabad,Los Angeles,Sea,Furniture,3612,10.94,4669,40FT,96.07,Peak,Carrier_B,12,70577
SHP02651,Mumbai,Los Angeles,Sea,Automotive Parts,1721,0.5,1977,40FT,104.37,Normal,Carrier_B,3,54756
SHP02652,Pune,New York,Sea,Electronics,2815,9.56,1670,40FT,105.25,Peak,Carrier_B,7,56435
SHP02653,Delhi,Colombo,Sea,Electronics,3185,0.76,11219,LCL,77.95,Normal,Carrier_E,24,56027
SHP02654,Pune,Hamburg,Sea,Electronics,1071,0.5,2685,LCL,107.19,Normal,Carrier_D,10,49703
SHP02655,Kolkata,Shanghai,Air,Textiles,3015,9.85,4333,LCL,100.66,Normal,Carrier_E,10,189015
SHP02656,Kolkata,Jebel Ali,Sea,Textiles,5248,12.99,6585,AIR_CARGO,76.62,Normal,Carrier_E,16,55917
SHP02657,Hyderabad,Jebel Ali,Air,Machinery,1595,2.44,4500,AIR_CARGO,87.53,Peak,Carrier_A,10,153528
SHP02658,Pune,Shanghai,Road,Automotive Parts,2180,0.5,10507,LCL,95.43,Normal,Carrier_B,20,121654
SHP02659,Chennai,Dubai,Sea,Electronics,1215,6.75,10858,40FT,82.54,Off_Peak,Carrier_B,24,67987
SHP02660,Kolkata,New York,Air,Electronics,1827,6.09,4249,40FT,81.21,Peak,Carrier_C,7,138186
SHP02661,Pune,New York,Sea,Electronics,1921,1.15,1558,AIR_CARGO,75.57,Off_Peak,Carrier_B,5,26848
SHP02662,Delhi,London,Road,Electronics,6973,12.76,2917,AIR_CARGO,111.46,Peak,Carrier_E,6,102318
SHP02663,Bengaluru,Rotterdam,Sea,Textiles,2034,8.95,5956,LCL,77.24,Normal,Carrier_A,15,50926
SHP02664,Pune,Singapore,Air,Chemicals,1771,5.42,3818,LCL,89.64,Off_Peak,Carrier_C,7,110923
SHP02665,Delhi,Los Angeles,Sea,Chemicals,2352,0.5,5715,40FT,83.23,Peak,Carrier_E,12,52561
SHP02666,Hyderabad,Jebel Ali,Sea,Machinery,824,0.5,9225,40FT_HC,104.64,Normal,Carrier_E,19,88977
SHP02667,Hyderabad,Hamburg,Sea,Pharmaceuticals,540,9.11,5337,40FT,103.29,Normal,Carrier_C,15,66505
SHP02668,Mumbai,Singapore,Air,Food Products,1018,6.43,2765,40FT,107.25,Normal,Carrier_E,6,129580
SHP02669,Ahmedabad,Dubai,Air,Automotive Parts,3086,7.35,4617,LCL,99.67,Normal,Carrier_E,10,194227
SHP02670,Kolkata,London,Sea,Chemicals,2496,6.03,9044,40FT_HC,98.67,Normal,Carrier_A,16,83480
SHP02671,Ahmedabad,Singapore,Sea,Pharmaceuticals,4398,1.77,5377,40FT_HC,91.28,Off_Peak,Carrier_A,10,60620
SHP02672,Pune,London,Sea,Furniture,931,7.44,3370,LCL,100.45,Peak,Carrier_A,9,54613
SHP02673,Ahmedabad,Jebel Ali,Air,Furniture,2189,3.41,5415,20FT,79.61,Normal,Carrier_B,12,134694
SHP02674,Kolkata,Jebel Ali,Sea,Electronics,888,0.5,5730,LCL,102.38,Normal,Carrier_C,13,63589
SHP02675,Kolkata,Hamburg,Road,Furniture,2974,10.08,3908,AIR_CARGO,79.16,Off_Peak,Carrier_A,13,50850
SHP02676,Pune,New York,Sea,Chemicals,1021,0.5,11950,40FT_HC,109.47,Peak,Carrier_E,20,128349
SHP02677,Hyderabad,Dubai,Sea,Machinery,2134,0.5,9328,LCL,95.23,Off_Peak,Carrier_B,24,71446
SHP02678,Kolkata,Colombo,Sea,Food Products,2859,8.45,8463,40FT,96.21,Normal,Carrier_C,20,80371
SHP02679,Chennai,Shanghai,Sea,Chemicals,1939,0.5,10331,40FT,98.39,Normal,Carrier_A,20,93050
SHP02680,Chennai,Hamburg,Sea,Machinery,575,1.13,8164,40FT,106.04,Normal,Carrier_A,18,93491
SHP02681,Bengaluru,Jebel Ali,Sea,Furniture,7366,18.81,9596,LCL,94.14,Off_Peak,Carrier_C,18,79140
SHP02682,Kolkata,Rotterdam,Air,Textiles,1809,3.2,5244,20FT,92.1,Normal,Carrier_A,12,171093
SHP02683,Mumbai,New York,Sea,Food Products,878,1.0,6254,AIR_CARGO,86.53,Normal,Carrier_C,18,53893
SHP02684,Bengaluru,Shanghai,Sea,Machinery,4100,15.97,1040,40FT,80.12,Normal,Carrier_C,3,32170
SHP02685,Hyderabad,Rotterdam,Sea,Pharmaceuticals,4201,16.26,3727,LCL,82.61,Normal,Carrier_E,8,39983
SHP02686,Kolkata,Hamburg,Sea,Chemicals,2054,1.22,4732,20FT,75.02,Peak,Carrier_C,9,39096
SHP02687,Chennai,Singapore,Sea,Textiles,6786,13.78,7693,40FT_HC,109.78,Normal,Carrier_D,15,110254
SHP02688,Mumbai,Colombo,Sea,Pharmaceuticals,1545,1.52,5838,40FT_HC,105.6,Normal,Carrier_A,12,72152
SHP02689,Pune,London,Sea,Machinery,2802,6.55,7490,AIR_CARGO,83.75,Normal,Carrier_E,13,50544
SHP02690,Bengaluru,Shanghai,Sea,Machinery,3484,7.97,8703,LCL,75.1,Normal,Carrier_B,17,52306
SHP02691,Mumbai,Shanghai,Sea,Furniture,6688,22.79,991,LCL,94.68,Normal,Carrier_D,4,48532
SHP02692,Kolkata,Hamburg,Sea,Pharmaceuticals,707,0.94,3470,40FT,91.5,Normal,Carrier_C,8,44672
SHP02693,Delhi,Shanghai,Sea,Chemicals,11089,22.28,2465,20FT,106.04,Normal,Carrier_B,2,70942
SHP02694,Mumbai,London,Sea,Food Products,5362,10.41,2656,AIR_CARGO,91.12,Normal,Carrier_B,7,47278
SHP02695,Mumbai,London,Road,Textiles,3348,9.46,6286,20FT,109.56,Normal,Carrier_B,13,110979
SHP02696,Hyderabad,Rotterdam,Sea,Furniture,1487,2.51,9010,AIR_CARGO,78.83,Peak,Carrier_B,22,75491
SHP02697,Chennai,Singapore,Air,Electronics,1408,4.61,3637,LCL,89.63,Off_Peak,Carrier_E,9,114450
SHP02698,Pune,London,Sea,Automotive Parts,3014,6.2,9981,LCL,112.36,Normal,Carrier_E,22,107035
SHP02699,Kolkata,Colombo,Air,Food Products,3446,11.1,10763,AIR_CARGO,75.47,Off_Peak,Carrier_B,21,195463
SHP02700,Mumbai,Shanghai,Air,Furniture,3169,7.19,4531,20FT,90.63,Normal,Carrier_D,13,184319
SHP02701,Kolkata,Rotterdam,Sea,Textiles,2774,1.74,8336,40FT_HC,85.39,Peak,Carrier_A,15,79853
SHP02702,Chennai,Jebel Ali,Road,Pharmaceuticals,3310,6.49,1846,40FT_HC,96.27,Normal,Carrier_A,6,48038
SHP02703,Hyderabad,Rotterdam,Sea,Machinery,604,10.28,9056,40FT,86.15,Normal,Carrier_E,20,62615
SHP02704,Kolkata,Colombo,Sea,Pharmaceuticals,2103,9.95,2398,40FT,109.8,Off_Peak,Carrier_D,8,50082
SHP02705,Ahmedabad,New York,Air,Furniture,1017,0.5,8405,20FT,112.49,Peak,Carrier_D,22,352361
SHP02706,Chennai,Rotterdam,Air,Textiles,2435,12.91,5352,LCL,108.97,Peak,Carrier_C,11,249312
SHP02707,Chennai,Jebel Ali,Sea,Pharmaceuticals,5844,14.46,11177,20FT,90.94,Peak,Carrier_E,25,107105
SHP02708,Pune,London,Sea,Pharmaceuticals,1385,1.34,5841,AIR_CARGO,114.6,Normal,Carrier_D,15,86515
SHP02709,Bengaluru,Los Angeles,Sea,Automotive Parts,1577,2.63,855,40FT_HC,104.4,Normal,Carrier_D,4,46836
SHP02710,Hyderabad,Los Angeles,Sea,Chemicals,1439,3.65,6028,40FT,89.22,Normal,Carrier_A,17,67259
SHP02711,Hyderabad,Los Angeles,Air,Furniture,1570,8.07,9648,20FT,78.75,Normal,Carrier_D,19,203700
SHP02712,Pune,New York,Sea,Automotive Parts,3584,9.29,7941,20FT,101.68,Peak,Carrier_D,16,99158
SHP02713,Ahmedabad,Jebel Ali,Sea,Furniture,4170,11.26,11613,AIR_CARGO,104.14,Normal,Carrier_B,23,111124
SHP02714,Kolkata,Colombo,Sea,Electronics,6497,20.31,10198,LCL,79.9,Peak,Carrier_A,18,84966
SHP02715,Delhi,Hamburg,Sea,Electronics,1301,1.5,6555,LCL,96.99,Normal,Carrier_A,15,65463
SHP02716,Ahmedabad,Los Angeles,Sea,Automotive Parts,3900,10.5,2875,40FT_HC,114.48,Normal,Carrier_B,8,68407
SHP02717,Bengaluru,Hamburg,Sea,Food Products,4345,12.1,543,40FT,88.05,Normal,Carrier_A,3,31430
SHP02718,Hyderabad,New York,Road,Food Products,7322,17.97,11776,LCL,87.08,Off_Peak,Carrier_C,27,108821
SHP02719,Chennai,Hamburg,Air,Pharmaceuticals,1365,5.25,11291,LCL,111.13,Off_Peak,Carrier_C,22,313257
SHP02720,Hyderabad,Shanghai,Sea,Pharmaceuticals,680,0.5,3653,LCL,79.7,Normal,Carrier_E,5,28078
SHP02721,Ahmedabad,New York,Road,Machinery,2088,8.89,7839,20FT,112.34,Normal,Carrier_A,20,118552
SHP02722,Delhi,Hamburg,Air,Electronics,15517,34.73,8886,LCL,106.18,Off_Peak,Carrier_A,20,485680
SHP02723,Mumbai,Rotterdam,Air,Furniture,1227,4.74,7147,AIR_CARGO,90.63,Normal,Carrier_C,16,185616
SHP02724,Mumbai,Los Angeles,Sea,Machinery,3431,9.01,10194,40FT_HC,78.34,Normal,Carrier_E,20,73589
SHP02725,Pune,Singapore,Sea,Electronics,592,0.5,1395,LCL,75.77,Normal,Carrier_E,5,18126
SHP02726,Hyderabad,Dubai,Sea,Automotive Parts,8133,25.85,10810,40FT,90.03,Off_Peak,Carrier_C,19,77586
SHP02727,Hyderabad,New York,Sea,Food Products,737,8.62,5008,20FT,103.21,Normal,Carrier_C,11,56023
SHP02728,Bengaluru,London,Sea,Pharmaceuticals,528,0.5,6028,AIR_CARGO,94.5,Normal,Carrier_B,11,66606
SHP02729,Hyderabad,Dubai,Sea,Food Products,2666,9.54,5614,40FT_HC,104.55,Off_Peak,Carrier_E,13,69191
SHP02730,Delhi,Colombo,Sea,Automotive Parts,2700,5.94,6610,20FT,101.82,Off_Peak,Carrier_E,16,73601
SHP02731,Hyderabad,New York,Air,Machinery,6289,12.28,7379,AIR_CARGO,97.92,Normal,Carrier_B,13,310190
SHP02732,Kolkata,New York,Sea,Machinery,4342,11.81,8669,20FT,113.7,Off_Peak,Carrier_C,19,89440
SHP02733,Ahmedabad,Hamburg,Sea,Textiles,681,4.96,6537,40FT_HC,104.14,Off_Peak,Carrier_B,14,72798
SHP02734,Pune,New York,Road,Pharmaceuticals,2265,6.04,8375,40FT_HC,111.58,Peak,Carrier_B,19,152640
SHP02735,Delhi,Los Angeles,Road,Pharmaceuticals,1589,2.33,4390,LCL,84.69,Normal,Carrier_D,9,48227
SHP02736,Bengaluru,Jebel Ali,Air,Furniture,1050,7.82,11272,40FT,103.55,Normal,Carrier_E,24,331064
SHP02737,Kolkata,Jebel Ali,Road,Pharmaceuticals,3314,13.35,1242,LCL,98.91,Normal,Carrier_C,3,40968
SHP02738,Kolkata,Colombo,Sea,Electronics,4925,8.99,6774,20FT,111.97,Off_Peak,Carrier_D,11,91761
SHP02739,Ahmedabad,Shanghai,Road,Machinery,1481,3.89,1505,LCL,95.42,Normal,Carrier_D,2,33244
SHP02740,Mumbai,Singapore,Sea,Automotive Parts,2014,0.5,5592,40FT_HC,86.19,Normal,Carrier_D,11,59887
SHP02741,Delhi,Shanghai,Sea,Machinery,2103,8.35,3462,40FT_HC,90.39,Off_Peak,Carrier_C,5,44285
SHP02742,Ahmedabad,Los Angeles,Sea,Food Products,1627,9.18,11274,40FT_HC,83.75,Off_Peak,Carrier_B,26,74776
SHP02743,Kolkata,Los Angeles,Sea,Electronics,1894,6.07,650,LCL,83.8,Peak,Carrier_C,3,32099
SHP02744,Bengaluru,Rotterdam,Sea,Pharmaceuticals,1626,0.5,4999,AIR_CARGO,93.82,Off_Peak,Carrier_E,13,49686
SHP02745,Ahmedabad,Jebel Ali,Sea,Furniture,2711,12.92,9493,LCL,110.7,Peak,Carrier_E,21,116493
SHP02746,Mumbai,Dubai,Air,Furniture,1708,12.19,2667,LCL,82.67,Normal,Carrier_B,7,97779
SHP02747,Kolkata,London,Sea,Furniture,3300,6.13,9879,LCL,86.51,Normal,Carrier_C,27,75894
SHP02748,Ahmedabad,New York,Sea,Chemicals,1704,5.84,10387,LCL,109.12,Normal,Carrier_B,27,102751
SHP02749,Delhi,Singapore,Air,Textiles,3806,12.33,8642,40FT_HC,88.57,Normal,Carrier_B,20,252447
SHP02750,Mumbai,London,Sea,Electronics,1680,7.15,2904,40FT,113.5,Peak,Carrier_C,5,64715
SHP02751,Delhi,Shanghai,Sea,Food Products,3706,9.02,3628,LCL,85.76,Peak,Carrier_E,11,46760
SHP02752,Delhi,London,Air,Pharmaceuticals,1440,10.62,2420,LCL,92.69,Off_Peak,Carrier_C,3,86225
SHP02753,Delhi,Rotterdam,Sea,Food Products,4445,4.32,2617,40FT,78.82,Peak,Carrier_E,10,44069
SHP02754,Ahmedabad,Singapore,Sea,Food Products,787,0.5,920,LCL,114.69,Peak,Carrier_A,1,41514
SHP02755,Mumbai,Singapore,Road,Pharmaceuticals,2491,5.87,10359,40FT,110.61,Normal,Carrier_A,20,151890
SHP02756,Ahmedabad,Rotterdam,Sea,Food Products,1729,11.09,6578,40FT_HC,107.7,Normal,Carrier_A,16,78040
SHP02757,Ahmedabad,Los Angeles,Sea,Furniture,2426,10.41,4269,AIR_CARGO,81.29,Normal,Carrier_D,11,45989
SHP02758,Ahmedabad,Rotterdam,Road,Automotive Parts,1156,0.5,3830,LCL,113.77,Peak,Carrier_E,6,80634
SHP02759,Kolkata,Los Angeles,Air,Textiles,2203,16.62,6764,AIR_CARGO,112.17,Off_Peak,Carrier_E,15,245117
SHP02760,Hyderabad,Dubai,Sea,Chemicals,1216,5.11,4257,LCL,92.43,Off_Peak,Carrier_C,11,42992
SHP02761,Chennai,Colombo,Sea,Food Products,2141,0.5,10433,20FT,102.27,Peak,Carrier_E,21,106787
SHP02762,Kolkata,Los Angeles,Sea,Food Products,2016,4.43,2926,20FT,114.7,Normal,Carrier_C,7,53979
SHP02763,Mumbai,London,Sea,Machinery,3098,11.24,10646,40FT_HC,91.39,Normal,Carrier_D,23,91531
SHP02764,Chennai,Los Angeles,Sea,Textiles,2609,11.22,8137,AIR_CARGO,79.52,Normal,Carrier_C,19,59900
SHP02765,Chennai,Colombo,Sea,Electronics,8476,19.92,11501,AIR_CARGO,109.71,Normal,Carrier_A,23,130672
SHP02766,Chennai,Shanghai,Road,Textiles,1795,6.36,674,40FT,94.06,Normal,Carrier_C,6,32356
SHP02767,Hyderabad,New York,Sea,Textiles,2294,4.96,1180,40FT,114.48,Normal,Carrier_C,4,49567
SHP02768,Ahmedabad,Rotterdam,Sea,Pharmaceuticals,19808,46.9,6260,LCL,97.04,Normal,Carrier_C,12,87270
SHP02769,Pune,New York,Sea,Pharmaceuticals,2162,8.05,10992,40FT,76.18,Off_Peak,Carrier_E,25,60417
SHP02770,Bengaluru,Rotterdam,Air,Pharmaceuticals,4645,16.82,8904,40FT,94.67,Normal,Carrier_B,21,296867
SHP02771,Mumbai,Dubai,Sea,Chemicals,3637,4.11,7655,AIR_CARGO,103.72,Normal,Carrier_B,15,85026
SHP02772,Pune,Jebel Ali,Sea,Furniture,11403,26.22,863,20FT,76.04,Normal,Carrier_B,2,40297
SHP02773,Hyderabad,London,Air,Textiles,986,0.5,4573,AIR_CARGO,91.54,Peak,Carrier_E,14,157105
SHP02774,Hyderabad,London,Sea,Chemicals,916,0.5,4477,40FT,81.22,Normal,Carrier_A,10,39377
SHP02775,Bengaluru,Shanghai,Sea,Food Products,1209,0.5,6734,LCL,100.72,Normal,Carrier_B,14,66075
SHP02776,Chennai,Jebel Ali,Sea,Pharmaceuticals,2797,6.76,3465,20FT,113.29,Normal,Carrier_B,8,59405
SHP02777,Ahmedabad,Jebel Ali,Sea,Food Products,1302,0.5,3572,40FT,99.98,Normal,Carrier_D,11,61927
SHP02778,Bengaluru,Rotterdam,Sea,Pharmaceuticals,625,0.5,7640,40FT,102.8,Normal,Carrier_D,20,86571
SHP02779,Pune,London,Sea,Automotive Parts,1371,2.55,11363,LCL,90.86,Off_Peak,Carrier_A,23,79778
SHP02780,Pune,London,Sea,Chemicals,3177,3.65,8092,LCL,97.53,Normal,Carrier_C,22,71282
SHP02781,Bengaluru,Jebel Ali,Sea,Chemicals,1390,5.34,8183,40FT,96.75,Normal,Carrier_C,16,67640
SHP02782,Hyderabad,Rotterdam,Air,Furniture,5253,10.59,11841,40FT,105.38,Peak,Carrier_D,23,523062
SHP02783,Mumbai,Los Angeles,Road,Electronics,1203,0.5,2265,AIR_CARGO,109.28,Off_Peak,Carrier_D,7,52692
SHP02784,Delhi,Los Angeles,Air,Machinery,2523,15.31,889,40FT_HC,101.52,Peak,Carrier_A,2,122396
SHP02785,Ahmedabad,Colombo,Road,Textiles,1939,0.5,9073,LCL,114.19,Peak,Carrier_A,20,160330
SHP02786,Pune,Hamburg,Sea,Electronics,2826,10.15,5546,LCL,108.13,Peak,Carrier_E,11,81608
SHP02787,Pune,Singapore,Road,Chemicals,3016,8.57,5431,AIR_CARGO,79.99,Normal,Carrier_C,9,61093
SHP02788,Bengaluru,Dubai,Sea,Electronics,7005,14.74,3091,20FT,95.3,Normal,Carrier_E,4,52729
SHP02789,Ahmedabad,Rotterdam,Road,Automotive Parts,3915,5.69,6329,20FT,111.13,Peak,Carrier_B,13,129123
SHP02790,Bengaluru,Los Angeles,Road,Machinery,1902,11.44,5585,20FT,112.76,Normal,Carrier_A,13,94864
SHP02791,Chennai,Shanghai,Air,Furniture,3723,17.36,4473,LCL,90.21,Normal,Carrier_C,7,164610
SHP02792,Ahmedabad,Singapore,Road,Chemicals,4071,8.52,5592,40FT_HC,104.03,Normal,Carrier_C,13,97633
SHP02793,Chennai,Singapore,Sea,Chemicals,9445,20.74,4914,40FT_HC,91.42,Normal,Carrier_E,11,72641
SHP02794,Pune,Singapore,Sea,Textiles,2257,9.89,11309,AIR_CARGO,79.95,Normal,Carrier_D,22,65674
SHP02795,Hyderabad,Jebel Ali,Sea,Furniture,2369,4.66,11773,20FT,110.38,Normal,Carrier_D,22,114003
SHP02796,Chennai,Colombo,Sea,Furniture,5867,16.3,10159,20FT,112.28,Normal,Carrier_A,21,105789
SHP02797,Ahmedabad,Shanghai,Sea,Pharmaceuticals,682,3.86,11890,40FT,95.19,Normal,Carrier_D,23,97766
SHP02798,Kolkata,Hamburg,Sea,Machinery,2189,5.36,3556,AIR_CARGO,75.73,Normal,Carrier_B,10,31962
SHP02799,Ahmedabad,Shanghai,Road,Automotive Parts,3926,10.01,10194,AIR_CARGO,107.64,Normal,Carrier_C,18,149621
SHP02800,Bengaluru,Shanghai,Sea,Food Products,4938,13.24,5176,LCL,94.08,Off_Peak,Carrier_D,12,57999
SHP02801,Chennai,Rotterdam,Air,Electronics,595,0.5,9081,LCL,78.0,Off_Peak,Carrier_A,16,149798
SHP02802,Mumbai,Colombo,Road,Furniture,1048,0.5,2816,AIR_CARGO,82.58,Off_Peak,Carrier_B,7,33487
SHP02803,Kolkata,New York,Road,Textiles,495,2.08,9837,40FT_HC,81.08,Off_Peak,Carrier_E,18,77019
SHP02804,Hyderabad,Colombo,Road,Chemicals,4409,8.68,1460,AIR_CARGO,102.45,Off_Peak,Carrier_E,3,55427
SHP02805,Delhi,New York,Sea,Food Products,2855,17.91,3611,40FT_HC,86.98,Normal,Carrier_B,9,56122
SHP02806,Bengaluru,Hamburg,Road,Automotive Parts,6288,15.5,9952,LCL,80.11,Normal,Carrier_A,19,98738
SHP02807,Bengaluru,Rotterdam,Air,Machinery,2548,0.5,9092,AIR_CARGO,111.71,Off_Peak,Carrier_E,21,298776
SHP02808,Mumbai,Jebel Ali,Sea,Furniture,10729,14.29,6264,40FT_HC,113.26,Off_Peak,Carrier_C,16,93343
SHP02809,Delhi,Singapore,Sea,Electronics,1354,6.51,8237,40FT,80.54,Normal,Carrier_C,19,58368
SHP02810,Pune,Rotterdam,Air,Furniture,1969,5.25,2634,40FT,84.21,Normal,Carrier_A,8,101414
SHP02811,Delhi,Jebel Ali,Sea,Textiles,3269,13.55,8179,AIR_CARGO,98.68,Peak,Carrier_A,17,84173
SHP02812,Hyderabad,Rotterdam,Sea,Furniture,1573,1.17,592,20FT,81.02,Off_Peak,Carrier_C,6,29184
SHP02813,Hyderabad,Jebel Ali,Air,Furniture,3279,7.32,10082,AIR_CARGO,81.34,Normal,Carrier_A,20,225136
SHP02814,Kolkata,Rotterdam,Sea,Furniture,2327,6.66,6437,LCL,88.46,Normal,Carrier_B,18,54684
SHP02815,Pune,Colombo,Sea,Chemicals,2240,4.71,11355,LCL,112.97,Normal,Carrier_A,21,110423
SHP02816,Bengaluru,Colombo,Air,Chemicals,2304,4.53,5999,40FT,113.5,Off_Peak,Carrier_C,11,226932
SHP02817,Chennai,Colombo,Sea,Food Products,3954,12.32,5481,40FT_HC,108.67,Normal,Carrier_D,9,87543
SHP02818,Hyderabad,Singapore,Sea,Food Products,2001,1.43,5676,40FT,102.83,Normal,Carrier_A,10,64432
SHP02819,Mumbai,Dubai,Sea,Electronics,1207,5.02,4637,40FT_HC,103.83,Normal,Carrier_E,7,59725
SHP02820,Mumbai,London,Sea,Machinery,2612,13.53,2417,AIR_CARGO,93.78,Peak,Carrier_B,7,44714
SHP02821,Mumbai,New York,Road,Automotive Parts,1656,10.56,10184,20FT,96.21,Peak,Carrier_B,22,137892
SHP02822,Ahmedabad,Colombo,Sea,Pharmaceuticals,1306,0.5,4974,LCL,100.38,Normal,Carrier_B,11,57258
SHP02823,Pune,Dubai,Sea,Machinery,812,0.5,6585,AIR_CARGO,104.25,Normal,Carrier_E,11,74264
SHP02824,Pune,New York,Sea,Machinery,4579,12.06,729,40FT,78.87,Normal,Carrier_E,2,28354
SHP02825,Hyderabad,Rotterdam,Sea,Machinery,3846,14.27,1193,AIR_CARGO,84.0,Normal,Carrier_B,6,38950
SHP02826,Hyderabad,Hamburg,Air,Pharmaceuticals,6241,15.7,7368,20FT,113.52,Peak,Carrier_B,15,438230
SHP02827,Mumbai,Jebel Ali,Air,Electronics,2505,11.08,10611,40FT_HC,88.41,Off_Peak,Carrier_B,20,244088
SHP02828,Pune,Dubai,Sea,Pharmaceuticals,5040,9.32,6174,20FT,85.74,Normal,Carrier_A,10,57959
SHP02829,Pune,Shanghai,Sea,Electronics,1354,4.54,2397,40FT,91.88,Peak,Carrier_E,6,53282
SHP02830,Hyderabad,Los Angeles,Sea,Pharmaceuticals,723,3.14,1835,20FT,86.64,Peak,Carrier_C,4,31508
SHP02831,Ahmedabad,Dubai,Sea,Automotive Parts,1534,8.91,10848,LCL,78.65,Peak,Carrier_A,22,70705
SHP02832,Chennai,Colombo,Air,Furniture,2187,8.84,8569,20FT,83.32,Peak,Carrier_C,19,219637
SHP02833,Chennai,Colombo,Sea,Machinery,3160,10.28,11611,AIR_CARGO,100.61,Normal,Carrier_A,23,100455
SHP02834,Kolkata,Dubai,Sea,Furniture,5748,17.08,1447,40FT_HC,83.93,Normal,Carrier_A,5,43169
SHP02835,Pune,Jebel Ali,Sea,Electronics,3082,2.5,10880,LCL,100.91,Normal,Carrier_C,23,95194
SHP02836,Bengaluru,New York,Road,Pharmaceuticals,10844,25.13,10225,LCL,79.0,Normal,Carrier_B,18,113558
SHP02837,Chennai,Rotterdam,Road,Automotive Parts,2702,2.41,10772,LCL,76.68,Off_Peak,Carrier_C,25,79651
SHP02838,Kolkata,Los Angeles,Sea,Pharmaceuticals,2669,3.74,566,40FT,109.46,Normal,Carrier_D,2,46732
SHP02839,Delhi,Rotterdam,Air,Furniture,3115,6.72,9032,40FT,105.4,Normal,Carrier_E,19,323313
SHP02840,Bengaluru,Singapore,Sea,Chemicals,3198,0.5,6813,AIR_CARGO,101.64,Peak,Carrier_D,12,87659
SHP02841,Pune,Jebel Ali,Sea,Automotive Parts,3169,6.99,7092,40FT_HC,76.24,Peak,Carrier_A,15,68148
SHP02842,Chennai,Colombo,Air,Machinery,1122,0.5,5896,20FT,84.57,Normal,Carrier_C,13,144787
SHP02843,Ahmedabad,Singapore,Road,Textiles,4350,6.13,9041,AIR_CARGO,107.49,Normal,Carrier_B,22,148100
SHP02844,Delhi,Rotterdam,Road,Machinery,12743,30.72,11998,40FT,80.79,Off_Peak,Carrier_B,23,127199
SHP02845,Kolkata,Rotterdam,Sea,Textiles,1408,1.8,8671,AIR_CARGO,107.51,Peak,Carrier_D,20,111849
SHP02846,Chennai,Los Angeles,Sea,Automotive Parts,2434,7.16,8298,40FT_HC,98.37,Normal,Carrier_D,18,83012
SHP02847,Pune,London,Air,Chemicals,1024,0.5,8026,AIR_CARGO,104.61,Normal,Carrier_A,20,246734
SHP02848,Chennai,Rotterdam,Sea,Furniture,4076,9.0,8495,LCL,100.78,Peak,Carrier_E,14,90722
SHP02849,Hyderabad,New York,Sea,Chemicals,4073,19.53,4434,20FT,91.68,Normal,Carrier_A,11,54069
SHP02850,Delhi,New York,Sea,Electronics,941,4.73,4183,40FT,86.68,Normal,Carrier_B,4,44582
SHP02851,Chennai,Dubai,Air,Chemicals,1065,0.5,9520,40FT,101.91,Normal,Carrier_C,19,271312
SHP02852,Mumbai,Los Angeles,Sea,Food Products,646,6.5,1111,40FT_HC,107.28,Normal,Carrier_D,6,45820
SHP02853,Ahmedabad,Los Angeles,Sea,Automotive Parts,6938,22.71,9231,40FT_HC,76.79,Normal,Carrier_B,22,73176
SHP02854,Hyderabad,Colombo,Road,Furniture,1449,5.84,9859,40FT_HC,90.2,Normal,Carrier_A,21,104918
SHP02855,Hyderabad,Rotterdam,Sea,Furniture,2291,2.33,6498,40FT,89.03,Normal,Carrier_E,13,60399
SHP02856,Chennai,London,Sea,Electronics,1970,8.82,10967,LCL,97.38,Normal,Carrier_C,23,89104
SHP02857,Ahmedabad,Shanghai,Sea,Furniture,4753,9.01,5941,20FT,79.56,Peak,Carrier_E,18,61441
SHP02858,Hyderabad,Singapore,Sea,Chemicals,3840,14.55,2548,40FT_HC,112.34,Off_Peak,Carrier_A,7,54515
SHP02859,Bengaluru,Los Angeles,Sea,Automotive Parts,3709,7.87,4656,40FT,96.94,Normal,Carrier_A,12,66263
SHP02860,Delhi,Dubai,Sea,Machinery,1475,2.39,10917,LCL,111.95,Peak,Carrier_B,21,124224
SHP02861,Bengaluru,Dubai,Road,Chemicals,3893,11.37,11928,40FT_HC,107.68,Peak,Carrier_C,26,183087
SHP02862,Kolkata,Rotterdam,Sea,Pharmaceuticals,4571,16.52,5351,40FT_HC,82.67,Normal,Carrier_A,14,52077
SHP02863,Bengaluru,Rotterdam,Road,Textiles,3819,18.57,2419,20FT,80.29,Peak,Carrier_B,5,47062
SHP02864,Ahmedabad,Shanghai,Sea,Automotive Parts,1082,2.68,3793,20FT,109.45,Normal,Carrier_A,10,54451
SHP02865,Mumbai,Hamburg,Sea,Furniture,1200,1.22,6863,AIR_CARGO,96.44,Peak,Carrier_B,16,84191
SHP02866,Hyderabad,Hamburg,Sea,Electronics,7732,15.13,7079,40FT_HC,75.79,Peak,Carrier_E,16,65725
SHP02867,Ahmedabad,Rotterdam,Sea,Machinery,8845,15.13,7746,AIR_CARGO,112.37,Normal,Carrier_B,16,112343
SHP02868,Hyderabad,Jebel Ali,Air,Food Products,2389,1.66,10107,40FT,93.92,Off_Peak,Carrier_E,23,255815
SHP02869,Pune,New York,Sea,Machinery,2387,6.63,8679,20FT,87.04,Normal,Carrier_D,16,73006
SHP02870,Mumbai,New York,Sea,Chemicals,2769,10.81,3500,LCL,95.66,Normal,Carrier_A,8,53731
SHP02871,Hyderabad,Shanghai,Road,Textiles,3642,5.06,5043,40FT_HC,107.92,Peak,Carrier_D,11,122803
SHP02872,Bengaluru,Shanghai,Road,Machinery,979,5.48,10158,40FT_HC,79.41,Normal,Carrier_C,23,93301
SHP02873,Pune,Colombo,Road,Food Products,2904,3.47,7784,AIR_CARGO,89.36,Peak,Carrier_D,14,113152
SHP02874,Pune,London,Sea,Pharmaceuticals,1279,0.5,2414,20FT,87.75,Normal,Carrier_B,7,38149
SHP02875,Kolkata,Dubai,Air,Electronics,2467,1.6,4244,AIR_CARGO,108.59,Off_Peak,Carrier_B,9,185947
SHP02876,Pune,New York,Sea,Automotive Parts,1407,8.68,9598,40FT_HC,106.14,Normal,Carrier_C,20,85692
SHP02877,Pune,Jebel Ali,Sea,Textiles,1640,10.33,2479,20FT,91.0,Normal,Carrier_C,7,36603
SHP02878,Chennai,Rotterdam,Sea,Food Products,2813,3.78,8447,40FT_HC,101.58,Normal,Carrier_A,15,86631
SHP02879,Mumbai,Los Angeles,Sea,Furniture,1674,0.75,6981,20FT,90.78,Normal,Carrier_B,17,65661
SHP02880,Bengaluru,Jebel Ali,Sea,Chemicals,1224,5.4,2196,40FT_HC,97.85,Normal,Carrier_C,7,45319
SHP02881,Ahmedabad,Colombo,Sea,Chemicals,6431,22.22,8422,LCL,114.65,Normal,Carrier_D,16,112490
SHP02882,Bengaluru,Jebel Ali,Road,Chemicals,1235,9.4,2137,AIR_CARGO,96.42,Peak,Carrier_B,5,48459
SHP02883,Bengaluru,Los Angeles,Sea,Furniture,557,0.5,5082,20FT,114.54,Normal,Carrier_C,14,62704
SHP02884,Chennai,Singapore,Sea,Furniture,3618,7.88,4048,AIR_CARGO,104.89,Normal,Carrier_A,10,59783
SHP02885,Delhi,Hamburg,Sea,Textiles,2071,0.5,8435,20FT,79.83,Peak,Carrier_E,15,70112
SHP02886,Hyderabad,Singapore,Road,Machinery,2453,4.26,9497,20FT,106.84,Normal,Carrier_B,18,132070
SHP02887,Hyderabad,Dubai,Sea,Textiles,2771,6.98,2436,20FT,81.45,Normal,Carrier_B,8,33427
SHP02888,Ahmedabad,Dubai,Sea,Chemicals,5710,8.2,9838,40FT_HC,96.29,Peak,Carrier_B,21,112269
SHP02889,Pune,New York,Air,Pharmaceuticals,8396,17.81,583,40FT,99.53,Normal,Carrier_B,4,195693
SHP02890,Kolkata,Los Angeles,Air,Food Products,2948,7.91,6596,40FT_HC,110.69,Off_Peak,Carrier_E,13,250323
SHP02891,Ahmedabad,Dubai,Sea,Automotive Parts,1164,0.5,6443,40FT,83.42,Off_Peak,Carrier_E,15,52161
SHP02892,Delhi,Shanghai,Air,Automotive Parts,2749,8.42,7674,40FT_HC,110.04,Normal,Carrier_A,15,295071
SHP02893,Hyderabad,New York,Air,Textiles,3667,12.81,3257,40FT,112.38,Normal,Carrier_B,6,220947
SHP02894,Kolkata,Colombo,Air,Chemicals,4800,13.71,613,20FT,78.58,Peak,Carrier_C,6,94730
SHP02895,Ahmedabad,New York,Sea,Furniture,2733,4.52,5730,20FT,110.41,Peak,Carrier_D,13,91162
SHP02896,Kolkata,Singapore,Road,Electronics,1737,8.82,1321,40FT,85.37,Normal,Carrier_B,3,33328
SHP02897,Bengaluru,Rotterdam,Sea,Pharmaceuticals,1387,8.85,10760,40FT,78.24,Off_Peak,Carrier_E,22,60895
SHP02898,Mumbai,Shanghai,Sea,Textiles,2318,6.79,2497,AIR_CARGO,113.34,Off_Peak,Carrier_A,7,47911
SHP02899,Bengaluru,Shanghai,Sea,Chemicals,942,2.84,5390,20FT,90.69,Normal,Carrier_B,11,51557
SHP02900,Chennai,London,Sea,Machinery,3231,5.21,5491,40FT_HC,99.92,Normal,Carrier_A,12,73026
SHP02901,Pune,Shanghai,Sea,Automotive Parts,2805,5.05,6858,AIR_CARGO,97.11,Peak,Carrier_C,13,76677
SHP02902,Hyderabad,Shanghai,Air,Automotive Parts,2796,10.95,9499,40FT,83.53,Normal,Carrier_C,21,214544
SHP02903,Kolkata,Singapore,Sea,Pharmaceuticals,3986,16.89,5930,40FT_HC,101.78,Normal,Carrier_C,13,81409
SHP02904,Ahmedabad,Jebel Ali,Sea,Automotive Parts,6420,13.63,796,LCL,76.84,Normal,Carrier_C,1,26990
SHP02905,Pune,Shanghai,Sea,Electronics,2388,5.0,9368,LCL,83.12,Normal,Carrier_D,19,70213
SHP02906,Mumbai,Rotterdam,Sea,Chemicals,2628,3.67,1445,LCL,112.79,Normal,Carrier_A,3,48903
SHP02907,Ahmedabad,Hamburg,Road,Chemicals,1966,2.96,7878,40FT_HC,113.14,Normal,Carrier_B,10,131237
SHP02908,Hyderabad,Singapore,Sea,Pharmaceuticals,3578,3.49,9739,40FT,94.31,Normal,Carrier_D,19,88826
SHP02909,Kolkata,Singapore,Sea,Chemicals,2488,7.64,3751,40FT_HC,81.76,Normal,Carrier_B,11,46606
SHP02910,Kolkata,Jebel Ali,Sea,Furniture,5297,7.54,5665,AIR_CARGO,91.86,Peak,Carrier_E,12,71210
SHP02911,Bengaluru,London,Sea,Pharmaceuticals,5225,10.25,665,AIR_CARGO,110.08,Normal,Carrier_D,5,56241
SHP02912,Mumbai,Jebel Ali,Sea,Chemicals,3070,7.07,9745,LCL,77.81,Normal,Carrier_D,20,63454
SHP02913,Mumbai,New York,Air,Electronics,2374,0.5,8588,40FT,80.11,Normal,Carrier_E,17,197208
SHP02914,Hyderabad,Hamburg,Road,Food Products,2093,1.89,3161,AIR_CARGO,110.83,Peak,Carrier_D,6,81619
SHP02915,Kolkata,Dubai,Sea,Textiles,3416,3.63,4988,20FT,91.62,Peak,Carrier_A,9,64554
SHP02916,Pune,Colombo,Air,Textiles,3422,12.55,8496,20FT,78.34,Off_Peak,Carrier_C,19,170092
SHP02917,Mumbai,Dubai,Air,Chemicals,2093,10.68,4619,LCL,80.57,Normal,Carrier_B,12,127655
SHP02918,Mumbai,London,Air,Machinery,3016,4.02,2368,LCL,110.3,Off_Peak,Carrier_E,6,150491
SHP02919,Ahmedabad,London,Sea,Automotive Parts,1511,14.65,6463,LCL,94.6,Peak,Carrier_C,10,66825
SHP02920,Hyderabad,Shanghai,Sea,Electronics,3351,4.24,8821,AIR_CARGO,81.52,Normal,Carrier_D,19,70524
SHP02921,Bengaluru,Jebel Ali,Sea,Machinery,1596,2.11,4189,40FT,110.76,Normal,Carrier_A,8,68523
SHP02922,Ahmedabad,New York,Air,Furniture,4129,11.8,1900,LCL,108.81,Normal,Carrier_D,6,180824
SHP02923,Ahmedabad,Shanghai,Air,Machinery,2035,7.19,10040,40FT_HC,75.92,Normal,Carrier_E,17,191731
SHP02924,Delhi,Los Angeles,Sea,Chemicals,7421,16.39,3407,LCL,98.24,Normal,Carrier_D,8,60729
SHP02925,Chennai,New York,Sea,Electronics,2564,10.48,6397,AIR_CARGO,84.77,Normal,Carrier_A,13,54279
SHP02926,Delhi,London,Road,Textiles,2918,11.74,8450,40FT,96.33,Normal,Carrier_D,13,119039
SHP02927,Mumbai,London,Air,Automotive Parts,1007,2.37,4146,LCL,86.17,Normal,Carrier_D,13,127656
SHP02928,Kolkata,Singapore,Road,Textiles,6237,14.25,7959,20FT,87.64,Normal,Carrier_D,16,109070
SHP02929,Chennai,Los Angeles,Air,Machinery,2439,3.36,5787,LCL,99.07,Normal,Carrier_D,12,221410
SHP02930,Chennai,Shanghai,Sea,Furniture,7744,14.28,7060,LCL,96.55,Normal,Carrier_A,16,76740
SHP02931,Kolkata,London,Sea,Automotive Parts,2580,2.94,7292,40FT,90.81,Normal,Carrier_B,15,76497
SHP02932,Chennai,Los Angeles,Air,Food Products,2175,7.36,9978,40FT_HC,79.3,Normal,Carrier_C,21,200865
SHP02933,Kolkata,Hamburg,Sea,Machinery,1793,4.27,8048,LCL,113.78,Normal,Carrier_E,14,88164
SHP02934,Chennai,Colombo,Sea,Textiles,3795,8.06,3540,LCL,81.98,Off_Peak,Carrier_B,8,38260
SHP02935,Ahmedabad,Jebel Ali,Air,Textiles,3507,6.07,1185,AIR_CARGO,100.32,Peak,Carrier_A,1,145125
SHP02936,Pune,London,Sea,Chemicals,1050,0.5,523,40FT,78.31,Normal,Carrier_E,2,22251
SHP02937,Hyderabad,Hamburg,Air,Textiles,1727,3.93,10901,AIR_CARGO,102.53,Normal,Carrier_E,25,326828
SHP02938,Hyderabad,New York,Sea,Electronics,3998,9.02,11334,LCL,78.79,Normal,Carrier_D,20,70867
SHP02939,Delhi,Jebel Ali,Road,Machinery,1644,3.91,1582,LCL,84.18,Off_Peak,Carrier_C,4,27394
SHP02940,Ahmedabad,Los Angeles,Sea,Pharmaceuticals,1470,1.72,6101,20FT,100.88,Normal,Carrier_C,9,65237
SHP02941,Chennai,Jebel Ali,Sea,Pharmaceuticals,2840,4.08,2243,AIR_CARGO,86.32,Normal,Carrier_A,6,37351
SHP02942,Bengaluru,Dubai,Sea,Furniture,2646,6.33,11411,40FT,96.31,Normal,Carrier_B,24,101230
SHP02943,Kolkata,Singapore,Sea,Automotive Parts,1849,7.0,3339,LCL,79.98,Normal,Carrier_D,9,32518
SHP02944,Ahmedabad,Los Angeles,Air,Textiles,7886,16.74,6269,20FT,83.1,Normal,Carrier_C,12,225002
SHP02945,Chennai,Hamburg,Air,Chemicals,2269,0.5,2405,20FT,104.35,Off_Peak,Carrier_D,2,131273
SHP02946,Hyderabad,London,Sea,Chemicals,1099,0.5,4327,40FT_HC,76.41,Normal,Carrier_B,7,38149
SHP02947,Hyderabad,Los Angeles,Sea,Textiles,873,6.38,3568,40FT,79.47,Peak,Carrier_E,11,45626
SHP02948,Kolkata,Rotterdam,Sea,Electronics,4859,15.54,5967,20FT,83.6,Normal,Carrier_B,15,58662
SHP02949,Bengaluru,Dubai,Sea,Chemicals,1225,5.5,5327,40FT,75.81,Normal,Carrier_E,12,42127
SHP02950,Chennai,Hamburg,Road,Pharmaceuticals,2550,8.12,4304,LCL,78.82,Normal,Carrier_B,10,46859
SHP02951,Chennai,New York,Air,Automotive Parts,1417,7.44,1718,40FT_HC,86.26,Peak,Carrier_D,3,101613
SHP02952,Bengaluru,Rotterdam,Air,Machinery,2339,4.2,6072,40FT,78.72,Normal,Carrier_B,16,153501
SHP02953,Bengaluru,Los Angeles,Air,Food Products,3135,8.02,10277,40FT_HC,109.64,Normal,Carrier_C,19,358093
SHP02954,Bengaluru,Singapore,Sea,Electronics,1029,0.5,8898,40FT,77.64,Normal,Carrier_C,19,52883
SHP02955,Hyderabad,Rotterdam,Road,Furniture,1859,3.72,8787,40FT,109.44,Normal,Carrier_A,15,127001
SHP02956,Kolkata,Jebel Ali,Air,Furniture,1614,11.43,4710,AIR_CARGO,107.91,Off_Peak,Carrier_C,10,168207
SHP02957,Ahmedabad,Los Angeles,Air,Chemicals,1335,0.5,8647,40FT_HC,79.03,Normal,Carrier_C,20,171615
SHP02958,Pune,Hamburg,Road,Machinery,1958,0.5,5854,40FT,76.01,Off_Peak,Carrier_E,11,52558
SHP02959,Bengaluru,Los Angeles,Sea,Food Products,1667,3.19,2228,AIR_CARGO,77.0,Normal,Carrier_D,8,24004
SHP02960,Kolkata,Singapore,Air,Furniture,4409,8.9,5319,AIR_CARGO,98.62,Off_Peak,Carrier_D,10,218012
SHP02961,Delhi,Colombo,Sea,Textiles,1570,4.8,2026,40FT_HC,101.81,Normal,Carrier_E,4,52225
SHP02962,Chennai,Jebel Ali,Sea,Textiles,3351,11.15,1817,LCL,99.83,Normal,Carrier_C,5,39355
SHP02963,Chennai,London,Sea,Automotive Parts,3276,6.3,765,40FT_HC,96.66,Normal,Carrier_B,5,45710
SHP02964,Pune,Los Angeles,Road,Food Products,942,10.67,3753,40FT,81.99,Off_Peak,Carrier_E,8,38764
SHP02965,Pune,Singapore,Road,Textiles,1800,9.21,4305,LCL,108.64,Normal,Carrier_D,11,75615
SHP02966,Mumbai,Rotterdam,Air,Furniture,2327,2.49,8544,40FT_HC,88.1,Normal,Carrier_A,20,224676
SHP02967,Delhi,Rotterdam,Air,Textiles,2971,6.76,6687,40FT_HC,114.45,Normal,Carrier_D,13,314581
SHP02968,Ahmedabad,Hamburg,Sea,Pharmaceuticals,2144,7.22,10372,40FT_HC,90.39,Normal,Carrier_B,18,83365
SHP02969,Pune,Jebel Ali,Road,Chemicals,4921,8.4,2529,40FT_HC,85.52,Normal,Carrier_D,6,60879
SHP02970,Bengaluru,Rotterdam,Sea,Furniture,2676,0.5,3559,LCL,110.77,Normal,Carrier_E,11,60209
SHP02971,Bengaluru,London,Sea,Furniture,3340,15.67,11322,40FT,97.7,Normal,Carrier_A,21,95348
SHP02972,Ahmedabad,Colombo,Sea,Furniture,1701,0.5,5607,AIR_CARGO,103.87,Peak,Carrier_D,14,81372
SHP02973,Hyderabad,Colombo,Air,Automotive Parts,3371,11.44,9574,40FT_HC,91.34,Normal,Carrier_E,19,271807
SHP02974,Delhi,Hamburg,Air,Machinery,8802,23.76,6160,AIR_CARGO,110.48,Normal,Carrier_E,17,382563
SHP02975,Bengaluru,Los Angeles,Sea,Furniture,3520,5.12,5917,AIR_CARGO,111.71,Off_Peak,Carrier_E,17,75506
SHP02976,Pune,Rotterdam,Sea,Textiles,5120,20.03,2203,AIR_CARGO,92.47,Normal,Carrier_A,8,51143
SHP02977,Mumbai,Singapore,Air,Pharmaceuticals,2068,5.18,10289,40FT_HC,84.63,Normal,Carrier_E,17,227493
SHP02978,Kolkata,New York,Sea,Furniture,4559,11.41,1401,40FT_HC,100.91,Off_Peak,Carrier_A,1,47871
SHP02979,Chennai,Colombo,Air,Electronics,4825,5.34,4068,40FT_HC,113.18,Peak,Carrier_B,10,306937
SHP02980,Delhi,Shanghai,Road,Electronics,2932,0.5,8245,40FT_HC,99.9,Normal,Carrier_B,19,119944
SHP02981,Chennai,Hamburg,Sea,Machinery,2381,4.7,6333,20FT,113.17,Normal,Carrier_B,15,79791
SHP02982,Kolkata,Los Angeles,Sea,Food Products,946,7.44,10636,40FT,88.75,Normal,Carrier_E,20,73257
SHP02983,Delhi,Dubai,Air,Automotive Parts,2448,0.5,952,20FT,111.6,Normal,Carrier_A,1,120205
SHP02984,Pune,Hamburg,Air,Pharmaceuticals,3610,9.18,7968,LCL,79.5,Off_Peak,Carrier_B,18,178296
SHP02985,Kolkata,Singapore,Sea,Chemicals,1520,3.95,5991,20FT,89.35,Normal,Carrier_C,17,55379
SHP02986,Bengaluru,New York,Road,Pharmaceuticals,1095,7.57,2275,20FT,94.78,Peak,Carrier_B,5,50187
SHP02987,Ahmedabad,Shanghai,Sea,Electronics,2671,10.43,9047,20FT,101.12,Normal,Carrier_E,20,90204
SHP02988,Bengaluru,Colombo,Sea,Electronics,2904,7.48,5230,40FT,86.77,Peak,Carrier_C,17,59482
SHP02989,Pune,Jebel Ali,Air,Machinery,1041,2.1,6613,AIR_CARGO,111.97,Normal,Carrier_D,14,257078
SHP02990,Ahmedabad,Shanghai,Road,Food Products,2567,3.23,11624,LCL,111.14,Peak,Carrier_C,23,178206
SHP02991,Bengaluru,Colombo,Sea,Food Products,3018,2.6,6092,LCL,106.97,Off_Peak,Carrier_D,14,70411
SHP02992,Kolkata,Dubai,Air,Machinery,5901,11.54,9969,40FT,79.57,Normal,Carrier_C,20,246514
SHP02993,Kolkata,Dubai,Sea,Furniture,1834,0.5,9350,20FT,78.13,Peak,Carrier_A,22,62439
SHP02994,Kolkata,Colombo,Sea,Pharmaceuticals,9703,22.68,8122,AIR_CARGO,94.93,Normal,Carrier_C,16,78078
SHP02995,Chennai,Jebel Ali,Sea,Electronics,2589,6.03,10813,40FT_HC,105.61,Normal,Carrier_B,22,105613
SHP02996,Pune,Hamburg,Road,Pharmaceuticals,1145,1.63,3393,40FT,79.93,Normal,Carrier_D,5,47569
SHP02997,Kolkata,Jebel Ali,Sea,Pharmaceuticals,2017,5.24,9939,AIR_CARGO,100.66,Normal,Carrier_D,20,96332
SHP02998,Bengaluru,Rotterdam,Sea,Automotive Parts,1213,1.05,4845,40FT,96.11,Off_Peak,Carrier_B,9,47851
SHP02999,Mumbai,Colombo,Sea,Electronics,2242,8.7,9844,40FT,104.04,Normal,Carrier_A,21,96838
SHP03000,Pune,Colombo,Road,Food Products,3390,8.99,6179,40FT_HC,92.42,Normal,Carrier_C,10,82021
SHP03001,Kolkata,Jebel Ali,Air,Chemicals,2976,5.15,10364,AIR_CARGO,102.73,Normal,Carrier_A,23,332923
SHP03002,Mumbai,London,Air,Pharmaceuticals,1199,0.5,10791,20FT,81.38,Normal,Carrier_B,20,224188
SHP03003,Ahmedabad,London,Sea,Electronics,1106,2.31,7373,AIR_CARGO,83.58,Peak,Carrier_C,19,72041
SHP03004,Bengaluru,Singapore,Sea,Pharmaceuticals,3283,12.38,6338,AIR_CARGO,111.13,Peak,Carrier_B,16,95069
SHP03005,Kolkata,London,Sea,Automotive Parts,3800,11.41,9508,20FT,88.18,Off_Peak,Carrier_D,20,65721
SHP03006,Chennai,Dubai,Air,Furniture,1819,7.36,3570,40FT_HC,114.42,Off_Peak,Carrier_D,5,181833
SHP03007,Chennai,Rotterdam,Road,Textiles,480,4.04,677,AIR_CARGO,76.85,Normal,Carrier_D,2,24856
SHP03008,Ahmedabad,Colombo,Sea,Electronics,1177,7.67,5182,20FT,94.84,Normal,Carrier_E,10,50891
SHP03009,Mumbai,Shanghai,Air,Machinery,4746,14.75,6339,40FT,88.0,Peak,Carrier_E,12,244603
SHP03010,Hyderabad,Dubai,Sea,Textiles,1547,4.28,3919,40FT,114.84,Normal,Carrier_D,12,75876
SHP03011,Chennai,Singapore,Sea,Pharmaceuticals,1995,3.12,4909,20FT,114.6,Peak,Carrier_E,11,89409
SHP03012,Pune,New York,Sea,Machinery,3582,12.03,2030,40FT,84.41,Peak,Carrier_E,4,41180
SHP03013,Chennai,Rotterdam,Sea,Machinery,2049,0.5,3689,AIR_CARGO,85.69,Normal,Carrier_B,7,44463
SHP03014,Chennai,London,Sea,Machinery,6200,19.83,3261,20FT,104.99,Normal,Carrier_C,7,53985
SHP03015,Bengaluru,Los Angeles,Sea,Electronics,1961,7.43,3961,AIR_CARGO,110.59,Peak,Carrier_D,10,78507
SHP03016,Chennai,Hamburg,Sea,Food Products,1429,9.96,3939,LCL,101.55,Normal,Carrier_E,6,51567
SHP03017,Delhi,Shanghai,Air,Pharmaceuticals,5391,8.36,6928,40FT_HC,109.59,Normal,Carrier_B,15,344734
SHP03018,Kolkata,Colombo,Sea,Textiles,2579,10.79,3382,40FT_HC,77.53,Normal,Carrier_B,9,37850
SHP03019,Ahmedabad,New York,Sea,Automotive Parts,1240,5.61,11321,40FT_HC,100.62,Off_Peak,Carrier_C,19,89286
SHP03020,Chennai,Hamburg,Air,Food Products,3397,5.66,6380,20FT,103.01,Normal,Carrier_B,11,251951
SHP03021,Hyderabad,Jebel Ali,Sea,Pharmaceuticals,2065,4.37,1983,LCL,82.61,Peak,Carrier_A,6,35656
SHP03022,Pune,Jebel Ali,Sea,Furniture,1187,2.0,3715,40FT_HC,106.12,Peak,Carrier_A,12,78416
SHP03023,Hyderabad,Rotterdam,Air,Furniture,2659,4.87,8892,AIR_CARGO,112.77,Normal,Carrier_D,21,366548
SHP03024,Chennai,Rotterdam,Sea,Electronics,2256,0.5,657,40FT_HC,110.92,Peak,Carrier_C,2,59916
SHP03025,Chennai,Rotterdam,Sea,Machinery,835,6.69,11285,LCL,84.8,Normal,Carrier_A,25,73876
SHP03026,Delhi,Dubai,Sea,Automotive Parts,1256,0.5,5620,AIR_CARGO,87.96,Peak,Carrier_C,12,57448
SHP03027,Chennai,Dubai,Road,Pharmaceuticals,8404,15.81,6492,AIR_CARGO,94.98,Normal,Carrier_D,13,116265
SHP03028,Chennai,Jebel Ali,Sea,Textiles,2636,11.07,11867,20FT,81.33,Peak,Carrier_B,24,88077
SHP03029,Kolkata,Rotterdam,Air,Pharmaceuticals,5999,8.67,6289,20FT,113.16,Normal,Carrier_B,15,345807
SHP03030,Hyderabad,Shanghai,Sea,Food Products,3056,6.07,11399,40FT,81.46,Normal,Carrier_B,22,74803
SHP03031,Delhi,Singapore,Sea,Furniture,5587,9.33,11025,LCL,105.46,Normal,Carrier_A,21,103534
SHP03032,Hyderabad,Rotterdam,Sea,Chemicals,3588,15.09,11325,AIR_CARGO,88.66,Normal,Carrier_C,20,78904
SHP03033,Delhi,Colombo,Air,Food Products,1351,7.79,9842,LCL,97.95,Off_Peak,Carrier_A,21,245218
SHP03034,Hyderabad,Shanghai,Sea,Pharmaceuticals,3709,5.54,3909,40FT_HC,76.89,Normal,Carrier_E,11,47116
SHP03035,Chennai,Colombo,Sea,Automotive Parts,1346,0.5,4483,40FT_HC,83.2,Normal,Carrier_C,12,56728
SHP03036,Hyderabad,Los Angeles,Sea,Pharmaceuticals,4574,13.96,4697,40FT,92.78,Normal,Carrier_D,8,64965
SHP03037,Hyderabad,Jebel Ali,Sea,Pharmaceuticals,2880,8.59,11761,AIR_CARGO,102.09,Normal,Carrier_A,23,101229
SHP03038,Delhi,Rotterdam,Road,Electronics,2531,4.61,4649,AIR_CARGO,106.1,Peak,Carrier_B,13,97692
SHP03039,Ahmedabad,London,Sea,Textiles,1880,2.69,1750,40FT,76.21,Peak,Carrier_B,6,34408
SHP03040,Mumbai,Hamburg,Sea,Automotive Parts,4201,9.07,9451,40FT_HC,81.1,Normal,Carrier_B,19,76846
SHP03041,Delhi,Rotterdam,Sea,Pharmaceuticals,2257,8.98,4710,AIR_CARGO,104.19,Normal,Carrier_A,11,66825
SHP03042,Delhi,Singapore,Road,Machinery,722,8.0,7641,LCL,107.52,Peak,Carrier_A,17,114864
SHP03043,Delhi,Los Angeles,Sea,Textiles,820,9.24,11130,AIR_CARGO,84.46,Normal,Carrier_B,23,75863
SHP03044,Bengaluru,Rotterdam,Sea,Food Products,1096,0.5,7118,40FT_HC,84.19,Peak,Carrier_B,14,63211
SHP03045,Ahmedabad,Hamburg,Air,Automotive Parts,4162,10.14,7834,AIR_CARGO,78.52,Off_Peak,Carrier_B,18,181975
SHP03046,Bengaluru,Hamburg,Air,Food Products,4373,15.79,7893,AIR_CARGO,81.01,Normal,Carrier_E,14,205728
SHP03047,Bengaluru,Dubai,Sea,Furniture,3088,3.87,7543,20FT,75.32,Peak,Carrier_A,18,54869
SHP03048,Delhi,Singapore,Sea,Pharmaceuticals,3067,4.57,2337,AIR_CARGO,98.59,Normal,Carrier_B,4,42291
SHP03049,Mumbai,Singapore,Sea,Food Products,6400,18.43,5749,40FT,111.16,Normal,Carrier_D,14,98560
SHP03050,Delhi,Shanghai,Sea,Food Products,3124,5.56,588,40FT,80.98,Normal,Carrier_B,3,34708
SHP03051,Chennai,London,Sea,Electronics,3785,3.11,7702,LCL,105.06,Normal,Carrier_A,15,79449
SHP03052,Mumbai,Singapore,Sea,Food Products,2483,2.6,7117,AIR_CARGO,97.95,Normal,Carrier_D,18,78093
SHP03053,Bengaluru,Los Angeles,Sea,Machinery,1853,8.37,4159,LCL,112.6,Normal,Carrier_A,11,61424
SHP03054,Pune,London,Sea,Machinery,2084,5.96,6525,40FT_HC,106.92,Normal,Carrier_A,14,80385
SHP03055,Hyderabad,Dubai,Air,Textiles,9481,16.32,6170,40FT_HC,109.11,Normal,Carrier_A,17,381135
SHP03056,Hyderabad,Singapore,Road,Pharmaceuticals,1234,0.5,3386,20FT,100.57,Off_Peak,Carrier_C,10,47805
SHP03057,Ahmedabad,Dubai,Sea,Chemicals,3067,14.59,3873,20FT,107.45,Peak,Carrier_D,7,79837
SHP03058,Pune,Hamburg,Sea,Furniture,934,1.95,9269,AIR_CARGO,89.03,Normal,Carrier_E,14,60821
SHP03059,Kolkata,Rotterdam,Sea,Food Products,1681,3.03,9191,AIR_CARGO,83.36,Peak,Carrier_E,19,76538
SHP03060,Ahmedabad,Singapore,Road,Food Products,4134,9.88,5902,LCL,111.5,Peak,Carrier_C,15,119178
SHP03061,Mumbai,Hamburg,Sea,Automotive Parts,771,2.66,8751,LCL,104.37,Normal,Carrier_A,19,87411
SHP03062,Bengaluru,Rotterdam,Sea,Electronics,4501,9.15,5684,AIR_CARGO,78.63,Peak,Carrier_E,15,56690
SHP03063,Mumbai,Rotterdam,Sea,Chemicals,9461,27.89,10291,AIR_CARGO,109.68,Peak,Carrier_D,20,146659
SHP03064,Mumbai,Hamburg,Sea,Textiles,3170,5.66,4327,20FT,88.96,Normal,Carrier_B,10,48189
SHP03065,Hyderabad,Colombo,Sea,Furniture,5678,17.49,11164,20FT,86.93,Peak,Carrier_D,22,102276
SHP03066,Delhi,London,Sea,Chemicals,2937,14.28,6736,20FT,99.93,Normal,Carrier_A,15,69116
SHP03067,Chennai,Colombo,Sea,Food Products,3969,10.96,6660,AIR_CARGO,97.74,Normal,Carrier_D,16,74517
SHP03068,Kolkata,Jebel Ali,Road,Automotive Parts,3358,3.8,8214,LCL,96.53,Normal,Carrier_A,20,102597
SHP03069,Bengaluru,New York,Sea,Pharmaceuticals,1795,5.03,4420,40FT,85.2,Off_Peak,Carrier_D,14,43870
SHP03070,Mumbai,Rotterdam,Air,Electronics,1693,1.78,8830,40FT,113.39,Normal,Carrier_C,21,305203
SHP03071,Kolkata,Shanghai,Air,Pharmaceuticals,5388,16.42,4185,LCL,113.0,Normal,Carrier_D,11,282485
SHP03072,Mumbai,London,Sea,Textiles,2432,6.62,5072,LCL,75.17,Peak,Carrier_E,11,43529
SHP03073,Pune,Rotterdam,Sea,Chemicals,2280,4.95,8259,LCL,88.51,Normal,Carrier_B,17,68665
SHP03074,Hyderabad,Los Angeles,Sea,Textiles,2249,1.32,4852,20FT,76.82,Off_Peak,Carrier_C,12,36146
SHP03075,Chennai,Shanghai,Sea,Food Products,3051,0.5,2800,40FT_HC,109.01,Normal,Carrier_D,7,62668
SHP03076,Hyderabad,Jebel Ali,Road,Textiles,1157,0.5,10527,AIR_CARGO,110.46,Normal,Carrier_A,19,137629
SHP03077,Kolkata,Jebel Ali,Road,Pharmaceuticals,2221,7.89,11105,20FT,95.73,Normal,Carrier_C,21,118571
SHP03078,Bengaluru,Los Angeles,Sea,Automotive Parts,3059,12.01,7707,40FT,108.59,Normal,Carrier_E,18,95511
SHP03079,Mumbai,Hamburg,Sea,Textiles,1089,1.35,9828,AIR_CARGO,103.13,Normal,Carrier_B,19,96201
SHP03080,Chennai,London,Road,Machinery,2864,3.04,11847,LCL,94.98,Peak,Carrier_B,24,159783
SHP03081,Pune,Dubai,Air,Automotive Parts,1395,4.08,7570,40FT,89.55,Peak,Carrier_D,16,244807
SHP03082,Hyderabad,London,Road,Chemicals,3063,10.05,10951,LCL,85.65,Peak,Carrier_E,20,126958
SHP03083,Pune,Shanghai,Sea,Electronics,10169,27.32,4631,LCL,85.38,Normal,Carrier_E,10,59384
SHP03084,Kolkata,Colombo,Sea,Electronics,2311,6.28,8555,LCL,97.48,Normal,Carrier_B,17,84666
SHP03085,Hyderabad,Dubai,Air,Food Products,1240,11.23,1142,AIR_CARGO,81.67,Off_Peak,Carrier_B,3,59696
SHP03086,Mumbai,Jebel Ali,Air,Food Products,2917,12.02,9573,40FT,81.99,Normal,Carrier_E,17,230441
SHP03087,Mumbai,Jebel Ali,Sea,Machinery,3403,3.21,10043,40FT,75.42,Normal,Carrier_B,20,61544
SHP03088,Pune,Hamburg,Sea,Chemicals,1360,0.5,5114,LCL,99.53,Peak,Carrier_A,13,63287
SHP03089,Bengaluru,New York,Sea,Pharmaceuticals,818,0.5,7848,20FT,114.77,Off_Peak,Carrier_B,19,83593
SHP03090,Chennai,London,Sea,Electronics,1362,7.92,10371,40FT_HC,110.57,Normal,Carrier_A,18,106710
SHP03091,Delhi,Hamburg,Sea,Electronics,2423,0.5,10661,20FT,103.23,Normal,Carrier_B,25,100203
SHP03092,Hyderabad,Shanghai,Road,Electronics,1860,6.26,1725,AIR_CARGO,106.42,Peak,Carrier_C,6,58024
SHP03093,Mumbai,Dubai,Sea,Pharmaceuticals,5036,11.31,10016,40FT_HC,91.67,Normal,Carrier_C,18,84005
SHP03094,Kolkata,Los Angeles,Air,Electronics,3499,3.35,3654,20FT,86.92,Normal,Carrier_C,8,136054
SHP03095,Hyderabad,Rotterdam,Sea,Textiles,2671,7.35,8864,40FT,89.75,Peak,Carrier_A,14,81098
SHP03096,Bengaluru,Colombo,Air,Chemicals,804,1.21,4239,20FT,78.26,Normal,Carrier_A,6,101443
SHP03097,Bengaluru,Shanghai,Road,Automotive Parts,3766,12.19,1148,LCL,100.35,Normal,Carrier_D,8,50240
SHP03098,Mumbai,Rotterdam,Sea,Automotive Parts,9050,15.04,2914,AIR_CARGO,81.99,Normal,Carrier_D,6,44410
SHP03099,Mumbai,London,Sea,Machinery,4379,6.85,5200,20FT,105.52,Normal,Carrier_B,13,79403
SHP03100,Pune,Los Angeles,Sea,Textiles,1630,0.5,9024,20FT,82.6,Normal,Carrier_A,18,63008
SHP03101,Mumbai,Jebel Ali,Sea,Electronics,2288,8.09,1658,40FT_HC,84.12,Peak,Carrier_C,5,42242
SHP03102,Pune,Hamburg,Air,Electronics,3369,7.07,9849,LCL,113.29,Off_Peak,Carrier_C,21,327716
SHP03103,Ahmedabad,Dubai,Road,Food Products,6157,19.38,11965,40FT_HC,79.22,Normal,Carrier_C,20,112799
SHP03104,Delhi,Hamburg,Sea,Food Products,1580,2.17,9565,AIR_CARGO,94.95,Normal,Carrier_B,22,80778
SHP03105,Mumbai,Dubai,Sea,Machinery,1847,5.28,5948,AIR_CARGO,77.51,Normal,Carrier_A,13,41595
SHP03106,Hyderabad,New York,Sea,Electronics,2431,11.73,7034,LCL,78.62,Peak,Carrier_B,14,65760
SHP03107,Hyderabad,New York,Air,Machinery,2296,0.5,571,40FT_HC,100.34,Normal,Carrier_E,4,95650
SHP03108,Pune,Hamburg,Sea,Textiles,4184,10.08,2907,LCL,100.23,Peak,Carrier_E,6,60127
SHP03109,Ahmedabad,Dubai,Sea,Automotive Parts,2965,6.93,10838,40FT_HC,82.72,Normal,Carrier_D,22,86668
SHP03110,Ahmedabad,Dubai,Sea,Electronics,1008,0.5,750,40FT,109.9,Normal,Carrier_A,3,41417
SHP03111,Chennai,Rotterdam,Sea,Chemicals,1631,3.23,10905,LCL,103.09,Normal,Carrier_C,23,90777
SHP03112,Kolkata,Hamburg,Sea,Pharmaceuticals,1662,5.21,1802,AIR_CARGO,87.02,Peak,Carrier_A,5,42968
SHP03113,Mumbai,Singapore,Air,Textiles,592,0.5,2030,40FT_HC,84.94,Normal,Carrier_D,4,82961
SHP03114,Pune,London,Sea,Electronics,4575,11.11,2517,40FT,105.17,Normal,Carrier_C,7,58948
SHP03115,Hyderabad,Jebel Ali,Sea,Pharmaceuticals,2725,2.41,9693,AIR_CARGO,104.34,Normal,Carrier_B,19,97754
SHP03116,Ahmedabad,New York,Road,Chemicals,1759,3.37,5999,40FT_HC,80.95,Normal,Carrier_C,9,59869
SHP03117,Hyderabad,Singapore,Air,Food Products,4495,14.42,2170,40FT,88.97,Normal,Carrier_E,6,139075
SHP03118,Hyderabad,New York,Sea,Machinery,3041,11.14,8398,AIR_CARGO,83.67,Normal,Carrier_B,16,69622
SHP03119,Ahmedabad,Los Angeles,Sea,Food Products,1084,7.27,11318,AIR_CARGO,86.77,Normal,Carrier_C,23,74511
SHP03120,Delhi,New York,Sea,Automotive Parts,3716,8.44,7083,40FT,86.5,Normal,Carrier_B,13,66532
SHP03121,Ahmedabad,Shanghai,Sea,Food Products,6103,13.22,1635,AIR_CARGO,114.04,Normal,Carrier_E,3,58660
SHP03122,Ahmedabad,New York,Sea,Electronics,2283,8.39,1130,40FT_HC,105.01,Off_Peak,Carrier_E,6,51366
SHP03123,Kolkata,Rotterdam,Sea,Chemicals,2393,10.37,9653,40FT_HC,106.2,Normal,Carrier_A,21,101604
SHP03124,Pune,Singapore,Sea,Food Products,2681,6.72,7700,AIR_CARGO,86.1,Off_Peak,Carrier_E,16,59195
SHP03125,Pune,Los Angeles,Air,Electronics,1133,8.75,11111,20FT,75.02,Normal,Carrier_E,23,196685
SHP03126,Ahmedabad,Dubai,Sea,Automotive Parts,2741,9.37,6793,40FT,77.33,Normal,Carrier_E,16,50522
SHP03127,Bengaluru,Dubai,Air,Pharmaceuticals,1400,1.05,1218,20FT,97.12,Normal,Carrier_D,4,96379
SHP03128,Pune,Los Angeles,Sea,Chemicals,2489,4.13,5142,40FT_HC,86.42,Normal,Carrier_E,9,48732
SHP03129,Pune,Colombo,Road,Food Products,2785,6.47,8067,AIR_CARGO,82.72,Normal,Carrier_A,17,80194
SHP03130,Pune,Hamburg,Air,Machinery,3530,2.12,4926,LCL,76.99,Normal,Carrier_B,13,136815
SHP03131,Ahmedabad,Colombo,Air,Machinery,3615,6.39,11995,LCL,110.04,Off_Peak,Carrier_D,25,396335
SHP03132,Hyderabad,Singapore,Air,Chemicals,1368,7.82,5162,20FT,99.01,Normal,Carrier_B,12,177689
SHP03133,Mumbai,New York,Road,Machinery,2824,12.1,6782,20FT,79.29,Normal,Carrier_B,15,69628
SHP03134,Hyderabad,Dubai,Sea,Food Products,4654,12.23,3092,20FT,105.66,Normal,Carrier_A,7,54908
SHP03135,Kolkata,Rotterdam,Sea,Food Products,1181,4.63,2250,40FT_HC,105.23,Peak,Carrier_D,8,60130
SHP03136,Bengaluru,Colombo,Sea,Chemicals,7773,17.27,7921,40FT_HC,86.58,Normal,Carrier_C,19,74139
SHP03137,Ahmedabad,New York,Air,Food Products,1329,0.6,7269,AIR_CARGO,82.54,Normal,Carrier_E,13,166702
SHP03138,Delhi,Jebel Ali,Air,Pharmaceuticals,7200,19.42,550,40FT_HC,107.56,Off_Peak,Carrier_B,5,183380
SHP03139,Chennai,Hamburg,Sea,Electronics,1344,1.44,3775,AIR_CARGO,88.18,Normal,Carrier_B,13,43011
SHP03140,Ahmedabad,Los Angeles,Sea,Automotive Parts,2410,12.5,7901,AIR_CARGO,108.9,Peak,Carrier_A,17,99788
SHP03141,Mumbai,New York,Sea,Pharmaceuticals,2205,6.88,9841,20FT,76.75,Normal,Carrier_A,22,57211
SHP03142,Chennai,Hamburg,Road,Pharmaceuticals,1028,4.23,4092,LCL,94.97,Normal,Carrier_A,8,57007
SHP03143,Delhi,Hamburg,Sea,Machinery,3936,5.13,7946,20FT,82.18,Normal,Carrier_D,15,61817
SHP03144,Kolkata,Dubai,Sea,Electronics,4069,0.5,3550,40FT_HC,101.88,Normal,Carrier_E,8,63737
SHP03145,Kolkata,Dubai,Sea,Chemicals,3740,10.69,8439,40FT,114.89,Normal,Carrier_D,17,107395
SHP03146,Delhi,Singapore,Sea,Furniture,2127,3.08,8526,40FT_HC,91.5,Normal,Carrier_A,15,69093
SHP03147,Hyderabad,Jebel Ali,Road,Machinery,1584,7.71,1998,LCL,79.01,Normal,Carrier_A,5,32222
SHP03148,Delhi,Los Angeles,Air,Electronics,5108,8.51,8149,40FT_HC,87.71,Peak,Carrier_B,18,302183
SHP03149,Pune,Hamburg,Air,Food Products,2872,4.71,4336,LCL,110.66,Normal,Carrier_D,7,222959
SHP03150,Pune,Singapore,Sea,Chemicals,1529,8.12,2485,40FT,105.63,Normal,Carrier_D,7,56567
SHP03151,Ahmedabad,Shanghai,Sea,Furniture,2874,8.59,6254,40FT,84.29,Off_Peak,Carrier_E,14,50400
SHP03152,Mumbai,Colombo,Sea,Chemicals,842,0.5,5701,AIR_CARGO,113.14,Off_Peak,Carrier_D,12,76712
SHP03153,Pune,London,Air,Furniture,2681,6.52,9400,40FT_HC,99.89,Normal,Carrier_E,20,299756
SHP03154,Bengaluru,Hamburg,Sea,Furniture,3829,16.73,1472,AIR_CARGO,81.72,Normal,Carrier_C,5,30703
SHP03155,Ahmedabad,Singapore,Sea,Machinery,2225,5.87,9582,20FT,97.89,Normal,Carrier_E,19,88109
SHP03156,Ahmedabad,Jebel Ali,Sea,Food Products,3968,8.86,1720,20FT,93.05,Normal,Carrier_A,7,38740
SHP03157,Ahmedabad,Dubai,Road,Machinery,4241,13.68,2886,20FT,107.79,Peak,Carrier_C,8,80247
SHP03158,Chennai,Hamburg,Sea,Furniture,2990,8.53,6433,20FT,88.77,Normal,Carrier_B,17,58317
SHP03159,Chennai,Hamburg,Air,Furniture,7890,24.56,5827,20FT,110.0,Normal,Carrier_B,12,357787
SHP03160,Kolkata,New York,Sea,Textiles,6028,17.37,11872,40FT_HC,107.48,Normal,Carrier_B,23,130687
SHP03161,Ahmedabad,Jebel Ali,Sea,Electronics,3759,12.58,7279,AIR_CARGO,101.98,Normal,Carrier_A,15,75455
SHP03162,Hyderabad,Los Angeles,Sea,Textiles,3149,13.47,4266,AIR_CARGO,85.34,Normal,Carrier_B,12,44658
SHP03163,Pune,Dubai,Sea,Electronics,2116,3.84,10852,LCL,113.81,Off_Peak,Carrier_E,21,101046
SHP03164,Kolkata,Hamburg,Sea,Automotive Parts,1642,1.51,4090,20FT,96.95,Peak,Carrier_A,9,65539
SHP03165,Mumbai,Colombo,Sea,Pharmaceuticals,4198,4.61,3648,40FT,111.3,Normal,Carrier_D,13,80044
SHP03166,Delhi,Dubai,Sea,Chemicals,2196,4.39,6185,LCL,83.63,Off_Peak,Carrier_A,11,43911
SHP03167,Chennai,Colombo,Road,Machinery,1293,0.5,11002,LCL,114.34,Peak,Carrier_A,23,174004
SHP03168,Ahmedabad,London,Sea,Automotive Parts,1484,5.0,8648,40FT_HC,107.64,Normal,Carrier_D,18,96446
SHP03169,Mumbai,Los Angeles,Air,Automotive Parts,1617,1.4,8291,LCL,112.97,Normal,Carrier_E,17,301673
SHP03170,Kolkata,London,Sea,Chemicals,7815,22.46,8850,40FT,83.49,Normal,Carrier_C,16,74301
SHP03171,Kolkata,Hamburg,Air,Chemicals,4338,13.44,8086,AIR_CARGO,92.23,Normal,Carrier_D,15,273521
SHP03172,Chennai,New York,Sea,Electronics,2556,4.53,9238,LCL,78.91,Off_Peak,Carrier_A,18,52003
SHP03173,Kolkata,Los Angeles,Sea,Textiles,3272,11.7,2717,40FT_HC,80.48,Peak,Carrier_B,8,47040
SHP03174,Hyderabad,New York,Sea,Food Products,3528,9.0,2538,20FT,86.36,Normal,Carrier_D,8,49169
SHP03175,Kolkata,Singapore,Sea,Electronics,1421,0.5,4665,40FT,113.07,Normal,Carrier_D,7,76058
SHP03176,Bengaluru,Shanghai,Sea,Food Products,1170,0.5,10286,20FT,101.69,Normal,Carrier_C,18,82929
SHP03177,Pune,Jebel Ali,Air,Automotive Parts,4952,8.89,8716,LCL,87.59,Normal,Carrier_A,19,249138
SHP03178,Delhi,Singapore,Road,Food Products,1040,2.52,7014,AIR_CARGO,113.18,Off_Peak,Carrier_B,16,101149
SHP03179,Kolkata,London,Air,Textiles,2472,4.17,724,40FT_HC,104.59,Off_Peak,Carrier_B,1,105394
SHP03180,Pune,Colombo,Air,Electronics,1564,1.61,3212,40FT,111.28,Normal,Carrier_C,10,160529
SHP03181,Pune,London,Sea,Furniture,2886,9.2,9740,AIR_CARGO,112.09,Normal,Carrier_B,20,107994
SHP03182,Bengaluru,Los Angeles,Sea,Chemicals,2121,8.2,3289,40FT,105.03,Peak,Carrier_E,9,57621
SHP03183,Mumbai,Los Angeles,Sea,Furniture,3537,5.95,8898,40FT_HC,84.73,Off_Peak,Carrier_D,16,64980
SHP03184,Kolkata,London,Sea,Textiles,557,0.5,2623,40FT_HC,114.86,Normal,Carrier_D,4,64296
SHP03185,Hyderabad,Hamburg,Sea,Pharmaceuticals,5180,17.39,7473,LCL,88.0,Normal,Carrier_B,15,68333
SHP03186,Mumbai,London,Sea,Textiles,4032,20.5,7724,40FT,101.87,Normal,Carrier_B,16,89218
SHP03187,Pune,Los Angeles,Sea,Pharmaceuticals,4825,7.72,9148,LCL,108.79,Normal,Carrier_B,18,96396
SHP03188,Pune,Los Angeles,Sea,Electronics,4477,14.22,5541,40FT,82.01,Peak,Carrier_D,11,64958
SHP03189,Ahmedabad,Dubai,Air,Chemicals,3066,6.74,7776,40FT,99.36,Normal,Carrier_B,20,269586
SHP03190,Kolkata,Rotterdam,Air,Textiles,1648,6.63,6100,20FT,90.01,Normal,Carrier_E,10,172727
SHP03191,Chennai,New York,Sea,Furniture,3324,4.1,11394,LCL,84.77,Normal,Carrier_E,21,73966
SHP03192,Bengaluru,Singapore,Road,Pharmaceuticals,3018,2.18,6502,40FT,75.47,Normal,Carrier_D,13,70841
SHP03193,Bengaluru,London,Road,Chemicals,4420,6.03,2910,40FT,109.88,Peak,Carrier_A,7,91028
SHP03194,Chennai,Dubai,Sea,Machinery,3745,6.66,8181,40FT_HC,80.44,Normal,Carrier_A,18,62285
SHP03195,Delhi,Hamburg,Sea,Machinery,2658,5.39,6807,20FT,110.12,Normal,Carrier_A,16,86859
SHP03196,Pune,Los Angeles,Sea,Machinery,3313,11.67,9744,40FT_HC,99.03,Off_Peak,Carrier_E,22,85431
SHP03197,Ahmedabad,London,Road,Food Products,3509,5.02,2534,LCL,99.84,Peak,Carrier_C,8,57899
SHP03198,Hyderabad,Los Angeles,Road,Textiles,5072,9.52,3501,LCL,108.15,Peak,Carrier_A,5,93918
SHP03199,Bengaluru,Colombo,Sea,Electronics,7726,26.72,11099,40FT,95.38,Normal,Carrier_C,19,98765
SHP03200,Mumbai,Dubai,Sea,Furniture,3685,8.99,11195,AIR_CARGO,89.29,Normal,Carrier_D,25,90567
SHP03201,Pune,London,Sea,Electronics,3520,9.52,5586,40FT_HC,80.55,Peak,Carrier_E,14,58081
SHP03202,Hyderabad,Colombo,Sea,Food Products,2163,8.13,1049,LCL,97.82,Normal,Carrier_A,5,37285
SHP03203,Bengaluru,Shanghai,Sea,Electronics,2000,2.67,4025,40FT,97.13,Off_Peak,Carrier_E,8,53611
SHP03204,Ahmedabad,Dubai,Road,Pharmaceuticals,1560,3.64,3342,40FT,86.76,Normal,Carrier_D,7,50675
SHP03205,Delhi,London,Air,Machinery,312,0.5,5269,40FT_HC,99.0,Normal,Carrier_E,11,167863
SHP03206,Ahmedabad,London,Air,Furniture,1449,3.12,4155,40FT,92.57,Normal,Carrier_B,8,146302
SHP03207,Mumbai,Jebel Ali,Road,Textiles,2234,8.69,10033,20FT,107.22,Normal,Carrier_A,21,134652
SHP03208,Ahmedabad,Dubai,Air,Electronics,2049,7.58,535,AIR_CARGO,97.38,Normal,Carrier_E,7,86602
SHP03209,Hyderabad,Dubai,Sea,Electronics,3364,0.5,7913,40FT_HC,112.35,Normal,Carrier_E,15,98388
SHP03210,Pune,Los Angeles,Sea,Automotive Parts,1482,7.52,8139,40FT_HC,95.72,Normal,Carrier_E,19,83221
SHP03211,Mumbai,London,Sea,Automotive Parts,1525,2.25,8097,40FT_HC,110.5,Off_Peak,Carrier_D,15,88274
SHP03212,Pune,New York,Air,Automotive Parts,633,3.09,6487,40FT,95.82,Normal,Carrier_A,11,187691
SHP03213,Chennai,New York,Sea,Textiles,3396,6.46,7528,40FT,97.32,Peak,Carrier_A,18,89265
SHP03214,Kolkata,New York,Air,Machinery,1404,3.14,9821,40FT_HC,89.67,Off_Peak,Carrier_B,19,218202
SHP03215,Chennai,Shanghai,Sea,Chemicals,1570,9.0,9518,40FT_HC,91.01,Normal,Carrier_B,22,74371
SHP03216,Hyderabad,London,Sea,Machinery,3609,9.94,898,20FT,112.32,Normal,Carrier_E,7,48770
SHP03217,Kolkata,London,Sea,Furniture,1408,8.41,850,LCL,83.93,Normal,Carrier_A,3,30181
SHP03218,Chennai,Colombo,Sea,Machinery,3201,7.42,10148,20FT,79.86,Off_Peak,Carrier_A,23,64641
SHP03219,Kolkata,Jebel Ali,Air,Textiles,1141,2.1,7109,40FT_HC,108.21,Normal,Carrier_E,13,250857
SHP03220,Bengaluru,Dubai,Air,Pharmaceuticals,2466,5.92,11510,40FT,98.08,Normal,Carrier_C,21,313321
SHP03221,Ahmedabad,Los Angeles,Sea,Pharmaceuticals,1682,0.5,5463,40FT,86.39,Normal,Carrier_A,14,51877
SHP03222,Mumbai,Jebel Ali,Sea,Textiles,2103,0.5,2533,40FT_HC,92.3,Off_Peak,Carrier_E,4,42004
SHP03223,Kolkata,Colombo,Sea,Automotive Parts,6678,12.78,5942,LCL,96.0,Normal,Carrier_E,13,73689
SHP03224,Bengaluru,London,Sea,Electronics,861,6.16,5520,AIR_CARGO,98.69,Peak,Carrier_C,15,70642
SHP03225,Ahmedabad,Singapore,Sea,Food Products,6302,20.69,6448,AIR_CARGO,107.84,Normal,Carrier_B,16,94580
SHP03226,Ahmedabad,Dubai,Road,Food Products,1376,0.5,9791,20FT,90.77,Normal,Carrier_E,19,106976
SHP03227,Delhi,Shanghai,Sea,Chemicals,4398,15.62,8039,LCL,102.06,Normal,Carrier_A,19,86296
SHP03228,Pune,New York,Sea,Electronics,5003,9.54,2631,AIR_CARGO,108.39,Normal,Carrier_B,5,54820
SHP03229,Chennai,Shanghai,Sea,Chemicals,3307,2.17,8946,LCL,108.75,Normal,Carrier_B,17,92817
SHP03230,Delhi,London,Sea,Automotive Parts,1132,6.93,7307,40FT,85.17,Normal,Carrier_B,16,57392
SHP03231,Pune,Colombo,Sea,Chemicals,2984,5.08,7151,40FT,89.01,Normal,Carrier_E,16,62619
SHP03232,Pune,Singapore,Sea,Electronics,13197,41.88,8300,LCL,98.8,Peak,Carrier_A,15,110237
SHP03233,Hyderabad,Hamburg,Sea,Furniture,2518,3.3,6986,40FT_HC,110.43,Normal,Carrier_C,18,82325
SHP03234,Bengaluru,New York,Sea,Electronics,2341,4.47,5761,AIR_CARGO,106.62,Peak,Carrier_D,9,84842
SHP03235,Delhi,Los Angeles,Sea,Food Products,2199,1.33,7864,AIR_CARGO,98.36,Normal,Carrier_D,16,81380
SHP03236,Delhi,London,Sea,Pharmaceuticals,3495,8.92,8823,40FT,114.35,Normal,Carrier_B,18,103897
SHP03237,Pune,Rotterdam,Sea,Automotive Parts,2362,8.81,3096,20FT,92.56,Normal,Carrier_D,4,44910
SHP03238,Ahmedabad,Singapore,Road,Furniture,3008,0.5,6216,AIR_CARGO,108.7,Normal,Carrier_D,16,115733
SHP03239,Bengaluru,Singapore,Sea,Textiles,2067,7.54,5769,40FT,107.74,Normal,Carrier_E,11,71884
SHP03240,Ahmedabad,Dubai,Sea,Furniture,1275,1.4,959,40FT,111.32,Off_Peak,Carrier_C,4,43080
SHP03241,Mumbai,Shanghai,Sea,Furniture,11309,23.48,10096,LCL,114.51,Peak,Carrier_D,21,153324
SHP03242,Kolkata,New York,Sea,Chemicals,2348,0.5,4840,LCL,94.83,Normal,Carrier_C,8,52060
SHP03243,Hyderabad,London,Sea,Food Products,19990,51.51,1336,LCL,82.83,Normal,Carrier_D,2,54294
SHP03244,Hyderabad,Rotterdam,Air,Chemicals,3295,8.99,5766,20FT,93.44,Normal,Carrier_B,16,209201
SHP03245,Chennai,New York,Air,Chemicals,3692,6.46,2357,AIR_CARGO,109.16,Normal,Carrier_B,6,180927
SHP03246,Ahmedabad,Colombo,Sea,Textiles,2045,7.99,8601,20FT,108.44,Normal,Carrier_C,12,86709
SHP03247,Kolkata,Rotterdam,Sea,Automotive Parts,1700,6.17,7075,20FT,88.44,Normal,Carrier_C,14,55414
SHP03248,Pune,Jebel Ali,Sea,Electronics,2075,8.41,3606,LCL,76.89,Normal,Carrier_C,8,34518
SHP03249,Chennai,Jebel Ali,Road,Machinery,1455,10.03,11430,40FT,95.39,Normal,Carrier_C,23,128472
SHP03250,Hyderabad,Singapore,Sea,Chemicals,1371,4.13,3855,40FT_HC,93.96,Normal,Carrier_A,5,51471
SHP03251,Kolkata,Colombo,Sea,Machinery,7975,26.72,6882,40FT,78.43,Normal,Carrier_B,14,59594
SHP03252,Delhi,Jebel Ali,Sea,Automotive Parts,4204,15.72,9718,40FT,106.8,Off_Peak,Carrier_D,18,99113
SHP03253,Mumbai,Singapore,Sea,Machinery,6620,18.9,6410,40FT,86.34,Normal,Carrier_A,14,60423
SHP03254,Pune,Shanghai,Sea,Chemicals,5194,5.6,11550,40FT,100.83,Normal,Carrier_C,24,105709
SHP03255,Delhi,London,Sea,Textiles,1691,4.47,10204,20FT,79.06,Peak,Carrier_D,21,78085
SHP03256,Mumbai,Singapore,Sea,Machinery,919,3.17,11092,LCL,109.43,Normal,Carrier_B,25,112000
SHP03257,Pune,London,Air,Automotive Parts,1854,5.28,4786,LCL,104.57,Off_Peak,Carrier_C,15,168074
SHP03258,Ahmedabad,Colombo,Sea,Automotive Parts,2654,5.88,6806,40FT,90.54,Off_Peak,Carrier_E,12,55558
SHP03259,Bengaluru,Dubai,Sea,Pharmaceuticals,5260,15.11,10162,40FT_HC,100.18,Normal,Carrier_C,20,98555
SHP03260,Chennai,New York,Road,Pharmaceuticals,2413,8.86,10890,AIR_CARGO,82.5,Peak,Carrier_D,23,123501
SHP03261,Chennai,Singapore,Sea,Textiles,17192,34.24,11360,40FT,114.42,Normal,Carrier_B,22,166076
SHP03262,Bengaluru,Singapore,Sea,Machinery,1887,9.91,10610,40FT,106.84,Normal,Carrier_C,16,96365
SHP03263,Kolkata,London,Sea,Machinery,3671,2.83,8904,40FT_HC,106.56,Normal,Carrier_B,18,105409
SHP03264,Bengaluru,Jebel Ali,Sea,Pharmaceuticals,1694,2.41,778,20FT,81.14,Normal,Carrier_A,6,23144
SHP03265,Ahmedabad,Jebel Ali,Air,Electronics,3256,4.2,4122,40FT,75.71,Normal,Carrier_E,7,120104
SHP03266,Hyderabad,Singapore,Sea,Food Products,2304,2.6,1983,40FT_HC,98.41,Normal,Carrier_A,6,44766
SHP03267,Bengaluru,Jebel Ali,Sea,Automotive Parts,2127,9.41,2280,20FT,80.76,Normal,Carrier_E,2,24598
SHP03268,Mumbai,Jebel Ali,Sea,Electronics,1672,4.47,3845,20FT,106.22,Normal,Carrier_A,11,54936
SHP03269,Hyderabad,Singapore,Sea,Automotive Parts,2752,9.28,1360,40FT,91.64,Normal,Carrier_B,5,39812
SHP03270,Bengaluru,Shanghai,Air,Furniture,4305,12.78,3295,20FT,88.54,Normal,Carrier_B,7,161955
SHP03271,Chennai,Shanghai,Sea,Furniture,1326,0.5,11505,40FT,77.95,Off_Peak,Carrier_A,22,57864
SHP03272,Delhi,Hamburg,Sea,Electronics,2422,3.54,4087,40FT,114.84,Normal,Carrier_D,6,73878
SHP03273,Mumbai,Shanghai,Air,Furniture,3445,11.2,2337,LCL,113.24,Normal,Carrier_A,8,170504
SHP03274,Ahmedabad,Hamburg,Sea,Pharmaceuticals,3897,11.91,8760,AIR_CARGO,80.26,Off_Peak,Carrier_C,16,58540
SHP03275,Mumbai,Colombo,Air,Pharmaceuticals,8392,12.95,10028,AIR_CARGO,88.31,Normal,Carrier_D,21,353906
SHP03276,Pune,Los Angeles,Air,Food Products,3642,12.79,4111,LCL,90.63,Normal,Carrier_B,8,166207
SHP03277,Kolkata,New York,Air,Electronics,1928,7.05,3703,40FT,86.87,Normal,Carrier_A,13,125675
SHP03278,Delhi,Los Angeles,Sea,Automotive Parts,1728,0.5,3280,40FT_HC,112.38,Off_Peak,Carrier_D,11,57311
SHP03279,Mumbai,Jebel Ali,Sea,Machinery,1715,5.72,5023,20FT,103.85,Peak,Carrier_C,15,65633
SHP03280,Pune,Rotterdam,Air,Automotive Parts,1654,3.02,1503,LCL,113.24,Normal,Carrier_E,9,118028
SHP03281,Bengaluru,Jebel Ali,Sea,Chemicals,2876,8.82,8195,LCL,109.98,Normal,Carrier_B,16,93740
SHP03282,Mumbai,Singapore,Sea,Pharmaceuticals,3286,0.62,9956,LCL,105.18,Normal,Carrier_D,18,92299
SHP03283,Mumbai,Singapore,Road,Textiles,4273,8.76,8132,LCL,102.88,Normal,Carrier_D,21,129197
SHP03284,Mumbai,New York,Road,Textiles,3852,13.89,5344,AIR_CARGO,109.65,Normal,Carrier_D,11,108716
SHP03285,Kolkata,Dubai,Sea,Pharmaceuticals,5620,15.54,3823,40FT,102.37,Normal,Carrier_A,11,60600
SHP03286,Mumbai,Dubai,Sea,Chemicals,1618,7.02,5209,LCL,82.55,Off_Peak,Carrier_B,10,39777
SHP03287,Mumbai,Dubai,Sea,Textiles,7243,16.31,5374,LCL,100.93,Normal,Carrier_B,11,78099
SHP03288,Kolkata,Shanghai,Air,Furniture,1660,6.21,8159,LCL,95.6,Off_Peak,Carrier_A,18,202284
SHP03289,Pune,Colombo,Road,Pharmaceuticals,3134,6.81,11173,40FT_HC,114.28,Normal,Carrier_A,18,170097
SHP03290,Hyderabad,Jebel Ali,Sea,Textiles,2203,1.55,1312,40FT_HC,95.4,Normal,Carrier_A,6,52092
SHP03291,Delhi,Singapore,Sea,Pharmaceuticals,2461,4.85,11464,20FT,76.54,Normal,Carrier_C,24,64909
SHP03292,Pune,Rotterdam,Road,Food Products,3870,15.03,10967,40FT,85.57,Normal,Carrier_D,21,120382
SHP03293,Ahmedabad,Rotterdam,Sea,Machinery,981,6.86,1854,LCL,111.7,Normal,Carrier_C,5,41834
SHP03294,Hyderabad,Rotterdam,Sea,Machinery,1457,0.5,2611,20FT,113.49,Peak,Carrier_B,7,65771
SHP03295,Chennai,Dubai,Road,Automotive Parts,4069,8.02,4083,20FT,104.14,Normal,Carrier_A,10,81975
SHP03296,Kolkata,New York,Sea,Chemicals,2497,2.25,6936,40FT,77.27,Normal,Carrier_D,16,47487
SHP03297,Kolkata,Dubai,Sea,Pharmaceuticals,2116,5.76,2046,40FT_HC,75.94,Normal,Carrier_E,4,23820
SHP03298,Mumbai,Singapore,Sea,Electronics,1206,6.86,2804,40FT,94.18,Normal,Carrier_D,12,46956
SHP03299,Mumbai,Jebel Ali,Sea,Automotive Parts,2126,13.19,10881,20FT,114.99,Peak,Carrier_E,21,129792
SHP03300,Ahmedabad,Jebel Ali,Air,Automotive Parts,3892,3.56,1757,40FT,109.77,Normal,Carrier_D,5,180830
SHP03301,Chennai,New York,Sea,Pharmaceuticals,1733,7.56,5087,40FT_HC,112.32,Normal,Carrier_A,15,71915
SHP03302,Mumbai,Colombo,Road,Pharmaceuticals,6067,14.41,9275,20FT,99.94,Normal,Carrier_E,15,131970
SHP03303,Bengaluru,Shanghai,Sea,Automotive Parts,5034,10.52,10719,40FT,109.36,Normal,Carrier_E,25,117954
SHP03304,Mumbai,Rotterdam,Sea,Automotive Parts,1991,1.0,4364,LCL,87.79,Normal,Carrier_B,10,43680
SHP03305,Mumbai,Jebel Ali,Sea,Machinery,1699,11.16,2391,LCL,76.09,Normal,Carrier_D,5,27754
SHP03306,Bengaluru,New York,Sea,Electronics,415,0.5,8976,40FT,111.73,Normal,Carrier_C,16,89965
SHP03307,Chennai,Rotterdam,Sea,Furniture,1242,1.0,9384,40FT,83.74,Normal,Carrier_C,17,65693
SHP03308,Bengaluru,Dubai,Sea,Automotive Parts,1193,4.31,11770,40FT_HC,104.14,Normal,Carrier_B,23,111096
SHP03309,Kolkata,London,Sea,Furniture,986,4.16,2105,20FT,101.36,Normal,Carrier_B,6,40088
SHP03310,Bengaluru,Los Angeles,Sea,Machinery,2442,10.8,8658,40FT,81.33,Normal,Carrier_B,19,68373
SHP03311,Delhi,Jebel Ali,Air,Automotive Parts,3062,3.77,5299,20FT,82.83,Normal,Carrier_A,12,148563
SHP03312,Kolkata,Colombo,Air,Textiles,8132,21.86,11018,LCL,88.16,Normal,Carrier_A,21,333644
SHP03313,Mumbai,New York,Air,Automotive Parts,2610,5.96,5190,20FT,105.28,Normal,Carrier_A,14,211822
SHP03314,Ahmedabad,Shanghai,Sea,Pharmaceuticals,667,1.75,5629,AIR_CARGO,76.57,Normal,Carrier_A,18,42788
SHP03315,Kolkata,Colombo,Sea,Chemicals,1538,1.82,1958,40FT_HC,91.28,Normal,Carrier_B,9,44195
SHP03316,Chennai,Dubai,Air,Chemicals,3718,9.5,4191,40FT_HC,101.6,Peak,Carrier_B,9,237546
SHP03317,Chennai,Jebel Ali,Sea,Automotive Parts,2371,5.08,5110,20FT,81.86,Normal,Carrier_A,12,48713
SHP03318,Bengaluru,Singapore,Sea,Food Products,4363,8.96,701,40FT_HC,79.78,Peak,Carrier_A,4,42932
SHP03319,Kolkata,Dubai,Air,Textiles,1790,2.16,5532,20FT,90.61,Normal,Carrier_E,15,167728
SHP03320,Mumbai,Shanghai,Air,Electronics,5286,14.08,4368,20FT,86.46,Peak,Carrier_D,9,220115
SHP03321,Chennai,Dubai,Sea,Automotive Parts,2934,1.66,9744,LCL,100.96,Normal,Carrier_E,18,81223
SHP03322,Hyderabad,New York,Sea,Furniture,2982,6.33,1732,20FT,113.78,Normal,Carrier_D,7,55438
SHP03323,Mumbai,Colombo,Air,Electronics,2756,3.49,9242,40FT_HC,75.18,Normal,Carrier_A,20,182331
SHP03324,Hyderabad,New York,Sea,Textiles,1520,3.13,8711,AIR_CARGO,111.1,Off_Peak,Carrier_A,16,81664
SHP03325,Delhi,Rotterdam,Air,Automotive Parts,2409,5.29,3280,40FT,92.33,Normal,Carrier_A,9,135015
SHP03326,Hyderabad,London,Air,Food Products,3026,10.67,1458,40FT_HC,101.56,Normal,Carrier_E,8,131599
SHP03327,Pune,Colombo,Air,Machinery,1006,5.03,10181,AIR_CARGO,109.04,Normal,Carrier_B,19,325309
SHP03328,Chennai,London,Sea,Food Products,2633,7.44,3368,40FT_HC,97.94,Peak,Carrier_D,6,65865
SHP03329,Bengaluru,New York,Sea,Pharmaceuticals,5507,13.8,2174,AIR_CARGO,78.89,Peak,Carrier_E,6,38799
SHP03330,Delhi,Singapore,Air,Food Products,3314,7.13,4629,40FT_HC,80.62,Peak,Carrier_A,12,166792
SHP03331,Kolkata,Jebel Ali,Sea,Furniture,6080,13.64,5110,40FT,106.57,Peak,Carrier_B,11,94750
SHP03332,Mumbai,Shanghai,Air,Machinery,3259,0.77,4250,LCL,84.16,Normal,Carrier_E,12,145587
SHP03333,Chennai,Dubai,Sea,Pharmaceuticals,1395,6.26,11730,LCL,97.76,Normal,Carrier_D,24,101840
SHP03334,Delhi,Dubai,Sea,Machinery,4180,11.02,10629,40FT,92.12,Peak,Carrier_A,23,97980
SHP03335,Delhi,London,Road,Chemicals,1191,7.64,10539,40FT_HC,87.15,Off_Peak,Carrier_D,20,104173
SHP03336,Pune,Shanghai,Air,Machinery,2183,2.98,5086,AIR_CARGO,106.48,Off_Peak,Carrier_A,9,189656
SHP03337,Chennai,Colombo,Road,Automotive Parts,2089,10.02,11573,20FT,104.25,Off_Peak,Carrier_A,22,129502
SHP03338,Kolkata,Jebel Ali,Air,Electronics,1609,3.06,8366,40FT_HC,100.84,Peak,Carrier_C,15,278929
SHP03339,Kolkata,Los Angeles,Sea,Chemicals,11736,25.65,10068,40FT,89.91,Off_Peak,Carrier_D,21,90560
SHP03340,Bengaluru,London,Air,Chemicals,2385,11.86,6260,LCL,84.06,Normal,Carrier_B,9,171425
SHP03341,Ahmedabad,Colombo,Road,Electronics,8108,20.76,2347,LCL,95.64,Off_Peak,Carrier_A,5,56953
SHP03342,Hyderabad,Colombo,Sea,Furniture,3126,14.13,10699,40FT_HC,107.68,Normal,Carrier_B,21,112315
SHP03343,Kolkata,Shanghai,Sea,Chemicals,1466,4.17,6094,AIR_CARGO,98.03,Normal,Carrier_E,11,62513
SHP03344,Pune,Shanghai,Sea,Machinery,1916,7.79,11638,40FT,113.81,Peak,Carrier_A,23,135752
SHP03345,Bengaluru,Hamburg,Sea,Food Products,2438,9.92,3431,40FT,75.62,Peak,Carrier_A,8,37106
SHP03346,Hyderabad,Dubai,Air,Textiles,2002,3.64,11912,AIR_CARGO,114.93,Peak,Carrier_A,26,465312
SHP03347,Delhi,Jebel Ali,Sea,Furniture,2092,6.37,3058,AIR_CARGO,102.66,Off_Peak,Carrier_B,5,47213
SHP03348,Chennai,Rotterdam,Sea,Machinery,3630,9.26,4734,40FT_HC,108.31,Peak,Carrier_C,11,82332
SHP03349,Kolkata,London,Sea,Pharmaceuticals,3170,10.88,7331,40FT_HC,88.4,Peak,Carrier_D,16,86319
SHP03350,Bengaluru,Jebel Ali,Sea,Pharmaceuticals,3915,5.06,8473,LCL,95.33,Off_Peak,Carrier_A,17,69054
SHP03351,Delhi,Hamburg,Sea,Food Products,6744,18.46,8783,LCL,106.88,Peak,Carrier_D,17,114967
SHP03352,Kolkata,Hamburg,Sea,Furniture,1840,8.06,5977,AIR_CARGO,105.43,Off_Peak,Carrier_D,11,66780
SHP03353,Mumbai,Jebel Ali,Road,Furniture,5157,9.55,1384,20FT,88.36,Normal,Carrier_D,8,51291
SHP03354,Ahmedabad,Shanghai,Sea,Food Products,6185,11.2,6205,20FT,87.98,Peak,Carrier_B,13,71728
SHP03355,Delhi,Colombo,Sea,Furniture,5797,7.17,4349,20FT,101.51,Peak,Carrier_D,9,75970
SHP03356,Pune,Los Angeles,Sea,Chemicals,796,10.21,8063,40FT,112.35,Normal,Carrier_E,21,95201
SHP03357,Pune,Jebel Ali,Air,Automotive Parts,8043,16.22,2596,40FT_HC,92.55,Off_Peak,Carrier_B,7,192375
SHP03358,Kolkata,London,Sea,Automotive Parts,1653,9.61,5030,AIR_CARGO,89.12,Off_Peak,Carrier_B,16,51892
SHP03359,Pune,Rotterdam,Air,Furniture,756,0.97,11610,LCL,110.79,Normal,Carrier_E,20,360188
SHP03360,Delhi,Dubai,Air,Chemicals,7915,23.24,1522,20FT,102.32,Normal,Carrier_C,4,200282
SHP03361,Chennai,Hamburg,Air,Chemicals,3490,10.63,7427,LCL,90.53,Normal,Carrier_C,13,220403
SHP03362,Chennai,Singapore,Sea,Electronics,3585,16.94,1542,40FT_HC,77.29,Normal,Carrier_A,5,32223
SHP03363,Ahmedabad,Singapore,Air,Electronics,2015,10.58,2305,AIR_CARGO,103.86,Normal,Carrier_C,6,119067
SHP03364,Chennai,Colombo,Sea,Textiles,2814,7.55,7457,20FT,89.12,Peak,Carrier_A,15,73474
SHP03365,Hyderabad,Shanghai,Road,Textiles,2284,6.68,5606,20FT,77.82,Normal,Carrier_D,12,51057
SHP03366,Mumbai,Dubai,Sea,Textiles,1666,6.68,6808,AIR_CARGO,99.49,Normal,Carrier_A,14,74018
SHP03367,Chennai,Hamburg,Sea,Textiles,2538,16.77,10619,LCL,87.92,Peak,Carrier_C,21,83156
SHP03368,Pune,Singapore,Sea,Food Products,2691,6.68,9898,40FT_HC,88.54,Normal,Carrier_A,18,77499
SHP03369,Mumbai,Singapore,Sea,Food Products,1059,0.5,10712,40FT_HC,94.17,Normal,Carrier_B,24,91165
SHP03370,Chennai,Los Angeles,Air,Electronics,2592,7.15,7587,40FT_HC,103.7,Normal,Carrier_C,14,261017
SHP03371,Hyderabad,Jebel Ali,Sea,Automotive Parts,782,0.5,6131,LCL,86.05,Normal,Carrier_A,14,48048
SHP03372,Pune,New York,Sea,Chemicals,8710,21.58,5781,LCL,78.24,Normal,Carrier_C,10,49497
SHP03373,Delhi,Dubai,Sea,Pharmaceuticals,2339,10.17,9008,20FT,91.98,Normal,Carrier_E,17,74529
SHP03374,Kolkata,New York,Air,Automotive Parts,1246,4.98,6495,LCL,77.2,Off_Peak,Carrier_C,12,105250
SHP03375,Kolkata,Rotterdam,Air,Machinery,3490,5.94,1716,40FT,102.89,Normal,Carrier_E,5,148988
SHP03376,Chennai,Shanghai,Air,Food Products,1539,2.85,2132,AIR_CARGO,113.37,Normal,Carrier_A,6,138615
SHP03377,Kolkata,Jebel Ali,Air,Textiles,2453,1.58,4606,LCL,101.35,Normal,Carrier_E,8,186808
SHP03378,Chennai,Rotterdam,Sea,Textiles,3361,13.1,1280,40FT_HC,86.02,Normal,Carrier_C,4,37189
SHP03379,Chennai,London,Sea,Machinery,1291,6.36,3251,LCL,82.27,Peak,Carrier_B,6,45844
SHP03380,Pune,Hamburg,Air,Automotive Parts,8878,16.78,8049,20FT,84.31,Normal,Carrier_E,15,281448
SHP03381,Ahmedabad,New York,Sea,Textiles,9445,32.57,643,AIR_CARGO,83.86,Normal,Carrier_C,5,38741
SHP03382,Bengaluru,Colombo,Sea,Automotive Parts,1777,3.36,7447,AIR_CARGO,87.55,Normal,Carrier_B,13,60423
SHP03383,Bengaluru,London,Sea,Chemicals,1205,4.05,9382,40FT_HC,78.89,Normal,Carrier_D,19,59231
SHP03384,Ahmedabad,Dubai,Sea,Machinery,1771,2.87,2457,AIR_CARGO,110.83,Normal,Carrier_E,10,57860
SHP03385,Bengaluru,Hamburg,Sea,Pharmaceuticals,1834,6.05,2581,40FT,110.4,Peak,Carrier_E,9,65030
SHP03386,Mumbai,Singapore,Road,Automotive Parts,5145,12.63,832,AIR_CARGO,99.61,Normal,Carrier_A,4,42698
SHP03387,Bengaluru,New York,Sea,Chemicals,1791,0.5,6393,40FT_HC,77.48,Normal,Carrier_D,14,52357
SHP03388,Chennai,Jebel Ali,Sea,Furniture,1175,7.49,8028,AIR_CARGO,107.16,Normal,Carrier_A,18,84456
SHP03389,Hyderabad,Jebel Ali,Sea,Furniture,2671,3.05,5754,LCL,77.47,Normal,Carrier_A,13,42331
SHP03390,Hyderabad,London,Air,Automotive Parts,949,5.93,4979,20FT,79.26,Peak,Carrier_C,14,127374
SHP03391,Delhi,London,Sea,Furniture,5005,10.99,5726,LCL,88.01,Normal,Carrier_A,12,50560
SHP03392,Pune,Shanghai,Road,Automotive Parts,3692,9.04,9488,40FT,92.26,Normal,Carrier_E,21,119832
SHP03393,Bengaluru,Singapore,Road,Textiles,1693,5.96,885,40FT,89.16,Normal,Carrier_A,3,33840
SHP03394,Hyderabad,Los Angeles,Sea,Electronics,1817,4.88,9514,20FT,81.61,Normal,Carrier_B,23,70418
SHP03395,Bengaluru,New York,Road,Furniture,2939,9.97,8163,20FT,79.49,Normal,Carrier_E,17,76182
SHP03396,Pune,Rotterdam,Road,Food Products,1221,0.5,3276,20FT,109.38,Normal,Carrier_C,5,62459
SHP03397,Delhi,Dubai,Air,Automotive Parts,1498,7.71,6535,20FT,89.53,Normal,Carrier_A,14,168212
SHP03398,Hyderabad,New York,Air,Automotive Parts,2159,1.02,1067,AIR_CARGO,83.74,Peak,Carrier_B,5,87607
SHP03399,Chennai,New York,Sea,Automotive Parts,1061,0.5,4865,LCL,94.48,Normal,Carrier_B,14,48954
SHP03400,Mumbai,Singapore,Sea,Electronics,1861,6.75,2501,40FT,76.47,Peak,Carrier_E,5,37560
SHP03401,Ahmedabad,New York,Sea,Chemicals,1245,7.16,756,AIR_CARGO,99.01,Off_Peak,Carrier_A,1,27348
SHP03402,Ahmedabad,Shanghai,Sea,Furniture,6317,16.18,4607,20FT,84.94,Off_Peak,Carrier_B,11,47187
SHP03403,Ahmedabad,New York,Road,Pharmaceuticals,1923,10.55,8850,40FT_HC,98.93,Peak,Carrier_A,19,131853
SHP03404,Bengaluru,Colombo,Sea,Pharmaceuticals,1351,0.5,11092,40FT_HC,99.57,Normal,Carrier_E,19,96258
SHP03405,Hyderabad,Colombo,Air,Machinery,3876,4.57,8116,LCL,107.37,Off_Peak,Carrier_D,16,296517
SHP03406,Pune,Hamburg,Air,Textiles,1662,7.31,5123,40FT,84.2,Normal,Carrier_B,11,150408
SHP03407,Pune,Dubai,Road,Electronics,1221,3.4,11994,40FT,93.54,Normal,Carrier_C,25,126340
SHP03408,Hyderabad,Colombo,Road,Chemicals,4451,13.82,3754,LCL,113.48,Normal,Carrier_A,8,90664
SHP03409,Delhi,Dubai,Sea,Automotive Parts,2026,0.71,2652,20FT,104.08,Normal,Carrier_E,6,46241
SHP03410,Chennai,Jebel Ali,Sea,Chemicals,4319,8.51,5832,20FT,114.01,Normal,Carrier_E,13,83044
SHP03411,Kolkata,Shanghai,Sea,Electronics,2476,12.87,6306,40FT,112.09,Normal,Carrier_C,11,80717
SHP03412,Hyderabad,Singapore,Sea,Electronics,2719,5.67,4580,40FT,99.43,Normal,Carrier_D,14,72953
SHP03413,Mumbai,Singapore,Sea,Electronics,3605,14.29,8498,40FT,85.56,Peak,Carrier_A,19,83881
SHP03414,Delhi,Colombo,Sea,Machinery,1655,7.05,2614,20FT,105.28,Off_Peak,Carrier_D,5,45531
SHP03415,Hyderabad,Shanghai,Air,Food Products,1476,2.37,6369,40FT_HC,102.92,Normal,Carrier_E,11,218253
SHP03416,Hyderabad,Jebel Ali,Sea,Textiles,5460,18.65,6251,LCL,98.56,Peak,Carrier_B,11,82260
SHP03417,Delhi,Rotterdam,Sea,Machinery,3642,9.98,9974,LCL,102.91,Peak,Carrier_D,21,117758
SHP03418,Delhi,Shanghai,Air,Machinery,2393,5.75,11160,AIR_CARGO,99.54,Normal,Carrier_B,20,334835
SHP03419,Bengaluru,Hamburg,Sea,Furniture,4193,9.66,8128,AIR_CARGO,95.78,Normal,Carrier_C,16,76846
SHP03420,Hyderabad,Singapore,Sea,Food Products,3552,10.21,4012,40FT_HC,91.64,Normal,Carrier_E,6,58885
SHP03421,Kolkata,Hamburg,Air,Machinery,4616,6.48,8431,40FT,76.79,Peak,Carrier_B,18,239682
SHP03422,Mumbai,Singapore,Sea,Electronics,1189,6.43,3391,40FT_HC,109.63,Off_Peak,Carrier_A,9,59896
SHP03423,Chennai,Jebel Ali,Air,Electronics,2398,7.48,11615,AIR_CARGO,109.62,Normal,Carrier_E,23,392745
SHP03424,Chennai,New York,Sea,Furniture,5210,10.12,9957,AIR_CARGO,98.76,Peak,Carrier_C,20,108815
SHP03425,Kolkata,Los Angeles,Air,Chemicals,7437,12.63,5459,LCL,85.72,Off_Peak,Carrier_A,14,194923
SHP03426,Pune,Shanghai,Sea,Automotive Parts,1765,3.2,9520,40FT_HC,76.13,Normal,Carrier_E,20,68818
SHP03427,Delhi,Shanghai,Sea,Machinery,2772,7.6,5200,20FT,75.06,Normal,Carrier_D,13,47386
SHP03428,Delhi,New York,Sea,Automotive Parts,2532,6.65,1358,AIR_CARGO,77.92,Off_Peak,Carrier_E,2,24929
SHP03429,Pune,Rotterdam,Road,Textiles,1114,3.25,8628,LCL,89.4,Normal,Carrier_A,18,93054
SHP03430,Delhi,Singapore,Sea,Pharmaceuticals,2074,7.63,5153,40FT,82.54,Normal,Carrier_B,12,49053
SHP03431,Pune,Rotterdam,Sea,Electronics,896,0.5,11199,40FT_HC,85.6,Normal,Carrier_B,25,83248
SHP03432,Hyderabad,Shanghai,Road,Chemicals,2242,5.08,4025,AIR_CARGO,102.99,Normal,Carrier_E,9,75524
SHP03433,Pune,Colombo,Air,Textiles,1273,4.22,10198,20FT,113.37,Normal,Carrier_E,20,349660
SHP03434,Delhi,Colombo,Sea,Furniture,2792,8.49,8325,AIR_CARGO,83.27,Normal,Carrier_C,16,58731
SHP03435,Delhi,London,Air,Chemicals,2044,8.46,10313,20FT,93.63,Normal,Carrier_D,24,295970
SHP03436,Hyderabad,Dubai,Sea,Pharmaceuticals,2023,4.0,3857,40FT_HC,114.66,Off_Peak,Carrier_C,4,59272
SHP03437,Pune,Colombo,Sea,Pharmaceuticals,6862,16.55,5805,20FT,112.27,Normal,Carrier_C,14,87693
SHP03438,Hyderabad,Colombo,Sea,Furniture,2618,3.27,9966,20FT,89.09,Peak,Carrier_B,20,88472
SHP03439,Kolkata,Singapore,Road,Food Products,8475,21.73,7904,LCL,87.79,Peak,Carrier_B,16,116240
SHP03440,Bengaluru,London,Road,Furniture,3342,4.48,4639,40FT_HC,84.69,Off_Peak,Carrier_A,10,55447
SHP03441,Hyderabad,Singapore,Sea,Electronics,4248,12.41,6388,AIR_CARGO,81.22,Normal,Carrier_C,14,55687
SHP03442,Mumbai,Shanghai,Sea,Textiles,1421,8.11,11955,40FT,93.4,Normal,Carrier_A,25,91126
SHP03443,Delhi,Hamburg,Sea,Food Products,1593,5.67,9031,40FT_HC,88.64,Normal,Carrier_E,17,77997
SHP03444,Bengaluru,Rotterdam,Road,Pharmaceuticals,2528,11.15,7567,40FT_HC,104.79,Off_Peak,Carrier_A,16,99749
SHP03445,Chennai,Shanghai,Road,Textiles,5500,11.28,10021,40FT,84.47,Normal,Carrier_B,21,115381
SHP03446,Kolkata,Hamburg,Sea,Chemicals,1975,0.5,5583,AIR_CARGO,104.45,Peak,Carrier_C,10,75452
SHP03447,Pune,Jebel Ali,Air,Food Products,986,1.7,11426,LCL,86.53,Normal,Carrier_B,24,252244
SHP03448,Bengaluru,Jebel Ali,Air,Food Products,3238,5.25,6848,AIR_CARGO,98.71,Normal,Carrier_E,15,240762
SHP03449,Hyderabad,Singapore,Sea,Electronics,2606,4.23,4259,40FT,100.54,Off_Peak,Carrier_D,8,59410
SHP03450,Delhi,Los Angeles,Sea,Furniture,1747,0.5,1489,AIR_CARGO,101.87,Off_Peak,Carrier_C,2,32900
SHP03451,Delhi,Los Angeles,Sea,Automotive Parts,1962,5.37,4820,40FT_HC,82.01,Normal,Carrier_B,9,46406
SHP03452,Delhi,Hamburg,Air,Chemicals,1419,3.46,7039,LCL,86.31,Normal,Carrier_D,15,184298
SHP03453,Bengaluru,Colombo,Air,Chemicals,4558,14.22,8587,20FT,84.84,Peak,Carrier_E,17,272149
SHP03454,Delhi,Singapore,Sea,Furniture,2538,8.26,10564,AIR_CARGO,98.05,Normal,Carrier_D,24,102488
SHP03455,Hyderabad,Hamburg,Road,Food Products,2923,6.26,11356,20FT,78.03,Normal,Carrier_B,22,89629
SHP03456,Pune,Singapore,Sea,Food Products,1697,7.69,1678,LCL,95.73,Off_Peak,Carrier_B,3,32881
SHP03457,Bengaluru,Hamburg,Sea,Electronics,5959,17.73,7410,20FT,78.5,Peak,Carrier_E,17,64447
SHP03458,Delhi,Jebel Ali,Air,Automotive Parts,2886,4.92,8166,AIR_CARGO,88.48,Normal,Carrier_E,15,225358
SHP03459,Chennai,London,Air,Chemicals,622,2.27,2479,40FT,102.47,Off_Peak,Carrier_D,5,106163
SHP03460,Chennai,Singapore,Sea,Pharmaceuticals,3371,14.07,6774,40FT_HC,91.5,Normal,Carrier_D,13,76548
SHP03461,Mumbai,London,Sea,Machinery,2105,6.32,4351,40FT_HC,86.21,Normal,Carrier_B,4,48323
SHP03462,Delhi,Jebel Ali,Sea,Machinery,2247,2.06,1390,20FT,99.63,Normal,Carrier_E,6,41651
SHP03463,Delhi,Los Angeles,Sea,Automotive Parts,4769,6.86,1257,40FT_HC,104.61,Normal,Carrier_A,6,56862
SHP03464,Bengaluru,New York,Sea,Textiles,2648,0.5,9231,40FT_HC,85.18,Normal,Carrier_E,21,73456
SHP03465,Bengaluru,Rotterdam,Sea,Electronics,7609,9.93,7578,40FT,86.98,Off_Peak,Carrier_C,20,60976
SHP03466,Ahmedabad,Shanghai,Air,Automotive Parts,2678,4.44,8724,20FT,100.61,Normal,Carrier_C,21,268704
SHP03467,Pune,Rotterdam,Sea,Furniture,1846,3.7,8381,40FT,113.61,Off_Peak,Carrier_E,17,89679
SHP03468,Delhi,Rotterdam,Air,Furniture,769,0.5,2045,40FT,83.55,Normal,Carrier_D,8,76820
SHP03469,Mumbai,Shanghai,Air,Machinery,1568,1.0,2243,LCL,101.17,Normal,Carrier_C,6,108919
SHP03470,Pune,Jebel Ali,Sea,Food Products,2028,1.01,3404,20FT,111.26,Normal,Carrier_B,7,60801
SHP03471,Delhi,Jebel Ali,Sea,Machinery,6484,9.12,5090,40FT,93.48,Peak,Carrier_B,10,84765
SHP03472,Pune,Los Angeles,Air,Food Products,1853,3.73,11301,AIR_CARGO,87.67,Peak,Carrier_B,22,311340
SHP03473,Hyderabad,New York,Sea,Electronics,7269,19.98,8250,40FT_HC,101.67,Off_Peak,Carrier_E,18,89617
SHP03474,Bengaluru,Dubai,Air,Food Products,1185,0.78,3434,20FT,76.26,Peak,Carrier_C,11,103302
SHP03475,Delhi,Rotterdam,Air,Automotive Parts,1513,8.15,1144,LCL,89.41,Peak,Carrier_D,6,94197
SHP03476,Pune,Colombo,Air,Food Products,5201,13.0,8369,40FT,85.32,Normal,Carrier_B,16,255255
SHP03477,Bengaluru,Rotterdam,Road,Textiles,1698,7.61,7691,AIR_CARGO,83.98,Peak,Carrier_D,14,93859
SHP03478,Delhi,Dubai,Sea,Furniture,5108,12.29,8271,40FT_HC,82.19,Off_Peak,Carrier_B,18,58922
SHP03479,Kolkata,Singapore,Sea,Automotive Parts,1461,6.16,3504,40FT_HC,104.48,Off_Peak,Carrier_E,10,56146
SHP03480,Bengaluru,Los Angeles,Sea,Furniture,1559,0.5,6445,AIR_CARGO,113.2,Normal,Carrier_B,16,91913
SHP03481,Pune,London,Sea,Electronics,3794,12.4,4660,20FT,90.39,Normal,Carrier_E,10,59149
SHP03482,Mumbai,London,Sea,Automotive Parts,1474,3.54,9904,40FT_HC,76.96,Normal,Carrier_C,21,62805
SHP03483,Kolkata,Dubai,Sea,Textiles,2092,9.37,1298,40FT_HC,103.76,Normal,Carrier_C,6,43881
SHP03484,Hyderabad,Rotterdam,Road,Electronics,3231,6.68,3668,40FT_HC,96.53,Normal,Carrier_D,6,68304
SHP03485,Delhi,London,Sea,Machinery,2121,12.02,7434,40FT,103.95,Peak,Carrier_B,16,93741
SHP03486,Ahmedabad,Dubai,Sea,Textiles,1734,6.26,2860,40FT,100.92,Normal,Carrier_C,9,51453
SHP03487,Hyderabad,Shanghai,Sea,Electronics,1141,0.5,8236,40FT_HC,111.22,Normal,Carrier_A,18,93140
SHP03488,Bengaluru,Jebel Ali,Sea,Pharmaceuticals,6413,19.78,2073,LCL,80.62,Off_Peak,Carrier_A,6,36358
SHP03489,Kolkata,Hamburg,Sea,Food Products,7241,13.01,762,40FT_HC,81.77,Normal,Carrier_D,9,37508
SHP03490,Hyderabad,Jebel Ali,Sea,Automotive Parts,3097,2.92,10430,20FT,88.66,Normal,Carrier_C,25,76522
SHP03491,Mumbai,Rotterdam,Sea,Electronics,2150,10.27,4335,LCL,94.66,Normal,Carrier_E,10,48756
SHP03492,Ahmedabad,Dubai,Sea,Automotive Parts,2228,6.65,2304,20FT,112.03,Off_Peak,Carrier_A,6,51401
SHP03493,Bengaluru,Singapore,Road,Food Products,4294,10.51,2486,AIR_CARGO,111.28,Off_Peak,Carrier_C,8,66138
SHP03494,Kolkata,London,Road,Electronics,4889,9.62,10688,AIR_CARGO,109.87,Off_Peak,Carrier_E,21,146903
SHP03495,Hyderabad,London,Air,Machinery,1760,7.52,8026,40FT,83.9,Peak,Carrier_B,19,228014
SHP03496,Kolkata,London,Sea,Pharmaceuticals,5027,10.88,11498,40FT,104.19,Normal,Carrier_C,20,102196
SHP03497,Kolkata,Dubai,Road,Pharmaceuticals,3729,9.69,9700,40FT,90.34,Normal,Carrier_B,19,109934
SHP03498,Hyderabad,Jebel Ali,Road,Textiles,4970,7.32,9327,AIR_CARGO,112.25,Normal,Carrier_A,20,150053
SHP03499,Chennai,Singapore,Sea,Electronics,883,1.87,6248,20FT,83.58,Off_Peak,Carrier_B,15,40316
SHP03500,Delhi,Dubai,Air,Food Products,1904,5.23,9939,LCL,80.65,Normal,Carrier_A,17,202717
SHP03501,Pune,Rotterdam,Sea,Electronics,2234,7.46,5246,40FT,108.7,Normal,Carrier_D,10,78037
SHP03502,Bengaluru,Los Angeles,Air,Automotive Parts,1843,5.74,10011,AIR_CARGO,103.68,Normal,Carrier_D,17,328229
SHP03503,Bengaluru,Rotterdam,Road,Chemicals,8693,19.36,9214,40FT,107.86,Normal,Carrier_A,17,162347
SHP03504,Ahmedabad,Hamburg,Sea,Furniture,1915,5.7,8302,40FT_HC,81.32,Off_Peak,Carrier_E,15,53549
SHP03505,Ahmedabad,Los Angeles,Road,Electronics,3390,11.99,4292,LCL,110.39,Normal,Carrier_D,11,85733
SHP03506,Ahmedabad,Rotterdam,Sea,Pharmaceuticals,2761,0.64,7753,20FT,102.1,Normal,Carrier_E,17,78007
SHP03507,Bengaluru,Singapore,Road,Pharmaceuticals,2070,4.27,6328,40FT,101.06,Normal,Carrier_E,13,90888
SHP03508,Kolkata,New York,Sea,Furniture,1577,4.59,5808,40FT_HC,98.3,Peak,Carrier_E,13,75989
SHP03509,Ahmedabad,New York,Air,Pharmaceuticals,9512,18.96,11888,40FT_HC,105.6,Normal,Carrier_C,26,489068
SHP03510,Hyderabad,New York,Sea,Machinery,2164,8.87,6301,LCL,91.62,Normal,Carrier_C,11,49257
SHP03511,Delhi,Hamburg,Sea,Electronics,4417,12.91,868,AIR_CARGO,80.31,Normal,Carrier_E,1,29185
SHP03512,Mumbai,Hamburg,Sea,Textiles,2484,9.91,7704,AIR_CARGO,96.57,Off_Peak,Carrier_A,17,70774
SHP03513,Bengaluru,New York,Road,Electronics,1855,13.06,8872,40FT,104.92,Normal,Carrier_D,17,136397
SHP03514,Hyderabad,Shanghai,Air,Chemicals,2682,7.71,10680,40FT,81.15,Normal,Carrier_B,19,236649
SHP03515,Delhi,London,Road,Pharmaceuticals,3054,6.14,7776,AIR_CARGO,83.96,Off_Peak,Carrier_C,17,81073
SHP03516,Delhi,Los Angeles,Road,Automotive Parts,1842,8.14,724,20FT,102.86,Normal,Carrier_C,1,30504
SHP03517,Chennai,Los Angeles,Sea,Pharmaceuticals,1521,1.27,1877,20FT,85.79,Normal,Carrier_B,4,32770
SHP03518,Pune,London,Sea,Electronics,3407,9.97,2354,40FT_HC,81.8,Peak,Carrier_E,2,39777
SHP03519,Hyderabad,Jebel Ali,Sea,Machinery,2696,10.57,2930,LCL,110.58,Normal,Carrier_B,8,59030
SHP03520,Bengaluru,Shanghai,Sea,Food Products,1636,7.22,9697,20FT,81.44,Off_Peak,Carrier_E,23,69502
SHP03521,Ahmedabad,New York,Sea,Electronics,1358,8.86,4062,40FT,88.77,Normal,Carrier_C,8,52287
SHP03522,Kolkata,London,Sea,Electronics,3137,6.38,4092,20FT,92.14,Normal,Carrier_B,8,54926
SHP03523,Ahmedabad,Dubai,Sea,Textiles,719,4.55,9189,LCL,94.05,Normal,Carrier_A,22,71360
SHP03524,Delhi,Los Angeles,Sea,Machinery,2110,5.4,5243,40FT,89.45,Normal,Carrier_D,13,59147
SHP03525,Delhi,Dubai,Sea,Chemicals,2729,7.51,1243,LCL,111.5,Peak,Carrier_D,9,61078
SHP03526,Mumbai,London,Sea,Food Products,7735,19.43,7229,AIR_CARGO,101.35,Off_Peak,Carrier_D,15,87486
SHP03527,Ahmedabad,London,Road,Pharmaceuticals,2517,8.15,1996,LCL,89.38,Off_Peak,Carrier_B,6,38047
SHP03528,Pune,Rotterdam,Air,Automotive Parts,2055,4.76,7074,LCL,89.31,Normal,Carrier_E,18,195774
SHP03529,Pune,Rotterdam,Road,Electronics,3008,1.48,9466,LCL,95.12,Peak,Carrier_C,19,127449
SHP03530,Chennai,Singapore,Sea,Chemicals,1569,4.35,11189,40FT,76.35,Normal,Carrier_D,23,74249
SHP03531,Pune,Singapore,Sea,Food Products,2168,6.61,1271,LCL,112.07,Peak,Carrier_B,1,46106
SHP03532,Delhi,Hamburg,Air,Automotive Parts,2548,5.9,3996,LCL,83.93,Normal,Carrier_D,13,139159
SHP03533,Delhi,Hamburg,Sea,Chemicals,3764,10.7,8003,40FT_HC,102.9,Peak,Carrier_E,17,105553
SHP03534,Pune,New York,Sea,Machinery,1614,3.35,4128,40FT,106.11,Normal,Carrier_A,9,60732
SHP03535,Kolkata,Rotterdam,Sea,Machinery,2491,4.85,5687,LCL,108.1,Normal,Carrier_A,14,75163
SHP03536,Kolkata,New York,Sea,Food Products,780,7.42,731,20FT,81.63,Normal,Carrier_C,1,21911
SHP03537,Pune,London,Sea,Pharmaceuticals,3498,17.36,8475,LCL,96.47,Normal,Carrier_A,16,80557
SHP03538,Mumbai,New York,Sea,Furniture,2152,8.64,10658,20FT,78.35,Off_Peak,Carrier_A,22,57211
SHP03539,Hyderabad,London,Air,Automotive Parts,8509,17.96,11734,AIR_CARGO,107.19,Normal,Carrier_B,23,505793
SHP03540,Mumbai,Los Angeles,Sea,Machinery,3141,8.38,10051,AIR_CARGO,94.46,Peak,Carrier_B,21,101275
SHP03541,Mumbai,Rotterdam,Sea,Furniture,1423,3.99,865,40FT,81.34,Normal,Carrier_C,4,33463
SHP03542,Pune,Singapore,Air,Food Products,1228,5.61,7996,40FT,103.75,Peak,Carrier_C,18,283203
SHP03543,Kolkata,New York,Sea,Machinery,3844,9.91,6200,AIR_CARGO,88.25,Peak,Carrier_B,11,68359
SHP03544,Ahmedabad,Rotterdam,Sea,Machinery,8036,21.59,11286,40FT,79.58,Normal,Carrier_A,25,78530
SHP03545,Ahmedabad,Los Angeles,Road,Chemicals,6586,22.83,10875,20FT,93.44,Normal,Carrier_E,21,135970
SHP03546,Pune,Dubai,Sea,Furniture,1137,0.5,11863,20FT,84.41,Peak,Carrier_A,24,85785
SHP03547,Ahmedabad,Singapore,Sea,Chemicals,2853,4.77,10412,40FT_HC,113.01,Normal,Carrier_A,20,111286
SHP03548,Hyderabad,Shanghai,Sea,Machinery,5201,16.22,6789,40FT,89.45,Normal,Carrier_E,14,68598
SHP03549,Kolkata,Colombo,Sea,Furniture,1046,2.31,8721,40FT,97.9,Normal,Carrier_C,18,82446
SHP03550,Pune,Rotterdam,Sea,Textiles,4907,14.05,11594,40FT_HC,112.93,Off_Peak,Carrier_B,25,125168
SHP03551,Chennai,Jebel Ali,Air,Furniture,1583,3.01,7148,LCL,90.75,Peak,Carrier_C,17,206603
SHP03552,Bengaluru,Rotterdam,Sea,Chemicals,2173,11.41,10160,20FT,89.33,Normal,Carrier_C,21,67792
SHP03553,Bengaluru,London,Sea,Automotive Parts,2992,11.77,11335,LCL,81.5,Peak,Carrier_C,21,75374
SHP03554,Pune,Shanghai,Sea,Food Products,5006,13.11,7061,40FT_HC,112.53,Peak,Carrier_B,16,109760
SHP03555,Pune,Jebel Ali,Sea,Food Products,6767,22.81,2330,40FT,107.03,Off_Peak,Carrier_C,7,51967
SHP03556,Chennai,New York,Sea,Pharmaceuticals,2027,6.06,2289,LCL,83.84,Normal,Carrier_C,6,33135
SHP03557,Ahmedabad,Los Angeles,Sea,Automotive Parts,1830,4.62,1826,40FT,88.31,Normal,Carrier_D,6,40482
SHP03558,Bengaluru,Jebel Ali,Sea,Automotive Parts,1753,10.05,5978,40FT_HC,111.6,Normal,Carrier_A,10,74677
SHP03559,Hyderabad,New York,Sea,Automotive Parts,4150,4.28,6022,AIR_CARGO,96.49,Normal,Carrier_D,9,75812
SHP03560,Pune,New York,Sea,Pharmaceuticals,4775,12.04,7600,40FT,97.25,Off_Peak,Carrier_B,18,74701
SHP03561,Kolkata,New York,Sea,Automotive Parts,4471,12.06,6053,LCL,100.93,Normal,Carrier_E,13,69291
SHP03562,Bengaluru,London,Air,Electronics,2979,6.2,11690,LCL,105.49,Peak,Carrier_E,24,437413
SHP03563,Hyderabad,Jebel Ali,Sea,Pharmaceuticals,3177,4.58,3850,40FT_HC,112.57,Normal,Carrier_D,7,78415
SHP03564,Kolkata,Hamburg,Sea,Food Products,2152,4.84,10549,LCL,107.09,Normal,Carrier_D,24,106351
SHP03565,Pune,Los Angeles,Sea,Electronics,2287,0.5,1654,20FT,112.38,Normal,Carrier_D,6,51631
SHP03566,Hyderabad,Dubai,Air,Pharmaceuticals,4355,16.58,7422,40FT,107.82,Normal,Carrier_A,15,311766
SHP03567,Chennai,Rotterdam,Sea,Machinery,2969,13.48,7956,20FT,76.86,Off_Peak,Carrier_B,17,48357
SHP03568,Pune,London,Air,Machinery,1838,4.67,9381,40FT_HC,79.7,Peak,Carrier_C,16,215698
SHP03569,Mumbai,Singapore,Air,Food Products,5108,10.92,6285,20FT,110.4,Normal,Carrier_D,14,322147
SHP03570,Chennai,Dubai,Road,Machinery,1684,0.5,2768,20FT,76.11,Normal,Carrier_A,10,39860
SHP03571,Bengaluru,Los Angeles,Sea,Automotive Parts,2748,3.93,4743,40FT,106.77,Normal,Carrier_E,11,76465
SHP03572,Kolkata,London,Sea,Pharmaceuticals,1117,8.59,3630,40FT,108.99,Off_Peak,Carrier_E,9,57037
SHP03573,Hyderabad,Dubai,Air,Electronics,1352,3.25,5320,AIR_CARGO,91.62,Normal,Carrier_E,11,158758
SHP03574,Bengaluru,Rotterdam,Road,Automotive Parts,2531,3.97,6595,20FT,89.19,Peak,Carrier_D,16,100130
SHP03575,Bengaluru,New York,Road,Machinery,1590,3.97,7688,40FT,82.78,Normal,Carrier_E,18,81794
SHP03576,Pune,Shanghai,Sea,Chemicals,2154,2.97,10219,20FT,76.96,Normal,Carrier_E,20,59761
SHP03577,Mumbai,New York,Sea,Furniture,5501,6.79,10965,20FT,104.82,Normal,Carrier_E,23,113385
SHP03578,Ahmedabad,Los Angeles,Sea,Electronics,2305,4.26,5820,40FT_HC,77.95,Peak,Carrier_C,13,51863
SHP03579,Bengaluru,Rotterdam,Air,Automotive Parts,4487,6.5,1520,40FT_HC,112.79,Normal,Carrier_E,6,181254
SHP03580,Mumbai,Dubai,Sea,Pharmaceuticals,1505,5.3,9666,20FT,86.87,Off_Peak,Carrier_A,18,62255
SHP03581,Kolkata,Colombo,Sea,Food Products,3572,12.22,5987,40FT_HC,106.77,Normal,Carrier_D,15,91603
SHP03582,Kolkata,Shanghai,Air,Automotive Parts,1305,0.5,6784,40FT,77.39,Normal,Carrier_C,15,137866
SHP03583,Hyderabad,New York,Sea,Chemicals,2125,5.84,7352,20FT,96.45,Normal,Carrier_C,18,64436
SHP03584,Ahmedabad,Hamburg,Road,Machinery,3667,8.67,8180,40FT_HC,88.96,Peak,Carrier_D,15,119114
SHP03585,Mumbai,Dubai,Sea,Electronics,2521,3.05,10736,40FT,76.2,Normal,Carrier_E,19,68623
SHP03586,Chennai,New York,Sea,Food Products,4613,1.87,11450,20FT,101.23,Normal,Carrier_E,27,107194
SHP03587,Kolkata,Dubai,Sea,Electronics,3858,5.09,11312,20FT,112.73,Peak,Carrier_B,25,138571
SHP03588,Pune,Shanghai,Air,Food Products,2046,1.77,9809,40FT_HC,75.43,Normal,Carrier_E,18,188479
SHP03589,Ahmedabad,Los Angeles,Sea,Furniture,5808,14.4,10726,40FT,85.82,Normal,Carrier_A,23,86664
SHP03590,Hyderabad,Singapore,Sea,Pharmaceuticals,3320,8.88,1071,20FT,103.14,Peak,Carrier_E,3,52672
SHP03591,Chennai,New York,Road,Electronics,2134,10.05,10265,20FT,109.85,Normal,Carrier_D,17,148831
SHP03592,Kolkata,Dubai,Sea,Machinery,2748,2.41,1331,AIR_CARGO,82.63,Normal,Carrier_E,1,34393
SHP03593,Kolkata,Singapore,Sea,Pharmaceuticals,2652,3.03,9081,20FT,77.83,Peak,Carrier_D,18,71782
SHP03594,Hyderabad,Singapore,Sea,Pharmaceuticals,2850,4.21,2448,AIR_CARGO,75.35,Normal,Carrier_C,10,37377
SHP03595,Hyderabad,Hamburg,Sea,Furniture,2280,4.67,4641,AIR_CARGO,83.61,Normal,Carrier_B,13,48365
SHP03596,Delhi,Singapore,Sea,Food Products,3185,8.46,2618,40FT,77.85,Peak,Carrier_C,9,44085
SHP03597,Pune,Shanghai,Sea,Textiles,4177,11.67,5600,LCL,89.38,Peak,Carrier_D,14,70553
SHP03598,Bengaluru,Rotterdam,Sea,Electronics,3297,0.5,5235,AIR_CARGO,92.61,Normal,Carrier_B,12,57022
SHP03599,Bengaluru,Singapore,Sea,Electronics,3225,12.46,1053,40FT,94.2,Normal,Carrier_C,6,43133
SHP03600,Chennai,Colombo,Air,Automotive Parts,2342,7.45,10051,40FT_HC,80.69,Normal,Carrier_E,16,221724
SHP03601,Bengaluru,Dubai,Sea,Food Products,1405,6.88,10323,AIR_CARGO,93.56,Normal,Carrier_E,23,82017
SHP03602,Chennai,Singapore,Sea,Chemicals,1200,0.5,9556,LCL,75.36,Normal,Carrier_B,17,55735
SHP03603,Ahmedabad,Jebel Ali,Sea,Textiles,1578,7.08,10247,40FT_HC,84.58,Normal,Carrier_C,19,78121
SHP03604,Kolkata,Rotterdam,Sea,Machinery,1905,0.56,9135,AIR_CARGO,89.76,Normal,Carrier_A,20,71129
SHP03605,Delhi,London,Sea,Automotive Parts,7411,15.84,11281,AIR_CARGO,79.73,Peak,Carrier_A,24,90133
SHP03606,Delhi,Rotterdam,Sea,Furniture,5640,19.16,7129,LCL,107.56,Normal,Carrier_A,14,81388
SHP03607,Pune,Los Angeles,Air,Textiles,1700,6.68,7200,20FT,83.05,Normal,Carrier_C,16,161793
SHP03608,Pune,London,Sea,Food Products,3349,5.27,10389,LCL,105.2,Normal,Carrier_C,22,98036
SHP03609,Kolkata,Hamburg,Road,Textiles,2392,8.88,4518,40FT,93.96,Peak,Carrier_C,10,77939
SHP03610,Hyderabad,Rotterdam,Road,Furniture,2914,8.38,1076,40FT,94.19,Normal,Carrier_D,4,44128
SHP03611,Pune,Los Angeles,Sea,Pharmaceuticals,1750,2.54,9123,LCL,100.81,Normal,Carrier_A,23,89018
SHP03612,Pune,Rotterdam,Sea,Electronics,10734,27.46,3428,LCL,76.77,Normal,Carrier_A,8,40825
SHP03613,Mumbai,Singapore,Sea,Pharmaceuticals,8400,18.49,5954,LCL,78.15,Normal,Carrier_A,12,51510
SHP03614,Mumbai,New York,Air,Electronics,2067,6.47,3265,LCL,88.07,Normal,Carrier_D,8,128793
SHP03615,Bengaluru,New York,Sea,Automotive Parts,1697,5.54,10012,LCL,91.67,Normal,Carrier_D,20,77857
SHP03616,Hyderabad,Los Angeles,Sea,Furniture,4562,12.88,11520,AIR_CARGO,92.2,Off_Peak,Carrier_C,25,83718
SHP03617,Chennai,Rotterdam,Sea,Food Products,1139,10.41,1133,40FT_HC,102.08,Normal,Carrier_A,7,47842
SHP03618,Ahmedabad,Los Angeles,Air,Food Products,4333,14.1,3184,40FT,75.03,Normal,Carrier_A,7,114533
SHP03619,Delhi,Hamburg,Air,Textiles,2712,10.46,2680,40FT,113.36,Normal,Carrier_E,5,176417
SHP03620,Bengaluru,New York,Sea,Automotive Parts,984,0.5,8242,40FT_HC,81.98,Off_Peak,Carrier_E,21,56361
SHP03621,Pune,Jebel Ali,Air,Food Products,2265,0.5,5430,LCL,84.95,Peak,Carrier_E,12,166459
SHP03622,Kolkata,London,Sea,Chemicals,1632,3.13,5747,40FT_HC,111.23,Normal,Carrier_D,9,87893
SHP03623,Hyderabad,Shanghai,Sea,Chemicals,2777,4.67,2306,LCL,75.22,Normal,Carrier_C,10,29989
SHP03624,Pune,Singapore,Road,Pharmaceuticals,2595,8.58,5269,40FT,114.65,Normal,Carrier_B,14,106113
SHP03625,Delhi,Jebel Ali,Sea,Electronics,1041,1.69,3987,20FT,76.44,Normal,Carrier_A,12,29748
SHP03626,Chennai,Jebel Ali,Sea,Textiles,2012,10.1,7529,40FT,79.82,Normal,Carrier_E,19,61386
SHP03627,Chennai,Dubai,Sea,Machinery,3632,1.69,2998,40FT,84.6,Peak,Carrier_A,13,49495
SHP03628,Mumbai,Jebel Ali,Road,Furniture,4062,8.55,7570,20FT,92.55,Normal,Carrier_A,14,97635
SHP03629,Bengaluru,London,Air,Electronics,1974,6.19,4844,40FT_HC,95.74,Normal,Carrier_A,9,171177
SHP03630,Pune,London,Sea,Automotive Parts,3366,4.11,4482,AIR_CARGO,79.19,Normal,Carrier_C,9,35816
SHP03631,Kolkata,Singapore,Air,Food Products,2973,10.7,4014,LCL,77.95,Peak,Carrier_A,8,138159
SHP03632,Delhi,Los Angeles,Sea,Electronics,2416,9.24,8249,LCL,76.27,Normal,Carrier_C,17,53726
SHP03633,Pune,Colombo,Sea,Machinery,3380,6.32,6968,40FT,85.27,Off_Peak,Carrier_B,14,59819
SHP03634,Ahmedabad,Colombo,Sea,Machinery,1370,13.86,10295,20FT,111.86,Peak,Carrier_B,18,121678
SHP03635,Chennai,Rotterdam,Sea,Chemicals,2502,1.49,3279,40FT,90.59,Peak,Carrier_D,6,53169
SHP03636,Pune,Rotterdam,Sea,Automotive Parts,881,0.5,961,40FT,105.56,Normal,Carrier_A,3,44457
SHP03637,Delhi,Shanghai,Road,Electronics,2414,3.85,2593,40FT_HC,82.61,Normal,Carrier_E,9,53909
SHP03638,Kolkata,London,Sea,Textiles,6313,15.79,4449,LCL,77.59,Normal,Carrier_D,9,46264
SHP03639,Delhi,Rotterdam,Sea,Electronics,2031,0.5,2566,AIR_CARGO,97.17,Normal,Carrier_D,8,50502
SHP03640,Bengaluru,Dubai,Sea,Chemicals,5915,16.56,1460,20FT,107.88,Peak,Carrier_B,2,58796
SHP03641,Mumbai,Rotterdam,Sea,Pharmaceuticals,2052,14.73,5621,AIR_CARGO,110.94,Normal,Carrier_E,6,67319
SHP03642,Delhi,Hamburg,Road,Machinery,1235,0.5,8285,20FT,96.85,Normal,Carrier_A,17,98028
SHP03643,Hyderabad,Hamburg,Sea,Automotive Parts,3853,9.96,9143,LCL,86.76,Off_Peak,Carrier_A,17,67454
SHP03644,Pune,Dubai,Sea,Automotive Parts,3380,11.88,5085,40FT_HC,79.38,Off_Peak,Carrier_B,9,49192
SHP03645,Mumbai,Jebel Ali,Air,Textiles,11287,29.94,5998,AIR_CARGO,101.71,Normal,Carrier_C,11,356524
SHP03646,Kolkata,Hamburg,Sea,Automotive Parts,1323,11.78,9188,20FT,86.22,Normal,Carrier_B,17,69330
SHP03647,Mumbai,Colombo,Sea,Chemicals,3152,5.63,4556,40FT,108.76,Normal,Carrier_E,8,67431
SHP03648,Delhi,Colombo,Sea,Chemicals,3226,15.62,9525,LCL,99.2,Normal,Carrier_C,18,82429
SHP03649,Delhi,Hamburg,Sea,Chemicals,4973,11.6,11625,40FT_HC,109.36,Normal,Carrier_E,20,121774
SHP03650,Hyderabad,Rotterdam,Road,Automotive Parts,3528,6.36,10626,40FT,97.67,Off_Peak,Carrier_A,17,119818
SHP03651,Chennai,Shanghai,Air,Automotive Parts,2073,12.45,5716,40FT_HC,105.87,Normal,Carrier_C,8,213108
SHP03652,Pune,Shanghai,Sea,Chemicals,1246,1.5,7164,20FT,86.77,Peak,Carrier_E,20,66969
SHP03653,Hyderabad,Colombo,Air,Automotive Parts,3132,11.74,8739,40FT,95.12,Normal,Carrier_A,18,268793
SHP03654,Delhi,Hamburg,Sea,Furniture,3189,5.62,4517,40FT_HC,75.78,Normal,Carrier_E,13,50806
SHP03655,Ahmedabad,Jebel Ali,Sea,Automotive Parts,3769,3.88,9691,LCL,99.31,Peak,Carrier_C,19,95416
SHP03656,Mumbai,Singapore,Sea,Furniture,2071,0.5,5525,AIR_CARGO,96.35,Peak,Carrier_A,12,74808
SHP03657,Hyderabad,Rotterdam,Sea,Machinery,2995,9.95,10239,AIR_CARGO,105.21,Normal,Carrier_E,21,97324
SHP03658,Hyderabad,Rotterdam,Sea,Electronics,916,0.5,3429,40FT,104.16,Off_Peak,Carrier_D,10,54356
SHP03659,Pune,Shanghai,Sea,Food Products,1281,2.21,631,LCL,100.1,Off_Peak,Carrier_C,1,22976
SHP03660,Ahmedabad,Hamburg,Road,Furniture,4592,8.34,7776,LCL,77.27,Normal,Carrier_C,15,70342
SHP03661,Ahmedabad,Los Angeles,Sea,Furniture,2810,3.18,5697,40FT_HC,111.12,Normal,Carrier_C,13,82299
SHP03662,Ahmedabad,New York,Sea,Automotive Parts,3406,5.08,1188,40FT,75.72,Normal,Carrier_A,1,31591
SHP03663,Pune,Hamburg,Sea,Food Products,1694,4.86,6108,LCL,107.13,Normal,Carrier_C,16,66372
SHP03664,Chennai,Dubai,Sea,Pharmaceuticals,1560,0.5,2439,40FT_HC,94.17,Normal,Carrier_E,9,49050
SHP03665,Delhi,Hamburg,Sea,Food Products,1898,7.9,7742,LCL,107.72,Normal,Carrier_D,12,90046
SHP03666,Delhi,Rotterdam,Sea,Machinery,2918,1.77,5618,40FT,93.6,Normal,Carrier_E,10,66560
SHP03667,Kolkata,Singapore,Air,Furniture,3905,4.63,2468,LCL,100.88,Peak,Carrier_E,7,186543
SHP03668,Pune,Dubai,Sea,Automotive Parts,2126,0.5,5237,LCL,89.53,Peak,Carrier_C,13,54594
SHP03669,Chennai,Shanghai,Sea,Chemicals,850,3.1,3176,LCL,104.75,Normal,Carrier_D,11,51030
SHP03670,Kolkata,London,Sea,Food Products,3245,13.58,8011,AIR_CARGO,85.17,Off_Peak,Carrier_D,15,58801
SHP03671,Kolkata,London,Sea,Automotive Parts,2974,6.54,3894,20FT,103.77,Off_Peak,Carrier_D,14,58656
SHP03672,Kolkata,Los Angeles,Sea,Textiles,3414,9.88,9953,40FT,82.74,Normal,Carrier_D,20,73225
SHP03673,Pune,Shanghai,Air,Pharmaceuticals,4362,12.54,663,AIR_CARGO,103.89,Normal,Carrier_B,3,143178
SHP03674,Bengaluru,Jebel Ali,Sea,Chemicals,4144,12.83,5139,20FT,86.75,Normal,Carrier_D,12,57496
SHP03675,Kolkata,Colombo,Sea,Textiles,6055,10.4,7596,LCL,86.15,Normal,Carrier_C,16,63745
SHP03676,Hyderabad,Los Angeles,Sea,Textiles,2547,12.44,760,LCL,107.46,Normal,Carrier_D,4,36153
SHP03677,Mumbai,London,Sea,Food Products,1888,3.16,2982,AIR_CARGO,107.55,Peak,Carrier_E,11,66050
SHP03678,Hyderabad,Colombo,Sea,Textiles,4918,12.83,4265,40FT_HC,102.66,Normal,Carrier_B,10,70562
SHP03679,Hyderabad,Jebel Ali,Air,Machinery,4512,10.14,751,40FT,111.96,Peak,Carrier_E,1,192362
SHP03680,Delhi,Shanghai,Sea,Machinery,2149,3.33,6787,20FT,81.25,Normal,Carrier_C,13,45147
SHP03681,Bengaluru,Colombo,Air,Food Products,5130,15.97,7755,LCL,85.77,Normal,Carrier_C,19,223613
SHP03682,Pune,Shanghai,Sea,Automotive Parts,2624,8.79,3117,40FT,86.76,Normal,Carrier_D,9,48784
SHP03683,Kolkata,Jebel Ali,Air,Electronics,5731,4.9,6750,LCL,87.21,Normal,Carrier_C,11,215321
SHP03684,Delhi,New York,Sea,Automotive Parts,7693,19.99,11990,LCL,88.12,Normal,Carrier_B,21,99443
SHP03685,Chennai,Dubai,Air,Automotive Parts,13915,41.52,10700,LCL,102.88,Normal,Carrier_E,22,540871
SHP03686,Chennai,Colombo,Sea,Automotive Parts,2603,6.94,1175,40FT,85.83,Normal,Carrier_C,5,30470
SHP03687,Pune,Colombo,Road,Automotive Parts,6273,12.89,1971,AIR_CARGO,86.44,Normal,Carrier_C,4,47768
SHP03688,Delhi,Shanghai,Sea,Chemicals,4355,8.84,6186,40FT,97.82,Normal,Carrier_B,10,81467
SHP03689,Mumbai,Shanghai,Sea,Electronics,4627,8.77,3320,40FT,82.73,Normal,Carrier_A,6,48537
SHP03690,Pune,Colombo,Sea,Chemicals,3294,3.25,1431,40FT_HC,89.6,Normal,Carrier_A,8,40336
SHP03691,Delhi,Shanghai,Air,Textiles,4639,10.31,3427,40FT_HC,77.32,Normal,Carrier_B,9,136397
SHP03692,Delhi,Singapore,Sea,Pharmaceuticals,1023,1.68,1204,AIR_CARGO,113.1,Normal,Carrier_C,6,40226
SHP03693,Bengaluru,Singapore,Air,Automotive Parts,2454,8.24,6594,40FT_HC,87.69,Normal,Carrier_B,16,203219
SHP03694,Pune,New York,Sea,Pharmaceuticals,1635,1.8,6138,AIR_CARGO,109.0,Normal,Carrier_B,12,78509
SHP03695,Chennai,New York,Sea,Machinery,1548,11.73,573,LCL,96.2,Normal,Carrier_A,2,32249
SHP03696,Chennai,New York,Sea,Food Products,983,0.5,6049,LCL,84.13,Normal,Carrier_D,13,48197
SHP03697,Kolkata,London,Road,Food Products,1775,4.82,6478,40FT,82.74,Peak,Carrier_C,15,73290
SHP03698,Hyderabad,London,Air,Chemicals,2232,2.32,7466,LCL,102.8,Normal,Carrier_E,18,255286
SHP03699,Pune,Hamburg,Road,Chemicals,2818,4.55,11656,40FT_HC,113.59,Peak,Carrier_B,27,217104
SHP03700,Delhi,Los Angeles,Sea,Machinery,2480,4.79,11801,20FT,82.32,Normal,Carrier_A,25,73024
SHP03701,Pune,Dubai,Sea,Automotive Parts,4955,12.61,6560,40FT,79.62,Normal,Carrier_D,16,56601
SHP03702,Delhi,Singapore,Air,Pharmaceuticals,1396,6.54,10220,AIR_CARGO,90.48,Normal,Carrier_C,24,242327
SHP03703,Mumbai,Jebel Ali,Sea,Furniture,707,0.5,1479,LCL,90.75,Normal,Carrier_B,4,37606
SHP03704,Pune,Dubai,Air,Pharmaceuticals,3532,2.42,6608,40FT,107.25,Peak,Carrier_A,16,311399
SHP03705,Ahmedabad,Dubai,Road,Electronics,2425,11.25,8307,40FT,93.76,Normal,Carrier_B,18,105430
SHP03706,Ahmedabad,Jebel Ali,Road,Textiles,2393,1.79,6994,40FT,77.5,Normal,Carrier_E,16,71859
SHP03707,Chennai,Rotterdam,Air,Food Products,1573,2.76,3153,LCL,111.83,Normal,Carrier_C,7,154755
SHP03708,Mumbai,Colombo,Sea,Textiles,4514,10.97,1221,AIR_CARGO,89.93,Normal,Carrier_C,1,35492
SHP03709,Bengaluru,Los Angeles,Sea,Electronics,1904,4.12,4947,40FT,101.74,Normal,Carrier_C,12,66804
SHP03710,Kolkata,Hamburg,Road,Chemicals,1408,0.5,7948,40FT,101.7,Normal,Carrier_C,17,106576
SHP03711,Mumbai,New York,Sea,Pharmaceuticals,7423,21.12,11905,40FT,77.25,Peak,Carrier_A,22,86281
SHP03712,Chennai,Jebel Ali,Air,Food Products,3919,0.5,3220,LCL,75.14,Normal,Carrier_E,8,113795
SHP03713,Bengaluru,London,Air,Textiles,2436,9.72,11055,40FT_HC,78.52,Normal,Carrier_B,20,232942
SHP03714,Delhi,New York,Sea,Furniture,511,5.84,1285,AIR_CARGO,113.26,Normal,Carrier_A,3,41032
SHP03715,Bengaluru,Shanghai,Road,Chemicals,2145,8.72,11206,40FT,106.76,Peak,Carrier_D,21,191847
SHP03716,Hyderabad,Jebel Ali,Sea,Electronics,2465,4.65,10072,40FT,80.28,Normal,Carrier_C,18,65524
SHP03717,Pune,New York,Sea,Furniture,6473,15.93,741,40FT,99.59,Normal,Carrier_C,2,51145
SHP03718,Mumbai,Colombo,Sea,Textiles,802,0.5,3929,LCL,99.48,Normal,Carrier_B,11,51957
SHP03719,Chennai,Colombo,Sea,Furniture,6893,16.69,1086,40FT_HC,75.02,Normal,Carrier_C,7,34332
SHP03720,Mumbai,Colombo,Sea,Pharmaceuticals,3321,10.42,11948,40FT,92.16,Normal,Carrier_C,28,93655
SHP03721,Delhi,New York,Sea,Automotive Parts,1140,0.5,5420,40FT,103.47,Normal,Carrier_B,11,71279
SHP03722,Ahmedabad,Colombo,Air,Furniture,4552,10.3,8115,LCL,82.47,Normal,Carrier_E,19,224763
SHP03723,Delhi,Singapore,Road,Chemicals,2134,3.17,3193,AIR_CARGO,109.04,Peak,Carrier_A,8,80521
SHP03724,Chennai,London,Sea,Electronics,849,6.71,11238,AIR_CARGO,101.41,Normal,Carrier_E,22,97530
SHP03725,Hyderabad,Hamburg,Sea,Textiles,1873,0.7,3653,40FT_HC,75.28,Normal,Carrier_B,9,41868
SHP03726,Kolkata,Jebel Ali,Road,Pharmaceuticals,2951,9.53,3492,AIR_CARGO,109.2,Peak,Carrier_C,11,86611
SHP03727,Pune,Dubai,Sea,Automotive Parts,2603,5.99,4118,40FT,75.78,Normal,Carrier_C,8,47585
SHP03728,Pune,New York,Sea,Automotive Parts,3798,8.55,5819,LCL,110.52,Peak,Carrier_E,12,89382
SHP03729,Bengaluru,New York,Sea,Electronics,5102,14.77,713,40FT,88.35,Normal,Carrier_D,2,44505
SHP03730,Bengaluru,London,Sea,Machinery,1224,1.38,7375,40FT,102.95,Normal,Carrier_A,14,80809
SHP03731,Delhi,Rotterdam,Sea,Pharmaceuticals,2466,6.28,864,40FT_HC,106.5,Off_Peak,Carrier_C,6,34919
SHP03732,Mumbai,Los Angeles,Road,Pharmaceuticals,1682,8.45,6701,AIR_CARGO,86.25,Off_Peak,Carrier_B,13,66682
SHP03733,Ahmedabad,Shanghai,Sea,Food Products,1110,0.5,5766,AIR_CARGO,89.26,Normal,Carrier_E,11,53241
SHP03734,Mumbai,Jebel Ali,Sea,Electronics,2417,6.84,3289,AIR_CARGO,95.38,Normal,Carrier_A,9,44432
SHP03735,Hyderabad,Rotterdam,Sea,Automotive Parts,3310,11.41,4292,40FT,98.31,Normal,Carrier_D,10,63764
SHP03736,Kolkata,Shanghai,Sea,Automotive Parts,3439,10.06,8615,LCL,86.68,Normal,Carrier_C,17,59092
SHP03737,Pune,Los Angeles,Air,Furniture,1934,9.73,610,LCL,114.7,Normal,Carrier_E,6,100708
SHP03738,Mumbai,Dubai,Air,Electronics,1298,2.61,4141,40FT,104.48,Normal,Carrier_C,8,161035
SHP03739,Pune,New York,Air,Machinery,1644,6.6,8323,20FT,85.97,Peak,Carrier_E,17,236593
SHP03740,Bengaluru,Colombo,Sea,Food Products,738,6.17,2251,40FT,100.62,Peak,Carrier_D,2,50240
SHP03741,Pune,London,Road,Textiles,1154,0.5,6944,AIR_CARGO,92.41,Normal,Carrier_B,14,81240
SHP03742,Ahmedabad,Jebel Ali,Air,Electronics,1221,1.28,2443,40FT,109.41,Peak,Carrier_B,4,156189
SHP03743,Pune,London,Air,Food Products,4331,11.83,2280,20FT,88.16,Normal,Carrier_A,4,131098
SHP03744,Mumbai,Hamburg,Sea,Pharmaceuticals,4328,13.99,9381,40FT,82.51,Off_Peak,Carrier_C,15,54807
SHP03745,Ahmedabad,Dubai,Sea,Food Products,9979,24.73,3565,AIR_CARGO,76.85,Peak,Carrier_C,7,48057
SHP03746,Pune,Hamburg,Sea,Furniture,2923,12.55,4821,40FT_HC,114.37,Normal,Carrier_C,11,74647
SHP03747,Kolkata,Los Angeles,Air,Chemicals,1825,2.21,8895,LCL,89.37,Normal,Carrier_B,18,230700
SHP03748,Bengaluru,Los Angeles,Sea,Automotive Parts,2520,1.06,2564,20FT,83.82,Normal,Carrier_A,6,37410
SHP03749,Pune,Singapore,Sea,Furniture,2240,8.51,6615,40FT_HC,94.67,Off_Peak,Carrier_B,13,63974
SHP03750,Ahmedabad,Los Angeles,Road,Textiles,1658,3.5,11055,LCL,86.67,Off_Peak,Carrier_E,21,95534
SHP03751,Mumbai,Rotterdam,Road,Electronics,3078,3.98,6869,40FT_HC,84.32,Peak,Carrier_C,14,85403
SHP03752,Bengaluru,Rotterdam,Road,Furniture,2835,13.58,1062,40FT,99.66,Peak,Carrier_E,4,52579
SHP03753,Delhi,Colombo,Sea,Automotive Parts,2369,8.63,7282,40FT,77.99,Off_Peak,Carrier_D,16,48362
SHP03754,Delhi,New York,Air,Chemicals,2065,7.52,1537,LCL,95.36,Off_Peak,Carrier_E,4,95470
SHP03755,Hyderabad,London,Sea,Furniture,3770,15.35,3744,LCL,90.5,Normal,Carrier_E,8,42464
SHP03756,Delhi,New York,Sea,Chemicals,1744,2.6,10271,40FT,96.3,Peak,Carrier_E,22,99571
SHP03757,Mumbai,New York,Sea,Furniture,1924,10.23,627,40FT,87.82,Normal,Carrier_B,4,36317
SHP03758,Kolkata,Rotterdam,Sea,Automotive Parts,3404,9.78,1386,LCL,97.81,Normal,Carrier_E,4,38522
SHP03759,Bengaluru,London,Sea,Machinery,4825,9.13,4679,LCL,78.27,Off_Peak,Carrier_C,13,40891
SHP03760,Ahmedabad,Colombo,Air,Food Products,4547,10.8,11993,LCL,90.05,Normal,Carrier_A,24,325722
SHP03761,Chennai,Dubai,Sea,Electronics,2112,5.77,3856,AIR_CARGO,84.5,Normal,Carrier_D,9,49159
SHP03762,Delhi,Singapore,Air,Electronics,1099,7.07,2309,AIR_CARGO,92.52,Normal,Carrier_C,6,90621
SHP03763,Delhi,Rotterdam,Sea,Electronics,2071,0.5,6818,40FT,90.93,Normal,Carrier_A,15,60340
SHP03764,Chennai,Hamburg,Sea,Automotive Parts,2622,0.5,6471,AIR_CARGO,100.25,Normal,Carrier_C,12,68042
SHP03765,Ahmedabad,Singapore,Sea,Pharmaceuticals,1212,0.5,5671,20FT,100.15,Peak,Carrier_E,9,72510
SHP03766,Ahmedabad,Dubai,Sea,Machinery,2046,4.6,11387,40FT,91.53,Normal,Carrier_D,23,98059
SHP03767,Chennai,Los Angeles,Sea,Textiles,5479,15.9,3722,20FT,82.26,Normal,Carrier_C,10,40781
SHP03768,Ahmedabad,New York,Sea,Chemicals,2752,4.72,3873,40FT_HC,98.28,Normal,Carrier_D,7,60871
SHP03769,Mumbai,Jebel Ali,Sea,Automotive Parts,1759,5.86,2113,20FT,113.66,Off_Peak,Carrier_B,8,48454
SHP03770,Ahmedabad,Colombo,Sea,Pharmaceuticals,2547,12.48,8519,40FT_HC,82.42,Normal,Carrier_B,14,64673
SHP03771,Bengaluru,New York,Sea,Textiles,2640,0.5,4196,20FT,77.76,Normal,Carrier_E,9,44261
SHP03772,Ahmedabad,Los Angeles,Road,Chemicals,1961,4.12,9732,40FT_HC,85.58,Normal,Carrier_E,23,102289
SHP03773,Pune,Dubai,Sea,Chemicals,4130,19.51,11675,40FT_HC,91.52,Normal,Carrier_B,24,98211
SHP03774,Pune,Hamburg,Air,Machinery,762,0.5,1002,40FT,87.25,Normal,Carrier_C,3,63896
SHP03775,Delhi,Colombo,Air,Food Products,3397,4.82,11921,LCL,108.39,Normal,Carrier_A,24,404804
SHP03776,Kolkata,Colombo,Road,Electronics,1722,6.18,3422,LCL,94.72,Off_Peak,Carrier_A,11,49304
SHP03777,Mumbai,Dubai,Air,Furniture,4933,9.63,5331,40FT,84.85,Normal,Carrier_B,9,197238
SHP03778,Mumbai,Singapore,Sea,Textiles,1092,6.9,9444,40FT_HC,113.01,Normal,Carrier_A,22,111706
SHP03779,Ahmedabad,Shanghai,Air,Automotive Parts,4601,20.86,8151,LCL,80.0,Peak,Carrier_C,16,227152
SHP03780,Kolkata,New York,Road,Textiles,1497,3.86,9452,LCL,79.92,Normal,Carrier_A,21,80014
SHP03781,Kolkata,Singapore,Sea,Food Products,3082,18.29,5863,20FT,84.81,Normal,Carrier_A,11,59430
SHP03782,Hyderabad,Rotterdam,Sea,Electronics,1848,2.59,11035,AIR_CARGO,78.07,Normal,Carrier_B,25,73098
SHP03783,Kolkata,Dubai,Sea,Textiles,5202,11.72,9584,40FT,105.07,Peak,Carrier_D,19,125263
SHP03784,Ahmedabad,Rotterdam,Air,Food Products,2208,1.42,4056,AIR_CARGO,87.51,Off_Peak,Carrier_D,7,133239
SHP03785,Ahmedabad,Hamburg,Air,Automotive Parts,1563,1.92,11408,40FT_HC,104.19,Peak,Carrier_C,24,375470
SHP03786,Chennai,Singapore,Sea,Machinery,6207,13.82,11552,20FT,105.51,Normal,Carrier_D,26,126364
SHP03787,Delhi,Jebel Ali,Sea,Pharmaceuticals,2084,6.62,5273,LCL,84.5,Peak,Carrier_E,14,48473
SHP03788,Pune,Shanghai,Sea,Chemicals,3509,3.37,7998,20FT,95.73,Normal,Carrier_B,17,81467
SHP03789,Hyderabad,Dubai,Sea,Automotive Parts,4603,8.89,9870,40FT,95.78,Normal,Carrier_D,22,94934
SHP03790,Ahmedabad,Dubai,Road,Electronics,1411,1.39,9899,40FT_HC,109.85,Normal,Carrier_A,19,136941
SHP03791,Chennai,Shanghai,Sea,Chemicals,3289,11.41,662,20FT,76.03,Normal,Carrier_D,4,19757
SHP03792,Hyderabad,Colombo,Sea,Pharmaceuticals,3591,9.02,7734,20FT,87.67,Normal,Carrier_B,17,65648
SHP03793,Delhi,Los Angeles,Sea,Automotive Parts,914,2.64,11698,20FT,110.3,Normal,Carrier_A,17,109049
SHP03794,Hyderabad,Hamburg,Air,Furniture,3084,7.68,3160,LCL,84.47,Normal,Carrier_A,6,115696
SHP03795,Chennai,Singapore,Sea,Automotive Parts,1986,0.5,9650,40FT_HC,80.48,Normal,Carrier_B,20,64212
SHP03796,Bengaluru,Dubai,Air,Automotive Parts,7166,23.49,6644,LCL,98.05,Off_Peak,Carrier_C,14,254460
SHP03797,Pune,Dubai,Sea,Furniture,4390,6.75,3047,20FT,87.24,Normal,Carrier_C,7,45154
SHP03798,Ahmedabad,Shanghai,Sea,Automotive Parts,3326,11.48,1087,LCL,93.69,Peak,Carrier_B,4,45120
SHP03799,Pune,Jebel Ali,Sea,Chemicals,663,0.68,9239,LCL,107.8,Off_Peak,Carrier_B,21,83762
SHP03800,Delhi,Shanghai,Sea,Electronics,3339,5.5,4139,40FT,95.83,Off_Peak,Carrier_B,10,57681
SHP03801,Mumbai,Shanghai,Sea,Pharmaceuticals,1524,7.8,4819,AIR_CARGO,95.64,Normal,Carrier_A,6,56642
SHP03802,Delhi,New York,Road,Food Products,4411,5.73,6080,AIR_CARGO,86.13,Normal,Carrier_A,17,77257
SHP03803,Delhi,Singapore,Air,Textiles,2253,0.93,6333,40FT,106.71,Normal,Carrier_B,10,252267
SHP03804,Delhi,Colombo,Road,Furniture,1784,4.88,2871,40FT,104.59,Normal,Carrier_A,9,58303
SHP03805,Bengaluru,Shanghai,Sea,Machinery,1882,5.23,8212,LCL,84.36,Off_Peak,Carrier_E,14,55423
SHP03806,Ahmedabad,Jebel Ali,Road,Furniture,1965,7.96,8464,LCL,87.8,Normal,Carrier_B,20,88086
SHP03807,Chennai,Colombo,Sea,Pharmaceuticals,1041,5.34,2136,40FT_HC,106.55,Normal,Carrier_A,5,51883
SHP03808,Ahmedabad,London,Sea,Textiles,1134,2.42,6628,AIR_CARGO,89.31,Peak,Carrier_C,15,69296
SHP03809,Mumbai,Singapore,Sea,Textiles,2010,5.2,7506,LCL,91.14,Normal,Carrier_B,12,64851
SHP03810,Chennai,Dubai,Sea,Machinery,6870,15.78,2642,40FT_HC,89.58,Normal,Carrier_B,8,54647
SHP03811,Hyderabad,London,Air,Pharmaceuticals,3978,15.14,10786,AIR_CARGO,81.47,Peak,Carrier_B,22,296347
SHP03812,Hyderabad,Colombo,Sea,Chemicals,4216,6.11,6052,40FT_HC,88.64,Normal,Carrier_D,14,70525
SHP03813,Hyderabad,Colombo,Sea,Electronics,5444,13.09,1823,40FT_HC,107.12,Normal,Carrier_B,7,70340
SHP03814,Chennai,Singapore,Sea,Machinery,3001,10.22,4346,40FT,94.64,Normal,Carrier_C,10,57656
SHP03815,Kolkata,Los Angeles,Sea,Electronics,1858,8.86,5985,20FT,93.33,Peak,Carrier_A,12,64967
SHP03816,Bengaluru,New York,Sea,Chemicals,1914,1.89,617,20FT,81.25,Normal,Carrier_B,2,25244
SHP03817,Kolkata,Dubai,Sea,Textiles,1462,0.5,867,20FT,82.1,Peak,Carrier_E,3,27203
SHP03818,Ahmedabad,London,Air,Electronics,4235,5.12,1138,40FT_HC,76.72,Normal,Carrier_A,6,87003
SHP03819,Hyderabad,Shanghai,Air,Chemicals,1360,1.87,6689,LCL,75.56,Normal,Carrier_C,12,118402
SHP03820,Bengaluru,Hamburg,Sea,Chemicals,9728,24.18,4365,20FT,94.52,Normal,Carrier_D,6,68070
SHP03821,Chennai,Los Angeles,Sea,Food Products,1390,1.42,10771,LCL,91.37,Off_Peak,Carrier_C,20,63897
SHP03822,Hyderabad,Dubai,Sea,Machinery,5535,15.98,6931,AIR_CARGO,86.02,Normal,Carrier_D,16,69125
SHP03823,Chennai,Hamburg,Air,Food Products,5555,12.96,9239,20FT,114.6,Normal,Carrier_A,18,404276
SHP03824,Bengaluru,New York,Sea,Furniture,3751,11.37,8402,40FT_HC,90.92,Normal,Carrier_D,18,78436
SHP03825,Chennai,Hamburg,Sea,Textiles,7168,17.66,6484,40FT,106.55,Normal,Carrier_A,10,81044
SHP03826,Chennai,Shanghai,Sea,Machinery,2201,0.5,9064,40FT_HC,83.42,Normal,Carrier_C,13,62596
SHP03827,Mumbai,Hamburg,Sea,Textiles,2717,1.87,6764,LCL,84.88,Normal,Carrier_C,15,47134
SHP03828,Ahmedabad,Los Angeles,Sea,Food Products,2893,11.52,4933,AIR_CARGO,97.74,Normal,Carrier_D,13,68713
SHP03829,Kolkata,Rotterdam,Air,Pharmaceuticals,3669,4.99,5512,40FT_HC,75.16,Normal,Carrier_E,9,144641
SHP03830,Pune,Los Angeles,Sea,Chemicals,766,5.23,10143,40FT,75.7,Normal,Carrier_C,21,56909
SHP03831,Kolkata,Shanghai,Sea,Textiles,2333,6.06,6978,40FT,80.69,Normal,Carrier_D,17,64315
SHP03832,Kolkata,London,Air,Machinery,4367,6.46,4839,AIR_CARGO,83.92,Off_Peak,Carrier_B,11,156210
SHP03833,Delhi,Rotterdam,Air,Furniture,1963,7.67,2567,20FT,96.11,Normal,Carrier_A,8,122573
SHP03834,Mumbai,New York,Sea,Machinery,8935,19.36,6197,40FT_HC,102.45,Normal,Carrier_B,14,94787
SHP03835,Pune,Los Angeles,Sea,Textiles,2717,7.08,3403,40FT_HC,87.48,Normal,Carrier_B,8,47069
SHP03836,Hyderabad,Rotterdam,Sea,Machinery,3493,7.48,11489,40FT,84.56,Normal,Carrier_B,25,82194
SHP03837,Hyderabad,Colombo,Road,Furniture,6851,5.5,6146,LCL,107.91,Off_Peak,Carrier_D,17,113445
SHP03838,Hyderabad,Los Angeles,Sea,Chemicals,2719,9.17,603,40FT_HC,81.51,Normal,Carrier_C,2,24465
SHP03839,Kolkata,Rotterdam,Road,Pharmaceuticals,6779,19.21,1568,40FT,102.13,Normal,Carrier_B,5,75727
SHP03840,Ahmedabad,Singapore,Air,Chemicals,3652,6.72,3770,LCL,112.25,Off_Peak,Carrier_D,7,207870
SHP03841,Kolkata,London,Sea,Machinery,3657,11.28,1560,20FT,84.29,Off_Peak,Carrier_C,5,29064
SHP03842,Pune,Dubai,Sea,Furniture,1403,0.5,10781,20FT,78.48,Normal,Carrier_A,21,70661
SHP03843,Ahmedabad,Hamburg,Sea,Furniture,5132,8.81,10325,40FT,114.19,Normal,Carrier_C,23,112923
SHP03844,Mumbai,Rotterdam,Sea,Textiles,1686,4.97,11665,40FT,85.83,Normal,Carrier_C,26,84331
SHP03845,Ahmedabad,Dubai,Sea,Food Products,2215,2.49,8624,20FT,86.03,Normal,Carrier_B,19,70321
SHP03846,Pune,Los Angeles,Air,Machinery,5668,12.98,7923,40FT,94.35,Normal,Carrier_D,18,310628
SHP03847,Chennai,Dubai,Road,Machinery,1970,0.93,11120,AIR_CARGO,84.24,Normal,Carrier_E,21,105661
SHP03848,Kolkata,Colombo,Sea,Machinery,3134,2.32,11384,40FT_HC,114.71,Normal,Carrier_A,21,124053
SHP03849,Hyderabad,Jebel Ali,Air,Machinery,2414,6.58,10591,AIR_CARGO,76.72,Normal,Carrier_D,22,219300
SHP03850,Chennai,Jebel Ali,Sea,Textiles,2469,6.75,10407,LCL,93.06,Normal,Carrier_B,21,86996
SHP03851,Kolkata,London,Sea,Food Products,2269,5.48,8225,40FT,96.93,Normal,Carrier_D,21,86952
SHP03852,Bengaluru,Rotterdam,Sea,Food Products,1275,1.87,518,40FT,93.68,Normal,Carrier_E,1,31395
SHP03853,Delhi,Colombo,Sea,Electronics,3563,5.67,5439,LCL,95.82,Normal,Carrier_A,13,58437
SHP03854,Kolkata,Hamburg,Road,Machinery,3775,4.66,7810,40FT_HC,114.5,Off_Peak,Carrier_C,17,121828
SHP03855,Bengaluru,New York,Air,Machinery,1713,0.5,6792,20FT,110.08,Normal,Carrier_A,13,247409
SHP03856,Pune,Shanghai,Sea,Electronics,1875,2.05,9943,AIR_CARGO,87.34,Normal,Carrier_E,18,78792
SHP03857,Mumbai,London,Sea,Food Products,4526,14.86,9917,40FT_HC,97.06,Normal,Carrier_A,19,96090
SHP03858,Bengaluru,Shanghai,Sea,Furniture,2106,5.94,7385,20FT,75.01,Normal,Carrier_A,12,49078
SHP03859,Mumbai,Jebel Ali,Sea,Furniture,2655,7.76,753,20FT,91.38,Normal,Carrier_B,6,35614
SHP03860,Kolkata,Singapore,Air,Automotive Parts,1410,0.5,4747,40FT,81.55,Normal,Carrier_C,16,118827
SHP03861,Mumbai,New York,Air,Chemicals,2399,6.45,3131,LCL,103.45,Normal,Carrier_E,7,158749
SHP03862,Bengaluru,New York,Sea,Automotive Parts,1414,4.71,4396,40FT,83.84,Normal,Carrier_B,9,39144
SHP03863,Ahmedabad,Shanghai,Sea,Food Products,1687,10.36,7599,LCL,104.96,Normal,Carrier_A,13,76599
SHP03864,Delhi,Singapore,Sea,Pharmaceuticals,1521,3.55,1264,40FT,87.53,Off_Peak,Carrier_A,2,27006
SHP03865,Chennai,Los Angeles,Sea,Machinery,4382,8.86,756,AIR_CARGO,112.03,Normal,Carrier_D,2,50565
SHP03866,Chennai,Dubai,Sea,Automotive Parts,1053,0.5,5524,40FT,92.82,Normal,Carrier_B,14,59001
SHP03867,Delhi,London,Sea,Textiles,2973,7.32,9626,AIR_CARGO,108.58,Normal,Carrier_E,26,104063
SHP03868,Hyderabad,Colombo,Air,Furniture,2162,4.37,853,40FT_HC,100.13,Normal,Carrier_E,2,100862
SHP03869,Chennai,New York,Air,Textiles,6196,19.24,10264,40FT_HC,114.1,Normal,Carrier_E,19,461315
SHP03870,Pune,Shanghai,Sea,Electronics,4149,13.49,4915,40FT,104.71,Normal,Carrier_E,9,71814
SHP03871,Kolkata,Dubai,Sea,Food Products,1117,0.5,1860,40FT_HC,104.11,Normal,Carrier_A,6,48406
SHP03872,Hyderabad,Jebel Ali,Sea,Food Products,1737,4.05,7026,20FT,85.59,Normal,Carrier_A,15,51425
SHP03873,Kolkata,Colombo,Sea,Automotive Parts,2477,15.69,11452,AIR_CARGO,95.19,Normal,Carrier_B,23,90965
SHP03874,Bengaluru,Shanghai,Air,Machinery,1736,0.5,6739,LCL,86.6,Off_Peak,Carrier_C,13,150706
SHP03875,Pune,London,Sea,Food Products,4512,10.0,8396,AIR_CARGO,75.77,Normal,Carrier_E,20,60372
SHP03876,Bengaluru,Hamburg,Sea,Automotive Parts,2792,9.66,9889,40FT,103.42,Peak,Carrier_A,22,109990
SHP03877,Hyderabad,New York,Sea,Automotive Parts,2205,4.3,9692,40FT_HC,84.43,Normal,Carrier_B,21,77946
SHP03878,Hyderabad,Jebel Ali,Road,Chemicals,4730,9.97,1341,40FT_HC,90.89,Peak,Carrier_E,5,52471
SHP03879,Pune,London,Sea,Chemicals,1163,0.89,9021,20FT,86.39,Normal,Carrier_C,18,64712
SHP03880,Pune,Rotterdam,Sea,Food Products,2104,0.75,11419,40FT_HC,82.99,Normal,Carrier_E,21,74814
SHP03881,Hyderabad,Jebel Ali,Sea,Automotive Parts,2937,6.32,8558,40FT,77.68,Peak,Carrier_D,19,68091
SHP03882,Hyderabad,Colombo,Air,Electronics,2281,9.54,10119,40FT,88.52,Off_Peak,Carrier_E,21,228127
SHP03883,Mumbai,Rotterdam,Road,Electronics,332,0.5,6084,LCL,78.27,Normal,Carrier_D,14,57603
SHP03884,Ahmedabad,Jebel Ali,Sea,Chemicals,3116,8.49,4169,AIR_CARGO,96.61,Normal,Carrier_C,6,54984
SHP03885,Hyderabad,Shanghai,Road,Food Products,3466,12.57,8277,AIR_CARGO,75.78,Normal,Carrier_D,18,81232
SHP03886,Pune,Hamburg,Road,Furniture,1295,3.0,6160,AIR_CARGO,112.6,Normal,Carrier_C,13,97478
SHP03887,Ahmedabad,Dubai,Road,Machinery,605,0.5,10796,LCL,113.66,Normal,Carrier_B,20,155141
SHP03888,Hyderabad,Hamburg,Sea,Pharmaceuticals,1609,6.53,11705,LCL,87.19,Peak,Carrier_D,25,101201
SHP03889,Bengaluru,Hamburg,Sea,Furniture,2190,1.61,9928,LCL,85.41,Peak,Carrier_E,20,78594
SHP03890,Kolkata,Shanghai,Sea,Electronics,2327,7.23,11916,20FT,79.18,Normal,Carrier_E,28,73378
SHP03891,Ahmedabad,Singapore,Air,Electronics,696,0.99,4506,LCL,111.2,Peak,Carrier_B,11,203883
SHP03892,Bengaluru,Jebel Ali,Sea,Furniture,2853,7.04,10801,40FT_HC,98.47,Peak,Carrier_A,21,108975
SHP03893,Chennai,Dubai,Air,Chemicals,4880,18.33,4294,20FT,99.4,Off_Peak,Carrier_C,10,190181
SHP03894,Pune,Los Angeles,Sea,Chemicals,4656,15.71,1857,40FT_HC,110.83,Normal,Carrier_A,3,64873
SHP03895,Mumbai,Shanghai,Air,Food Products,5532,19.1,7646,AIR_CARGO,111.43,Normal,Carrier_A,18,351444
SHP03896,Mumbai,Singapore,Air,Chemicals,1136,0.5,5732,40FT,108.13,Peak,Carrier_B,13,252270
SHP03897,Kolkata,Shanghai,Sea,Textiles,4427,6.45,11100,AIR_CARGO,105.94,Peak,Carrier_B,23,132320
SHP03898,Hyderabad,Singapore,Air,Pharmaceuticals,1362,5.11,6160,LCL,110.09,Normal,Carrier_D,11,239704
SHP03899,Bengaluru,Hamburg,Sea,Furniture,4176,11.24,11168,40FT,110.04,Peak,Carrier_D,24,139039
SHP03900,Chennai,New York,Air,Furniture,1548,0.5,1404,AIR_CARGO,89.75,Peak,Carrier_D,3,104161
SHP03901,Bengaluru,New York,Sea,Automotive Parts,3143,8.83,10051,20FT,113.94,Normal,Carrier_D,19,118826
SHP03902,Pune,Rotterdam,Sea,Electronics,6781,24.33,9230,LCL,103.37,Peak,Carrier_D,19,119899
SHP03903,Pune,Los Angeles,Road,Furniture,4585,18.5,8780,AIR_CARGO,89.81,Normal,Carrier_E,17,105297
SHP03904,Hyderabad,Dubai,Sea,Textiles,1373,0.5,4584,40FT,92.68,Normal,Carrier_B,9,60359
SHP03905,Hyderabad,Singapore,Air,Furniture,1192,5.68,9513,40FT_HC,102.49,Normal,Carrier_C,19,275463
SHP03906,Pune,Jebel Ali,Sea,Machinery,4141,6.3,6058,AIR_CARGO,89.44,Peak,Carrier_C,15,64158
SHP03907,Delhi,Hamburg,Sea,Textiles,5894,13.65,8725,20FT,108.06,Off_Peak,Carrier_C,20,82002
SHP03908,Pune,Colombo,Sea,Food Products,3306,4.59,6851,40FT,80.92,Normal,Carrier_C,16,53568
SHP03909,Bengaluru,Jebel Ali,Sea,Machinery,1793,0.5,2311,AIR_CARGO,111.3,Normal,Carrier_C,7,53228
SHP03910,Kolkata,Jebel Ali,Sea,Machinery,2569,9.65,1242,40FT_HC,87.05,Normal,Carrier_E,3,35859
SHP03911,Bengaluru,Singapore,Sea,Furniture,3311,9.03,4711,LCL,81.11,Normal,Carrier_B,13,52511
SHP03912,Mumbai,Dubai,Sea,Chemicals,2359,7.39,11227,LCL,109.32,Normal,Carrier_D,19,113832
SHP03913,Chennai,Hamburg,Sea,Furniture,1374,5.8,6592,LCL,84.58,Normal,Carrier_D,15,52059
SHP03914,Ahmedabad,Hamburg,Road,Textiles,4991,12.67,9725,40FT,108.74,Normal,Carrier_D,21,156701
SHP03915,Kolkata,Dubai,Road,Food Products,8475,16.03,7123,40FT_HC,86.85,Normal,Carrier_B,15,106180
SHP03916,Delhi,New York,Sea,Electronics,6319,15.89,11516,40FT_HC,112.35,Normal,Carrier_B,21,137122
SHP03917,Chennai,London,Air,Pharmaceuticals,610,0.58,4749,AIR_CARGO,83.76,Off_Peak,Carrier_E,11,115105
SHP03918,Chennai,Rotterdam,Sea,Chemicals,5300,11.85,1156,LCL,77.79,Peak,Carrier_E,3,32708
SHP03919,Ahmedabad,Shanghai,Air,Textiles,3640,4.89,9478,40FT,112.46,Normal,Carrier_D,20,403654
SHP03920,Mumbai,Rotterdam,Air,Electronics,1631,0.5,8613,LCL,81.63,Normal,Carrier_B,20,187181
SHP03921,Mumbai,New York,Road,Textiles,698,0.5,6567,LCL,112.77,Peak,Carrier_D,15,121342
SHP03922,Mumbai,Singapore,Sea,Chemicals,2322,7.71,4253,AIR_CARGO,107.96,Off_Peak,Carrier_E,11,56556
SHP03923,Kolkata,Singapore,Air,Electronics,3167,7.26,2665,AIR_CARGO,78.28,Normal,Carrier_D,8,113633
SHP03924,Bengaluru,Los Angeles,Sea,Chemicals,1218,10.03,6046,AIR_CARGO,92.81,Normal,Carrier_E,15,56380
SHP03925,Chennai,Rotterdam,Road,Textiles,5569,13.0,8161,20FT,77.94,Peak,Carrier_A,15,93116
SHP03926,Bengaluru,Rotterdam,Sea,Machinery,5482,13.83,7157,20FT,88.19,Normal,Carrier_C,12,58390
SHP03927,Bengaluru,Shanghai,Sea,Pharmaceuticals,3389,8.14,5531,40FT,89.06,Peak,Carrier_A,13,72872
SHP03928,Mumbai,Singapore,Air,Automotive Parts,1024,0.5,6706,40FT,98.99,Normal,Carrier_D,16,218910
SHP03929,Bengaluru,Jebel Ali,Air,Pharmaceuticals,2108,4.93,1741,AIR_CARGO,114.04,Normal,Carrier_D,2,149562
SHP03930,Chennai,Rotterdam,Sea,Machinery,4002,5.26,8502,40FT_HC,81.79,Normal,Carrier_B,18,62091
SHP03931,Chennai,Shanghai,Road,Chemicals,3834,8.85,8944,40FT,88.17,Normal,Carrier_C,21,95312
SHP03932,Hyderabad,Dubai,Sea,Pharmaceuticals,1587,0.5,632,20FT,98.48,Normal,Carrier_E,3,31677
SHP03933,Delhi,Colombo,Sea,Chemicals,1746,3.88,3611,20FT,81.86,Peak,Carrier_D,12,50780
SHP03934,Kolkata,Dubai,Sea,Chemicals,1561,4.31,1559,LCL,103.43,Normal,Carrier_E,8,43993
SHP03935,Bengaluru,Shanghai,Sea,Electronics,2080,5.83,11980,AIR_CARGO,91.15,Normal,Carrier_E,23,93422
SHP03936,Kolkata,Jebel Ali,Sea,Food Products,1822,0.5,7323,40FT_HC,112.98,Off_Peak,Carrier_E,15,79586
SHP03937,Kolkata,Los Angeles,Sea,Chemicals,1618,5.78,5856,AIR_CARGO,100.19,Normal,Carrier_A,12,67329
SHP03938,Kolkata,Singapore,Sea,Pharmaceuticals,2286,8.08,5825,20FT,89.52,Normal,Carrier_E,13,54516
SHP03939,Ahmedabad,Los Angeles,Sea,Pharmaceuticals,2566,2.28,11595,40FT_HC,103.78,Peak,Carrier_B,21,124772
SHP03940,Pune,Los Angeles,Sea,Pharmaceuticals,5068,16.01,8088,40FT,108.55,Normal,Carrier_A,14,94506
SHP03941,Hyderabad,Shanghai,Air,Machinery,785,2.62,2440,LCL,107.02,Peak,Carrier_A,2,130107
SHP03942,Kolkata,Singapore,Road,Automotive Parts,5522,12.91,5654,20FT,85.51,Normal,Carrier_D,12,83028
SHP03943,Pune,Hamburg,Sea,Chemicals,1538,5.93,9403,LCL,91.68,Normal,Carrier_C,23,75545
SHP03944,Pune,Colombo,Sea,Furniture,8378,26.43,5369,AIR_CARGO,93.09,Normal,Carrier_C,8,67384
SHP03945,Hyderabad,Rotterdam,Sea,Chemicals,3872,8.66,4060,40FT_HC,90.54,Peak,Carrier_D,9,69493
SHP03946,Chennai,Los Angeles,Sea,Chemicals,3568,6.52,11899,AIR_CARGO,87.43,Normal,Carrier_C,23,88942
SHP03947,Ahmedabad,Dubai,Air,Furniture,2337,13.89,11260,LCL,105.11,Peak,Carrier_E,22,408360
SHP03948,Bengaluru,Hamburg,Sea,Electronics,9557,22.06,11328,20FT,75.49,Peak,Carrier_B,25,84722
SHP03949,Hyderabad,Hamburg,Sea,Chemicals,2451,7.3,2014,LCL,86.74,Normal,Carrier_E,4,36199
SHP03950,Delhi,Jebel Ali,Sea,Machinery,6679,15.21,3194,20FT,80.66,Off_Peak,Carrier_C,4,42068
SHP03951,Pune,Los Angeles,Sea,Textiles,1721,0.5,5584,LCL,80.15,Normal,Carrier_C,11,39012
SHP03952,Kolkata,Los Angeles,Air,Food Products,3983,8.25,10069,AIR_CARGO,86.08,Normal,Carrier_B,19,267582
SHP03953,Pune,London,Road,Pharmaceuticals,8586,24.89,8974,LCL,105.49,Peak,Carrier_A,14,172158
SHP03954,Ahmedabad,Shanghai,Sea,Chemicals,1441,0.5,10271,40FT,113.78,Peak,Carrier_A,21,123898
SHP03955,Delhi,Jebel Ali,Sea,Electronics,3440,13.46,11089,AIR_CARGO,95.58,Peak,Carrier_B,20,110914
SHP03956,Chennai,Hamburg,Road,Machinery,1580,6.82,9479,LCL,88.56,Off_Peak,Carrier_A,19,91507
SHP03957,Chennai,Hamburg,Road,Chemicals,3305,3.85,3510,LCL,108.17,Normal,Carrier_C,8,65858
SHP03958,Mumbai,London,Sea,Furniture,8562,15.57,3783,40FT_HC,77.68,Normal,Carrier_A,7,46115
SHP03959,Kolkata,Rotterdam,Sea,Electronics,1363,0.5,4554,AIR_CARGO,78.73,Normal,Carrier_C,12,43941
SHP03960,Mumbai,New York,Sea,Textiles,2767,4.95,3985,40FT_HC,88.81,Normal,Carrier_D,9,54431
SHP03961,Ahmedabad,Dubai,Sea,Automotive Parts,1453,0.5,3365,AIR_CARGO,92.94,Off_Peak,Carrier_E,8,35464
SHP03962,Delhi,New York,Sea,Chemicals,2299,10.35,9154,20FT,106.91,Normal,Carrier_A,20,90463
SHP03963,Pune,Los Angeles,Sea,Machinery,3744,4.18,891,AIR_CARGO,112.01,Normal,Carrier_D,4,56364
SHP03964,Bengaluru,Singapore,Sea,Electronics,2060,1.34,8877,AIR_CARGO,96.25,Off_Peak,Carrier_A,18,76135
SHP03965,Mumbai,Jebel Ali,Sea,Furniture,6954,22.63,9971,LCL,94.83,Normal,Carrier_D,18,94755
SHP03966,Chennai,Los Angeles,Air,Electronics,3423,7.1,1260,40FT,83.52,Normal,Carrier_B,2,100328
SHP03967,Kolkata,Rotterdam,Sea,Chemicals,1058,4.2,1211,AIR_CARGO,93.05,Normal,Carrier_D,5,36215
SHP03968,Pune,New York,Sea,Electronics,3078,9.19,3783,40FT_HC,111.95,Normal,Carrier_C,7,71408
SHP03969,Delhi,Los Angeles,Sea,Automotive Parts,6463,9.57,2896,40FT,90.72,Peak,Carrier_B,9,67684
SHP03970,Hyderabad,Dubai,Sea,Electronics,3557,11.68,7183,AIR_CARGO,83.43,Off_Peak,Carrier_B,15,58048
SHP03971,Ahmedabad,Hamburg,Road,Pharmaceuticals,2962,9.51,8268,40FT,88.49,Peak,Carrier_C,18,105168
SHP03972,Ahmedabad,Shanghai,Sea,Food Products,2060,7.51,7793,20FT,95.58,Normal,Carrier_A,14,71601
SHP03973,Chennai,Colombo,Sea,Pharmaceuticals,2347,2.87,4609,40FT,98.94,Normal,Carrier_B,8,65714
SHP03974,Hyderabad,Los Angeles,Air,Food Products,2518,7.14,6232,20FT,92.3,Normal,Carrier_A,17,193945
SHP03975,Ahmedabad,Rotterdam,Sea,Electronics,510,0.52,7860,40FT,105.34,Normal,Carrier_E,16,86343
SHP03976,Bengaluru,Jebel Ali,Road,Furniture,3379,8.42,1873,40FT,98.38,Off_Peak,Carrier_D,7,53928
SHP03977,Pune,Singapore,Sea,Furniture,4779,8.27,3139,40FT_HC,101.6,Normal,Carrier_D,5,70437
SHP03978,Kolkata,Dubai,Sea,Chemicals,1537,2.9,10741,40FT_HC,109.52,Normal,Carrier_C,21,108407
SHP03979,Pune,London,Sea,Furniture,2908,10.83,4437,LCL,109.63,Peak,Carrier_C,13,70859
SHP03980,Bengaluru,Rotterdam,Sea,Food Products,3146,0.5,9713,40FT,83.14,Peak,Carrier_D,17,89403
SHP03981,Ahmedabad,New York,Air,Machinery,4233,8.61,3386,20FT,99.93,Peak,Carrier_E,13,217998
SHP03982,Bengaluru,Shanghai,Air,Food Products,2520,8.56,979,40FT,103.67,Peak,Carrier_C,4,124483
SHP03983,Pune,New York,Sea,Pharmaceuticals,3550,4.1,6255,AIR_CARGO,80.83,Normal,Carrier_E,12,47839
SHP03984,Ahmedabad,Hamburg,Sea,Electronics,1175,4.4,10764,20FT,108.71,Normal,Carrier_C,22,99545
SHP03985,Kolkata,Shanghai,Air,Chemicals,1293,4.95,9922,AIR_CARGO,82.22,Normal,Carrier_B,22,220896
SHP03986,Kolkata,New York,Road,Textiles,3309,7.27,3409,LCL,106.97,Peak,Carrier_A,7,70448
SHP03987,Hyderabad,Jebel Ali,Sea,Chemicals,2153,6.33,10964,AIR_CARGO,81.46,Normal,Carrier_D,21,65762
SHP03988,Bengaluru,New York,Sea,Chemicals,895,8.65,6017,LCL,104.67,Off_Peak,Carrier_A,13,62176
SHP03989,Delhi,Dubai,Sea,Chemicals,3134,4.77,1063,LCL,80.93,Off_Peak,Carrier_D,5,28027
SHP03990,Hyderabad,Dubai,Road,Machinery,1092,0.5,821,LCL,90.15,Off_Peak,Carrier_C,3,25420
SHP03991,Kolkata,Colombo,Sea,Automotive Parts,14483,32.79,6079,AIR_CARGO,80.74,Normal,Carrier_A,14,65267
SHP03992,Chennai,New York,Sea,Pharmaceuticals,608,0.5,6783,LCL,85.83,Normal,Carrier_E,16,46240
SHP03993,Ahmedabad,Jebel Ali,Air,Electronics,2587,7.7,1419,LCL,114.38,Off_Peak,Carrier_C,5,115983
SHP03994,Hyderabad,Jebel Ali,Sea,Automotive Parts,1210,1.06,11106,40FT_HC,79.31,Normal,Carrier_B,21,76811
SHP03995,Mumbai,Los Angeles,Sea,Textiles,4534,13.25,8759,40FT,91.26,Off_Peak,Carrier_A,18,69604
SHP03996,Delhi,Singapore,Sea,Automotive Parts,1924,5.75,9715,LCL,102.08,Peak,Carrier_A,23,98307
SHP03997,Ahmedabad,Shanghai,Sea,Electronics,4829,8.76,7216,20FT,78.78,Off_Peak,Carrier_B,16,42348
SHP03998,Hyderabad,Rotterdam,Sea,Pharmaceuticals,4117,6.11,8131,20FT,79.36,Normal,Carrier_D,19,56347
SHP03999,Kolkata,London,Sea,Pharmaceuticals,1249,0.5,4960,40FT_HC,80.73,Peak,Carrier_C,10,54277
SHP04000,Pune,Shanghai,Sea,Electronics,1558,7.92,8312,AIR_CARGO,100.8,Normal,Carrier_B,18,82480
SHP04001,Kolkata,Shanghai,Sea,Textiles,1998,6.85,11749,AIR_CARGO,111.37,Off_Peak,Carrier_E,25,110403
SHP04002,Delhi,Hamburg,Air,Electronics,2393,4.05,7949,AIR_CARGO,108.04,Normal,Carrier_C,19,275250
SHP04003,Mumbai,Shanghai,Air,Textiles,2200,7.66,4429,LCL,114.32,Off_Peak,Carrier_B,13,190538
SHP04004,Hyderabad,Hamburg,Sea,Textiles,4013,5.14,3780,AIR_CARGO,98.13,Peak,Carrier_B,7,66246
SHP04005,Pune,Los Angeles,Sea,Electronics,2911,3.43,11578,AIR_CARGO,113.46,Normal,Carrier_A,25,117791
SHP04006,Hyderabad,Singapore,Sea,Food Products,1679,0.5,2628,40FT,87.2,Normal,Carrier_A,10,38466
SHP04007,Bengaluru,Jebel Ali,Sea,Pharmaceuticals,1382,4.4,9771,LCL,91.86,Normal,Carrier_A,19,70886
SHP04008,Chennai,Colombo,Sea,Textiles,1471,1.08,5851,LCL,90.84,Normal,Carrier_C,11,51208
SHP04009,Kolkata,Jebel Ali,Air,Electronics,3098,1.56,5603,20FT,76.89,Normal,Carrier_D,12,148716
SHP04010,Hyderabad,New York,Sea,Furniture,2205,5.62,9097,20FT,108.19,Peak,Carrier_C,19,99570
SHP04011,Hyderabad,London,Sea,Food Products,9665,25.3,2202,40FT,75.99,Peak,Carrier_A,5,52510
SHP04012,Ahmedabad,Singapore,Sea,Pharmaceuticals,2500,5.41,5862,40FT_HC,104.2,Peak,Carrier_A,10,86498
SHP04013,Ahmedabad,Singapore,Air,Textiles,2826,11.29,912,LCL,91.28,Off_Peak,Carrier_C,7,81134
SHP04014,Hyderabad,Los Angeles,Sea,Pharmaceuticals,775,5.06,8210,20FT,75.25,Normal,Carrier_B,15,49933
SHP04015,Mumbai,London,Sea,Food Products,1048,6.97,1171,AIR_CARGO,86.6,Normal,Carrier_B,3,33842
SHP04016,Chennai,New York,Sea,Pharmaceuticals,1206,6.01,1504,LCL,88.85,Normal,Carrier_A,5,32860
SHP04017,Hyderabad,New York,Road,Machinery,1768,5.15,10216,LCL,113.59,Normal,Carrier_A,18,141976
SHP04018,Delhi,Colombo,Road,Chemicals,954,0.5,5594,LCL,101.44,Peak,Carrier_D,9,88413
SHP04019,Kolkata,Rotterdam,Sea,Machinery,1180,1.42,2811,20FT,96.74,Peak,Carrier_B,6,43509
SHP04020,Bengaluru,Jebel Ali,Sea,Food Products,3852,7.12,7315,40FT,80.08,Normal,Carrier_D,17,68353
SHP04021,Ahmedabad,Shanghai,Sea,Textiles,1430,0.5,6472,20FT,90.64,Off_Peak,Carrier_A,14,51239
SHP04022,Delhi,London,Sea,Electronics,2434,3.5,5225,AIR_CARGO,76.43,Normal,Carrier_A,7,42750
SHP04023,Kolkata,New York,Air,Automotive Parts,3674,2.89,10912,AIR_CARGO,105.47,Normal,Carrier_D,25,399311
SHP04024,Pune,New York,Air,Electronics,4626,14.55,9119,40FT_HC,81.51,Normal,Carrier_D,20,253943
SHP04025,Ahmedabad,Rotterdam,Air,Pharmaceuticals,3024,2.96,2243,20FT,98.78,Off_Peak,Carrier_A,6,122471
SHP04026,Mumbai,Singapore,Air,Automotive Parts,3144,10.74,7064,20FT,102.98,Normal,Carrier_E,15,257509
SHP04027,Ahmedabad,New York,Sea,Automotive Parts,4719,16.54,1521,40FT_HC,89.66,Normal,Carrier_A,6,40124
SHP04028,Chennai,Colombo,Sea,Pharmaceuticals,3273,4.73,3314,40FT_HC,100.3,Normal,Carrier_B,13,61244
SHP04029,Chennai,New York,Air,Pharmaceuticals,4900,9.45,10963,LCL,105.57,Off_Peak,Carrier_A,24,345565
SHP04030,Kolkata,New York,Sea,Textiles,621,3.47,5814,LCL,82.36,Normal,Carrier_C,13,40859
SHP04031,Delhi,Rotterdam,Air,Food Products,2368,3.89,10759,AIR_CARGO,99.03,Normal,Carrier_A,19,306242
SHP04032,Bengaluru,Colombo,Sea,Furniture,2592,2.97,2409,40FT,104.36,Normal,Carrier_E,7,53318
SHP04033,Mumbai,Dubai,Sea,Electronics,2316,7.28,2861,AIR_CARGO,89.28,Normal,Carrier_B,9,42940
SHP04034,Kolkata,Hamburg,Road,Food Products,2708,3.49,4557,20FT,81.5,Normal,Carrier_A,10,54605
SHP04035,Pune,Rotterdam,Sea,Machinery,1917,13.12,4713,40FT,86.44,Normal,Carrier_D,10,56074
SHP04036,Mumbai,Singapore,Road,Textiles,4175,12.19,9071,LCL,112.32,Off_Peak,Carrier_B,20,133278
SHP04037,Chennai,Singapore,Road,Textiles,1765,6.88,7393,40FT_HC,89.3,Normal,Carrier_B,13,84109
SHP04038,Hyderabad,London,Air,Furniture,2170,4.81,6862,40FT_HC,79.31,Normal,Carrier_E,16,156090
SHP04039,Hyderabad,Rotterdam,Air,Machinery,6391,22.67,7427,AIR_CARGO,78.31,Off_Peak,Carrier_D,15,203565
SHP04040,Bengaluru,Los Angeles,Sea,Electronics,5837,10.93,8920,20FT,82.22,Peak,Carrier_C,14,70092
SHP04041,Mumbai,Rotterdam,Road,Chemicals,2770,9.64,10767,20FT,80.1,Normal,Carrier_A,21,94417
SHP04042,Kolkata,Dubai,Sea,Machinery,1653,0.5,5270,40FT_HC,94.8,Normal,Carrier_C,11,60269
SHP04043,Bengaluru,New York,Sea,Electronics,864,11.23,9734,AIR_CARGO,88.9,Off_Peak,Carrier_D,21,76094
SHP04044,Ahmedabad,Rotterdam,Sea,Automotive Parts,2295,8.74,6194,AIR_CARGO,108.66,Normal,Carrier_B,14,74385
SHP04045,Ahmedabad,Los Angeles,Sea,Pharmaceuticals,3479,4.52,8804,LCL,110.24,Normal,Carrier_E,15,91313
SHP04046,Pune,Shanghai,Sea,Textiles,1564,5.83,10560,LCL,93.93,Normal,Carrier_E,21,81876
SHP04047,Delhi,Los Angeles,Sea,Electronics,2510,10.23,870,LCL,110.54,Normal,Carrier_B,3,38970
SHP04048,Hyderabad,Singapore,Sea,Food Products,1993,1.17,6786,40FT,93.02,Off_Peak,Carrier_E,14,55720
SHP04049,Kolkata,Dubai,Road,Furniture,816,0.5,11878,AIR_CARGO,100.68,Peak,Carrier_C,22,158838
SHP04050,Mumbai,New York,Sea,Pharmaceuticals,2698,2.45,6207,AIR_CARGO,81.5,Normal,Carrier_B,13,49468
SHP04051,Bengaluru,Los Angeles,Road,Food Products,3317,9.81,10439,LCL,77.1,Normal,Carrier_A,27,85031
SHP04052,Kolkata,Dubai,Air,Pharmaceuticals,2773,7.33,2638,40FT_HC,81.4,Peak,Carrier_A,11,120168
SHP04053,Bengaluru,Shanghai,Air,Textiles,7131,17.1,7449,LCL,85.07,Normal,Carrier_D,14,269913
SHP04054,Bengaluru,Colombo,Sea,Machinery,2028,1.61,10509,40FT,105.04,Peak,Carrier_B,21,116750
SHP04055,Bengaluru,Colombo,Air,Chemicals,1926,3.76,5463,40FT_HC,81.94,Off_Peak,Carrier_C,11,120504
SHP04056,Mumbai,Colombo,Sea,Machinery,10221,21.47,6097,AIR_CARGO,80.23,Off_Peak,Carrier_B,13,53666
SHP04057,Kolkata,Shanghai,Air,Electronics,1110,4.58,1443,40FT,112.1,Normal,Carrier_B,6,114614
SHP04058,Chennai,New York,Sea,Furniture,1671,0.5,985,40FT,102.55,Normal,Carrier_C,4,43736
SHP04059,Chennai,Hamburg,Road,Machinery,3161,4.33,5890,40FT_HC,93.93,Normal,Carrier_E,11,89452
SHP04060,Mumbai,Hamburg,Road,Textiles,5195,15.63,10200,LCL,78.8,Normal,Carrier_C,23,89451
SHP04061,Ahmedabad,Dubai,Sea,Furniture,4590,9.17,11210,LCL,109.07,Normal,Carrier_B,20,111850
SHP04062,Mumbai,Colombo,Sea,Electronics,1272,10.07,8075,20FT,79.33,Normal,Carrier_B,17,62950
SHP04063,Hyderabad,Singapore,Air,Automotive Parts,7201,17.93,10004,40FT_HC,99.44,Normal,Carrier_B,17,396820
SHP04064,Bengaluru,New York,Sea,Machinery,3380,0.79,8951,LCL,101.71,Normal,Carrier_B,16,86366
SHP04065,Kolkata,Hamburg,Road,Machinery,1468,0.5,8567,40FT,91.01,Off_Peak,Carrier_D,19,86648
SHP04066,Kolkata,Rotterdam,Sea,Chemicals,1550,1.33,9344,LCL,111.45,Normal,Carrier_E,18,94302
SHP04067,Delhi,London,Sea,Electronics,2619,9.21,6311,LCL,77.03,Off_Peak,Carrier_B,10,36495
SHP04068,Delhi,Jebel Ali,Road,Food Products,10128,26.68,5766,40FT,107.72,Normal,Carrier_D,11,137088
SHP04069,Pune,Shanghai,Air,Machinery,2870,4.9,2330,40FT_HC,97.15,Normal,Carrier_B,5,138787
SHP04070,Chennai,Shanghai,Air,Textiles,10068,28.9,10204,20FT,99.45,Off_Peak,Carrier_E,18,389633
SHP04071,Delhi,Hamburg,Sea,Machinery,4424,11.85,1013,LCL,114.47,Normal,Carrier_E,5,50885
SHP04072,Delhi,Shanghai,Air,Chemicals,1101,1.34,3576,LCL,98.31,Normal,Carrier_C,5,123279
SHP04073,Chennai,Colombo,Sea,Automotive Parts,6241,19.55,6479,LCL,106.88,Normal,Carrier_D,13,83611
SHP04074,Hyderabad,Jebel Ali,Sea,Chemicals,1353,0.5,11673,40FT_HC,81.14,Peak,Carrier_E,23,85141
SHP04075,Ahmedabad,Singapore,Air,Machinery,1676,6.21,9539,40FT,107.37,Normal,Carrier_A,19,308348
SHP04076,Chennai,Rotterdam,Sea,Furniture,2991,9.75,4740,40FT,105.44,Normal,Carrier_B,10,64630
SHP04077,Ahmedabad,Dubai,Sea,Food Products,2454,8.32,8710,40FT,113.72,Normal,Carrier_E,16,104887
SHP04078,Pune,Jebel Ali,Sea,Pharmaceuticals,4468,10.02,11211,40FT,112.43,Off_Peak,Carrier_D,20,114534
SHP04079,Delhi,Singapore,Air,Machinery,3464,11.73,6697,40FT,83.56,Off_Peak,Carrier_D,13,179805
SHP04080,Kolkata,Shanghai,Sea,Electronics,2316,12.88,5812,40FT,93.6,Normal,Carrier_D,14,66629
SHP04081,Delhi,Hamburg,Air,Machinery,7543,17.34,6859,LCL,111.46,Normal,Carrier_C,14,355224
SHP04082,Bengaluru,Los Angeles,Sea,Food Products,1836,4.64,4083,LCL,100.63,Normal,Carrier_B,10,55764
SHP04083,Pune,Dubai,Sea,Electronics,1305,6.81,10935,40FT,93.55,Normal,Carrier_A,24,82717
SHP04084,Ahmedabad,New York,Air,Textiles,3379,6.98,9669,40FT,79.36,Peak,Carrier_D,21,266855
SHP04085,Ahmedabad,London,Sea,Furniture,2471,4.71,8613,40FT_HC,89.07,Normal,Carrier_B,15,73454
SHP04086,Bengaluru,Hamburg,Sea,Electronics,2932,2.34,7275,40FT_HC,101.61,Normal,Carrier_D,16,91706
SHP04087,Bengaluru,Shanghai,Sea,Chemicals,4039,2.72,11649,AIR_CARGO,106.08,Normal,Carrier_D,25,123417
SHP04088,Hyderabad,Hamburg,Sea,Automotive Parts,2217,0.74,3924,LCL,92.89,Normal,Carrier_A,8,51351
SHP04089,Mumbai,Colombo,Air,Chemicals,8368,23.37,3756,40FT,77.23,Normal,Carrier_B,6,175632
SHP04090,Bengaluru,Shanghai,Sea,Pharmaceuticals,2970,2.96,3285,LCL,100.33,Normal,Carrier_D,7,58629
SHP04091,Ahmedabad,Hamburg,Air,Electronics,1866,6.39,9030,AIR_CARGO,111.86,Normal,Carrier_C,19,308625
SHP04092,Kolkata,Jebel Ali,Sea,Textiles,3668,14.67,9669,40FT_HC,94.86,Normal,Carrier_D,21,97083
SHP04093,Ahmedabad,Jebel Ali,Sea,Machinery,2365,6.27,7367,AIR_CARGO,112.14,Normal,Carrier_B,14,93745
SHP04094,Ahmedabad,Rotterdam,Road,Furniture,2691,2.88,7998,20FT,89.16,Normal,Carrier_E,12,91795
SHP04095,Hyderabad,Rotterdam,Sea,Electronics,1218,2.37,4513,40FT_HC,110.45,Off_Peak,Carrier_D,8,63520
SHP04096,Mumbai,Dubai,Sea,Chemicals,1311,4.64,957,LCL,106.45,Normal,Carrier_C,4,39628
SHP04097,Mumbai,Hamburg,Sea,Electronics,4984,13.41,3417,40FT_HC,113.47,Off_Peak,Carrier_C,12,67924
SHP04098,Bengaluru,Rotterdam,Sea,Electronics,1121,3.14,7219,AIR_CARGO,106.64,Normal,Carrier_D,15,79707
SHP04099,Pune,Colombo,Sea,Electronics,2309,8.02,9849,40FT,87.86,Peak,Carrier_B,23,88337
SHP04100,Delhi,Singapore,Sea,Textiles,3090,11.36,9438,AIR_CARGO,111.02,Peak,Carrier_D,17,120499
SHP04101,Ahmedabad,Rotterdam,Sea,Furniture,6264,12.99,2564,AIR_CARGO,101.79,Normal,Carrier_C,5,50751
SHP04102,Chennai,Hamburg,Sea,Food Products,1828,9.97,1092,40FT,81.48,Normal,Carrier_D,1,34145
SHP04103,Delhi,Jebel Ali,Sea,Food Products,4094,11.07,10281,LCL,76.84,Off_Peak,Carrier_C,21,49899
SHP04104,Delhi,London,Sea,Electronics,2312,0.5,1369,LCL,89.63,Normal,Carrier_E,3,28018
SHP04105,Mumbai,Los Angeles,Sea,Textiles,606,0.69,5023,40FT_HC,106.47,Normal,Carrier_D,12,80610
SHP04106,Mumbai,New York,Air,Textiles,2576,5.44,1584,AIR_CARGO,99.73,Normal,Carrier_A,4,116261
SHP04107,Hyderabad,Rotterdam,Road,Pharmaceuticals,2394,10.02,6987,40FT_HC,96.09,Normal,Carrier_D,19,106696
SHP04108,Hyderabad,New York,Sea,Electronics,3296,5.52,4678,40FT,75.15,Normal,Carrier_C,14,45262
SHP04109,Mumbai,Los Angeles,Road,Chemicals,1646,4.52,2829,20FT,92.42,Normal,Carrier_B,3,50954
SHP04110,Kolkata,Dubai,Sea,Chemicals,1765,0.5,7344,LCL,81.31,Peak,Carrier_C,17,58554
SHP04111,Kolkata,Jebel Ali,Sea,Automotive Parts,5457,9.67,4679,40FT,93.18,Normal,Carrier_E,9,62254
SHP04112,Chennai,Jebel Ali,Sea,Furniture,2009,7.97,2418,LCL,114.67,Peak,Carrier_B,8,65252
SHP04113,Mumbai,Los Angeles,Sea,Electronics,721,0.5,8551,40FT_HC,110.18,Normal,Carrier_A,15,92583
SHP04114,Bengaluru,Hamburg,Sea,Automotive Parts,3439,12.05,10123,20FT,87.43,Normal,Carrier_A,23,78544
SHP04115,Hyderabad,New York,Sea,Chemicals,4380,14.99,3648,AIR_CARGO,98.74,Normal,Carrier_E,11,58741
SHP04116,Mumbai,New York,Sea,Chemicals,4355,15.33,2644,LCL,95.08,Normal,Carrier_E,4,45431
SHP04117,Kolkata,Los Angeles,Road,Electronics,1676,10.17,1365,AIR_CARGO,80.2,Normal,Carrier_E,4,36633
SHP04118,Mumbai,New York,Sea,Automotive Parts,2500,9.05,6571,40FT_HC,114.59,Normal,Carrier_E,14,90548
SHP04119,Kolkata,Hamburg,Sea,Automotive Parts,3531,10.11,10060,LCL,92.01,Normal,Carrier_D,22,85828
SHP04120,Mumbai,Jebel Ali,Air,Electronics,4678,13.62,3384,40FT_HC,95.23,Normal,Carrier_C,8,178261
SHP04121,Ahmedabad,Dubai,Sea,Furniture,3465,8.54,5797,AIR_CARGO,100.9,Off_Peak,Carrier_D,14,70276
SHP04122,Bengaluru,Colombo,Sea,Pharmaceuticals,4139,8.36,2349,40FT_HC,82.66,Off_Peak,Carrier_B,6,39194
SHP04123,Pune,Jebel Ali,Air,Automotive Parts,1553,6.78,5148,40FT_HC,83.89,Normal,Carrier_A,13,135373
SHP04124,Chennai,Singapore,Road,Pharmaceuticals,564,3.14,678,40FT_HC,82.7,Peak,Carrier_A,1,29275
SHP04125,Ahmedabad,Singapore,Air,Machinery,4959,15.33,10973,40FT,90.38,Normal,Carrier_B,22,325762
SHP04126,Bengaluru,Jebel Ali,Air,Furniture,1352,2.38,8281,40FT,82.99,Peak,Carrier_A,19,215624
SHP04127,Kolkata,Hamburg,Air,Chemicals,2236,4.84,4327,LCL,112.06,Normal,Carrier_E,13,207624
SHP04128,Hyderabad,Colombo,Road,Food Products,4227,10.91,10634,40FT_HC,103.57,Peak,Carrier_E,22,179446
SHP04129,Hyderabad,Dubai,Sea,Furniture,2544,5.55,2604,40FT_HC,110.91,Normal,Carrier_E,7,58972
SHP04130,Delhi,New York,Sea,Pharmaceuticals,3947,20.76,1405,40FT_HC,108.94,Peak,Carrier_B,7,63291
SHP04131,Bengaluru,Singapore,Sea,Pharmaceuticals,12329,37.09,11340,40FT,103.13,Off_Peak,Carrier_C,22,110939
SHP04132,Mumbai,Singapore,Sea,Pharmaceuticals,3578,8.54,4054,AIR_CARGO,84.71,Peak,Carrier_B,12,59684
SHP04133,Chennai,Singapore,Air,Textiles,1557,3.18,11264,40FT_HC,99.61,Normal,Carrier_C,22,305157
SHP04134,Mumbai,Shanghai,Sea,Furniture,976,4.11,7833,20FT,82.45,Off_Peak,Carrier_A,16,47771
SHP04135,Mumbai,Hamburg,Sea,Automotive Parts,3881,7.52,11770,LCL,80.3,Normal,Carrier_A,21,65740
SHP04136,Bengaluru,Jebel Ali,Sea,Automotive Parts,2636,4.49,9164,40FT,100.3,Off_Peak,Carrier_A,16,80452
SHP04137,Pune,Colombo,Air,Textiles,1020,2.6,1713,AIR_CARGO,99.99,Normal,Carrier_C,7,93167
SHP04138,Chennai,Jebel Ali,Sea,Automotive Parts,5380,11.32,10301,20FT,81.26,Off_Peak,Carrier_A,24,64073
SHP04139,Delhi,Shanghai,Air,Textiles,4003,10.27,2201,40FT_HC,89.1,Off_Peak,Carrier_B,6,127887
SHP04140,Ahmedabad,Singapore,Sea,Pharmaceuticals,2481,7.39,8460,40FT,77.65,Peak,Carrier_C,17,62686
SHP04141,Mumbai,Los Angeles,Sea,Electronics,10358,11.93,6255,40FT_HC,103.63,Normal,Carrier_E,15,95923
SHP04142,Chennai,Shanghai,Sea,Furniture,4862,3.87,8639,LCL,114.5,Peak,Carrier_C,18,115619
SHP04143,Delhi,Hamburg,Sea,Machinery,1313,0.5,9297,40FT,104.6,Normal,Carrier_B,14,100927
SHP04144,Ahmedabad,Dubai,Air,Pharmaceuticals,5358,13.88,9742,20FT,108.77,Peak,Carrier_B,22,459556
SHP04145,Mumbai,New York,Road,Machinery,2951,3.94,10102,AIR_CARGO,94.05,Peak,Carrier_B,18,136310
SHP04146,Chennai,London,Sea,Chemicals,8559,29.62,10243,AIR_CARGO,78.82,Normal,Carrier_A,21,69443
SHP04147,Ahmedabad,Colombo,Sea,Pharmaceuticals,4615,14.57,5245,LCL,104.06,Normal,Carrier_E,11,71183
SHP04148,Bengaluru,Shanghai,Sea,Food Products,3425,15.99,10726,AIR_CARGO,85.26,Normal,Carrier_E,20,73503
SHP04149,Pune,Dubai,Air,Automotive Parts,3301,11.46,8775,AIR_CARGO,90.53,Normal,Carrier_D,18,265210
SHP04150,Hyderabad,London,Air,Food Products,1155,0.5,10148,LCL,103.12,Off_Peak,Carrier_B,22,273208
SHP04151,Hyderabad,Dubai,Sea,Electronics,1792,0.5,11876,20FT,111.19,Peak,Carrier_A,24,134465
SHP04152,Mumbai,Jebel Ali,Sea,Machinery,2863,4.77,1839,40FT,94.45,Peak,Carrier_C,8,53471
SHP04153,Mumbai,Jebel Ali,Air,Furniture,1025,0.5,4762,40FT,113.46,Normal,Carrier_A,14,193045
SHP04154,Ahmedabad,Singapore,Sea,Pharmaceuticals,3387,12.39,9775,LCL,95.8,Off_Peak,Carrier_B,23,84213
SHP04155,Chennai,Rotterdam,Sea,Furniture,1542,3.04,1492,40FT_HC,79.9,Normal,Carrier_A,5,27266
SHP04156,Hyderabad,New York,Sea,Electronics,1936,5.43,6719,LCL,95.74,Normal,Carrier_B,13,65939
SHP04157,Mumbai,Hamburg,Sea,Electronics,3968,14.95,10372,LCL,109.43,Normal,Carrier_C,21,98444
SHP04158,Delhi,Hamburg,Road,Automotive Parts,1742,11.85,718,LCL,96.52,Peak,Carrier_C,6,33720
SHP04159,Mumbai,Singapore,Road,Electronics,3392,6.99,11304,LCL,104.91,Normal,Carrier_E,25,149098
SHP04160,Hyderabad,Jebel Ali,Sea,Pharmaceuticals,2747,1.08,11749,AIR_CARGO,96.92,Normal,Carrier_D,18,107524
SHP04161,Kolkata,Singapore,Sea,Pharmaceuticals,1256,0.5,4206,AIR_CARGO,96.84,Normal,Carrier_A,10,52764
SHP04162,Pune,Los Angeles,Sea,Furniture,4434,15.15,9318,20FT,86.39,Normal,Carrier_D,14,76047
SHP04163,Hyderabad,Shanghai,Sea,Furniture,4584,11.98,1963,LCL,83.05,Normal,Carrier_A,6,31189
SHP04164,Delhi,Shanghai,Sea,Machinery,4749,7.75,9388,40FT,86.16,Normal,Carrier_E,18,71138
SHP04165,Chennai,Colombo,Sea,Pharmaceuticals,8639,23.4,6037,40FT_HC,92.63,Normal,Carrier_E,11,74449
SHP04166,Delhi,Jebel Ali,Sea,Food Products,1914,0.5,10393,AIR_CARGO,107.38,Normal,Carrier_C,23,100805
SHP04167,Kolkata,Rotterdam,Sea,Machinery,704,0.5,2945,40FT,108.16,Peak,Carrier_C,6,60238
SHP04168,Kolkata,Los Angeles,Sea,Automotive Parts,1631,0.5,8236,AIR_CARGO,81.54,Peak,Carrier_C,17,67861
SHP04169,Mumbai,Los Angeles,Sea,Machinery,4664,5.32,9540,20FT,97.11,Normal,Carrier_A,17,86468
SHP04170,Mumbai,Jebel Ali,Sea,Textiles,2371,10.27,2829,40FT_HC,91.64,Normal,Carrier_D,7,50742
SHP04171,Hyderabad,Shanghai,Sea,Furniture,1003,1.58,9910,AIR_CARGO,97.84,Normal,Carrier_D,22,93164
SHP04172,Bengaluru,London,Road,Food Products,837,1.86,11517,40FT_HC,100.9,Peak,Carrier_C,21,155223
SHP04173,Pune,Shanghai,Sea,Furniture,6294,15.73,7585,40FT_HC,86.18,Off_Peak,Carrier_E,17,69144
SHP04174,Delhi,Colombo,Sea,Textiles,3713,4.8,9526,40FT,111.77,Peak,Carrier_D,19,133614
SHP04175,Hyderabad,Colombo,Road,Textiles,1810,2.39,6625,AIR_CARGO,112.42,Off_Peak,Carrier_E,14,103409
SHP04176,Bengaluru,Jebel Ali,Road,Chemicals,8499,18.7,7378,40FT_HC,79.21,Normal,Carrier_C,15,89070
SHP04177,Hyderabad,New York,Sea,Pharmaceuticals,13986,29.58,654,LCL,103.12,Peak,Carrier_A,5,74780
SHP04178,Pune,New York,Air,Automotive Parts,4899,9.72,6529,40FT_HC,76.33,Normal,Carrier_B,15,183482
SHP04179,Pune,Rotterdam,Sea,Electronics,4085,9.24,7119,40FT_HC,76.86,Peak,Carrier_D,15,72381
SHP04180,Kolkata,New York,Sea,Textiles,3524,7.4,8206,AIR_CARGO,113.31,Normal,Carrier_C,17,93500
SHP04181,Mumbai,Dubai,Sea,Machinery,4360,12.11,2448,LCL,102.79,Off_Peak,Carrier_C,8,47815
SHP04182,Mumbai,Dubai,Air,Electronics,8928,19.31,3276,40FT_HC,87.98,Normal,Carrier_D,9,228798
SHP04183,Pune,Hamburg,Air,Machinery,1328,9.34,9194,AIR_CARGO,101.8,Normal,Carrier_B,18,285226
SHP04184,Hyderabad,Dubai,Sea,Furniture,2005,0.64,2428,AIR_CARGO,108.83,Off_Peak,Carrier_A,9,49267
SHP04185,Pune,London,Sea,Machinery,2424,3.65,5284,40FT_HC,109.84,Normal,Carrier_D,13,86703
SHP04186,Mumbai,London,Sea,Electronics,3631,10.22,3381,20FT,75.82,Normal,Carrier_A,12,42381
SHP04187,Chennai,London,Sea,Electronics,6916,18.94,6770,20FT,107.73,Off_Peak,Carrier_C,11,79425
SHP04188,Hyderabad,Dubai,Sea,Pharmaceuticals,3269,2.96,11849,40FT,109.13,Peak,Carrier_D,25,143088
SHP04189,Kolkata,Rotterdam,Air,Machinery,3754,8.53,10298,20FT,98.82,Normal,Carrier_A,23,318173
SHP04190,Ahmedabad,Shanghai,Air,Automotive Parts,3881,12.44,3599,20FT,94.2,Normal,Carrier_E,11,172614
SHP04191,Hyderabad,Jebel Ali,Air,Pharmaceuticals,2538,0.5,4739,AIR_CARGO,79.44,Peak,Carrier_E,10,150072
SHP04192,Hyderabad,Singapore,Road,Food Products,1908,4.19,11064,AIR_CARGO,84.58,Normal,Carrier_E,19,108004
SHP04193,Mumbai,Hamburg,Sea,Chemicals,2624,0.5,10830,40FT_HC,94.62,Normal,Carrier_A,25,90864
SHP04194,Kolkata,Colombo,Air,Food Products,1634,0.64,2346,40FT_HC,109.6,Peak,Carrier_E,5,161312
SHP04195,Hyderabad,Los Angeles,Sea,Automotive Parts,1652,4.28,10037,AIR_CARGO,107.13,Normal,Carrier_C,20,94310
SHP04196,Mumbai,Colombo,Sea,Pharmaceuticals,3176,6.69,3922,40FT_HC,94.84,Off_Peak,Carrier_A,13,54609
SHP04197,Pune,Hamburg,Sea,Chemicals,1832,0.5,6754,AIR_CARGO,106.43,Off_Peak,Carrier_C,12,67953
SHP04198,Delhi,Colombo,Sea,Pharmaceuticals,8303,24.65,559,20FT,105.63,Normal,Carrier_B,5,51492
SHP04199,Kolkata,Shanghai,Sea,Electronics,2750,5.21,11984,40FT_HC,98.16,Peak,Carrier_A,22,122822
SHP04200,Bengaluru,Colombo,Sea,Chemicals,6048,16.6,9253,20FT,83.81,Normal,Carrier_E,17,70852
SHP04201,Chennai,Colombo,Air,Furniture,1113,8.66,3280,40FT,88.92,Normal,Carrier_E,8,105525
SHP04202,Bengaluru,Shanghai,Sea,Machinery,1135,0.5,8364,40FT_HC,81.56,Off_Peak,Carrier_B,19,61160
SHP04203,Ahmedabad,Shanghai,Sea,Food Products,2326,8.0,3873,AIR_CARGO,75.29,Off_Peak,Carrier_D,11,35770
SHP04204,Pune,Dubai,Road,Chemicals,4596,12.6,1529,AIR_CARGO,78.22,Normal,Carrier_B,7,38463
SHP04205,Kolkata,Shanghai,Sea,Machinery,1818,0.5,5391,40FT,105.39,Normal,Carrier_E,10,70219
SHP04206,Hyderabad,Singapore,Sea,Pharmaceuticals,2342,10.41,7558,AIR_CARGO,76.34,Peak,Carrier_E,13,57177
SHP04207,Mumbai,New York,Sea,Automotive Parts,4789,11.81,1532,20FT,90.99,Peak,Carrier_D,4,54742
SHP04208,Ahmedabad,Singapore,Sea,Chemicals,1943,2.49,6462,AIR_CARGO,114.43,Normal,Carrier_B,14,88794
SHP04209,Kolkata,Colombo,Sea,Machinery,1528,0.5,6421,40FT,106.81,Normal,Carrier_C,13,75669
SHP04210,Chennai,Singapore,Sea,Pharmaceuticals,3962,4.34,7729,LCL,105.02,Normal,Carrier_B,9,82422
SHP04211,Kolkata,Hamburg,Sea,Pharmaceuticals,1071,2.12,3313,LCL,85.99,Normal,Carrier_C,4,40961
SHP04212,Ahmedabad,Jebel Ali,Sea,Pharmaceuticals,1961,0.5,737,20FT,100.67,Peak,Carrier_E,3,45151
SHP04213,Mumbai,New York,Sea,Automotive Parts,2693,8.94,4236,LCL,94.95,Normal,Carrier_E,11,56045
SHP04214,Bengaluru,Jebel Ali,Sea,Electronics,3526,6.88,5084,AIR_CARGO,99.95,Off_Peak,Carrier_B,9,61344
SHP04215,Delhi,Los Angeles,Sea,Automotive Parts,4267,3.91,7811,40FT,92.43,Normal,Carrier_E,18,80128
SHP04216,Bengaluru,Singapore,Air,Automotive Parts,4723,8.59,11197,20FT,96.24,Peak,Carrier_D,19,423399
SHP04217,Mumbai,Jebel Ali,Sea,Furniture,2054,0.64,2839,LCL,114.54,Off_Peak,Carrier_A,8,49400
SHP04218,Ahmedabad,Shanghai,Sea,Food Products,4658,6.19,8404,AIR_CARGO,88.17,Normal,Carrier_C,18,71113
SHP04219,Mumbai,Rotterdam,Air,Pharmaceuticals,3474,0.5,1620,AIR_CARGO,83.66,Normal,Carrier_E,6,110910
SHP04220,Pune,Rotterdam,Sea,Machinery,3995,9.91,2692,40FT_HC,92.94,Normal,Carrier_C,5,49034
SHP04221,Chennai,Shanghai,Sea,Chemicals,1656,0.5,6355,40FT_HC,95.97,Normal,Carrier_B,10,73603
SHP04222,Kolkata,Jebel Ali,Sea,Food Products,3852,16.68,8646,40FT,78.43,Normal,Carrier_D,19,69702
SHP04223,Pune,Colombo,Road,Pharmaceuticals,2264,9.36,10374,20FT,107.24,Normal,Carrier_C,18,137976
SHP04224,Kolkata,Shanghai,Air,Textiles,2579,12.67,9055,LCL,91.88,Normal,Carrier_E,17,254916
SHP04225,Bengaluru,New York,Sea,Automotive Parts,2783,9.49,677,LCL,91.53,Peak,Carrier_A,6,28851
SHP04226,Ahmedabad,London,Air,Textiles,9874,21.17,8365,AIR_CARGO,101.35,Normal,Carrier_D,18,420379
SHP04227,Delhi,Hamburg,Sea,Pharmaceuticals,1379,4.58,9984,LCL,105.93,Normal,Carrier_B,21,101421
SHP04228,Delhi,Colombo,Sea,Food Products,5416,11.68,6544,40FT,114.44,Normal,Carrier_E,15,95061
SHP04229,Chennai,New York,Sea,Machinery,6335,16.45,11604,40FT_HC,81.94,Normal,Carrier_D,24,89125
SHP04230,Mumbai,Jebel Ali,Sea,Food Products,4276,13.75,550,AIR_CARGO,88.82,Peak,Carrier_E,3,46303
SHP04231,Chennai,Colombo,Air,Furniture,1765,6.59,9915,20FT,81.73,Peak,Carrier_B,18,247421
SHP04232,Kolkata,Colombo,Sea,Machinery,7531,17.96,4350,AIR_CARGO,110.23,Normal,Carrier_B,15,90005
SHP04233,Hyderabad,Jebel Ali,Sea,Machinery,2015,5.06,7980,LCL,96.94,Peak,Carrier_A,16,79844
SHP04234,Hyderabad,Shanghai,Road,Pharmaceuticals,3908,10.18,8475,40FT,109.1,Normal,Carrier_D,18,147880
SHP04235,Hyderabad,Jebel Ali,Sea,Electronics,2704,10.86,4022,20FT,114.41,Normal,Carrier_A,10,67740
SHP04236,Mumbai,Singapore,Sea,Pharmaceuticals,1967,2.72,11947,AIR_CARGO,97.01,Normal,Carrier_A,23,101133
SHP04237,Chennai,Singapore,Sea,Automotive Parts,3567,7.46,1687,LCL,79.73,Normal,Carrier_A,4,28728
SHP04238,Pune,Hamburg,Air,Food Products,8482,18.17,2306,AIR_CARGO,89.45,Normal,Carrier_C,9,186818
SHP04239,Ahmedabad,Rotterdam,Air,Machinery,2953,7.58,10760,20FT,76.45,Peak,Carrier_B,20,247734
SHP04240,Bengaluru,Dubai,Sea,Pharmaceuticals,9046,24.08,1871,LCL,108.97,Normal,Carrier_A,6,60631
SHP04241,Kolkata,Hamburg,Air,Pharmaceuticals,2219,6.48,4885,40FT_HC,75.72,Peak,Carrier_C,13,131984
SHP04242,Hyderabad,Hamburg,Sea,Food Products,2629,6.03,8931,20FT,98.69,Normal,Carrier_C,18,76779
SHP04243,Ahmedabad,London,Air,Food Products,1127,6.97,9602,40FT_HC,79.25,Peak,Carrier_C,19,214000
SHP04244,Delhi,Dubai,Sea,Furniture,1740,0.97,11479,40FT_HC,75.3,Normal,Carrier_A,25,71531
SHP04245,Pune,Rotterdam,Sea,Machinery,2169,0.5,9580,LCL,85.25,Normal,Carrier_C,19,66056
SHP04246,Chennai,Colombo,Road,Chemicals,2019,6.09,10212,AIR_CARGO,97.07,Peak,Carrier_A,16,134980
SHP04247,Kolkata,Dubai,Sea,Furniture,1339,3.03,11418,AIR_CARGO,78.0,Peak,Carrier_D,26,79824
SHP04248,Kolkata,London,Sea,Textiles,1524,2.96,6867,40FT,99.6,Normal,Carrier_B,13,67346
SHP04249,Delhi,Los Angeles,Sea,Automotive Parts,2075,0.5,4449,20FT,101.88,Normal,Carrier_E,11,61158
SHP04250,Pune,Hamburg,Road,Automotive Parts,5406,13.67,9259,20FT,113.79,Off_Peak,Carrier_A,16,136560
SHP04251,Delhi,Jebel Ali,Sea,Chemicals,946,9.43,2381,LCL,110.98,Peak,Carrier_B,5,61450
SHP04252,Delhi,Hamburg,Sea,Electronics,646,0.5,1285,LCL,97.67,Normal,Carrier_A,3,28087
SHP04253,Hyderabad,Shanghai,Sea,Furniture,796,1.27,9531,40FT,106.73,Normal,Carrier_D,20,99616
SHP04254,Pune,London,Sea,Chemicals,1441,3.73,11433,40FT,89.55,Normal,Carrier_B,21,85898
SHP04255,Hyderabad,Hamburg,Sea,Electronics,3782,7.23,5588,40FT_HC,98.43,Normal,Carrier_B,16,75981
SHP04256,Chennai,Hamburg,Air,Electronics,1983,5.38,2353,40FT,91.13,Normal,Carrier_C,6,113436
SHP04257,Delhi,Dubai,Road,Chemicals,1966,2.89,6216,AIR_CARGO,88.48,Normal,Carrier_A,15,69911
SHP04258,Bengaluru,Dubai,Sea,Automotive Parts,1937,5.23,5023,40FT_HC,104.11,Normal,Carrier_A,11,67862
SHP04259,Kolkata,Jebel Ali,Sea,Textiles,738,0.74,4783,40FT,86.87,Peak,Carrier_E,13,51956
SHP04260,Pune,New York,Sea,Automotive Parts,4376,8.27,7723,AIR_CARGO,90.22,Normal,Carrier_C,12,69657
SHP04261,Delhi,Shanghai,Sea,Pharmaceuticals,5860,13.64,2509,AIR_CARGO,89.69,Normal,Carrier_C,5,42892
SHP04262,Pune,Jebel Ali,Road,Automotive Parts,2010,6.71,4876,40FT_HC,109.82,Normal,Carrier_E,10,92402
SHP04263,Kolkata,Los Angeles,Sea,Automotive Parts,2643,0.5,10490,40FT_HC,81.82,Peak,Carrier_C,20,78741
SHP04264,Mumbai,Shanghai,Sea,Furniture,2701,9.21,8891,AIR_CARGO,90.26,Normal,Carrier_C,19,71799
SHP04265,Ahmedabad,Dubai,Air,Chemicals,1249,0.5,1139,LCL,110.51,Normal,Carrier_D,5,103956
SHP04266,Mumbai,Hamburg,Sea,Chemicals,1876,6.94,6410,40FT_HC,75.61,Peak,Carrier_B,14,52555
SHP04267,Delhi,Colombo,Sea,Pharmaceuticals,7981,16.32,1550,20FT,112.91,Normal,Carrier_E,5,64106
SHP04268,Kolkata,Hamburg,Sea,Pharmaceuticals,2494,8.79,11511,LCL,110.96,Normal,Carrier_D,28,117220
SHP04269,Ahmedabad,Rotterdam,Air,Furniture,2891,6.69,3313,20FT,91.71,Off_Peak,Carrier_D,9,139364
SHP04270,Mumbai,Jebel Ali,Road,Chemicals,1593,0.5,11225,40FT,101.12,Normal,Carrier_D,18,148153
SHP04271,Delhi,Shanghai,Sea,Automotive Parts,1890,2.74,10091,40FT_HC,114.64,Normal,Carrier_C,22,106410
SHP04272,Kolkata,Colombo,Road,Textiles,3805,13.83,6841,40FT_HC,97.2,Normal,Carrier_E,16,111941
SHP04273,Delhi,Rotterdam,Sea,Electronics,1449,3.66,4368,AIR_CARGO,78.88,Off_Peak,Carrier_C,12,41643
SHP04274,Hyderabad,Los Angeles,Sea,Food Products,7166,15.23,10366,40FT_HC,109.15,Normal,Carrier_C,22,124800
SHP04275,Kolkata,Hamburg,Sea,Electronics,874,6.64,2257,20FT,80.37,Normal,Carrier_D,4,30524
SHP04276,Mumbai,New York,Sea,Pharmaceuticals,1657,7.37,2570,LCL,85.29,Peak,Carrier_A,8,36831
SHP04277,Delhi,London,Sea,Pharmaceuticals,955,0.5,3084,40FT,109.94,Normal,Carrier_E,8,61865
SHP04278,Pune,Rotterdam,Sea,Electronics,5913,13.26,7374,LCL,85.24,Peak,Carrier_E,17,76884
SHP04279,Mumbai,Hamburg,Sea,Food Products,2442,0.5,4115,20FT,104.8,Normal,Carrier_D,13,66012
SHP04280,Delhi,Hamburg,Sea,Automotive Parts,2075,8.43,11876,40FT,92.91,Normal,Carrier_D,23,90938
SHP04281,Pune,Shanghai,Sea,Textiles,3237,7.72,2744,AIR_CARGO,105.39,Off_Peak,Carrier_B,9,49354
SHP04282,Pune,Shanghai,Air,Textiles,6207,17.46,9765,40FT_HC,84.29,Off_Peak,Carrier_D,22,270955
SHP04283,Chennai,New York,Sea,Electronics,2877,0.5,1602,40FT_HC,91.78,Normal,Carrier_C,5,38601
SHP04284,Pune,Rotterdam,Sea,Food Products,5254,11.39,4565,AIR_CARGO,87.73,Normal,Carrier_D,14,54614
SHP04285,Mumbai,Dubai,Sea,Furniture,2066,5.59,3303,20FT,84.96,Off_Peak,Carrier_E,10,36308
SHP04286,Mumbai,Shanghai,Sea,Pharmaceuticals,1338,0.5,11734,AIR_CARGO,87.58,Off_Peak,Carrier_A,22,61807
SHP04287,Bengaluru,London,Road,Machinery,2907,9.55,796,20FT,87.92,Off_Peak,Carrier_A,4,27246
SHP04288,Ahmedabad,Hamburg,Sea,Automotive Parts,1589,2.49,8799,40FT,113.22,Normal,Carrier_C,20,95815
SHP04289,Hyderabad,Hamburg,Sea,Furniture,3912,2.3,3349,LCL,96.33,Normal,Carrier_A,12,52313
SHP04290,Mumbai,Los Angeles,Air,Electronics,1916,2.5,9829,LCL,93.48,Peak,Carrier_D,21,319744
SHP04291,Kolkata,Los Angeles,Sea,Textiles,2366,7.46,4079,AIR_CARGO,95.13,Off_Peak,Carrier_A,10,49705
SHP04292,Ahmedabad,New York,Sea,Pharmaceuticals,583,0.5,2654,40FT_HC,114.85,Peak,Carrier_D,9,77541
SHP04293,Pune,Rotterdam,Sea,Furniture,2305,5.31,8470,AIR_CARGO,101.14,Normal,Carrier_B,17,85259
SHP04294,Delhi,Singapore,Road,Furniture,2135,3.35,3462,40FT_HC,103.14,Normal,Carrier_E,6,65488
SHP04295,Chennai,Colombo,Sea,Chemicals,5324,4.7,6084,AIR_CARGO,87.54,Peak,Carrier_C,14,68065
SHP04296,Kolkata,Shanghai,Sea,Chemicals,4401,12.97,2013,AIR_CARGO,93.86,Off_Peak,Carrier_B,5,39164
SHP04297,Ahmedabad,Rotterdam,Sea,Food Products,2540,9.28,8833,LCL,82.36,Normal,Carrier_A,23,57565
SHP04298,Kolkata,Hamburg,Sea,Food Products,866,6.66,5179,40FT_HC,102.41,Peak,Carrier_C,12,75449
SHP04299,Kolkata,Jebel Ali,Sea,Electronics,1878,4.51,2117,LCL,88.78,Off_Peak,Carrier_D,7,29432
SHP04300,Kolkata,Los Angeles,Sea,Furniture,5328,14.62,9028,40FT_HC,104.93,Normal,Carrier_B,17,106600
SHP04301,Ahmedabad,Colombo,Sea,Machinery,2197,0.5,1689,40FT,83.53,Off_Peak,Carrier_E,8,28149
SHP04302,Chennai,Shanghai,Road,Textiles,1250,3.94,7110,40FT,91.14,Normal,Carrier_E,15,84723
SHP04303,Pune,Dubai,Air,Electronics,5286,11.31,7486,40FT,93.85,Normal,Carrier_B,15,275458
SHP04304,Bengaluru,Dubai,Sea,Machinery,870,1.76,11199,20FT,81.66,Normal,Carrier_B,22,74889
SHP04305,Hyderabad,Los Angeles,Air,Pharmaceuticals,2323,1.06,2236,LCL,77.78,Normal,Carrier_B,3,87718
SHP04306,Pune,Rotterdam,Sea,Food Products,3593,13.05,8013,LCL,87.68,Normal,Carrier_A,16,61420
SHP04307,Mumbai,Shanghai,Sea,Chemicals,2713,0.5,4879,40FT,96.8,Off_Peak,Carrier_E,12,56304
SHP04308,Ahmedabad,Colombo,Sea,Automotive Parts,1116,3.75,5109,AIR_CARGO,101.11,Peak,Carrier_E,8,74813
SHP04309,Kolkata,Hamburg,Air,Furniture,1367,0.5,6271,LCL,92.01,Normal,Carrier_A,15,179908
SHP04310,Pune,Rotterdam,Air,Pharmaceuticals,1588,12.26,3189,40FT_HC,95.01,Off_Peak,Carrier_C,7,109139
SHP04311,Mumbai,Los Angeles,Sea,Chemicals,4163,12.69,5804,LCL,96.73,Normal,Carrier_E,13,69713
SHP04312,Ahmedabad,New York,Road,Textiles,2793,6.54,8399,LCL,95.48,Normal,Carrier_C,13,102061
SHP04313,Mumbai,Singapore,Sea,Textiles,1943,0.51,5757,40FT_HC,78.61,Normal,Carrier_C,13,47574
SHP04314,Kolkata,Rotterdam,Road,Chemicals,3261,11.32,989,40FT,91.2,Peak,Carrier_C,2,43519
SHP04315,Bengaluru,London,Road,Pharmaceuticals,1535,0.5,3465,40FT,83.17,Peak,Carrier_E,8,53238
SHP04316,Ahmedabad,Shanghai,Sea,Chemicals,4040,11.16,4542,40FT_HC,96.35,Off_Peak,Carrier_D,7,55949
SHP04317,Mumbai,Dubai,Air,Machinery,3351,10.02,4579,LCL,105.32,Normal,Carrier_C,9,203369
SHP04318,Delhi,London,Sea,Electronics,2161,6.95,1432,LCL,98.18,Normal,Carrier_D,4,39447
SHP04319,Mumbai,Rotterdam,Sea,Food Products,2250,8.71,5670,40FT,83.87,Normal,Carrier_A,12,53443
SHP04320,Hyderabad,Rotterdam,Sea,Machinery,2002,2.51,8457,20FT,83.31,Normal,Carrier_D,19,67079
SHP04321,Kolkata,London,Sea,Automotive Parts,4776,13.57,1060,40FT,76.48,Normal,Carrier_D,1,40682
SHP04322,Chennai,New York,Road,Chemicals,2877,4.17,9136,40FT_HC,92.06,Normal,Carrier_B,19,117860
SHP04323,Mumbai,London,Air,Automotive Parts,2172,1.85,11484,20FT,92.31,Off_Peak,Carrier_C,23,255584
SHP04324,Bengaluru,Hamburg,Sea,Automotive Parts,1331,0.5,607,20FT,84.46,Normal,Carrier_E,2,18760
SHP04325,Delhi,Colombo,Air,Machinery,3667,7.72,2727,40FT_HC,105.57,Normal,Carrier_B,5,186765
SHP04326,Delhi,London,Road,Food Products,3558,12.92,6750,AIR_CARGO,90.46,Normal,Carrier_D,16,98809
SHP04327,Chennai,London,Sea,Pharmaceuticals,1776,11.09,3008,40FT,101.78,Normal,Carrier_A,12,53190
SHP04328,Pune,Shanghai,Road,Textiles,1903,3.45,9293,LCL,100.6,Normal,Carrier_E,15,123796
SHP04329,Hyderabad,Colombo,Sea,Electronics,2317,2.94,4090,40FT,99.19,Normal,Carrier_A,8,59615
SHP04330,Chennai,Singapore,Air,Furniture,1181,8.13,3877,40FT_HC,111.32,Normal,Carrier_D,7,188525
SHP04331,Hyderabad,London,Sea,Textiles,2623,7.98,511,LCL,75.64,Normal,Carrier_A,2,18073
SHP04332,Mumbai,London,Sea,Food Products,858,2.16,3606,AIR_CARGO,77.72,Normal,Carrier_B,11,42412
SHP04333,Kolkata,Hamburg,Sea,Furniture,1088,0.5,3003,40FT_HC,103.89,Normal,Carrier_A,9,52696
SHP04334,Bengaluru,Dubai,Sea,Textiles,1795,10.0,4447,40FT,89.14,Peak,Carrier_B,10,57725
SHP04335,Delhi,Hamburg,Sea,Chemicals,1662,4.33,2198,20FT,114.46,Off_Peak,Carrier_C,6,39596
SHP04336,Chennai,London,Sea,Chemicals,3352,7.98,7338,40FT_HC,83.66,Peak,Carrier_E,15,74910
SHP04337,Bengaluru,Shanghai,Sea,Machinery,3005,9.32,3246,40FT_HC,82.34,Normal,Carrier_A,9,45073
SHP04338,Hyderabad,Hamburg,Road,Automotive Parts,6117,14.65,10065,40FT,98.53,Normal,Carrier_B,22,145773
SHP04339,Kolkata,Shanghai,Sea,Furniture,2656,12.22,3772,AIR_CARGO,86.18,Peak,Carrier_D,10,57973
SHP04340,Delhi,Colombo,Sea,Food Products,2858,10.85,2925,40FT,88.62,Normal,Carrier_D,3,48749
SHP04341,Delhi,Shanghai,Sea,Food Products,1174,0.55,1153,40FT,111.84,Normal,Carrier_B,4,47698
SHP04342,Hyderabad,New York,Sea,Textiles,1175,3.15,9009,AIR_CARGO,76.05,Peak,Carrier_E,18,60069
SHP04343,Kolkata,Jebel Ali,Air,Machinery,2607,3.87,6344,AIR_CARGO,96.25,Normal,Carrier_C,16,199440
SHP04344,Delhi,Colombo,Air,Textiles,2636,13.83,1809,40FT_HC,88.4,Off_Peak,Carrier_C,6,92170
SHP04345,Kolkata,Jebel Ali,Sea,Textiles,3018,4.29,3045,20FT,88.84,Peak,Carrier_E,9,45568
SHP04346,Delhi,London,Sea,Food Products,5706,13.11,11985,40FT,84.91,Off_Peak,Carrier_A,23,78958
SHP04347,Mumbai,London,Air,Textiles,1210,4.34,9769,20FT,80.39,Peak,Carrier_B,22,230463
SHP04348,Hyderabad,New York,Sea,Automotive Parts,7499,19.88,4523,AIR_CARGO,76.38,Normal,Carrier_C,13,44325
SHP04349,Kolkata,Rotterdam,Air,Textiles,949,4.96,6739,AIR_CARGO,114.51,Off_Peak,Carrier_E,11,231217
SHP04350,Bengaluru,Jebel Ali,Sea,Furniture,3186,10.79,5284,40FT,101.41,Off_Peak,Carrier_C,9,56110
SHP04351,Pune,Hamburg,Air,Automotive Parts,1112,5.42,918,40FT_HC,106.09,Peak,Carrier_C,5,95395
SHP04352,Mumbai,New York,Sea,Food Products,4003,7.8,9455,40FT,77.6,Normal,Carrier_A,19,62192
SHP04353,Ahmedabad,Colombo,Sea,Machinery,953,0.5,8745,40FT_HC,75.59,Peak,Carrier_C,20,58812
SHP04354,Bengaluru,Singapore,Road,Chemicals,423,1.16,5201,LCL,99.01,Normal,Carrier_B,12,72143
SHP04355,Hyderabad,Hamburg,Sea,Furniture,2749,4.34,10228,40FT_HC,103.95,Normal,Carrier_E,22,100379
SHP04356,Delhi,Shanghai,Sea,Automotive Parts,2305,2.86,6649,40FT,90.79,Normal,Carrier_A,13,64689
SHP04357,Ahmedabad,London,Sea,Machinery,5131,10.53,1250,40FT,90.51,Normal,Carrier_A,5,38685
SHP04358,Bengaluru,Colombo,Sea,Machinery,2630,14.67,3483,40FT_HC,90.38,Peak,Carrier_E,9,54742
SHP04359,Mumbai,New York,Sea,Automotive Parts,1541,9.84,5810,20FT,81.11,Peak,Carrier_B,11,56260
SHP04360,Ahmedabad,Jebel Ali,Sea,Food Products,1760,3.23,1690,40FT_HC,105.16,Peak,Carrier_C,7,55661
SHP04361,Ahmedabad,Jebel Ali,Sea,Electronics,20221,39.88,7067,LCL,83.61,Off_Peak,Carrier_C,11,65796
SHP04362,Kolkata,Los Angeles,Sea,Machinery,1416,1.01,1887,LCL,87.98,Peak,Carrier_B,6,35456
SHP04363,Chennai,London,Air,Machinery,3516,11.89,2806,20FT,101.85,Normal,Carrier_D,5,174372
SHP04364,Bengaluru,Hamburg,Sea,Food Products,3247,1.47,10781,LCL,75.0,Normal,Carrier_E,20,56834
SHP04365,Chennai,Shanghai,Sea,Food Products,3569,10.91,11998,40FT,105.65,Normal,Carrier_B,26,118007
SHP04366,Hyderabad,Shanghai,Air,Textiles,3385,10.22,6828,20FT,110.96,Normal,Carrier_C,12,274908
SHP04367,Bengaluru,London,Sea,Food Products,2101,5.07,7626,20FT,77.06,Normal,Carrier_E,14,47541
SHP04368,Bengaluru,Los Angeles,Sea,Machinery,795,1.74,9670,20FT,98.66,Normal,Carrier_E,21,86219
SHP04369,Kolkata,Los Angeles,Sea,Automotive Parts,2766,2.97,8506,40FT_HC,91.34,Normal,Carrier_C,15,69157
SHP04370,Delhi,Hamburg,Sea,Electronics,2479,8.69,2598,40FT_HC,78.14,Off_Peak,Carrier_B,9,38890
SHP04371,Mumbai,Los Angeles,Sea,Pharmaceuticals,2710,7.69,5234,20FT,102.29,Off_Peak,Carrier_D,13,62650
SHP04372,Mumbai,New York,Sea,Textiles,3610,6.67,6654,LCL,99.49,Normal,Carrier_E,13,68621
SHP04373,Mumbai,Los Angeles,Sea,Pharmaceuticals,1911,1.41,4637,40FT,100.71,Peak,Carrier_E,12,74259
SHP04374,Pune,Jebel Ali,Sea,Automotive Parts,1670,0.5,2525,40FT,107.54,Normal,Carrier_E,3,54106
SHP04375,Hyderabad,Dubai,Sea,Electronics,4490,12.18,8965,40FT_HC,86.48,Normal,Carrier_B,19,80211
SHP04376,Ahmedabad,Rotterdam,Sea,Electronics,2019,4.0,2787,AIR_CARGO,102.08,Normal,Carrier_E,5,43968
SHP04377,Delhi,Jebel Ali,Sea,Electronics,1814,3.56,3496,20FT,104.73,Normal,Carrier_C,7,54288
SHP04378,Chennai,Jebel Ali,Air,Chemicals,1715,0.5,3795,AIR_CARGO,81.75,Normal,Carrier_C,8,105730
SHP04379,Mumbai,Singapore,Sea,Automotive Parts,3679,4.38,2360,40FT,113.28,Normal,Carrier_A,9,63117
SHP04380,Pune,Singapore,Sea,Furniture,2181,0.5,10270,40FT_HC,88.6,Peak,Carrier_E,20,91697
SHP04381,Chennai,London,Sea,Textiles,10534,28.16,7522,40FT_HC,103.55,Normal,Carrier_D,16,113756
SHP04382,Delhi,Singapore,Sea,Textiles,2595,6.87,10100,40FT_HC,105.16,Normal,Carrier_A,19,94753
SHP04383,Hyderabad,London,Sea,Electronics,1141,1.58,6178,40FT_HC,95.16,Normal,Carrier_E,11,71242
SHP04384,Delhi,Jebel Ali,Sea,Automotive Parts,1882,8.9,6475,40FT_HC,80.15,Peak,Carrier_E,12,62542
SHP04385,Kolkata,Rotterdam,Road,Chemicals,3828,12.97,7586,20FT,86.03,Peak,Carrier_B,16,101799
SHP04386,Ahmedabad,Hamburg,Sea,Electronics,1692,8.45,4766,AIR_CARGO,84.37,Peak,Carrier_B,11,49771
SHP04387,Mumbai,Hamburg,Road,Food Products,2472,4.92,6211,40FT,95.75,Off_Peak,Carrier_C,15,71161
SHP04388,Hyderabad,Dubai,Sea,Furniture,4722,5.59,6790,40FT,85.45,Normal,Carrier_A,14,60360
SHP04389,Kolkata,Colombo,Sea,Pharmaceuticals,5207,19.22,11466,40FT_HC,96.87,Normal,Carrier_A,22,104882
SHP04390,Mumbai,Hamburg,Sea,Textiles,1778,6.33,10653,40FT_HC,86.53,Normal,Carrier_A,23,78593
SHP04391,Delhi,Colombo,Sea,Pharmaceuticals,2116,7.22,1986,40FT_HC,75.04,Normal,Carrier_C,5,31728
SHP04392,Delhi,Los Angeles,Sea,Machinery,2662,9.04,975,LCL,89.53,Normal,Carrier_D,1,27483
SHP04393,Pune,Shanghai,Sea,Electronics,5982,25.3,8324,40FT,99.27,Normal,Carrier_D,19,96444
SHP04394,Bengaluru,Jebel Ali,Sea,Food Products,1223,2.51,1066,40FT_HC,105.95,Peak,Carrier_D,3,59325
SHP04395,Bengaluru,Rotterdam,Road,Textiles,3159,13.27,1194,AIR_CARGO,76.13,Normal,Carrier_A,4,34667
SHP04396,Delhi,London,Air,Pharmaceuticals,2592,2.76,2332,LCL,85.33,Peak,Carrier_E,5,115291
SHP04397,Delhi,Colombo,Sea,Furniture,1395,6.58,4545,20FT,114.42,Normal,Carrier_A,8,65572
SHP04398,Chennai,Dubai,Sea,Chemicals,5588,20.44,5502,LCL,85.47,Normal,Carrier_E,8,52297
SHP04399,Pune,Hamburg,Sea,Automotive Parts,4759,11.14,6473,LCL,106.09,Normal,Carrier_B,14,78857
SHP04400,Ahmedabad,New York,Sea,Textiles,6795,8.5,11911,LCL,95.37,Normal,Carrier_C,17,97502
SHP04401,Chennai,Hamburg,Sea,Furniture,5384,15.09,4930,AIR_CARGO,79.89,Peak,Carrier_D,14,70178
SHP04402,Ahmedabad,Singapore,Sea,Pharmaceuticals,2517,5.13,3292,40FT,100.74,Off_Peak,Carrier_A,10,46971
SHP04403,Kolkata,Jebel Ali,Sea,Automotive Parts,3739,12.28,7115,40FT_HC,113.65,Off_Peak,Carrier_A,13,87822
SHP04404,Bengaluru,Singapore,Sea,Pharmaceuticals,3102,5.52,2974,AIR_CARGO,110.47,Peak,Carrier_B,11,74057
SHP04405,Bengaluru,Hamburg,Road,Automotive Parts,1386,12.85,11316,AIR_CARGO,102.61,Normal,Carrier_E,27,145480
SHP04406,Pune,New York,Air,Chemicals,1071,2.98,3481,40FT_HC,95.49,Normal,Carrier_D,8,144119
SHP04407,Delhi,Singapore,Road,Chemicals,3178,10.73,11884,LCL,87.77,Normal,Carrier_C,24,116592
SHP04408,Delhi,Rotterdam,Sea,Electronics,2662,2.34,5315,20FT,89.28,Peak,Carrier_E,12,54437
SHP04409,Kolkata,Singapore,Sea,Electronics,2009,0.5,9846,LCL,88.85,Peak,Carrier_E,23,79145
SHP04410,Hyderabad,New York,Sea,Textiles,2354,0.5,7955,LCL,111.88,Off_Peak,Carrier_D,14,80982
SHP04411,Hyderabad,Singapore,Sea,Chemicals,7897,13.64,11235,40FT,83.45,Off_Peak,Carrier_C,22,71778
SHP04412,Pune,Colombo,Sea,Food Products,606,4.16,7692,LCL,90.12,Normal,Carrier_D,18,65163
SHP04413,Hyderabad,Los Angeles,Air,Pharmaceuticals,3789,6.61,7184,20FT,92.28,Off_Peak,Carrier_D,17,223117
SHP04414,Bengaluru,London,Sea,Pharmaceuticals,4323,5.21,8008,AIR_CARGO,91.36,Normal,Carrier_A,16,66304
SHP04415,Chennai,Hamburg,Sea,Pharmaceuticals,4689,8.38,9544,LCL,75.17,Peak,Carrier_C,22,58948
SHP04416,Hyderabad,Colombo,Sea,Textiles,1021,5.25,10837,AIR_CARGO,85.84,Normal,Carrier_E,22,67990
SHP04417,Mumbai,London,Sea,Pharmaceuticals,2066,7.63,3568,40FT,94.94,Peak,Carrier_D,9,57891
SHP04418,Pune,Los Angeles,Sea,Machinery,2000,8.75,2810,20FT,105.42,Normal,Carrier_B,9,57377
SHP04419,Kolkata,Colombo,Sea,Automotive Parts,3022,6.07,895,40FT_HC,97.78,Off_Peak,Carrier_C,4,36677
SHP04420,Hyderabad,Dubai,Sea,Pharmaceuticals,1200,10.85,4756,40FT_HC,90.39,Normal,Carrier_B,11,52373
SHP04421,Mumbai,Colombo,Sea,Furniture,3197,11.94,10231,40FT,101.61,Normal,Carrier_E,19,91692
SHP04422,Hyderabad,Rotterdam,Road,Automotive Parts,1407,0.5,1303,20FT,101.64,Normal,Carrier_C,10,36648
SHP04423,Chennai,New York,Sea,Electronics,2060,8.15,6693,AIR_CARGO,84.92,Normal,Carrier_A,13,57657
SHP04424,Chennai,Hamburg,Air,Pharmaceuticals,5993,14.35,8490,40FT,79.15,Normal,Carrier_C,19,221190
SHP04425,Hyderabad,Jebel Ali,Sea,Furniture,4322,9.63,10124,LCL,107.13,Normal,Carrier_E,24,102758
SHP04426,Pune,London,Sea,Food Products,2710,6.49,7209,AIR_CARGO,96.19,Normal,Carrier_A,12,69267
SHP04427,Pune,Singapore,Sea,Furniture,1011,0.5,2643,LCL,82.06,Off_Peak,Carrier_E,8,23603
SHP04428,Mumbai,Hamburg,Sea,Chemicals,3103,11.42,11592,LCL,85.48,Normal,Carrier_C,23,72576
SHP04429,Kolkata,Jebel Ali,Sea,Chemicals,3241,5.4,1588,AIR_CARGO,105.66,Normal,Carrier_E,8,52703
SHP04430,Mumbai,Los Angeles,Air,Electronics,639,0.5,9343,LCL,101.13,Normal,Carrier_C,17,246491
SHP04431,Kolkata,Colombo,Air,Machinery,3140,10.52,1495,40FT_HC,112.81,Peak,Carrier_A,3,182526
SHP04432,Hyderabad,Jebel Ali,Sea,Textiles,1242,11.64,2149,AIR_CARGO,93.6,Normal,Carrier_C,6,43128
SHP04433,Kolkata,Dubai,Sea,Textiles,956,0.5,10829,40FT,77.09,Peak,Carrier_E,21,71589
SHP04434,Delhi,Hamburg,Road,Food Products,1206,0.5,9160,40FT_HC,103.02,Normal,Carrier_E,18,123796
SHP04435,Bengaluru,Hamburg,Sea,Electronics,613,6.02,4703,40FT,85.2,Normal,Carrier_E,15,56637
SHP04436,Ahmedabad,Hamburg,Sea,Electronics,1918,5.35,7845,20FT,87.95,Normal,Carrier_B,17,68221
SHP04437,Bengaluru,New York,Sea,Machinery,1301,5.11,5758,40FT,82.87,Normal,Carrier_B,11,51594
SHP04438,Chennai,Los Angeles,Air,Pharmaceuticals,5247,12.63,1265,AIR_CARGO,87.36,Normal,Carrier_B,4,131546
SHP04439,Delhi,New York,Road,Textiles,1980,7.09,8793,40FT,108.18,Peak,Carrier_D,19,159294
SHP04440,Bengaluru,Hamburg,Sea,Pharmaceuticals,1566,5.18,9277,20FT,98.07,Normal,Carrier_C,20,78733
SHP04441,Hyderabad,Dubai,Road,Electronics,888,0.5,10647,LCL,79.37,Off_Peak,Carrier_B,20,77575
SHP04442,Kolkata,Singapore,Air,Pharmaceuticals,1893,7.32,6717,AIR_CARGO,98.46,Peak,Carrier_E,11,248313
SHP04443,Kolkata,Dubai,Sea,Chemicals,6026,16.35,8241,40FT_HC,100.34,Normal,Carrier_E,17,88464
SHP04444,Mumbai,London,Sea,Food Products,6835,14.79,5538,40FT_HC,110.39,Normal,Carrier_B,12,95421
SHP04445,Mumbai,Los Angeles,Sea,Textiles,1972,4.0,4167,40FT,109.39,Normal,Carrier_B,8,68071
SHP04446,Pune,Colombo,Road,Machinery,2390,2.55,5235,40FT_HC,77.52,Peak,Carrier_E,14,69833
SHP04447,Kolkata,Hamburg,Sea,Food Products,3948,11.25,10985,20FT,109.67,Normal,Carrier_B,23,110401
SHP04448,Pune,Jebel Ali,Air,Automotive Parts,1284,4.95,2388,40FT_HC,77.04,Normal,Carrier_D,7,88958
SHP04449,Hyderabad,Singapore,Sea,Chemicals,3178,7.41,3358,40FT,81.16,Off_Peak,Carrier_D,7,44186
SHP04450,Kolkata,Colombo,Air,Machinery,11643,23.17,7471,40FT_HC,79.46,Peak,Carrier_D,19,338253
SHP04451,Mumbai,Shanghai,Sea,Furniture,4111,1.7,1837,LCL,82.27,Normal,Carrier_A,3,30446
SHP04452,Bengaluru,Dubai,Sea,Food Products,4026,8.66,10756,LCL,107.13,Peak,Carrier_D,21,125425
SHP04453,Pune,Singapore,Air,Electronics,5988,15.2,1043,40FT_HC,102.44,Normal,Carrier_E,3,170925
SHP04454,Pune,Shanghai,Air,Automotive Parts,4499,13.29,9186,AIR_CARGO,102.48,Peak,Carrier_A,19,375899
SHP04455,Chennai,New York,Road,Machinery,2121,9.58,4798,40FT_HC,111.89,Peak,Carrier_E,12,111250
SHP04456,Mumbai,Shanghai,Sea,Electronics,1161,1.34,1088,LCL,90.67,Normal,Carrier_E,1,27656
SHP04457,Hyderabad,Colombo,Air,Chemicals,2292,0.5,10194,LCL,75.13,Peak,Carrier_B,19,217067
SHP04458,Pune,Los Angeles,Sea,Furniture,1331,1.11,7865,20FT,100.59,Normal,Carrier_C,17,75979
SHP04459,Bengaluru,Dubai,Sea,Automotive Parts,2081,13.69,602,40FT,109.72,Off_Peak,Carrier_D,2,40161
SHP04460,Bengaluru,Singapore,Sea,Textiles,1419,9.96,3577,20FT,114.05,Off_Peak,Carrier_C,8,50980
SHP04461,Bengaluru,Shanghai,Sea,Furniture,1940,6.33,4549,AIR_CARGO,89.56,Peak,Carrier_C,11,61641
SHP04462,Delhi,Dubai,Sea,Electronics,952,0.54,4210,40FT,107.89,Normal,Carrier_B,8,66472
SHP04463,Delhi,Singapore,Road,Food Products,1593,3.43,6231,40FT_HC,108.97,Normal,Carrier_C,14,97487
SHP04464,Ahmedabad,Singapore,Sea,Pharmaceuticals,3254,14.61,6558,40FT_HC,80.78,Normal,Carrier_D,15,55652
SHP04465,Bengaluru,Colombo,Air,Machinery,3834,9.97,5063,AIR_CARGO,100.26,Off_Peak,Carrier_A,11,198413
SHP04466,Pune,Dubai,Sea,Automotive Parts,3330,6.41,4315,LCL,81.93,Normal,Carrier_E,13,47170
SHP04467,Hyderabad,Colombo,Sea,Electronics,1958,9.97,6301,40FT_HC,92.87,Normal,Carrier_D,15,68549
SHP04468,Kolkata,Shanghai,Sea,Textiles,2711,0.5,887,20FT,110.17,Normal,Carrier_B,4,41412
SHP04469,Hyderabad,London,Road,Pharmaceuticals,8845,17.04,7920,LCL,106.58,Normal,Carrier_A,16,140954
SHP04470,Delhi,Los Angeles,Road,Machinery,1565,0.51,7469,40FT_HC,97.81,Normal,Carrier_B,19,106621
SHP04471,Mumbai,London,Road,Machinery,7096,20.9,3711,LCL,107.35,Normal,Carrier_D,7,94742
SHP04472,Pune,Rotterdam,Road,Electronics,978,0.5,2564,40FT,81.11,Peak,Carrier_E,6,39976
SHP04473,Ahmedabad,Hamburg,Sea,Textiles,823,0.5,1339,40FT_HC,82.8,Peak,Carrier_C,4,35006
SHP04474,Delhi,London,Sea,Chemicals,2272,2.64,7254,40FT_HC,83.35,Peak,Carrier_C,16,67931
SHP04475,Kolkata,New York,Air,Pharmaceuticals,2440,3.93,7042,LCL,106.04,Normal,Carrier_B,19,262834
SHP04476,Chennai,Los Angeles,Sea,Chemicals,1199,2.58,6633,40FT,110.64,Normal,Carrier_A,15,82830
SHP04477,Ahmedabad,Hamburg,Sea,Automotive Parts,2019,5.32,11835,20FT,97.51,Normal,Carrier_E,23,97474
SHP04478,Delhi,Shanghai,Sea,Electronics,3248,11.6,6613,40FT,113.32,Normal,Carrier_B,14,96463
SHP04479,Hyderabad,Colombo,Sea,Pharmaceuticals,1327,1.91,8801,20FT,104.12,Normal,Carrier_E,15,83372
SHP04480,Ahmedabad,New York,Sea,Automotive Parts,4839,9.19,1799,AIR_CARGO,97.55,Normal,Carrier_B,5,45349
SHP04481,Pune,Hamburg,Sea,Furniture,5195,12.56,3938,40FT,99.46,Off_Peak,Carrier_A,13,58421
SHP04482,Hyderabad,Hamburg,Sea,Chemicals,5616,14.34,3668,20FT,108.98,Normal,Carrier_D,10,78888
SHP04483,Bengaluru,Singapore,Sea,Furniture,1386,0.89,7124,LCL,78.61,Normal,Carrier_C,17,41248
SHP04484,Bengaluru,Rotterdam,Sea,Furniture,1508,0.5,4304,20FT,81.72,Off_Peak,Carrier_E,12,30195
SHP04485,Bengaluru,Colombo,Sea,Pharmaceuticals,2234,3.36,7872,AIR_CARGO,85.65,Peak,Carrier_E,15,71212
SHP04486,Ahmedabad,Shanghai,Air,Machinery,2095,8.22,8436,20FT,110.79,Normal,Carrier_A,21,300350
SHP04487,Chennai,Dubai,Sea,Automotive Parts,2023,4.5,887,40FT,112.8,Normal,Carrier_E,1,47331
SHP04488,Kolkata,London,Sea,Furniture,4086,14.7,7857,20FT,89.25,Normal,Carrier_D,17,72154
SHP04489,Pune,Los Angeles,Air,Textiles,3721,10.87,1843,40FT,111.95,Peak,Carrier_D,1,213992
SHP04490,Ahmedabad,Rotterdam,Sea,Food Products,1416,1.26,5849,AIR_CARGO,96.87,Normal,Carrier_A,9,60840
SHP04491,Mumbai,Singapore,Sea,Chemicals,1191,8.71,8856,20FT,93.93,Peak,Carrier_B,20,89548
SHP04492,Pune,Singapore,Air,Chemicals,1117,0.5,8588,20FT,108.31,Off_Peak,Carrier_B,16,249836
SHP04493,Hyderabad,Hamburg,Sea,Textiles,1412,0.5,3948,AIR_CARGO,96.84,Normal,Carrier_E,12,52161
SHP04494,Hyderabad,Jebel Ali,Air,Pharmaceuticals,4332,11.69,3632,20FT,93.18,Normal,Carrier_E,4,170036
SHP04495,Ahmedabad,London,Air,Pharmaceuticals,2744,3.4,5563,40FT,75.64,Peak,Carrier_A,12,145051
SHP04496,Ahmedabad,Rotterdam,Sea,Pharmaceuticals,4564,10.64,2670,40FT_HC,75.52,Normal,Carrier_D,4,38871
SHP04497,Kolkata,Hamburg,Sea,Automotive Parts,828,0.5,11709,40FT_HC,100.1,Normal,Carrier_A,23,99980
SHP04498,Chennai,Rotterdam,Sea,Electronics,2986,7.13,4467,40FT,77.94,Normal,Carrier_B,13,43495
SHP04499,Ahmedabad,New York,Sea,Furniture,2961,8.99,11114,20FT,104.48,Normal,Carrier_D,26,110379
SHP04500,Bengaluru,Colombo,Sea,Machinery,5455,15.52,10945,40FT,99.89,Normal,Carrier_E,23,106031
SHP04501,Kolkata,Los Angeles,Sea,Food Products,1916,0.5,4696,AIR_CARGO,93.31,Normal,Carrier_B,7,58317
SHP04502,Mumbai,London,Sea,Electronics,1830,0.5,3422,40FT,103.39,Normal,Carrier_C,6,56694
SHP04503,Bengaluru,Singapore,Sea,Electronics,6656,17.44,9365,40FT_HC,114.72,Peak,Carrier_B,19,142853
SHP04504,Mumbai,Jebel Ali,Sea,Textiles,2237,3.81,3138,LCL,84.85,Normal,Carrier_D,6,47884
SHP04505,Delhi,Shanghai,Sea,Automotive Parts,2805,4.45,6494,AIR_CARGO,97.28,Normal,Carrier_D,15,71841
SHP04506,Mumbai,Dubai,Sea,Chemicals,3407,7.64,1773,20FT,108.71,Normal,Carrier_A,9,46833
SHP04507,Bengaluru,Colombo,Air,Chemicals,846,1.33,4938,40FT,75.67,Normal,Carrier_D,9,116837
SHP04508,Delhi,London,Sea,Textiles,2568,7.61,1399,AIR_CARGO,83.14,Off_Peak,Carrier_C,3,34168
SHP04509,Bengaluru,New York,Sea,Automotive Parts,1113,4.6,3760,40FT_HC,95.84,Normal,Carrier_C,6,48313
SHP04510,Hyderabad,London,Road,Textiles,2362,9.56,8151,20FT,97.09,Normal,Carrier_D,16,114779
SHP04511,Bengaluru,Shanghai,Sea,Chemicals,2064,3.88,11900,40FT,78.45,Normal,Carrier_E,24,70755
SHP04512,Delhi,Los Angeles,Sea,Electronics,1799,8.27,3430,40FT,91.3,Normal,Carrier_D,8,52887
SHP04513,Mumbai,Los Angeles,Sea,Machinery,3757,11.3,5943,20FT,95.79,Normal,Carrier_E,15,68703
SHP04514,Hyderabad,Rotterdam,Sea,Furniture,2663,9.83,5653,LCL,91.92,Normal,Carrier_D,13,57950
SHP04515,Chennai,Hamburg,Sea,Pharmaceuticals,1254,0.5,2618,LCL,103.02,Peak,Carrier_B,7,60034
SHP04516,Chennai,Los Angeles,Sea,Automotive Parts,1227,2.51,7516,AIR_CARGO,105.85,Off_Peak,Carrier_D,16,85117
SHP04517,Pune,Jebel Ali,Sea,Furniture,4316,17.86,8834,40FT,93.41,Normal,Carrier_B,18,80480
SHP04518,Chennai,Dubai,Road,Food Products,2439,0.5,2193,AIR_CARGO,92.03,Normal,Carrier_E,6,48004
SHP04519,Chennai,New York,Sea,Food Products,991,9.53,9207,20FT,103.21,Normal,Carrier_D,17,93843
SHP04520,Kolkata,Shanghai,Sea,Electronics,1907,11.53,8552,AIR_CARGO,97.21,Normal,Carrier_E,15,72022
SHP04521,Chennai,Singapore,Road,Textiles,2257,8.3,2769,40FT,109.82,Normal,Carrier_C,7,65699
SHP04522,Delhi,Los Angeles,Sea,Textiles,1121,0.5,7963,LCL,94.25,Peak,Carrier_A,15,69843
SHP04523,Ahmedabad,Singapore,Road,Chemicals,1653,3.07,5027,LCL,97.97,Off_Peak,Carrier_E,12,67935
SHP04524,Chennai,Los Angeles,Sea,Electronics,4540,13.98,8333,20FT,80.15,Peak,Carrier_B,17,70913
SHP04525,Bengaluru,Jebel Ali,Air,Chemicals,12611,24.72,6205,40FT_HC,108.44,Normal,Carrier_A,13,437107
SHP04526,Ahmedabad,Singapore,Sea,Chemicals,3044,9.95,1054,AIR_CARGO,91.89,Normal,Carrier_D,6,34699
SHP04527,Chennai,Hamburg,Air,Food Products,1036,2.9,9550,20FT,103.76,Normal,Carrier_B,17,288551
SHP04528,Ahmedabad,New York,Road,Chemicals,2170,2.89,6889,LCL,92.18,Peak,Carrier_A,18,96690
SHP04529,Mumbai,Dubai,Sea,Furniture,2706,1.97,8835,40FT,75.04,Normal,Carrier_A,14,54232
SHP04530,Delhi,Jebel Ali,Sea,Pharmaceuticals,4168,15.76,1950,40FT,91.02,Normal,Carrier_E,8,49848
SHP04531,Delhi,Hamburg,Sea,Chemicals,4232,13.18,8795,40FT_HC,80.9,Normal,Carrier_D,18,74939
SHP04532,Pune,Dubai,Sea,Food Products,6068,13.79,5257,40FT_HC,90.94,Normal,Carrier_D,11,73430
SHP04533,Ahmedabad,Hamburg,Sea,Pharmaceuticals,2497,6.08,9692,LCL,87.85,Peak,Carrier_D,17,83406
SHP04534,Pune,Hamburg,Sea,Textiles,2529,4.95,7390,40FT_HC,83.1,Normal,Carrier_E,14,62066
SHP04535,Hyderabad,Hamburg,Sea,Automotive Parts,733,0.5,4581,40FT_HC,79.95,Normal,Carrier_E,10,40213
SHP04536,Kolkata,Rotterdam,Sea,Machinery,1294,8.23,2822,40FT,104.14,Off_Peak,Carrier_D,8,47230
SHP04537,Bengaluru,Dubai,Sea,Chemicals,1031,3.33,9883,AIR_CARGO,105.19,Normal,Carrier_A,23,98475
SHP04538,Ahmedabad,Hamburg,Sea,Furniture,1448,7.27,6942,40FT,85.6,Normal,Carrier_D,15,58396
SHP04539,Delhi,Colombo,Sea,Pharmaceuticals,1182,1.0,11856,40FT,94.81,Normal,Carrier_E,24,90103
SHP04540,Pune,Colombo,Sea,Automotive Parts,1236,3.31,4795,LCL,93.56,Off_Peak,Carrier_D,11,49458
SHP04541,Mumbai,Los Angeles,Sea,Food Products,5075,13.36,8386,LCL,89.21,Off_Peak,Carrier_E,17,64140
SHP04542,Chennai,New York,Sea,Automotive Parts,716,5.83,7662,AIR_CARGO,86.11,Normal,Carrier_D,16,63106
SHP04543,Delhi,Singapore,Sea,Machinery,2198,12.41,7832,20FT,82.44,Off_Peak,Carrier_A,16,60035
SHP04544,Mumbai,Los Angeles,Sea,Furniture,4384,9.04,8975,40FT_HC,109.92,Normal,Carrier_A,20,102216
SHP04545,Chennai,Rotterdam,Sea,Automotive Parts,2055,3.5,2100,40FT_HC,108.33,Off_Peak,Carrier_E,4,51740
SHP04546,Kolkata,Colombo,Air,Furniture,5923,13.12,6821,40FT,91.69,Normal,Carrier_E,13,258887
SHP04547,Delhi,Dubai,Sea,Pharmaceuticals,1693,1.65,6355,40FT,103.85,Off_Peak,Carrier_B,14,73412
SHP04548,Pune,New York,Sea,Automotive Parts,7801,29.16,4439,AIR_CARGO,94.93,Off_Peak,Carrier_C,8,53661
SHP04549,Delhi,New York,Air,Furniture,902,0.5,5516,40FT_HC,78.42,Peak,Carrier_B,12,144867
SHP04550,Ahmedabad,Singapore,Air,Automotive Parts,5931,24.87,6466,40FT,107.9,Off_Peak,Carrier_E,13,290700
SHP04551,Ahmedabad,Dubai,Road,Automotive Parts,1398,5.88,4191,40FT,83.77,Normal,Carrier_E,11,49461
SHP04552,Mumbai,Shanghai,Sea,Electronics,6395,14.9,3871,LCL,103.27,Normal,Carrier_D,12,62946
SHP04553,Pune,Singapore,Sea,Chemicals,1844,1.04,8990,20FT,96.1,Normal,Carrier_B,17,79622
SHP04554,Hyderabad,New York,Road,Food Products,5126,12.04,1270,AIR_CARGO,102.62,Normal,Carrier_C,6,59667
SHP04555,Ahmedabad,Rotterdam,Sea,Machinery,5722,11.37,4099,20FT,93.85,Off_Peak,Carrier_B,10,52254
SHP04556,Bengaluru,Jebel Ali,Sea,Food Products,1717,9.61,8018,20FT,103.1,Normal,Carrier_A,16,78494
SHP04557,Kolkata,Jebel Ali,Air,Electronics,4857,14.09,2901,AIR_CARGO,76.31,Normal,Carrier_A,7,123068
SHP04558,Bengaluru,Colombo,Air,Electronics,2455,12.53,7081,40FT_HC,76.63,Peak,Carrier_B,17,186453
SHP04559,Delhi,New York,Road,Pharmaceuticals,966,1.14,3975,40FT,110.85,Normal,Carrier_B,9,81538
SHP04560,Bengaluru,Rotterdam,Road,Electronics,3479,8.85,10198,AIR_CARGO,104.99,Normal,Carrier_E,23,154828
SHP04561,Chennai,Singapore,Air,Chemicals,1291,2.68,4525,40FT,108.14,Normal,Carrier_D,10,195638
SHP04562,Kolkata,Rotterdam,Sea,Electronics,1635,2.4,3139,LCL,93.26,Normal,Carrier_A,5,40792
SHP04563,Bengaluru,London,Road,Automotive Parts,1399,0.5,6596,20FT,93.39,Normal,Carrier_C,14,79304
SHP04564,Chennai,Singapore,Sea,Food Products,3197,10.49,2060,LCL,96.36,Normal,Carrier_D,3,49104
SHP04565,Mumbai,Hamburg,Sea,Textiles,1317,4.5,9671,20FT,84.75,Peak,Carrier_B,19,77569
SHP04566,Bengaluru,Singapore,Road,Machinery,1127,2.49,8320,40FT_HC,104.34,Normal,Carrier_A,16,118246
SHP04567,Kolkata,Colombo,Sea,Electronics,1269,5.03,9361,AIR_CARGO,108.18,Normal,Carrier_B,23,100333
SHP04568,Chennai,Jebel Ali,Sea,Food Products,1576,2.1,5087,40FT_HC,111.29,Peak,Carrier_A,14,86639
SHP04569,Bengaluru,Singapore,Sea,Pharmaceuticals,3453,8.28,10103,20FT,95.68,Off_Peak,Carrier_C,21,74490
SHP04570,Mumbai,Hamburg,Road,Electronics,4514,14.2,6176,LCL,91.58,Normal,Carrier_D,16,88176
SHP04571,Bengaluru,London,Sea,Chemicals,4472,14.64,1589,20FT,108.24,Normal,Carrier_C,4,60159
SHP04572,Chennai,Rotterdam,Air,Electronics,2444,11.93,3076,40FT_HC,105.11,Normal,Carrier_C,5,153155
SHP04573,Bengaluru,Dubai,Sea,Electronics,2404,1.29,8677,40FT_HC,109.69,Normal,Carrier_D,19,101101
SHP04574,Kolkata,Jebel Ali,Air,Furniture,2219,1.43,10809,LCL,101.23,Normal,Carrier_D,22,342389
SHP04575,Delhi,Rotterdam,Air,Furniture,3337,3.34,1595,LCL,110.33,Normal,Carrier_C,3,143437
SHP04576,Pune,London,Sea,Electronics,5176,9.73,10438,40FT_HC,78.56,Normal,Carrier_B,19,74324
SHP04577,Pune,Dubai,Sea,Pharmaceuticals,2266,4.05,9689,20FT,102.18,Normal,Carrier_D,21,93232
SHP04578,Chennai,New York,Sea,Furniture,3534,10.16,4600,20FT,78.55,Normal,Carrier_C,7,36074
SHP04579,Chennai,Los Angeles,Road,Electronics,1116,7.32,8427,AIR_CARGO,104.96,Off_Peak,Carrier_C,18,99791
SHP04580,Chennai,Colombo,Sea,Machinery,4352,8.79,2650,40FT_HC,100.14,Off_Peak,Carrier_C,6,52794
SHP04581,Chennai,Rotterdam,Road,Food Products,2877,9.15,9854,AIR_CARGO,75.64,Normal,Carrier_B,21,82149
SHP04582,Bengaluru,Shanghai,Sea,Furniture,1278,8.15,8059,40FT_HC,98.97,Peak,Carrier_E,19,93719
SHP04583,Kolkata,Dubai,Air,Furniture,5009,10.11,5547,AIR_CARGO,80.85,Normal,Carrier_E,10,175918
SHP04584,Pune,New York,Air,Chemicals,1116,1.53,10442,40FT,80.7,Normal,Carrier_D,19,216747
SHP04585,Mumbai,Shanghai,Air,Electronics,570,1.62,2101,20FT,81.02,Peak,Carrier_E,9,76155
SHP04586,Pune,Los Angeles,Road,Electronics,4335,3.62,10227,20FT,94.35,Normal,Carrier_A,20,126184
SHP04587,Kolkata,Los Angeles,Sea,Electronics,3212,9.69,775,40FT,79.62,Off_Peak,Carrier_D,4,26725
SHP04588,Chennai,Jebel Ali,Sea,Electronics,1138,0.5,9162,LCL,80.03,Off_Peak,Carrier_D,20,60735
SHP04589,Hyderabad,Shanghai,Air,Furniture,3150,10.66,7094,40FT,85.25,Peak,Carrier_C,13,216393
SHP04590,Bengaluru,Jebel Ali,Air,Automotive Parts,5348,11.01,8512,20FT,75.03,Off_Peak,Carrier_A,19,173524
SHP04591,Hyderabad,Jebel Ali,Sea,Automotive Parts,2963,5.01,5242,40FT_HC,86.03,Normal,Carrier_E,13,57888
SHP04592,Bengaluru,Jebel Ali,Sea,Textiles,12199,25.13,10441,AIR_CARGO,99.74,Peak,Carrier_D,24,135645
SHP04593,Chennai,Jebel Ali,Sea,Electronics,1438,5.59,4101,20FT,99.06,Normal,Carrier_A,12,52508
SHP04594,Bengaluru,New York,Sea,Textiles,585,3.53,3662,40FT,113.78,Normal,Carrier_B,9,70048
SHP04595,Chennai,Colombo,Sea,Machinery,999,0.56,3970,40FT_HC,79.79,Off_Peak,Carrier_B,11,34382
SHP04596,Kolkata,Singapore,Sea,Textiles,563,8.53,9405,20FT,109.62,Peak,Carrier_C,19,100863
SHP04597,Ahmedabad,New York,Air,Food Products,10040,24.04,6196,40FT,90.65,Peak,Carrier_A,14,336285
SHP04598,Delhi,London,Sea,Automotive Parts,2492,5.88,6676,20FT,90.48,Normal,Carrier_D,12,60247
SHP04599,Bengaluru,Jebel Ali,Sea,Automotive Parts,8817,21.23,10064,40FT,88.95,Off_Peak,Carrier_B,20,81800
SHP04600,Chennai,Dubai,Sea,Electronics,1985,2.0,10084,40FT,79.99,Off_Peak,Carrier_B,17,57989
SHP04601,Hyderabad,Dubai,Sea,Furniture,1388,0.5,2360,20FT,94.14,Normal,Carrier_E,6,39799
SHP04602,Chennai,Shanghai,Air,Electronics,812,0.5,6822,40FT_HC,106.5,Normal,Carrier_E,17,235287
SHP04603,Hyderabad,Shanghai,Road,Machinery,1932,7.14,1949,20FT,110.02,Off_Peak,Carrier_A,7,46101
SHP04604,Pune,London,Sea,Chemicals,4328,2.9,10488,20FT,113.51,Normal,Carrier_E,21,110224
SHP04605,Bengaluru,New York,Air,Machinery,2160,0.5,10126,40FT_HC,106.41,Off_Peak,Carrier_A,20,300715
SHP04606,Mumbai,Dubai,Road,Food Products,885,0.5,10268,20FT,99.92,Off_Peak,Carrier_D,20,115287
SHP04607,Hyderabad,Hamburg,Air,Electronics,3822,1.92,8606,AIR_CARGO,94.9,Normal,Carrier_D,16,297486
SHP04608,Chennai,Hamburg,Sea,Electronics,4312,4.6,5869,AIR_CARGO,110.0,Normal,Carrier_D,14,86427
SHP04609,Bengaluru,Singapore,Road,Machinery,1772,7.46,5154,AIR_CARGO,104.58,Peak,Carrier_E,8,95359
SHP04610,Chennai,Hamburg,Sea,Machinery,1633,2.14,5045,40FT,81.45,Normal,Carrier_E,8,37857
SHP04611,Mumbai,Rotterdam,Sea,Machinery,823,0.5,1261,LCL,102.3,Normal,Carrier_C,6,31439
SHP04612,Delhi,Jebel Ali,Sea,Automotive Parts,3760,9.51,11412,20FT,92.24,Off_Peak,Carrier_B,23,75365
SHP04613,Ahmedabad,London,Sea,Textiles,1851,4.87,5678,LCL,98.83,Off_Peak,Carrier_D,12,59858
SHP04614,Ahmedabad,Shanghai,Sea,Textiles,438,5.7,11196,AIR_CARGO,110.93,Peak,Carrier_E,23,124470
SHP04615,Mumbai,Rotterdam,Sea,Electronics,952,0.5,10611,40FT_HC,101.1,Peak,Carrier_B,25,116690
SHP04616,Kolkata,Colombo,Sea,Automotive Parts,3603,4.87,10029,AIR_CARGO,112.55,Normal,Carrier_D,20,120283
SHP04617,Bengaluru,Jebel Ali,Air,Machinery,2002,2.38,7266,20FT,109.65,Off_Peak,Carrier_D,16,261356
SHP04618,Mumbai,Dubai,Road,Electronics,1195,4.41,1668,LCL,80.16,Normal,Carrier_B,9,29606
SHP04619,Delhi,Jebel Ali,Sea,Automotive Parts,2589,17.73,4225,LCL,75.47,Off_Peak,Carrier_B,10,33967
SHP04620,Chennai,Shanghai,Road,Food Products,1448,5.79,7441,40FT,90.38,Normal,Carrier_E,19,91287
SHP04621,Bengaluru,Los Angeles,Road,Chemicals,1646,2.86,655,40FT_HC,109.61,Normal,Carrier_B,1,42145
SHP04622,Pune,Los Angeles,Air,Automotive Parts,2098,0.5,990,AIR_CARGO,84.21,Peak,Carrier_B,1,84588
SHP04623,Hyderabad,Rotterdam,Sea,Pharmaceuticals,7477,12.45,8293,40FT_HC,102.66,Normal,Carrier_E,16,104975
SHP04624,Mumbai,New York,Air,Electronics,7454,21.36,10714,20FT,94.04,Normal,Carrier_D,23,384287
SHP04625,Pune,Dubai,Road,Furniture,694,0.5,10334,40FT,104.84,Off_Peak,Carrier_B,24,128427
SHP04626,Pune,Shanghai,Air,Textiles,2397,4.29,2434,AIR_CARGO,81.6,Normal,Carrier_C,5,95051
SHP04627,Delhi,Shanghai,Sea,Pharmaceuticals,973,8.95,10979,20FT,84.56,Off_Peak,Carrier_A,24,61921
SHP04628,Pune,Shanghai,Sea,Machinery,1253,0.5,8507,40FT_HC,84.7,Normal,Carrier_B,22,66852
SHP04629,Mumbai,Hamburg,Sea,Chemicals,747,2.86,8738,40FT,96.94,Normal,Carrier_B,21,80940
SHP04630,Kolkata,Shanghai,Sea,Furniture,1422,0.5,3996,AIR_CARGO,86.58,Normal,Carrier_A,8,44569
SHP04631,Ahmedabad,Los Angeles,Sea,Food Products,1151,9.29,8734,40FT_HC,107.47,Normal,Carrier_C,20,92560
SHP04632,Ahmedabad,Colombo,Sea,Furniture,4869,7.84,8662,AIR_CARGO,88.87,Off_Peak,Carrier_D,18,72046
SHP04633,Bengaluru,London,Air,Chemicals,1446,6.12,7339,40FT,101.43,Normal,Carrier_C,14,225843
SHP04634,Chennai,Jebel Ali,Road,Furniture,706,0.5,4609,40FT,112.94,Normal,Carrier_A,11,86450
SHP04635,Delhi,London,Sea,Chemicals,2495,12.15,9827,40FT_HC,99.28,Normal,Carrier_B,19,97416
SHP04636,Mumbai,Los Angeles,Road,Automotive Parts,2228,8.98,11281,AIR_CARGO,84.69,Off_Peak,Carrier_D,23,110329
SHP04637,Bengaluru,Los Angeles,Sea,Electronics,2106,2.79,10504,LCL,108.22,Normal,Carrier_C,18,99085
SHP04638,Mumbai,Colombo,Air,Furniture,3717,10.42,3294,20FT,75.5,Normal,Carrier_C,4,104922
SHP04639,Bengaluru,Singapore,Air,Furniture,5568,17.09,5625,40FT,85.26,Normal,Carrier_D,12,219031
SHP04640,Ahmedabad,Rotterdam,Air,Electronics,2086,5.58,4438,AIR_CARGO,90.5,Peak,Carrier_C,11,166947
SHP04641,Pune,Hamburg,Road,Chemicals,2971,5.52,8636,40FT_HC,82.84,Peak,Carrier_A,15,101774
SHP04642,Kolkata,New York,Sea,Machinery,2121,4.66,10062,40FT_HC,99.16,Off_Peak,Carrier_D,21,87380
SHP04643,Mumbai,Shanghai,Road,Electronics,3475,8.71,2982,40FT,97.32,Peak,Carrier_A,8,72980
SHP04644,Kolkata,Shanghai,Sea,Chemicals,962,2.52,11394,40FT,91.26,Normal,Carrier_D,24,84550
SHP04645,Hyderabad,Colombo,Air,Electronics,3734,10.63,8289,LCL,86.78,Normal,Carrier_A,19,229878
SHP04646,Hyderabad,Singapore,Air,Machinery,3005,3.07,3012,40FT_HC,92.36,Off_Peak,Carrier_B,10,135269
SHP04647,Pune,Shanghai,Air,Food Products,1340,0.6,4768,AIR_CARGO,86.65,Peak,Carrier_B,12,159957
SHP04648,Ahmedabad,Hamburg,Sea,Pharmaceuticals,10504,23.45,1703,20FT,83.85,Normal,Carrier_C,5,41691
SHP04649,Delhi,Rotterdam,Road,Chemicals,1033,4.34,7366,20FT,89.05,Normal,Carrier_D,16,88090
SHP04650,Kolkata,Hamburg,Sea,Textiles,3098,1.26,2446,LCL,99.09,Normal,Carrier_D,11,56830
SHP04651,Bengaluru,Singapore,Sea,Textiles,1342,3.81,8471,AIR_CARGO,100.94,Normal,Carrier_A,19,82602
SHP04652,Delhi,Los Angeles,Air,Chemicals,3640,11.79,8978,20FT,86.89,Normal,Carrier_C,18,237821
SHP04653,Mumbai,Hamburg,Sea,Automotive Parts,9171,22.03,6012,20FT,112.9,Peak,Carrier_C,13,107865
SHP04654,Mumbai,London,Air,Food Products,4139,10.16,1579,AIR_CARGO,85.48,Normal,Carrier_D,4,118498
SHP04655,Bengaluru,Hamburg,Sea,Automotive Parts,2318,4.31,7525,AIR_CARGO,103.49,Peak,Carrier_B,13,95510
SHP04656,Chennai,Los Angeles,Sea,Pharmaceuticals,4572,11.13,4780,40FT,78.26,Off_Peak,Carrier_D,14,47545
SHP04657,Pune,Shanghai,Air,Textiles,1703,2.29,11421,20FT,101.59,Normal,Carrier_D,24,348118
SHP04658,Chennai,Jebel Ali,Sea,Machinery,3435,7.51,6402,20FT,93.4,Off_Peak,Carrier_E,11,56712
SHP04659,Pune,Jebel Ali,Sea,Chemicals,2647,4.54,1331,LCL,97.76,Peak,Carrier_A,4,41307
SHP04660,Mumbai,Jebel Ali,Air,Pharmaceuticals,1134,1.98,7815,40FT,82.36,Normal,Carrier_A,19,173068
SHP04661,Pune,Shanghai,Sea,Furniture,7590,16.8,9463,40FT,92.34,Normal,Carrier_E,18,88919
SHP04662,Ahmedabad,Colombo,Sea,Furniture,5611,8.63,2346,20FT,105.65,Peak,Carrier_C,5,63300
SHP04663,Ahmedabad,Rotterdam,Sea,Electronics,1433,0.5,5664,40FT_HC,105.68,Normal,Carrier_A,13,74946
SHP04664,Bengaluru,Rotterdam,Air,Textiles,4869,11.91,9047,40FT_HC,84.5,Normal,Carrier_C,20,246108
SHP04665,Chennai,Shanghai,Air,Food Products,1163,5.18,736,AIR_CARGO,89.1,Off_Peak,Carrier_B,2,61583
SHP04666,Kolkata,Hamburg,Air,Textiles,3378,14.26,833,40FT,75.15,Normal,Carrier_C,2,68097
SHP04667,Mumbai,New York,Sea,Food Products,2578,10.53,8284,20FT,78.6,Peak,Carrier_A,18,70518
SHP04668,Hyderabad,Rotterdam,Air,Food Products,7443,21.34,8839,20FT,80.07,Normal,Carrier_C,16,239208
SHP04669,Kolkata,London,Air,Chemicals,3102,8.3,10227,20FT,86.75,Normal,Carrier_B,20,260728
SHP04670,Bengaluru,London,Air,Food Products,916,2.66,5095,LCL,105.36,Peak,Carrier_E,11,209626
SHP04671,Hyderabad,Dubai,Sea,Automotive Parts,4849,8.39,4982,40FT_HC,95.41,Normal,Carrier_A,13,76870
SHP04672,Kolkata,London,Road,Furniture,1877,0.86,6852,LCL,106.7,Normal,Carrier_B,14,104907
SHP04673,Chennai,Rotterdam,Air,Pharmaceuticals,1821,5.1,9209,20FT,105.2,Off_Peak,Carrier_D,20,282370
SHP04674,Pune,New York,Sea,Machinery,2548,2.73,7871,20FT,98.49,Normal,Carrier_E,19,71923
SHP04675,Ahmedabad,Los Angeles,Sea,Textiles,1721,3.74,4264,40FT,94.99,Normal,Carrier_E,9,49242
SHP04676,Chennai,Jebel Ali,Road,Machinery,8028,9.12,4485,40FT,112.25,Peak,Carrier_A,17,133751
SHP04677,Hyderabad,Hamburg,Sea,Pharmaceuticals,4219,11.91,9275,40FT_HC,97.77,Peak,Carrier_B,22,109981
SHP04678,Pune,Los Angeles,Road,Electronics,1189,0.5,6648,AIR_CARGO,94.31,Normal,Carrier_D,15,84265
SHP04679,Pune,New York,Air,Pharmaceuticals,1558,0.5,1627,20FT,109.76,Off_Peak,Carrier_B,5,109240
SHP04680,Pune,Colombo,Sea,Textiles,1067,5.43,2259,40FT,77.86,Normal,Carrier_C,5,25429
SHP04681,Delhi,Jebel Ali,Sea,Furniture,4689,15.02,10289,40FT_HC,101.24,Normal,Carrier_A,24,99769
SHP04682,Ahmedabad,Dubai,Sea,Machinery,2394,5.36,11986,LCL,79.52,Normal,Carrier_C,24,70355
SHP04683,Mumbai,Colombo,Road,Machinery,1325,0.5,4360,20FT,107.79,Off_Peak,Carrier_C,7,62002
SHP04684,Hyderabad,Rotterdam,Sea,Chemicals,6945,19.41,4947,AIR_CARGO,106.71,Normal,Carrier_E,8,83124
SHP04685,Bengaluru,New York,Air,Chemicals,3471,5.19,2277,40FT_HC,95.14,Normal,Carrier_E,6,141669
SHP04686,Mumbai,Jebel Ali,Sea,Pharmaceuticals,2820,6.08,3211,AIR_CARGO,101.44,Normal,Carrier_C,8,56725
SHP04687,Kolkata,Dubai,Sea,Pharmaceuticals,2735,11.91,5383,20FT,105.9,Normal,Carrier_B,10,78656
SHP04688,Ahmedabad,Hamburg,Sea,Electronics,1034,3.96,3770,40FT_HC,94.33,Normal,Carrier_A,6,48096
SHP04689,Bengaluru,Hamburg,Sea,Food Products,3596,8.38,8566,40FT,111.24,Normal,Carrier_A,14,107654
SHP04690,Bengaluru,Shanghai,Road,Textiles,1904,3.43,6685,AIR_CARGO,92.48,Normal,Carrier_B,13,85786
SHP04691,Chennai,Rotterdam,Sea,Chemicals,4403,10.66,9956,LCL,110.68,Peak,Carrier_C,19,112812
SHP04692,Kolkata,London,Sea,Textiles,3788,10.08,8832,LCL,98.31,Normal,Carrier_A,19,80376
SHP04693,Chennai,New York,Sea,Electronics,2403,1.22,1973,AIR_CARGO,92.05,Normal,Carrier_E,5,39335
SHP04694,Chennai,Dubai,Sea,Chemicals,2295,10.3,1919,20FT,75.16,Off_Peak,Carrier_D,8,32611
SHP04695,Pune,Dubai,Sea,Chemicals,7349,15.67,10800,20FT,86.82,Normal,Carrier_E,23,90412
SHP04696,Ahmedabad,London,Road,Food Products,1048,1.68,9924,20FT,109.72,Peak,Carrier_B,21,165521
SHP04697,Delhi,London,Sea,Textiles,1722,7.35,5881,LCL,92.15,Normal,Carrier_D,15,55813
SHP04698,Chennai,Colombo,Sea,Furniture,5233,11.89,1999,LCL,91.86,Peak,Carrier_A,3,47817
SHP04699,Mumbai,Jebel Ali,Sea,Textiles,6564,19.15,10834,40FT,94.58,Normal,Carrier_A,21,91402
SHP04700,Bengaluru,Colombo,Road,Textiles,2286,5.25,3153,20FT,86.45,Peak,Carrier_D,13,63852
SHP04701,Ahmedabad,Singapore,Sea,Food Products,1587,4.18,909,LCL,94.66,Normal,Carrier_A,1,29023
SHP04702,Chennai,Singapore,Sea,Chemicals,1608,4.69,11129,LCL,90.03,Peak,Carrier_D,22,97660
SHP04703,Hyderabad,Rotterdam,Air,Electronics,984,3.84,9803,20FT,111.38,Peak,Carrier_C,21,350437
SHP04704,Mumbai,Shanghai,Sea,Textiles,9184,24.1,8475,20FT,97.56,Off_Peak,Carrier_B,14,77665
SHP04705,Kolkata,New York,Sea,Machinery,2271,9.62,891,LCL,108.37,Off_Peak,Carrier_E,2,39349
SHP04706,Bengaluru,Dubai,Sea,Furniture,3382,12.02,6577,AIR_CARGO,102.47,Normal,Carrier_D,18,86200
SHP04707,Ahmedabad,Jebel Ali,Air,Furniture,3404,4.93,8017,LCL,83.5,Normal,Carrier_D,17,219540
SHP04708,Hyderabad,Hamburg,Sea,Food Products,6559,21.43,9232,40FT,109.71,Off_Peak,Carrier_C,18,88708
SHP04709,Ahmedabad,Hamburg,Air,Automotive Parts,1904,0.5,5917,40FT_HC,78.49,Off_Peak,Carrier_E,13,131386
SHP04710,Ahmedabad,Los Angeles,Sea,Electronics,1993,2.22,11464,20FT,92.95,Off_Peak,Carrier_C,22,73644
SHP04711,Hyderabad,London,Sea,Machinery,4290,9.66,3315,40FT,84.57,Normal,Carrier_C,11,46981
SHP04712,Kolkata,Rotterdam,Sea,Textiles,778,0.5,1302,AIR_CARGO,96.5,Peak,Carrier_B,2,40786
SHP04713,Hyderabad,Los Angeles,Sea,Automotive Parts,6586,16.8,4327,40FT_HC,87.0,Peak,Carrier_A,9,63661
SHP04714,Mumbai,Los Angeles,Air,Electronics,7737,21.38,8111,LCL,103.91,Off_Peak,Carrier_E,14,334715
SHP04715,Pune,Shanghai,Sea,Food Products,2933,4.13,8977,20FT,112.48,Off_Peak,Carrier_C,18,83979
SHP04716,Ahmedabad,New York,Sea,Automotive Parts,1359,5.09,8993,LCL,103.36,Normal,Carrier_A,18,82106
SHP04717,Kolkata,Dubai,Sea,Chemicals,4353,13.71,1773,40FT,89.21,Normal,Carrier_A,8,44849
SHP04718,Ahmedabad,Jebel Ali,Road,Pharmaceuticals,2208,0.5,10679,20FT,99.0,Normal,Carrier_A,19,135264
SHP04719,Hyderabad,Hamburg,Sea,Automotive Parts,2742,7.23,3730,LCL,110.54,Normal,Carrier_A,10,60531
SHP04720,Kolkata,Hamburg,Road,Pharmaceuticals,2881,8.35,2914,20FT,85.8,Normal,Carrier_B,7,51606
SHP04721,Kolkata,Hamburg,Sea,Furniture,1630,0.5,7566,40FT,79.73,Normal,Carrier_B,12,51428
SHP04722,Chennai,Singapore,Sea,Machinery,3133,2.68,2936,LCL,80.23,Normal,Carrier_C,6,39334
SHP04723,Chennai,New York,Sea,Electronics,966,0.5,6342,40FT_HC,94.79,Normal,Carrier_A,12,61960
SHP04724,Pune,Rotterdam,Sea,Machinery,600,0.68,5181,AIR_CARGO,104.29,Normal,Carrier_C,15,62446
SHP04725,Chennai,Hamburg,Sea,Machinery,3168,4.54,3168,LCL,101.29,Normal,Carrier_D,9,57167
SHP04726,Hyderabad,Shanghai,Sea,Textiles,4927,13.95,3859,20FT,93.16,Peak,Carrier_B,9,60567
SHP04727,Bengaluru,Hamburg,Road,Food Products,1790,5.97,5415,LCL,104.17,Peak,Carrier_B,3,97659
SHP04728,Mumbai,Rotterdam,Air,Automotive Parts,1726,5.61,4481,20FT,100.36,Normal,Carrier_E,6,166577
SHP04729,Hyderabad,Singapore,Air,Electronics,3808,14.1,4888,40FT,100.13,Normal,Carrier_D,12,233501
SHP04730,Ahmedabad,Shanghai,Sea,Furniture,2467,8.46,8957,AIR_CARGO,83.1,Normal,Carrier_B,20,71137
SHP04731,Chennai,Los Angeles,Sea,Chemicals,1730,5.25,2436,20FT,87.5,Normal,Carrier_A,5,38319
SHP04732,Kolkata,Rotterdam,Sea,Food Products,3049,2.36,7718,LCL,88.78,Normal,Carrier_A,16,65881
SHP04733,Hyderabad,Los Angeles,Air,Food Products,2510,10.61,8299,40FT,107.33,Normal,Carrier_A,17,304120
SHP04734,Kolkata,London,Road,Electronics,1110,7.71,9724,40FT_HC,106.0,Normal,Carrier_C,20,130873
SHP04735,Pune,Colombo,Sea,Food Products,2329,4.23,10244,LCL,85.11,Normal,Carrier_B,20,72339
SHP04736,Ahmedabad,Hamburg,Sea,Textiles,2816,3.47,2325,AIR_CARGO,77.21,Peak,Carrier_C,8,37511
SHP04737,Kolkata,Rotterdam,Sea,Food Products,1767,7.23,2090,40FT,105.71,Normal,Carrier_B,8,57654
SHP04738,Kolkata,Colombo,Sea,Furniture,4563,3.58,7570,LCL,91.39,Normal,Carrier_E,14,76883
SHP04739,Pune,Jebel Ali,Sea,Furniture,3423,9.74,9205,20FT,83.79,Normal,Carrier_C,16,63156
SHP04740,Delhi,Shanghai,Sea,Textiles,2088,10.96,3632,20FT,79.68,Peak,Carrier_B,7,39967
SHP04741,Bengaluru,New York,Air,Automotive Parts,2727,4.97,6547,20FT,75.51,Peak,Carrier_E,14,172864
SHP04742,Mumbai,London,Sea,Automotive Parts,1957,5.63,9381,LCL,92.11,Normal,Carrier_B,20,71562
SHP04743,Mumbai,Jebel Ali,Sea,Machinery,2161,5.55,9326,AIR_CARGO,88.59,Peak,Carrier_D,21,89769
SHP04744,Chennai,Jebel Ali,Road,Furniture,2213,9.44,8019,20FT,102.86,Normal,Carrier_C,19,108325
SHP04745,Delhi,London,Sea,Textiles,791,2.31,1406,LCL,114.07,Normal,Carrier_A,5,42580
SHP04746,Hyderabad,Los Angeles,Sea,Chemicals,2545,4.69,1082,LCL,83.27,Normal,Carrier_E,4,28456
SHP04747,Pune,Rotterdam,Sea,Automotive Parts,3075,1.24,4967,AIR_CARGO,84.72,Off_Peak,Carrier_E,14,41143
SHP04748,Hyderabad,Dubai,Sea,Food Products,12382,29.86,807,40FT,88.49,Normal,Carrier_A,3,47079
SHP04749,Mumbai,Hamburg,Sea,Electronics,3327,7.64,10898,40FT,93.64,Off_Peak,Carrier_E,23,87065
SHP04750,Bengaluru,Shanghai,Air,Electronics,1635,0.5,732,LCL,102.91,Peak,Carrier_A,4,90013
SHP04751,Kolkata,Singapore,Sea,Pharmaceuticals,861,0.5,841,40FT,89.08,Peak,Carrier_A,3,35804
SHP04752,Ahmedabad,Rotterdam,Sea,Furniture,1258,0.6,2401,40FT_HC,79.17,Normal,Carrier_B,6,34264
SHP04753,Chennai,Hamburg,Air,Textiles,1807,1.91,7711,AIR_CARGO,104.21,Normal,Carrier_C,19,241588
SHP04754,Bengaluru,Rotterdam,Sea,Chemicals,1828,4.24,6728,LCL,106.79,Peak,Carrier_D,14,96325
SHP04755,Mumbai,Jebel Ali,Road,Machinery,2142,4.66,8084,40FT,84.91,Normal,Carrier_E,16,83053
SHP04756,Delhi,Dubai,Road,Food Products,1925,4.33,10776,40FT,80.47,Normal,Carrier_B,20,101095
SHP04757,Chennai,Singapore,Sea,Textiles,2152,14.16,5732,AIR_CARGO,96.11,Off_Peak,Carrier_D,13,59263
SHP04758,Pune,Rotterdam,Air,Pharmaceuticals,1900,2.76,1005,20FT,83.33,Normal,Carrier_D,3,71925
SHP04759,Mumbai,Hamburg,Sea,Electronics,2530,2.55,9280,40FT,89.97,Normal,Carrier_E,20,76798
SHP04760,Hyderabad,Singapore,Road,Textiles,1390,9.58,9838,AIR_CARGO,106.09,Off_Peak,Carrier_E,20,120272
SHP04761,Chennai,Singapore,Sea,Food Products,1103,8.48,1074,20FT,83.78,Normal,Carrier_B,3,27536
SHP04762,Pune,New York,Road,Chemicals,2142,0.77,3293,LCL,107.25,Normal,Carrier_E,5,61890
SHP04763,Mumbai,Shanghai,Air,Furniture,3315,12.75,9362,20FT,101.96,Normal,Carrier_D,17,327805
SHP04764,Hyderabad,Jebel Ali,Sea,Chemicals,1208,0.5,4826,40FT,83.79,Normal,Carrier_E,9,50445
SHP04765,Ahmedabad,New York,Sea,Automotive Parts,1721,15.58,5935,LCL,96.06,Normal,Carrier_B,11,60800
SHP04766,Hyderabad,Hamburg,Road,Food Products,2273,12.54,9967,LCL,99.56,Peak,Carrier_B,21,143852
SHP04767,Kolkata,Hamburg,Road,Pharmaceuticals,2238,7.46,1588,20FT,83.01,Normal,Carrier_B,9,32824
SHP04768,Pune,Los Angeles,Sea,Automotive Parts,4078,13.14,8289,LCL,80.8,Normal,Carrier_E,16,64939
SHP04769,Pune,Rotterdam,Air,Automotive Parts,4605,12.74,2972,20FT,96.25,Normal,Carrier_C,7,165055
SHP04770,Delhi,Rotterdam,Sea,Automotive Parts,2888,4.24,1220,20FT,102.75,Peak,Carrier_B,3,42990
SHP04771,Pune,Los Angeles,Sea,Textiles,5487,17.85,8119,20FT,93.6,Normal,Carrier_C,18,75876
SHP04772,Kolkata,Colombo,Sea,Pharmaceuticals,1967,10.11,1896,AIR_CARGO,77.8,Normal,Carrier_A,6,27369
SHP04773,Mumbai,London,Sea,Electronics,4316,7.37,9091,40FT,112.01,Normal,Carrier_B,18,113336
SHP04774,Ahmedabad,Rotterdam,Air,Chemicals,1678,3.87,2831,LCL,102.8,Normal,Carrier_C,5,131835
SHP04775,Bengaluru,London,Sea,Furniture,3030,2.28,1058,40FT_HC,99.85,Normal,Carrier_C,2,46292
SHP04776,Ahmedabad,Rotterdam,Air,Textiles,3800,8.86,1642,40FT,100.75,Off_Peak,Carrier_D,5,137902
SHP04777,Ahmedabad,Shanghai,Sea,Electronics,2593,5.1,10175,40FT_HC,90.94,Normal,Carrier_C,21,80584
SHP04778,Pune,Colombo,Sea,Chemicals,1335,8.19,4766,20FT,114.38,Normal,Carrier_D,11,75093
SHP04779,Ahmedabad,Dubai,Sea,Furniture,843,8.41,3976,LCL,80.31,Off_Peak,Carrier_C,11,35539
SHP04780,Pune,Colombo,Sea,Pharmaceuticals,3590,4.29,6149,40FT,104.57,Off_Peak,Carrier_C,11,64053
SHP04781,Kolkata,Hamburg,Sea,Furniture,2093,8.06,7779,40FT_HC,91.84,Normal,Carrier_A,17,72118
SHP04782,Bengaluru,Los Angeles,Sea,Pharmaceuticals,2191,8.74,927,40FT_HC,110.24,Off_Peak,Carrier_C,4,49765
SHP04783,Hyderabad,Hamburg,Sea,Food Products,6628,8.79,10829,40FT_HC,103.69,Normal,Carrier_E,20,112236
SHP04784,Pune,Dubai,Sea,Furniture,1352,7.08,11523,40FT,97.49,Normal,Carrier_E,22,96384
SHP04785,Mumbai,New York,Sea,Chemicals,4045,3.72,5299,AIR_CARGO,112.51,Normal,Carrier_E,13,90568
SHP04786,Delhi,Hamburg,Sea,Chemicals,1548,1.64,5245,20FT,111.5,Normal,Carrier_A,9,68411
SHP04787,Bengaluru,Hamburg,Road,Pharmaceuticals,2228,1.7,10603,LCL,77.09,Normal,Carrier_C,26,79776
SHP04788,Mumbai,Hamburg,Road,Chemicals,1234,0.5,5437,40FT_HC,82.7,Normal,Carrier_A,13,61873
SHP04789,Pune,Singapore,Sea,Machinery,1541,8.08,10346,40FT,102.04,Off_Peak,Carrier_C,21,89761
SHP04790,Bengaluru,London,Sea,Food Products,3270,4.02,826,40FT_HC,111.87,Normal,Carrier_D,3,59729
SHP04791,Pune,Colombo,Sea,Textiles,5797,12.22,6131,40FT,92.21,Normal,Carrier_A,15,65877
SHP04792,Kolkata,New York,Road,Furniture,3292,7.81,11453,AIR_CARGO,76.53,Peak,Carrier_E,22,111282
SHP04793,Mumbai,Colombo,Sea,Textiles,3050,10.23,3407,40FT_HC,100.73,Off_Peak,Carrier_E,7,53308
SHP04794,Kolkata,Shanghai,Sea,Electronics,13108,27.33,3561,40FT_HC,82.79,Normal,Carrier_E,11,64157
SHP04795,Chennai,London,Sea,Textiles,3599,10.52,7746,LCL,97.09,Normal,Carrier_C,15,68889
SHP04796,Mumbai,New York,Sea,Automotive Parts,1363,2.32,11151,40FT,90.39,Normal,Carrier_C,23,83189
SHP04797,Bengaluru,Shanghai,Sea,Chemicals,837,0.5,2786,40FT,97.32,Normal,Carrier_A,6,53065
SHP04798,Chennai,Jebel Ali,Air,Textiles,3199,11.7,11099,AIR_CARGO,112.3,Off_Peak,Carrier_B,23,364963
SHP04799,Kolkata,Singapore,Sea,Electronics,1002,10.7,8125,40FT_HC,94.43,Normal,Carrier_C,18,74702
SHP04800,Kolkata,Hamburg,Sea,Electronics,1304,3.92,11920,LCL,76.38,Normal,Carrier_B,27,71987
SHP04801,Bengaluru,Singapore,Sea,Automotive Parts,3045,4.81,8969,20FT,98.24,Peak,Carrier_B,16,90586
SHP04802,Chennai,Colombo,Sea,Electronics,4915,8.76,8180,LCL,88.03,Off_Peak,Carrier_C,14,56447
SHP04803,Ahmedabad,New York,Road,Pharmaceuticals,2076,8.17,9871,LCL,106.13,Off_Peak,Carrier_A,19,116961
SHP04804,Hyderabad,Shanghai,Sea,Machinery,1141,2.77,2514,LCL,93.8,Normal,Carrier_B,5,36969
SHP04805,Delhi,Dubai,Air,Pharmaceuticals,2273,1.16,11379,LCL,104.65,Normal,Carrier_A,23,344083
SHP04806,Bengaluru,Shanghai,Sea,Chemicals,2095,0.5,2404,40FT_HC,111.35,Normal,Carrier_A,7,58114
SHP04807,Kolkata,Singapore,Sea,Chemicals,2699,7.95,795,LCL,89.49,Normal,Carrier_C,8,34063
SHP04808,Mumbai,Hamburg,Road,Chemicals,1144,0.5,8525,40FT,114.58,Normal,Carrier_B,17,142566
SHP04809,Chennai,Dubai,Sea,Food Products,1451,1.84,2623,40FT,80.99,Normal,Carrier_A,2,38339
SHP04810,Pune,Colombo,Road,Textiles,4863,18.09,9226,LCL,100.76,Peak,Carrier_B,18,152909
SHP04811,Hyderabad,Dubai,Sea,Machinery,4100,6.44,9643,40FT,76.39,Off_Peak,Carrier_A,20,63337
SHP04812,Delhi,London,Road,Textiles,5328,16.9,3222,40FT_HC,83.52,Normal,Carrier_C,6,62947
SHP04813,Mumbai,Jebel Ali,Sea,Machinery,751,0.5,1497,20FT,100.35,Off_Peak,Carrier_A,5,34964
SHP04814,Chennai,Hamburg,Sea,Textiles,1405,6.84,6259,LCL,76.85,Normal,Carrier_C,14,47059
SHP04815,Hyderabad,Singapore,Air,Automotive Parts,4761,13.64,10738,40FT,79.07,Normal,Carrier_C,22,239767
SHP04816,Bengaluru,New York,Road,Furniture,3674,10.7,10244,40FT,86.64,Normal,Carrier_B,22,113043
SHP04817,Pune,Los Angeles,Road,Pharmaceuticals,3258,5.32,1846,40FT_HC,98.03,Off_Peak,Carrier_B,5,50609
SHP04818,Hyderabad,Dubai,Air,Electronics,1975,7.25,11595,40FT_HC,75.64,Normal,Carrier_B,24,223139
SHP04819,Bengaluru,Rotterdam,Road,Electronics,1671,5.48,3535,20FT,94.29,Normal,Carrier_D,5,63723
SHP04820,Pune,Los Angeles,Sea,Pharmaceuticals,2553,13.63,4518,AIR_CARGO,100.03,Peak,Carrier_B,8,72344
SHP04821,Pune,Colombo,Sea,Automotive Parts,1868,1.98,2214,AIR_CARGO,91.1,Normal,Carrier_B,5,39579
SHP04822,Ahmedabad,Rotterdam,Sea,Machinery,3524,13.53,4845,AIR_CARGO,77.71,Normal,Carrier_A,9,41030
SHP04823,Chennai,Rotterdam,Sea,Pharmaceuticals,2561,2.5,7810,20FT,99.43,Normal,Carrier_D,16,75109
SHP04824,Pune,Rotterdam,Sea,Food Products,1330,2.21,6320,LCL,99.23,Normal,Carrier_D,13,69169
SHP04825,Hyderabad,Shanghai,Sea,Machinery,3777,6.44,10017,AIR_CARGO,95.24,Normal,Carrier_A,19,87552
SHP04826,Pune,Los Angeles,Sea,Electronics,5650,11.47,7875,AIR_CARGO,102.73,Normal,Carrier_B,18,88520
SHP04827,Delhi,Colombo,Air,Food Products,5900,13.42,3531,40FT,83.31,Off_Peak,Carrier_E,9,151890
SHP04828,Hyderabad,Singapore,Sea,Textiles,3873,14.99,6911,40FT,102.14,Normal,Carrier_C,12,78618
SHP04829,Chennai,Jebel Ali,Sea,Food Products,3907,11.13,1238,LCL,81.46,Off_Peak,Carrier_D,3,23283
SHP04830,Mumbai,Colombo,Sea,Machinery,1175,7.73,7179,40FT_HC,90.71,Peak,Carrier_A,17,74297
SHP04831,Mumbai,Singapore,Air,Automotive Parts,1616,3.91,4981,20FT,77.7,Normal,Carrier_E,11,124161
SHP04832,Hyderabad,Singapore,Air,Textiles,2241,10.47,1632,AIR_CARGO,107.77,Peak,Carrier_C,7,140471
SHP04833,Hyderabad,Rotterdam,Sea,Machinery,3675,9.66,4036,20FT,96.53,Normal,Carrier_E,11,56573
SHP04834,Bengaluru,Hamburg,Sea,Textiles,1692,0.87,10828,40FT,113.84,Off_Peak,Carrier_B,21,107372
SHP04835,Chennai,Los Angeles,Sea,Food Products,2048,9.1,7239,20FT,112.69,Off_Peak,Carrier_A,18,78315
SHP04836,Bengaluru,Singapore,Sea,Electronics,3597,14.5,10888,40FT,114.94,Normal,Carrier_C,25,120567
SHP04837,Delhi,Los Angeles,Sea,Machinery,2733,9.06,5224,20FT,79.05,Normal,Carrier_C,8,44692
SHP04838,Ahmedabad,London,Sea,Furniture,3106,10.72,11757,40FT,99.26,Normal,Carrier_B,23,110344
SHP04839,Mumbai,Shanghai,Sea,Automotive Parts,1508,8.71,4640,20FT,91.3,Normal,Carrier_B,9,50003
SHP04840,Pune,Jebel Ali,Sea,Furniture,2030,3.75,9203,AIR_CARGO,96.31,Peak,Carrier_B,18,96839
SHP04841,Pune,London,Road,Furniture,1842,1.51,4012,AIR_CARGO,87.35,Normal,Carrier_A,8,57625
SHP04842,Kolkata,Singapore,Road,Pharmaceuticals,2498,7.4,1719,LCL,76.92,Normal,Carrier_D,3,30681
SHP04843,Kolkata,Colombo,Sea,Food Products,1887,11.4,10080,20FT,103.31,Normal,Carrier_E,22,91848
SHP04844,Chennai,Los Angeles,Sea,Machinery,1727,5.32,9270,40FT_HC,113.63,Normal,Carrier_A,17,105328
SHP04845,Pune,London,Sea,Automotive Parts,2712,8.98,9937,LCL,96.3,Normal,Carrier_A,20,80419
SHP04846,Chennai,Los Angeles,Sea,Machinery,9769,23.56,3946,20FT,88.18,Normal,Carrier_E,6,55062
SHP04847,Kolkata,Shanghai,Road,Food Products,3653,9.88,8592,40FT_HC,112.53,Peak,Carrier_C,20,160842
SHP04848,Chennai,Colombo,Sea,Machinery,786,0.5,3029,AIR_CARGO,89.59,Normal,Carrier_E,8,41180
SHP04849,Mumbai,London,Air,Textiles,3141,9.67,630,AIR_CARGO,111.58,Normal,Carrier_B,5,132054
SHP04850,Delhi,Los Angeles,Sea,Food Products,1789,7.77,10465,AIR_CARGO,109.23,Normal,Carrier_C,21,95275
SHP04851,Delhi,Colombo,Road,Machinery,1356,0.5,6521,40FT_HC,96.15,Normal,Carrier_A,13,86957
SHP04852,Pune,Rotterdam,Sea,Pharmaceuticals,3950,3.4,11812,40FT,102.07,Normal,Carrier_E,24,102705
SHP04853,Bengaluru,Dubai,Air,Electronics,2629,0.5,4928,20FT,103.01,Normal,Carrier_A,14,196871
SHP04854,Mumbai,Rotterdam,Sea,Machinery,12584,35.86,11504,LCL,100.64,Off_Peak,Carrier_A,21,104849
SHP04855,Ahmedabad,Jebel Ali,Sea,Textiles,2321,1.83,7573,LCL,81.43,Normal,Carrier_E,11,57485
SHP04856,Chennai,Singapore,Sea,Automotive Parts,2158,6.55,6390,AIR_CARGO,102.71,Off_Peak,Carrier_A,12,66911
SHP04857,Chennai,Hamburg,Sea,Pharmaceuticals,5444,20.1,3982,40FT,75.13,Normal,Carrier_D,7,43878
SHP04858,Pune,Dubai,Road,Automotive Parts,2536,7.37,9991,20FT,103.4,Normal,Carrier_D,22,140495
SHP04859,Ahmedabad,Singapore,Road,Furniture,1257,5.05,10031,20FT,97.19,Normal,Carrier_A,20,114835
SHP04860,Bengaluru,London,Road,Pharmaceuticals,1410,0.5,5295,LCL,85.39,Normal,Carrier_C,13,62246
SHP04861,Bengaluru,Jebel Ali,Sea,Automotive Parts,2019,6.14,8864,LCL,107.15,Peak,Carrier_C,18,93174
SHP04862,Chennai,Shanghai,Air,Electronics,3833,5.15,5643,LCL,91.21,Peak,Carrier_C,12,214501
SHP04863,Chennai,Jebel Ali,Sea,Textiles,5715,5.99,9006,20FT,94.43,Normal,Carrier_C,19,84264
SHP04864,Ahmedabad,Los Angeles,Sea,Furniture,4210,10.23,11933,LCL,76.11,Normal,Carrier_D,27,72053
SHP04865,Pune,Jebel Ali,Sea,Food Products,3617,9.9,3519,20FT,91.05,Normal,Carrier_C,9,53353
SHP04866,Mumbai,London,Sea,Automotive Parts,5100,10.03,7792,AIR_CARGO,81.69,Off_Peak,Carrier_E,18,60162
SHP04867,Ahmedabad,Shanghai,Sea,Pharmaceuticals,3744,5.93,4869,40FT,86.05,Normal,Carrier_C,13,56180
SHP04868,Bengaluru,Shanghai,Sea,Textiles,1390,2.46,6806,LCL,85.09,Normal,Carrier_E,14,47979
SHP04869,Ahmedabad,New York,Sea,Machinery,2166,2.25,10553,20FT,76.84,Normal,Carrier_D,21,69578
SHP04870,Ahmedabad,Jebel Ali,Air,Electronics,1789,7.23,4497,AIR_CARGO,93.42,Normal,Carrier_E,9,152301
SHP04871,Ahmedabad,Rotterdam,Sea,Textiles,5679,15.31,1332,40FT_HC,95.9,Off_Peak,Carrier_E,7,48366
SHP04872,Mumbai,New York,Sea,Textiles,1344,9.71,9688,AIR_CARGO,97.84,Peak,Carrier_A,18,93573
SHP04873,Hyderabad,New York,Sea,Food Products,1361,1.82,6883,40FT,93.49,Off_Peak,Carrier_E,13,61160
SHP04874,Chennai,London,Sea,Textiles,2792,6.93,5668,AIR_CARGO,109.78,Normal,Carrier_A,12,72269
SHP04875,Kolkata,Dubai,Sea,Food Products,8760,21.55,2608,LCL,76.51,Normal,Carrier_C,4,30152
SHP04876,Pune,Rotterdam,Sea,Electronics,4031,8.11,1568,LCL,99.55,Normal,Carrier_E,4,43690
SHP04877,Ahmedabad,Shanghai,Sea,Electronics,4920,3.78,3705,40FT_HC,109.65,Normal,Carrier_E,11,73828
SHP04878,Pune,Jebel Ali,Air,Machinery,1218,4.68,8767,20FT,76.64,Off_Peak,Carrier_B,19,151290
SHP04879,Kolkata,New York,Sea,Food Products,3861,18.53,5235,AIR_CARGO,94.85,Normal,Carrier_C,11,53914
SHP04880,Hyderabad,Singapore,Air,Food Products,1214,6.89,7058,40FT_HC,98.56,Normal,Carrier_E,16,209939
SHP04881,Chennai,Singapore,Sea,Automotive Parts,4020,17.4,1444,LCL,82.64,Normal,Carrier_E,9,35421
SHP04882,Bengaluru,New York,Sea,Automotive Parts,901,5.73,1917,20FT,85.1,Normal,Carrier_B,6,32105
SHP04883,Kolkata,Los Angeles,Air,Machinery,2005,4.17,630,20FT,106.42,Off_Peak,Carrier_A,6,84417
SHP04884,Pune,Jebel Ali,Sea,Electronics,658,3.97,8243,40FT,97.7,Off_Peak,Carrier_C,19,68763
SHP04885,Pune,London,Sea,Chemicals,1407,7.63,3541,LCL,87.63,Normal,Carrier_B,8,44945
SHP04886,Pune,Shanghai,Road,Automotive Parts,990,0.5,11620,20FT,105.59,Normal,Carrier_C,24,142654
SHP04887,Bengaluru,New York,Sea,Textiles,3817,10.87,4047,40FT,104.87,Off_Peak,Carrier_C,10,56714
SHP04888,Kolkata,Rotterdam,Air,Electronics,2658,5.93,4682,40FT,88.82,Normal,Carrier_A,9,164757
SHP04889,Pune,New York,Sea,Chemicals,1845,10.3,5899,LCL,94.55,Normal,Carrier_A,8,54034
SHP04890,Bengaluru,Colombo,Air,Furniture,2698,7.91,4170,20FT,101.58,Normal,Carrier_D,8,188194
SHP04891,Ahmedabad,Shanghai,Sea,Textiles,1457,0.5,9901,20FT,88.73,Normal,Carrier_B,16,74099
SHP04892,Pune,Dubai,Sea,Pharmaceuticals,3082,9.1,10576,AIR_CARGO,100.16,Normal,Carrier_B,20,97335
SHP04893,Kolkata,Shanghai,Sea,Food Products,2377,0.5,627,20FT,85.04,Normal,Carrier_C,1,29879
SHP04894,Bengaluru,Rotterdam,Sea,Electronics,11011,31.31,8029,40FT,86.68,Normal,Carrier_D,18,84111
SHP04895,Hyderabad,Colombo,Sea,Pharmaceuticals,7229,14.14,8390,40FT_HC,87.43,Peak,Carrier_D,15,93545
SHP04896,Mumbai,Dubai,Sea,Machinery,4607,6.45,11556,LCL,112.44,Peak,Carrier_C,24,127315
SHP04897,Bengaluru,Hamburg,Sea,Food Products,3023,4.11,4760,40FT_HC,108.35,Peak,Carrier_A,12,87544
SHP04898,Mumbai,Rotterdam,Sea,Food Products,3286,4.25,2746,20FT,97.61,Peak,Carrier_D,8,59956
SHP04899,Mumbai,Singapore,Sea,Textiles,5601,12.71,6487,40FT,97.55,Normal,Carrier_B,10,76686
SHP04900,Chennai,Los Angeles,Road,Pharmaceuticals,3015,3.74,5647,40FT_HC,77.25,Normal,Carrier_A,15,61357
SHP04901,Ahmedabad,Shanghai,Sea,Food Products,3138,6.27,9605,LCL,100.98,Peak,Carrier_E,20,101296
SHP04902,Hyderabad,Hamburg,Sea,Automotive Parts,1719,0.5,10896,AIR_CARGO,88.12,Normal,Carrier_D,23,79385
SHP04903,Mumbai,Colombo,Sea,Electronics,1599,2.8,1497,40FT_HC,99.49,Normal,Carrier_C,8,48329
SHP04904,Delhi,Hamburg,Sea,Automotive Parts,2332,11.24,10236,AIR_CARGO,108.61,Peak,Carrier_B,22,125653
SHP04905,Ahmedabad,London,Road,Textiles,457,0.5,10953,20FT,76.82,Normal,Carrier_D,20,90023
SHP04906,Mumbai,Jebel Ali,Sea,Chemicals,2453,8.34,11128,20FT,99.28,Normal,Carrier_C,24,91834
SHP04907,Bengaluru,Shanghai,Road,Furniture,2136,0.5,9290,LCL,97.57,Peak,Carrier_B,16,127151
SHP04908,Mumbai,Jebel Ali,Sea,Textiles,4427,12.86,9034,AIR_CARGO,83.27,Peak,Carrier_D,18,88720
SHP04909,Bengaluru,Singapore,Air,Electronics,5542,17.75,671,AIR_CARGO,100.86,Off_Peak,Carrier_B,2,144837
SHP04910,Pune,Hamburg,Sea,Food Products,13299,37.37,11082,LCL,97.19,Normal,Carrier_E,22,113513
SHP04911,Bengaluru,Colombo,Road,Pharmaceuticals,3644,9.48,4542,40FT_HC,105.69,Normal,Carrier_B,7,94980
SHP04912,Delhi,Singapore,Sea,Pharmaceuticals,2760,9.26,973,LCL,79.42,Normal,Carrier_C,1,28434
SHP04913,Mumbai,Jebel Ali,Sea,Machinery,1730,0.5,5249,20FT,92.74,Normal,Carrier_D,11,61828
SHP04914,Mumbai,Hamburg,Sea,Textiles,1264,1.48,8928,AIR_CARGO,114.92,Normal,Carrier_C,18,93436
SHP04915,Kolkata,Singapore,Sea,Electronics,4529,7.58,5582,40FT,102.57,Normal,Carrier_E,11,74236
SHP04916,Ahmedabad,Rotterdam,Road,Machinery,2456,7.16,9217,40FT,102.37,Normal,Carrier_A,22,127920
SHP04917,Kolkata,New York,Sea,Food Products,3295,5.73,6358,20FT,87.71,Normal,Carrier_B,14,60758
SHP04918,Chennai,Los Angeles,Sea,Chemicals,2530,8.77,3943,AIR_CARGO,78.76,Peak,Carrier_C,10,46499
SHP04919,Bengaluru,Dubai,Air,Textiles,2574,16.0,2833,AIR_CARGO,112.98,Off_Peak,Carrier_D,6,171342
SHP04920,Delhi,Rotterdam,Sea,Chemicals,2883,9.35,5343,LCL,79.22,Normal,Carrier_D,9,46528
SHP04921,Kolkata,Singapore,Road,Electronics,3289,13.48,912,40FT_HC,114.71,Normal,Carrier_A,4,48438
SHP04922,Mumbai,Colombo,Air,Chemicals,4608,6.23,5359,LCL,80.03,Off_Peak,Carrier_D,15,162865
SHP04923,Chennai,London,Sea,Chemicals,1122,2.33,1289,40FT,81.84,Peak,Carrier_E,5,38031
SHP04924,Delhi,New York,Road,Electronics,3659,9.58,10586,AIR_CARGO,87.33,Peak,Carrier_A,23,135279
SHP04925,Hyderabad,Dubai,Sea,Electronics,1082,2.84,7118,40FT_HC,95.5,Normal,Carrier_E,17,70680
SHP04926,Mumbai,Rotterdam,Sea,Textiles,3944,16.76,7929,LCL,106.62,Normal,Carrier_B,18,82953
SHP04927,Mumbai,London,Sea,Chemicals,3078,4.35,3822,40FT_HC,113.84,Normal,Carrier_E,9,73632
SHP04928,Pune,London,Sea,Machinery,2379,6.96,3097,40FT,89.35,Peak,Carrier_B,6,54586
SHP04929,Hyderabad,London,Air,Furniture,2440,0.5,8641,40FT_HC,75.82,Normal,Carrier_E,17,176995
SHP04930,Bengaluru,New York,Road,Electronics,2733,8.21,8223,AIR_CARGO,99.67,Normal,Carrier_A,16,114796
SHP04931,Bengaluru,Hamburg,Sea,Food Products,5081,14.12,1911,40FT_HC,103.43,Normal,Carrier_B,6,56823
SHP04932,Kolkata,Rotterdam,Sea,Chemicals,4796,11.21,3244,40FT_HC,90.9,Normal,Carrier_E,5,52475
SHP04933,Kolkata,Hamburg,Road,Electronics,4445,12.16,11386,LCL,82.34,Normal,Carrier_E,22,108070
SHP04934,Mumbai,Shanghai,Sea,Machinery,1042,0.5,3998,40FT_HC,87.24,Normal,Carrier_D,10,60487
SHP04935,Ahmedabad,New York,Sea,Pharmaceuticals,3636,3.77,797,40FT_HC,101.23,Off_Peak,Carrier_E,2,38392
SHP04936,Mumbai,London,Sea,Textiles,526,0.5,1233,40FT,94.77,Normal,Carrier_D,2,40356
SHP04937,Kolkata,London,Road,Chemicals,626,0.5,9418,40FT_HC,104.74,Normal,Carrier_E,18,123593
SHP04938,Hyderabad,New York,Sea,Pharmaceuticals,5191,7.19,9207,LCL,83.73,Normal,Carrier_C,18,66872
SHP04939,Kolkata,Shanghai,Air,Electronics,976,0.5,4891,LCL,108.68,Normal,Carrier_D,6,190988
SHP04940,Mumbai,Los Angeles,Air,Electronics,2225,1.98,2262,AIR_CARGO,81.24,Off_Peak,Carrier_A,5,86235
SHP04941,Delhi,Colombo,Sea,Food Products,6228,13.4,6228,40FT,88.2,Off_Peak,Carrier_A,15,63069
SHP04942,Mumbai,Los Angeles,Sea,Food Products,3654,9.23,4317,20FT,98.65,Off_Peak,Carrier_B,10,55663
SHP04943,Delhi,Hamburg,Air,Chemicals,3180,2.68,4801,AIR_CARGO,104.47,Normal,Carrier_A,12,207858
SHP04944,Delhi,New York,Sea,Pharmaceuticals,2413,2.01,3501,40FT_HC,85.65,Peak,Carrier_B,5,52610
SHP04945,Mumbai,Colombo,Air,Furniture,2713,4.0,1223,40FT,112.92,Normal,Carrier_A,3,135586
SHP04946,Ahmedabad,Los Angeles,Road,Pharmaceuticals,1665,5.71,9598,AIR_CARGO,103.24,Normal,Carrier_D,19,137695
SHP04947,Ahmedabad,Hamburg,Sea,Electronics,1830,0.5,7610,LCL,83.71,Off_Peak,Carrier_C,17,46588
SHP04948,Chennai,Singapore,Air,Furniture,2645,4.23,10098,40FT,104.03,Off_Peak,Carrier_B,23,310807
SHP04949,Kolkata,Jebel Ali,Air,Chemicals,2908,10.81,6287,40FT,102.85,Normal,Carrier_C,15,235419
SHP04950,Ahmedabad,Colombo,Air,Electronics,2256,2.19,11827,40FT_HC,105.11,Normal,Carrier_E,22,368723
SHP04951,Bengaluru,Dubai,Sea,Food Products,584,0.5,11569,40FT,111.64,Peak,Carrier_E,22,130124
SHP04952,Mumbai,Colombo,Sea,Machinery,6913,16.11,3626,40FT,103.47,Normal,Carrier_C,11,67523
SHP04953,Delhi,Hamburg,Sea,Automotive Parts,4598,7.62,4950,20FT,89.08,Normal,Carrier_D,10,61833
SHP04954,Mumbai,London,Air,Furniture,2189,0.5,9156,40FT_HC,106.62,Off_Peak,Carrier_C,16,267405
SHP04955,Kolkata,Hamburg,Sea,Automotive Parts,4692,11.97,9431,40FT,102.83,Off_Peak,Carrier_C,19,86454
SHP04956,Hyderabad,Rotterdam,Air,Electronics,1980,8.2,10973,40FT,97.97,Normal,Carrier_C,25,302346
SHP04957,Ahmedabad,London,Sea,Pharmaceuticals,3073,7.23,8005,20FT,89.15,Peak,Carrier_B,15,78964
SHP04958,Ahmedabad,Hamburg,Sea,Food Products,716,5.88,5964,20FT,111.84,Normal,Carrier_B,12,69078
SHP04959,Ahmedabad,Los Angeles,Sea,Textiles,2954,9.61,4843,LCL,95.51,Normal,Carrier_C,9,51384
SHP04960,Delhi,Jebel Ali,Air,Textiles,2082,1.54,5321,40FT_HC,100.12,Peak,Carrier_D,14,246546
SHP04961,Bengaluru,Hamburg,Sea,Automotive Parts,2881,15.06,10280,20FT,91.61,Normal,Carrier_E,21,84674
SHP04962,Pune,Los Angeles,Sea,Machinery,7597,19.37,11770,40FT,106.23,Off_Peak,Carrier_E,25,105675
SHP04963,Bengaluru,Dubai,Sea,Automotive Parts,2471,7.59,1097,20FT,88.64,Peak,Carrier_E,7,39550
SHP04964,Ahmedabad,Rotterdam,Air,Electronics,1857,0.5,7173,AIR_CARGO,107.43,Peak,Carrier_A,12,293977
SHP04965,Bengaluru,Singapore,Sea,Machinery,1870,0.5,6481,LCL,79.32,Normal,Carrier_D,12,51362
SHP04966,Hyderabad,Rotterdam,Sea,Textiles,996,0.5,4826,LCL,103.36,Off_Peak,Carrier_B,10,56251
SHP04967,Ahmedabad,London,Road,Pharmaceuticals,3251,11.42,10293,40FT_HC,94.08,Normal,Carrier_E,21,134023
SHP04968,Chennai,Jebel Ali,Air,Food Products,3538,15.27,7121,LCL,102.95,Off_Peak,Carrier_B,16,246914
SHP04969,Delhi,Rotterdam,Road,Furniture,2609,7.37,4101,40FT_HC,96.26,Normal,Carrier_B,8,74000
SHP04970,Hyderabad,Colombo,Sea,Food Products,4546,11.19,5607,AIR_CARGO,80.37,Normal,Carrier_B,11,48515
SHP04971,Pune,Singapore,Sea,Electronics,4574,14.76,4603,40FT,94.08,Off_Peak,Carrier_B,12,55339
SHP04972,Delhi,London,Road,Automotive Parts,2616,11.75,5446,AIR_CARGO,113.58,Normal,Carrier_C,13,96952
SHP04973,Pune,Colombo,Sea,Electronics,3658,2.9,1320,40FT_HC,105.19,Normal,Carrier_B,5,56722
SHP04974,Ahmedabad,London,Air,Furniture,10263,30.95,1787,40FT_HC,87.01,Normal,Carrier_A,1,199599
SHP04975,Hyderabad,Colombo,Sea,Food Products,1465,1.97,7672,40FT_HC,112.76,Normal,Carrier_B,18,101829
SHP04976,Ahmedabad,Shanghai,Sea,Furniture,4132,14.17,8367,40FT,106.16,Off_Peak,Carrier_E,18,83252
SHP04977,Pune,Jebel Ali,Sea,Textiles,2645,2.03,7821,40FT_HC,89.58,Normal,Carrier_B,16,74767
SHP04978,Pune,Los Angeles,Sea,Food Products,4933,15.88,9275,AIR_CARGO,99.14,Normal,Carrier_E,17,93216
SHP04979,Hyderabad,Rotterdam,Sea,Machinery,1493,0.5,11351,40FT,92.07,Off_Peak,Carrier_B,21,82244
SHP04980,Ahmedabad,Dubai,Sea,Pharmaceuticals,2848,11.27,10397,AIR_CARGO,78.87,Peak,Carrier_D,19,82607
SHP04981,Chennai,Colombo,Road,Furniture,1607,6.4,5313,40FT,107.24,Normal,Carrier_C,8,82804
SHP04982,Delhi,Shanghai,Sea,Pharmaceuticals,793,0.5,3002,40FT_HC,82.64,Normal,Carrier_E,6,37152
SHP04983,Hyderabad,Jebel Ali,Air,Chemicals,6229,19.93,4086,40FT,93.32,Normal,Carrier_A,6,207240
SHP04984,Chennai,Dubai,Air,Food Products,1885,0.58,7259,20FT,103.11,Normal,Carrier_B,15,249578
SHP04985,Mumbai,Rotterdam,Sea,Food Products,1446,8.01,10346,AIR_CARGO,112.29,Normal,Carrier_E,19,106865
SHP04986,Ahmedabad,Shanghai,Sea,Pharmaceuticals,1718,4.67,8570,20FT,77.51,Normal,Carrier_C,19,56203
SHP04987,Kolkata,Dubai,Air,Chemicals,8184,14.5,6745,20FT,90.73,Off_Peak,Carrier_B,11,260283
SHP04988,Hyderabad,Singapore,Sea,Machinery,5860,9.9,7422,40FT_HC,99.59,Normal,Carrier_C,18,86781
SHP04989,Bengaluru,New York,Air,Automotive Parts,2169,20.78,6575,40FT_HC,106.17,Normal,Carrier_A,16,245326
SHP04990,Chennai,London,Air,Furniture,4376,19.65,11674,20FT,111.84,Normal,Carrier_E,21,441311
SHP04991,Chennai,London,Road,Furniture,1243,2.12,9885,40FT,75.02,Normal,Carrier_A,20,85004
SHP04992,Hyderabad,Hamburg,Sea,Food Products,3513,10.06,9485,40FT_HC,100.11,Normal,Carrier_C,18,85641
SHP04993,Pune,Singapore,Sea,Pharmaceuticals,1890,9.31,6449,AIR_CARGO,75.28,Normal,Carrier_D,15,42315
SHP04994,Chennai,New York,Sea,Electronics,3319,2.73,4316,20FT,106.49,Peak,Carrier_D,13,82109
SHP04995,Mumbai,Hamburg,Sea,Food Products,1024,5.2,724,AIR_CARGO,80.99,Normal,Carrier_E,6,24153
SHP04996,Chennai,Dubai,Road,Electronics,1698,7.99,999,AIR_CARGO,110.78,Off_Peak,Carrier_B,2,36281
SHP04997,Kolkata,Hamburg,Sea,Machinery,2814,8.15,848,AIR_CARGO,81.2,Normal,Carrier_A,4,30911
SHP04998,Kolkata,Colombo,Sea,Food Products,2795,12.22,11775,20FT,105.57,Normal,Carrier_D,26,112337
SHP04999,Pune,Singapore,Air,Furniture,966,2.91,1817,LCL,86.57,Normal,Carrier_D,6,86252
SHP05000,Ahmedabad,Shanghai,Sea,Pharmaceuticals,1329,7.59,2134,40FT_HC,97.29,Normal,Carrier_B,8,48903
